Date,TMAX,TMIN,
1888-08-17,84,64,
1888-08-18,81,57,
1888-08-19,85,51,
1888-08-20,72,62,
1888-08-21,81,60,
1888-08-22,71,50,
1888-08-23,84,37,
1888-08-24,84,46,
1888-08-25,88,48,
1888-08-26,87,64,
1888-08-27,82,63,
1888-08-28,80,54,
1888-08-29,84,45,
1888-08-30,85,50,
1888-08-31,73,53,
1888-09-01,72,44,
1888-09-02,79,39,
1888-09-03,82,42,
1888-09-04,83,47,
1888-09-05,76,48,
1888-09-06,78,53,
1888-09-07,86,52,
1888-09-08,89,63,
1888-09-09,81,54,
1888-09-10,84,45,
1888-09-11,89,54,
1888-09-12,76,52,
1888-09-13,69,36,
1888-09-14,76,33,
1888-09-15,69,49,
1888-09-16,60,46,
1888-09-17,56,46,
1888-09-18,69,48,
1888-09-19,84,46,
1888-09-20,79,54,
1888-09-21,74,55,
1888-09-22,73,58,
1888-09-23,75,50,
1888-09-24,76,47,
1888-09-25,75,44,
1888-09-26,73,40,
1888-09-27,61,40,
1888-09-28,60,34,
1888-09-29,58,31,
1888-09-30,71,32,
1888-10-01,79,50,
1888-10-02,52,38,
1888-10-03,60,23,
1888-10-04,67,37,
1888-10-05,67,37,
1888-10-06,54,39,
1888-10-07,69,35,
1888-10-08,61,42,
1888-10-09,58,31,
1888-10-10,59,30,
1888-10-11,54,44,
1888-10-12,55,43,
1888-10-13,55,40,
1888-10-14,65,33,
1888-10-15,59,44,
1888-10-16,60,39,
1888-10-17,58,30,
1888-10-18,51,42,
1888-10-19,67,37,
1888-10-20,46,30,
1888-10-21,43,26,
1888-10-22,42,38,
1888-10-23,42,36,
1888-10-24,62,32,
1888-10-25,60,32,
1888-10-26,66,52,
1888-10-27,66,37,
1888-10-28,52,30,
1888-10-29,65,36,
1888-10-30,66,33,
1888-10-31,76,44,
1888-11-01,76,49,
1888-11-02,67,45,
1888-11-03,63,33,
1888-11-04,62,38,
1888-11-05,69,35,
1888-11-06,66,33,
1888-11-07,48,31,
1888-11-08,48,41,
1888-11-09,54,42,
1888-11-10,NA,NA,
1888-11-11,49,25,
1888-11-12,55,28,
1888-11-13,58,29,
1888-11-14,63,40,
1888-11-15,54,33,
1888-11-16,39,24,
1888-11-17,32,13,
1888-11-18,35,28,
1888-11-19,42,30,
1888-11-20,39,28,
1888-11-21,39,20,
1888-11-22,41,21,
1888-11-23,48,22,
1888-11-24,50,25,
1888-11-25,42,24,
1888-11-26,34,21,
1888-11-27,45,29,
1888-11-28,44,25,
1888-11-29,39,34,
1888-11-30,35,32,
1888-12-01,32,29,
1888-12-02,35,25,
1888-12-03,44,19,
1888-12-04,47,19,
1888-12-05,44,21,
1888-12-06,42,21,
1888-12-07,49,26,
1888-12-08,41,35,
1888-12-09,43,28,
1888-12-10,39,25,
1888-12-11,37,22,
1888-12-12,31,17,
1888-12-13,29,19,
1888-12-14,35,12,
1888-12-15,41,30,
1888-12-16,49,39,
1888-12-17,39,29,
1888-12-18,28,19,
1888-12-19,29,18,
1888-12-20,33,14,
1888-12-21,29,19,
1888-12-22,37,14,
1888-12-23,57,23,
1888-12-24,50,36,
1888-12-25,48,40,
1888-12-26,51,28,
1888-12-27,29,22,
1888-12-28,25,14,
1888-12-29,40,12,
1888-12-30,40,25,
1888-12-31,36,24,
1889-01-01,38,12,
1889-01-02,43,20,
1889-01-03,49,23,
1889-01-04,41,26,
1889-01-05,36,31,
1889-01-06,34,30,
1889-01-07,40,23,
1889-01-08,43,29,
1889-01-09,40,20,
1889-01-10,30,13,
1889-01-11,23,13,
1889-01-12,40,15,
1889-01-13,35,29,
1889-01-14,33,26,
1889-01-15,45,30,
1889-01-16,57,36,
1889-01-17,36,24,
1889-01-18,27,11,
1889-01-19,34,15,
1889-01-20,32,21,
1889-01-21,21,-2,
1889-01-22,44,6,
1889-01-23,45,17,
1889-01-24,42,29,
1889-01-25,44,20,
1889-01-26,36,28,
1889-01-27,30,20,
1889-01-28,22,15,
1889-01-29,26,19,
1889-01-30,42,16,
1889-01-31,35,19,
1889-02-01,37,10,
1889-02-02,44,21,
1889-02-03,44,28,
1889-02-04,53,23,
1889-02-05,38,5,
1889-02-06,16,1,
1889-02-07,29,4,
1889-02-08,38,25,
1889-02-09,34,17,
1889-02-10,39,18,
1889-02-11,30,13,
1889-02-12,26,6,
1889-02-13,41,5,
1889-02-14,44,18,
1889-02-15,44,33,
1889-02-16,58,33,
1889-02-17,33,25,
1889-02-18,25,5,
1889-02-19,15,-6,
1889-02-20,19,-8,
1889-02-21,43,11,
1889-02-22,34,0,
1889-02-23,7,-4,
1889-02-24,17,2,
1889-02-25,26,9,
1889-02-26,35,24,
1889-02-27,36,27,
1889-02-28,43,25,
1889-03-01,38,34,
1889-03-02,43,30,
1889-03-03,43,29,
1889-03-04,43,28,
1889-03-05,46,32,
1889-03-06,53,31,
1889-03-07,45,31,
1889-03-08,34,25,
1889-03-09,30,21,
1889-03-10,40,23,
1889-03-11,48,22,
1889-03-12,58,33,
1889-03-13,61,30,
1889-03-14,66,34,
1889-03-15,72,38,
1889-03-16,70,40,
1889-03-17,53,36,
1889-03-18,47,38,
1889-03-19,55,32,
1889-03-20,51,30,
1889-03-21,47,25,
1889-03-22,54,29,
1889-03-23,60,32,
1889-03-24,62,28,
1889-03-25,50,32,
1889-03-26,66,25,
1889-03-27,50,34,
1889-03-28,48,25,
1889-03-29,40,25,
1889-03-30,50,18,
1889-03-31,56,35,
1889-04-01,50,33,
1889-04-02,67,36,
1889-04-03,64,32,
1889-04-04,51,28,
1889-04-05,53,29,
1889-04-06,54,25,
1889-04-07,60,25,
1889-04-08,66,35,
1889-04-09,62,46,
1889-04-10,69,38,
1889-04-11,77,48,
1889-04-12,75,53,
1889-04-13,56,41,
1889-04-14,56,33,
1889-04-15,68,33,
1889-04-16,72,33,
1889-04-17,73,39,
1889-04-18,73,49,
1889-04-19,66,53,
1889-04-20,73,40,
1889-04-21,61,45,
1889-04-22,64,32,
1889-04-23,75,38,
1889-04-24,67,46,
1889-04-25,61,38,
1889-04-26,70,36,
1889-04-27,64,38,
1889-04-28,62,38,
1889-04-29,61,38,
1889-04-30,59,38,
1889-05-01,62,39,
1889-05-02,51,28,
1889-05-03,65,32,
1889-05-04,72,32,
1889-05-05,78,42,
1889-05-06,85,53,
1889-05-07,83,53,
1889-05-08,87,54,
1889-05-09,89,60,
1889-05-10,91,67,
1889-05-11,76,51,
1889-05-12,70,47,
1889-05-13,63,49,
1889-05-14,75,47,
1889-05-15,73,53,
1889-05-16,86,60,
1889-05-17,89,61,
1889-05-18,84,55,
1889-05-19,76,46,
1889-05-20,71,49,
1889-05-21,67,41,
1889-05-22,59,38,
1889-05-23,61,35,
1889-05-24,67,49,
1889-05-25,61,45,
1889-05-26,68,40,
1889-05-27,69,47,
1889-05-28,64,46,
1889-05-29,61,42,
1889-05-30,40,35,
1889-05-31,45,33,
1889-06-01,52,40,
1889-06-02,62,45,
1889-06-03,72,48,
1889-06-04,71,47,
1889-06-05,70,45,
1889-06-06,77,51,
1889-06-07,76,60,
1889-06-08,67,60,
1889-06-09,65,54,
1889-06-10,58,51,
1889-06-11,70,47,
1889-06-12,75,47,
1889-06-13,78,47,
1889-06-14,78,62,
1889-06-15,84,64,
1889-06-16,81,66,
1889-06-17,81,66,
1889-06-18,80,68,
1889-06-19,86,66,
1889-06-20,82,55,
1889-06-21,74,53,
1889-06-22,64,53,
1889-06-23,65,48,
1889-06-24,75,52,
1889-06-25,79,54,
1889-06-26,84,58,
1889-06-27,82,57,
1889-06-28,81,64,
1889-06-29,85,67,
1889-06-30,88,69,
1889-07-01,89,67,
1889-07-02,89,68,
1889-07-03,74,61,
1889-07-04,77,56,
1889-07-05,81,53,
1889-07-06,84,52,
1889-07-07,89,58,
1889-07-08,91,64,
1889-07-09,89,67,
1889-07-10,88,65,
1889-07-11,86,68,
1889-07-12,87,65,
1889-07-13,85,68,
1889-07-14,81,64,
1889-07-15,75,57,
1889-07-16,80,50,
1889-07-17,79,55,
1889-07-18,90,63,
1889-07-19,87,67,
1889-07-20,77,60,
1889-07-21,83,57,
1889-07-22,88,66,
1889-07-23,73,64,
1889-07-24,78,64,
1889-07-25,79,55,
1889-07-26,71,67,
1889-07-27,85,64,
1889-07-28,81,61,
1889-07-29,77,62,
1889-07-30,79,56,
1889-07-31,80,58,
1889-08-01,70,58,
1889-08-02,82,62,
1889-08-03,83,55,
1889-08-04,82,61,
1889-08-05,76,55,
1889-08-06,78,50,
1889-08-07,80,51,
1889-08-08,82,52,
1889-08-09,83,67,
1889-08-10,79,60,
1889-08-11,79,50,
1889-08-12,81,52,
1889-08-13,84,63,
1889-08-14,73,63,
1889-08-15,74,53,
1889-08-16,79,52,
1889-08-17,77,57,
1889-08-18,83,51,
1889-08-19,84,57,
1889-08-20,84,61,
1889-08-21,77,62,
1889-08-22,83,50,
1889-08-23,84,52,
1889-08-24,84,53,
1889-08-25,87,54,
1889-08-26,87,55,
1889-08-27,87,59,
1889-08-28,89,58,
1889-08-29,88,56,
1889-08-30,89,55,
1889-08-31,89,58,
1889-09-01,87,61,
1889-09-02,83,67,
1889-09-03,83,64,
1889-09-04,82,67,
1889-09-05,69,54,
1889-09-06,76,47,
1889-09-07,77,45,
1889-09-08,79,47,
1889-09-09,72,55,
1889-09-10,86,61,
1889-09-11,88,61,
1889-09-12,83,62,
1889-09-13,85,61,
1889-09-14,88,61,
1889-09-15,73,58,
1889-09-16,63,50,
1889-09-17,62,42,
1889-09-18,61,40,
1889-09-19,67,45,
1889-09-20,70,46,
1889-09-21,63,35,
1889-09-22,70,37,
1889-09-23,80,43,
1889-09-24,83,54,
1889-09-25,61,42,
1889-09-26,56,36,
1889-09-27,60,32,
1889-09-28,76,40,
1889-09-29,61,51,
1889-09-30,68,52,
1889-10-01,65,51,
1889-10-02,68,38,
1889-10-03,75,51,
1889-10-04,66,36,
1889-10-05,60,41,
1889-10-06,50,34,
1889-10-07,52,26,
1889-10-08,59,25,
1889-10-09,71,34,
1889-10-10,77,35,
1889-10-11,83,47,
1889-10-12,77,52,
1889-10-13,57,34,
1889-10-14,56,30,
1889-10-15,62,29,
1889-10-16,67,31,
1889-10-17,66,43,
1889-10-18,67,36,
1889-10-19,71,36,
1889-10-20,53,36,
1889-10-21,53,25,
1889-10-22,45,38,
1889-10-23,49,30,
1889-10-24,54,30,
1889-10-25,48,40,
1889-10-26,44,40,
1889-10-27,48,38,
1889-10-28,51,30,
1889-10-29,53,26,
1889-10-30,47,36,
1889-10-31,47,42,
1889-11-01,62,45,
1889-11-02,52,36,
1889-11-03,54,30,
1889-11-04,47,32,
1889-11-05,33,23,
1889-11-06,47,20,
1889-11-07,45,26,
1889-11-08,44,35,
1889-11-09,48,39,
1889-11-10,46,39,
1889-11-11,56,32,
1889-11-12,53,38,
1889-11-13,44,37,
1889-11-14,38,31,
1889-11-15,41,22,
1889-11-16,43,23,
1889-11-17,35,29,
1889-11-18,40,32,
1889-11-19,45,39,
1889-11-20,51,38,
1889-11-21,51,41,
1889-11-22,45,31,
1889-11-23,52,25,
1889-11-24,54,39,
1889-11-25,43,28,
1889-11-26,35,29,
1889-11-27,34,31,
1889-11-28,32,12,
1889-11-29,21,6,
1889-11-30,32,4,
1889-12-01,45,19,
1889-12-02,58,35,
1889-12-03,51,34,
1889-12-04,38,29,
1889-12-05,50,36,
1889-12-06,49,31,
1889-12-07,48,33,
1889-12-08,61,40,
1889-12-09,56,26,
1889-12-10,65,42,
1889-12-11,51,30,
1889-12-12,55,31,
1889-12-13,54,43,
1889-12-14,55,32,
1889-12-15,50,27,
1889-12-16,62,38,
1889-12-17,54,40,
1889-12-18,54,34,
1889-12-19,56,33,
1889-12-20,56,32,
1889-12-21,55,32,
1889-12-22,55,29,
1889-12-23,52,29,
1889-12-24,66,44,
1889-12-25,60,32,
1889-12-26,59,28,
1889-12-27,49,24,
1889-12-28,55,31,
1889-12-29,61,24,
1889-12-30,30,15,
1889-12-31,37,19,
1890-01-01,54,33,
1890-01-02,54,29,
1890-01-03,38,25,
1890-01-04,47,30,
1890-01-05,60,47,
1890-01-06,60,23,
1890-01-07,28,22,
1890-01-08,36,22,
1890-01-09,39,24,
1890-01-10,55,39,
1890-01-11,66,47,
1890-01-12,64,45,
1890-01-13,57,15,
1890-01-14,34,16,
1890-01-15,38,20,
1890-01-16,21,5,
1890-01-17,38,13,
1890-01-18,39,13,
1890-01-19,48,30,
1890-01-20,48,12,
1890-01-21,19,6,
1890-01-22,22,-2,
1890-01-23,33,14,
1890-01-24,33,-5,
1890-01-25,40,17,
1890-01-26,60,37,
1890-01-27,48,30,
1890-01-28,44,24,
1890-01-29,49,34,
1890-01-30,47,27,
1890-01-31,51,35,
1890-02-01,41,31,
1890-02-02,45,30,
1890-02-03,66,49,
1890-02-04,68,56,
1890-02-05,61,31,
1890-02-06,36,25,
1890-02-07,32,22,
1890-02-08,21,9,
1890-02-09,31,7,
1890-02-10,42,14,
1890-02-11,51,27,
1890-02-12,38,23,
1890-02-13,48,19,
1890-02-14,47,39,
1890-02-15,49,29,
1890-02-16,57,30,
1890-02-17,61,39,
1890-02-18,49,30,
1890-02-19,45,27,
1890-02-20,33,18,
1890-02-21,22,9,
1890-02-22,30,19,
1890-02-23,36,29,
1890-02-24,55,35,
1890-02-25,54,39,
1890-02-26,39,26,
1890-02-27,44,30,
1890-02-28,30,8,
1890-03-01,17,3,
1890-03-02,23,2,
1890-03-03,39,20,
1890-03-04,34,15,
1890-03-05,24,11,
1890-03-06,26,4,
1890-03-07,24,17,
1890-03-08,34,15,
1890-03-09,39,19,
1890-03-10,43,33,
1890-03-11,57,42,
1890-03-12,44,35,
1890-03-13,47,31,
1890-03-14,38,14,
1890-03-15,24,4,
1890-03-16,34,10,
1890-03-17,48,28,
1890-03-18,45,32,
1890-03-19,45,29,
1890-03-20,52,36,
1890-03-21,63,38,
1890-03-22,48,35,
1890-03-23,50,30,
1890-03-24,61,35,
1890-03-25,55,31,
1890-03-26,54,30,
1890-03-27,46,36,
1890-03-28,47,29,
1890-03-29,47,26,
1890-03-30,40,27,
1890-03-31,42,29,
1890-04-01,47,30,
1890-04-02,61,29,
1890-04-03,65,47,
1890-04-04,52,39,
1890-04-05,54,32,
1890-04-06,64,43,
1890-04-07,73,47,
1890-04-08,81,60,
1890-04-09,69,40,
1890-04-10,49,29,
1890-04-11,75,33,
1890-04-12,69,51,
1890-04-13,79,53,
1890-04-14,66,37,
1890-04-15,51,40,
1890-04-16,57,34,
1890-04-17,59,43,
1890-04-18,66,34,
1890-04-19,58,37,
1890-04-20,63,34,
1890-04-21,73,43,
1890-04-22,77,45,
1890-04-23,72,57,
1890-04-24,62,42,
1890-04-25,53,36,
1890-04-26,47,40,
1890-04-27,62,35,
1890-04-28,69,39,
1890-04-29,57,43,
1890-04-30,77,39,
1890-05-01,63,40,
1890-05-02,71,33,
1890-05-03,76,52,
1890-05-04,75,39,
1890-05-05,60,39,
1890-05-06,50,34,
1890-05-07,49,38,
1890-05-08,64,33,
1890-05-09,67,51,
1890-05-10,65,40,
1890-05-11,64,38,
1890-05-12,62,49,
1890-05-13,62,48,
1890-05-14,65,42,
1890-05-15,58,44,
1890-05-16,62,35,
1890-05-17,67,45,
1890-05-18,73,56,
1890-05-19,67,47,
1890-05-20,63,39,
1890-05-21,75,55,
1890-05-22,85,52,
1890-05-23,77,64,
1890-05-24,71,61,
1890-05-25,72,54,
1890-05-26,70,53,
1890-05-27,74,47,
1890-05-28,78,51,
1890-05-29,85,59,
1890-05-30,87,64,
1890-05-31,81,60,
1890-06-01,82,57,
1890-06-02,86,57,
1890-06-03,88,65,
1890-06-04,87,66,
1890-06-05,86,73,
1890-06-06,72,55,
1890-06-07,74,51,
1890-06-08,75,47,
1890-06-09,70,55,
1890-06-10,79,55,
1890-06-11,80,61,
1890-06-12,79,58,
1890-06-13,82,59,
1890-06-14,84,64,
1890-06-15,79,62,
1890-06-16,82,62,
1890-06-17,87,67,
1890-06-18,82,65,
1890-06-19,84,64,
1890-06-20,82,65,
1890-06-21,90,69,
1890-06-22,89,71,
1890-06-23,87,64,
1890-06-24,93,70,
1890-06-25,94,71,
1890-06-26,95,68,
1890-06-27,96,70,
1890-06-28,96,70,
1890-06-29,95,69,
1890-06-30,91,71,
1890-07-01,86,63,
1890-07-02,83,63,
1890-07-03,90,60,
1890-07-04,73,55,
1890-07-05,80,45,
1890-07-06,88,57,
1890-07-07,94,62,
1890-07-08,98,60,
1890-07-09,80,52,
1890-07-10,79,50,
1890-07-11,85,51,
1890-07-12,93,61,
1890-07-13,90,69,
1890-07-14,94,66,
1890-07-15,85,67,
1890-07-16,86,65,
1890-07-17,94,70,
1890-07-18,81,57,
1890-07-19,81,55,
1890-07-20,82,57,
1890-07-21,81,57,
1890-07-22,76,56,
1890-07-23,86,57,
1890-07-24,81,59,
1890-07-25,74,54,
1890-07-26,84,51,
1890-07-27,87,55,
1890-07-28,88,58,
1890-07-29,92,61,
1890-07-30,95,65,
1890-07-31,97,71,
1890-08-01,91,64,
1890-08-02,96,65,
1890-08-03,95,71,
1890-08-04,82,69,
1890-08-05,85,55,
1890-08-06,88,50,
1890-08-07,89,58,
1890-08-08,92,64,
1890-08-09,85,66,
1890-08-10,75,52,
1890-08-11,76,47,
1890-08-12,80,52,
1890-08-13,71,61,
1890-08-14,81,60,
1890-08-15,85,52,
1890-08-16,88,56,
1890-08-17,74,58,
1890-08-18,83,45,
1890-08-19,72,60,
1890-08-20,79,50,
1890-08-21,74,60,
1890-08-22,69,52,
1890-08-23,69,49,
1890-08-24,73,51,
1890-08-25,85,57,
1890-08-26,70,60,
1890-08-27,78,55,
1890-08-28,83,51,
1890-08-29,76,56,
1890-08-30,75,45,
1890-08-31,77,45,
1890-09-01,79,46,
1890-09-02,86,48,
1890-09-03,86,61,
1890-09-04,86,60,
1890-09-05,84,65,
1890-09-06,89,66,
1890-09-07,89,65,
1890-09-08,67,55,
1890-09-09,62,56,
1890-09-10,68,55,
1890-09-11,71,58,
1890-09-12,78,56,
1890-09-13,67,38,
1890-09-14,64,33,
1890-09-15,76,46,
1890-09-16,68,49,
1890-09-17,73,36,
1890-09-18,78,45,
1890-09-19,66,46,
1890-09-20,70,35,
1890-09-21,75,41,
1890-09-22,74,47,
1890-09-23,76,36,
1890-09-24,72,46,
1890-09-25,58,48,
1890-09-26,62,48,
1890-09-27,55,43,
1890-09-28,59,33,
1890-09-29,64,37,
1890-09-30,73,46,
1890-10-01,64,54,
1890-10-02,71,46,
1890-10-03,75,46,
1890-10-04,69,59,
1890-10-05,65,59,
1890-10-06,63,55,
1890-10-07,69,46,
1890-10-08,73,40,
1890-10-09,76,45,
1890-10-10,74,59,
1890-10-11,80,53,
1890-10-12,86,62,
1890-10-13,74,48,
1890-10-14,59,39,
1890-10-15,65,39,
1890-10-16,55,44,
1890-10-17,70,44,
1890-10-18,57,45,
1890-10-19,57,34,
1890-10-20,56,31,
1890-10-21,59,33,
1890-10-22,56,40,
1890-10-23,61,40,
1890-10-24,66,37,
1890-10-25,59,41,
1890-10-26,46,36,
1890-10-27,49,27,
1890-10-28,45,31,
1890-10-29,43,35,
1890-10-30,39,30,
1890-10-31,44,30,
1890-11-01,60,31,
1890-11-02,49,35,
1890-11-03,43,32,
1890-11-04,47,28,
1890-11-05,68,30,
1890-11-06,65,43,
1890-11-07,61,40,
1890-11-08,52,37,
1890-11-09,59,32,
1890-11-10,46,30,
1890-11-11,44,28,
1890-11-12,54,26,
1890-11-13,58,27,
1890-11-14,60,32,
1890-11-15,55,44,
1890-11-16,50,44,
1890-11-17,52,47,
1890-11-18,57,37,
1890-11-19,55,31,
1890-11-20,64,31,
1890-11-21,63,37,
1890-11-22,48,30,
1890-11-23,53,28,
1890-11-24,57,28,
1890-11-25,49,33,
1890-11-26,40,29,
1890-11-27,42,23,
1890-11-28,45,22,
1890-11-29,50,21,
1890-11-30,45,35,
1890-12-01,42,28,
1890-12-02,35,22,
1890-12-03,28,19,
1890-12-04,32,9,
1890-12-05,38,21,
1890-12-06,37,22,
1890-12-07,33,18,
1890-12-08,33,13,
1890-12-09,35,15,
1890-12-10,53,27,
1890-12-11,50,28,
1890-12-12,30,16,
1890-12-13,40,13,
1890-12-14,46,23,
1890-12-15,44,15,
1890-12-16,37,31,
1890-12-17,41,27,
1890-12-18,52,21,
1890-12-19,52,23,
1890-12-20,50,25,
1890-12-21,52,30,
1890-12-22,58,21,
1890-12-23,41,23,
1890-12-24,29,15,
1890-12-25,30,20,
1890-12-26,35,11,
1890-12-27,34,18,
1890-12-28,38,8,
1890-12-29,40,25,
1890-12-30,52,21,
1890-12-31,56,37,
1891-01-01,57,33,
1891-01-02,36,17,
1891-01-03,27,14,
1891-01-04,35,12,
1891-01-05,41,18,
1891-01-06,35,18,
1891-01-07,34,16,
1891-01-08,32,19,
1891-01-09,33,21,
1891-01-10,36,18,
1891-01-11,35,20,
1891-01-12,32,19,
1891-01-13,35,6,
1891-01-14,35,21,
1891-01-15,44,18,
1891-01-16,34,21,
1891-01-17,30,25,
1891-01-18,31,22,
1891-01-19,44,23,
1891-01-20,53,29,
1891-01-21,37,32,
1891-01-22,38,30,
1891-01-23,33,22,
1891-01-24,35,21,
1891-01-25,46,19,
1891-01-26,45,27,
1891-01-27,52,32,
1891-01-28,51,33,
1891-01-29,52,34,
1891-01-30,53,27,
1891-01-31,48,34,
1891-02-01,44,24,
1891-02-02,42,19,
1891-02-03,34,-5,
1891-02-04,24,-9,
1891-02-05,44,13,
1891-02-06,50,26,
1891-02-07,44,32,
1891-02-08,44,28,
1891-02-09,43,23,
1891-02-10,32,12,
1891-02-11,42,20,
1891-02-12,55,28,
1891-02-13,47,29,
1891-02-14,52,25,
1891-02-15,52,32,
1891-02-16,61,47,
1891-02-17,58,27,
1891-02-18,29,16,
1891-02-19,35,23,
1891-02-20,54,32,
1891-02-21,40,29,
1891-02-22,40,21,
1891-02-23,51,34,
1891-02-24,61,43,
1891-02-25,33,19,
1891-02-26,NA,NA,
1891-02-27,30,11,
1891-02-28,29,2,
1891-03-01,25,-1,
1891-03-02,24,12,
1891-03-03,30,14,
1891-03-04,23,2,
1891-03-05,32,3,
1891-03-06,34,22,
1891-03-07,33,13,
1891-03-08,38,27,
1891-03-09,33,21,
1891-03-10,54,18,
1891-03-11,48,22,
1891-03-12,32,13,
1891-03-13,30,16,
1891-03-14,29,9,
1891-03-15,51,15,
1891-03-16,44,30,
1891-03-17,61,28,
1891-03-18,65,35,
1891-03-19,41,32,
1891-03-20,42,32,
1891-03-21,43,36,
1891-03-22,43,35,
1891-03-23,52,32,
1891-03-24,43,32,
1891-03-25,49,32,
1891-03-26,41,33,
1891-03-27,42,34,
1891-03-28,46,35,
1891-03-29,56,32,
1891-03-30,58,41,
1891-03-31,53,39,
1891-04-01,60,33,
1891-04-02,51,37,
1891-04-03,41,27,
1891-04-04,32,25,
1891-04-05,44,22,
1891-04-06,42,31,
1891-04-07,48,26,
1891-04-08,54,27,
1891-04-09,72,40,
1891-04-10,61,40,
1891-04-11,58,36,
1891-04-12,68,35,
1891-04-13,75,43,
1891-04-14,66,55,
1891-04-15,59,45,
1891-04-16,75,43,
1891-04-17,77,52,
1891-04-18,78,53,
1891-04-19,79,52,
1891-04-20,78,55,
1891-04-21,81,57,
1891-04-22,75,55,
1891-04-23,69,48,
1891-04-24,61,39,
1891-04-25,70,35,
1891-04-26,74,44,
1891-04-27,70,45,
1891-04-28,65,45,
1891-04-29,73,35,
1891-04-30,79,52,
1891-05-01,70,45,
1891-05-02,65,41,
1891-05-03,64,43,
1891-05-04,61,40,
1891-05-05,53,35,
1891-05-06,57,31,
1891-05-07,69,44,
1891-05-08,75,41,
1891-05-09,81,47,
1891-05-10,68,41,
1891-05-11,65,41,
1891-05-12,71,51,
1891-05-13,73,45,
1891-05-14,77,47,
1891-05-15,80,42,
1891-05-16,66,41,
1891-05-17,67,32,
1891-05-18,76,50,
1891-05-19,78,42,
1891-05-20,78,59,
1891-05-21,82,61,
1891-05-22,81,52,
1891-05-23,66,47,
1891-05-24,74,44,
1891-05-25,76,49,
1891-05-26,70,45,
1891-05-27,73,39,
1891-05-28,74,39,
1891-05-29,73,50,
1891-05-30,74,51,
1891-05-31,86,61,
1891-06-01,90,61,
1891-06-02,87,63,
1891-06-03,90,63,
1891-06-04,76,50,
1891-06-05,70,50,
1891-06-06,66,51,
1891-06-07,65,52,
1891-06-08,75,58,
1891-06-09,82,57,
1891-06-10,80,61,
1891-06-11,80,61,
1891-06-12,84,59,
1891-06-13,92,58,
1891-06-14,82,62,
1891-06-15,91,66,
1891-06-16,92,58,
1891-06-17,87,62,
1891-06-18,85,65,
1891-06-19,82,60,
1891-06-20,78,60,
1891-06-21,85,63,
1891-06-22,81,64,
1891-06-23,85,56,
1891-06-24,88,59,
1891-06-25,92,61,
1891-06-26,93,67,
1891-06-27,93,65,
1891-06-28,93,65,
1891-06-29,85,63,
1891-06-30,78,53,
1891-07-01,80,47,
1891-07-02,87,55,
1891-07-03,80,56,
1891-07-04,83,59,
1891-07-05,84,58,
1891-07-06,89,58,
1891-07-07,76,57,
1891-07-08,71,51,
1891-07-09,80,55,
1891-07-10,85,57,
1891-07-11,88,55,
1891-07-12,91,59,
1891-07-13,93,62,
1891-07-14,81,63,
1891-07-15,79,55,
1891-07-16,85,52,
1891-07-17,87,56,
1891-07-18,79,59,
1891-07-19,87,55,
1891-07-20,87,55,
1891-07-21,93,57,
1891-07-22,93,69,
1891-07-23,88,65,
1891-07-24,85,59,
1891-07-25,77,55,
1891-07-26,80,55,
1891-07-27,75,55,
1891-07-28,79,59,
1891-07-29,86,55,
1891-07-30,81,59,
1891-07-31,86,52,
1891-08-01,87,52,
1891-08-02,87,62,
1891-08-03,79,60,
1891-08-04,84,51,
1891-08-05,89,52,
1891-08-06,91,54,
1891-08-07,93,59,
1891-08-08,96,62,
1891-08-09,99,65,
1891-08-10,94,64,
1891-08-11,92,66,
1891-08-12,94,57,
1891-08-13,97,54,
1891-08-14,88,64,
1891-08-15,97,64,
1891-08-16,81,67,
1891-08-17,89,69,
1891-08-18,91,67,
1891-08-19,85,69,
1891-08-20,84,69,
1891-08-21,84,64,
1891-08-22,75,60,
1891-08-23,68,49,
1891-08-24,71,51,
1891-08-25,77,45,
1891-08-26,83,48,
1891-08-27,73,55,
1891-08-28,73,40,
1891-08-29,76,44,
1891-08-30,78,52,
1891-08-31,78,47,
1891-09-01,84,47,
1891-09-02,90,56,
1891-09-03,68,52,
1891-09-04,69,43,
1891-09-05,73,47,
1891-09-06,79,41,
1891-09-07,79,53,
1891-09-08,75,46,
1891-09-09,78,41,
1891-09-10,78,43,
1891-09-11,83,51,
1891-09-12,84,58,
1891-09-13,83,53,
1891-09-14,88,45,
1891-09-15,91,63,
1891-09-16,95,58,
1891-09-17,93,62,
1891-09-18,95,62,
1891-09-19,94,60,
1891-09-20,94,55,
1891-09-21,95,58,
1891-09-22,95,56,
1891-09-23,94,55,
1891-09-24,94,57,
1891-09-25,96,61,
1891-09-26,94,62,
1891-09-27,92,62,
1891-09-28,84,60,
1891-09-29,70,46,
1891-09-30,75,46,
1891-10-01,89,57,
1891-10-02,87,59,
1891-10-03,85,53,
1891-10-04,53,43,
1891-10-05,65,34,
1891-10-06,66,38,
1891-10-07,62,44,
1891-10-08,61,39,
1891-10-09,64,42,
1891-10-10,67,38,
1891-10-11,65,37,
1891-10-12,66,37,
1891-10-13,72,36,
1891-10-14,57,34,
1891-10-15,52,30,
1891-10-16,61,27,
1891-10-17,58,40,
1891-10-18,57,40,
1891-10-19,48,33,
1891-10-20,66,24,
1891-10-21,57,33,
1891-10-22,53,29,
1891-10-23,64,25,
1891-10-24,73,37,
1891-10-25,77,37,
1891-10-26,78,43,
1891-10-27,65,29,
1891-10-28,61,25,
1891-10-29,74,32,
1891-10-30,70,43,
1891-10-31,63,39,
1891-11-01,54,32,
1891-11-02,47,20,
1891-11-03,43,24,
1891-11-04,51,25,
1891-11-05,54,34,
1891-11-06,56,25,
1891-11-07,59,39,
1891-11-08,67,52,
1891-11-09,54,43,
1891-11-10,46,35,
1891-11-11,50,34,
1891-11-12,39,32,
1891-11-13,37,26,
1891-11-14,37,25,
1891-11-15,65,25,
1891-11-16,62,27,
1891-11-17,27,8,
1891-11-18,26,6,
1891-11-19,35,19,
1891-11-20,45,32,
1891-11-21,57,40,
1891-11-22,52,41,
1891-11-23,44,31,
1891-11-24,39,25,
1891-11-25,40,21,
1891-11-26,46,33,
1891-11-27,46,27,
1891-11-28,30,6,
1891-11-29,21,2,
1891-11-30,34,10,
1891-12-01,44,22,
1891-12-02,49,37,
1891-12-03,57,44,
1891-12-04,53,32,
1891-12-05,48,31,
1891-12-06,33,25,
1891-12-07,29,15,
1891-12-08,44,20,
1891-12-09,47,32,
1891-12-10,52,31,
1891-12-11,48,29,
1891-12-12,50,19,
1891-12-13,54,29,
1891-12-14,60,42,
1891-12-15,59,37,
1891-12-16,40,28,
1891-12-17,30,19,
1891-12-18,33,17,
1891-12-19,36,17,
1891-12-20,46,22,
1891-12-21,53,32,
1891-12-22,48,35,
1891-12-23,46,33,
1891-12-24,46,37,
1891-12-25,55,30,
1891-12-26,30,11,
1891-12-27,40,15,
1891-12-28,48,22,
1891-12-29,48,29,
1891-12-30,46,23,
1891-12-31,52,36,
1892-01-01,57,22,
1892-01-02,22,11,
1892-01-03,34,4,
1892-01-04,31,21,
1892-01-05,28,16,
1892-01-06,23,5,
1892-01-07,22,-2,
1892-01-08,26,6,
1892-01-09,14,-3,
1892-01-10,14,2,
1892-01-11,21,13,
1892-01-12,13,0,
1892-01-13,16,6,
1892-01-14,13,2,
1892-01-15,16,-13,
1892-01-16,27,3,
1892-01-17,30,11,
1892-01-18,24,10,
1892-01-19,16,-6,
1892-01-20,19,-15,
1892-01-21,24,0,
1892-01-22,37,13,
1892-01-23,36,13,
1892-01-24,38,21,
1892-01-25,40,23,
1892-01-26,33,15,
1892-01-27,26,5,
1892-01-28,39,19,
1892-01-29,42,29,
1892-01-30,36,23,
1892-01-31,40,23,
1892-02-01,50,34,
1892-02-02,41,33,
1892-02-03,49,31,
1892-02-04,37,26,
1892-02-05,35,17,
1892-02-06,35,17,
1892-02-07,50,32,
1892-02-08,33,29,
1892-02-09,32,18,
1892-02-10,45,18,
1892-02-11,35,16,
1892-02-12,23,9,
1892-02-13,54,18,
1892-02-14,45,20,
1892-02-15,22,6,
1892-02-16,31,8,
1892-02-17,44,26,
1892-02-18,41,34,
1892-02-19,42,36,
1892-02-20,43,32,
1892-02-21,40,33,
1892-02-22,44,34,
1892-02-23,48,38,
1892-02-24,55,31,
1892-02-25,43,35,
1892-02-26,51,30,
1892-02-27,38,30,
1892-02-28,46,34,
1892-02-29,41,33,
1892-03-01,38,32,
1892-03-02,45,29,
1892-03-03,58,29,
1892-03-04,57,43,
1892-03-05,48,33,
1892-03-06,39,35,
1892-03-07,43,35,
1892-03-08,50,34,
1892-03-09,55,26,
1892-03-10,43,9,
1892-03-11,46,18,
1892-03-12,57,34,
1892-03-13,45,32,
1892-03-14,38,20,
1892-03-15,38,21,
1892-03-16,39,18,
1892-03-17,30,21,
1892-03-18,29,19,
1892-03-19,36,22,
1892-03-20,39,19,
1892-03-21,35,24,
1892-03-22,45,33,
1892-03-23,40,28,
1892-03-24,50,26,
1892-03-25,58,30,
1892-03-26,59,35,
1892-03-27,56,36,
1892-03-28,57,29,
1892-03-29,61,34,
1892-03-30,52,44,
1892-03-31,69,37,
1892-04-01,71,46,
1892-04-02,71,48,
1892-04-03,61,44,
1892-04-04,71,53,
1892-04-05,57,42,
1892-04-06,59,36,
1892-04-07,67,40,
1892-04-08,45,33,
1892-04-09,38,26,
1892-04-10,42,26,
1892-04-11,47,28,
1892-04-12,52,26,
1892-04-13,48,32,
1892-04-14,45,35,
1892-04-15,57,31,
1892-04-16,62,36,
1892-04-17,66,45,
1892-04-18,45,40,
1892-04-19,54,35,
1892-04-20,47,36,
1892-04-21,52,43,
1892-04-22,51,36,
1892-04-23,63,35,
1892-04-24,62,34,
1892-04-25,60,38,
1892-04-26,67,37,
1892-04-27,76,51,
1892-04-28,65,47,
1892-04-29,59,38,
1892-04-30,69,46,
1892-05-01,82,56,
1892-05-02,75,55,
1892-05-03,78,58,
1892-05-04,67,49,
1892-05-05,82,56,
1892-05-06,72,55,
1892-05-07,63,42,
1892-05-08,61,44,
1892-05-09,60,43,
1892-05-10,60,46,
1892-05-11,53,45,
1892-05-12,53,40,
1892-05-13,55,46,
1892-05-14,62,49,
1892-05-15,70,52,
1892-05-16,71,43,
1892-05-17,75,55,
1892-05-18,70,51,
1892-05-19,59,45,
1892-05-20,53,42,
1892-05-21,60,38,
1892-05-22,58,40,
1892-05-23,64,36,
1892-05-24,73,44,
1892-05-25,73,54,
1892-05-26,68,50,
1892-05-27,65,45,
1892-05-28,66,47,
1892-05-29,80,56,
1892-05-30,74,57,
1892-05-31,77,62,
1892-06-01,80,61,
1892-06-02,71,57,
1892-06-03,67,56,
1892-06-04,77,50,
1892-06-05,82,56,
1892-06-06,84,61,
1892-06-07,82,60,
1892-06-08,80,60,
1892-06-09,83,60,
1892-06-10,83,52,
1892-06-11,89,64,
1892-06-12,92,65,
1892-06-13,90,66,
1892-06-14,80,63,
1892-06-15,88,58,
1892-06-16,94,62,
1892-06-17,92,65,
1892-06-18,84,67,
1892-06-19,80,68,
1892-06-20,85,68,
1892-06-21,91,67,
1892-06-22,90,65,
1892-06-23,89,66,
1892-06-24,88,65,
1892-06-25,77,59,
1892-06-26,77,63,
1892-06-27,73,51,
1892-06-28,74,51,
1892-06-29,76,54,
1892-06-30,72,55,
1892-07-01,76,46,
1892-07-02,82,60,
1892-07-03,70,56,
1892-07-04,77,52,
1892-07-05,78,55,
1892-07-06,80,54,
1892-07-07,82,57,
1892-07-08,71,63,
1892-07-09,78,63,
1892-07-10,80,63,
1892-07-11,85,61,
1892-07-12,89,65,
1892-07-13,88,64,
1892-07-14,90,61,
1892-07-15,92,67,
1892-07-16,76,52,
1892-07-17,80,51,
1892-07-18,82,54,
1892-07-19,89,66,
1892-07-20,96,66,
1892-07-21,84,62,
1892-07-22,90,68,
1892-07-23,96,68,
1892-07-24,97,73,
1892-07-25,97,70,
1892-07-26,96,72,
1892-07-27,93,71,
1892-07-28,90,68,
1892-07-29,85,62,
1892-07-30,78,60,
1892-07-31,84,65,
1892-08-01,85,58,
1892-08-02,88,54,
1892-08-03,94,59,
1892-08-04,87,64,
1892-08-05,90,57,
1892-08-06,85,62,
1892-08-07,87,64,
1892-08-08,94,69,
1892-08-09,90,68,
1892-08-10,83,69,
1892-08-11,84,70,
1892-08-12,81,59,
1892-08-13,84,56,
1892-08-14,84,59,
1892-08-15,87,58,
1892-08-16,89,57,
1892-08-17,90,53,
1892-08-18,88,55,
1892-08-19,82,62,
1892-08-20,81,56,
1892-08-21,83,57,
1892-08-22,85,54,
1892-08-23,90,60,
1892-08-24,85,63,
1892-08-25,77,61,
1892-08-26,83,56,
1892-08-27,81,53,
1892-08-28,83,59,
1892-08-29,85,65,
1892-08-30,71,52,
1892-08-31,74,47,
1892-09-01,74,47,
1892-09-02,79,42,
1892-09-03,85,48,
1892-09-04,85,55,
1892-09-05,75,53,
1892-09-06,73,46,
1892-09-07,78,48,
1892-09-08,81,51,
1892-09-09,87,60,
1892-09-10,79,59,
1892-09-11,75,56,
1892-09-12,70,55,
1892-09-13,71,50,
1892-09-14,64,46,
1892-09-15,76,37,
1892-09-16,73,49,
1892-09-17,76,42,
1892-09-18,85,48,
1892-09-19,85,54,
1892-09-20,80,59,
1892-09-21,85,56,
1892-09-22,86,58,
1892-09-23,91,64,
1892-09-24,85,61,
1892-09-25,86,58,
1892-09-26,70,46,
1892-09-27,77,35,
1892-09-28,82,45,
1892-09-29,84,42,
1892-09-30,85,47,
1892-10-01,86,48,
1892-10-02,85,52,
1892-10-03,89,58,
1892-10-04,76,51,
1892-10-05,64,35,
1892-10-06,71,34,
1892-10-07,73,47,
1892-10-08,57,36,
1892-10-09,68,29,
1892-10-10,76,35,
1892-10-11,78,44,
1892-10-12,76,42,
1892-10-13,81,50,
1892-10-14,80,45,
1892-10-15,75,61,
1892-10-16,82,51,
1892-10-17,84,54,
1892-10-18,69,50,
1892-10-19,66,37,
1892-10-20,57,34,
1892-10-21,66,39,
1892-10-22,65,32,
1892-10-23,57,31,
1892-10-24,50,29,
1892-10-25,52,29,
1892-10-26,50,27,
1892-10-27,53,26,
1892-10-28,69,30,
1892-10-29,50,30,
1892-10-30,53,19,
1892-10-31,53,36,
1892-11-01,58,49,
1892-11-02,53,46,
1892-11-03,48,41,
1892-11-04,52,32,
1892-11-05,43,21,
1892-11-06,51,30,
1892-11-07,50,29,
1892-11-08,36,19,
1892-11-09,34,25,
1892-11-10,44,25,
1892-11-11,49,23,
1892-11-12,53,25,
1892-11-13,64,34,
1892-11-14,47,26,
1892-11-15,51,19,
1892-11-16,56,18,
1892-11-17,54,32,
1892-11-18,38,27,
1892-11-19,35,24,
1892-11-20,49,22,
1892-11-21,45,18,
1892-11-22,35,18,
1892-11-23,26,12,
1892-11-24,31,7,
1892-11-25,31,25,
1892-11-26,35,24,
1892-11-27,34,25,
1892-11-28,36,30,
1892-11-29,34,31,
1892-11-30,35,30,
1892-12-01,45,26,
1892-12-02,49,29,
1892-12-03,47,21,
1892-12-04,54,26,
1892-12-05,53,29,
1892-12-06,60,47,
1892-12-07,60,33,
1892-12-08,35,25,
1892-12-09,37,21,
1892-12-10,28,14,
1892-12-11,32,9,
1892-12-12,33,19,
1892-12-13,43,29,
1892-12-14,36,30,
1892-12-15,34,26,
1892-12-16,36,28,
1892-12-17,37,25,
1892-12-18,38,20,
1892-12-19,32,20,
1892-12-20,27,11,
1892-12-21,21,12,
1892-12-22,25,4,
1892-12-23,30,14,
1892-12-24,25,4,
1892-12-25,25,-2,
1892-12-26,38,-7,
1892-12-27,16,-5,
1892-12-28,24,-3,
1892-12-29,30,7,
1892-12-30,33,14,
1892-12-31,35,27,
1893-01-01,33,24,
1893-01-02,28,10,
1893-01-03,29,-5,
1893-01-04,25,8,
1893-01-05,23,2,
1893-01-06,19,-8,
1893-01-07,21,9,
1893-01-08,21,-5,
1893-01-09,31,5,
1893-01-10,12,-10,
1893-01-11,12,-3,
1893-01-12,12,-3,
1893-01-13,4,-11,
1893-01-14,10,-10,
1893-01-15,5,-18,
1893-01-16,10,-1,
1893-01-17,18,-19,
1893-01-18,27,-3,
1893-01-19,18,-6,
1893-01-20,21,3,
1893-01-21,30,22,
1893-01-22,29,24,
1893-01-23,31,13,
1893-01-24,39,13,
1893-01-25,35,7,
1893-01-26,25,10,
1893-01-27,34,10,
1893-01-28,48,36,
1893-01-29,49,15,
1893-01-30,32,22,
1893-01-31,40,22,
1893-02-01,40,8,
1893-02-02,34,19,
1893-02-03,34,4,
1893-02-04,23,0,
1893-02-05,39,24,
1893-02-06,45,1,
1893-02-07,8,-6,
1893-02-08,19,-2,
1893-02-09,39,21,
1893-02-10,39,20,
1893-02-11,32,18,
1893-02-12,38,20,
1893-02-13,42,23,
1893-02-14,41,37,
1893-02-15,41,22,
1893-02-16,34,24,
1893-02-17,31,21,
1893-02-18,28,17,
1893-02-19,40,19,
1893-02-20,28,12,
1893-02-21,31,22,
1893-02-22,32,23,
1893-02-23,42,28,
1893-02-24,37,27,
1893-02-25,31,22,
1893-02-26,50,26,
1893-02-27,51,38,
1893-02-28,46,24,
1893-03-01,42,29,
1893-03-02,57,28,
1893-03-03,44,15,
1893-03-04,28,12,
1893-03-05,36,17,
1893-03-06,50,27,
1893-03-07,55,33,
1893-03-08,58,40,
1893-03-09,48,40,
1893-03-10,62,37,
1893-03-11,59,39,
1893-03-12,54,35,
1893-03-13,66,41,
1893-03-14,40,21,
1893-03-15,25,15,
1893-03-16,31,14,
1893-03-17,34,24,
1893-03-18,40,18,
1893-03-19,41,27,
1893-03-20,48,28,
1893-03-21,52,28,
1893-03-22,53,39,
1893-03-23,60,44,
1893-03-24,57,32,
1893-03-25,35,30,
1893-03-26,34,27,
1893-03-27,44,26,
1893-03-28,47,26,
1893-03-29,52,24,
1893-03-30,66,40,
1893-03-31,76,38,
1893-04-01,66,41,
1893-04-02,65,27,
1893-04-03,70,43,
1893-04-04,70,49,
1893-04-05,75,43,
1893-04-06,61,44,
1893-04-07,84,54,
1893-04-08,73,49,
1893-04-09,55,36,
1893-04-10,55,43,
1893-04-11,62,42,
1893-04-12,74,58,
1893-04-13,62,42,
1893-04-14,43,30,
1893-04-15,51,27,
1893-04-16,63,33,
1893-04-17,59,33,
1893-04-18,67,45,
1893-04-19,56,51,
1893-04-20,51,30,
1893-04-21,52,32,
1893-04-22,37,32,
1893-04-23,45,31,
1893-04-24,45,32,
1893-04-25,50,42,
1893-04-26,68,43,
1893-04-27,57,40,
1893-04-28,59,39,
1893-04-29,59,44,
1893-04-30,53,44,
1893-05-01,60,47,
1893-05-02,59,40,
1893-05-03,60,37,
1893-05-04,57,38,
1893-05-05,71,41,
1893-05-06,59,37,
1893-05-07,63,37,
1893-05-08,64,44,
1893-05-09,70,48,
1893-05-10,77,51,
1893-05-11,78,55,
1893-05-12,66,51,
1893-05-13,66,50,
1893-05-14,72,45,
1893-05-15,65,49,
1893-05-16,57,41,
1893-05-17,65,39,
1893-05-18,70,40,
1893-05-19,79,43,
1893-05-20,88,62,
1893-05-21,80,60,
1893-05-22,84,62,
1893-05-23,73,45,
1893-05-24,70,42,
1893-05-25,70,51,
1893-05-26,65,48,
1893-05-27,61,52,
1893-05-28,67,44,
1893-05-29,76,50,
1893-05-30,79,58,
1893-05-31,69,57,
1893-06-01,68,59,
1893-06-02,76,58,
1893-06-03,78,63,
1893-06-04,83,63,
1893-06-05,75,60,
1893-06-06,73,53,
1893-06-07,76,47,
1893-06-08,79,53,
1893-06-09,86,57,
1893-06-10,86,63,
1893-06-11,77,55,
1893-06-12,87,62,
1893-06-13,85,67,
1893-06-14,87,57,
1893-06-15,85,67,
1893-06-16,85,60,
1893-06-17,88,59,
1893-06-18,90,60,
1893-06-19,93,62,
1893-06-20,83,62,
1893-06-21,86,67,
1893-06-22,81,64,
1893-06-23,84,54,
1893-06-24,86,67,
1893-06-25,86,66,
1893-06-26,93,58,
1893-06-27,86,53,
1893-06-28,85,54,
1893-06-29,89,53,
1893-06-30,81,59,
1893-07-01,88,63,
1893-07-02,90,70,
1893-07-03,83,56,
1893-07-04,82,56,
1893-07-05,90,63,
1893-07-06,96,61,
1893-07-07,96,74,
1893-07-08,85,68,
1893-07-09,87,64,
1893-07-10,90,53,
1893-07-11,92,66,
1893-07-12,96,65,
1893-07-13,98,75,
1893-07-14,94,70,
1893-07-15,94,70,
1893-07-16,90,64,
1893-07-17,95,65,
1893-07-18,95,60,
1893-07-19,97,55,
1893-07-20,89,63,
1893-07-21,90,60,
1893-07-22,93,55,
1893-07-23,97,65,
1893-07-24,97,64,
1893-07-25,94,65,
1893-07-26,95,65,
1893-07-27,85,48,
1893-07-28,96,59,
1893-07-29,93,60,
1893-07-30,94,70,
1893-07-31,92,65,
1893-08-01,87,54,
1893-08-02,85,54,
1893-08-03,90,58,
1893-08-04,95,55,
1893-08-05,95,65,
1893-08-06,87,62,
1893-08-07,88,52,
1893-08-08,91,51,
1893-08-09,94,55,
1893-08-10,99,63,
1893-08-11,79,67,
1893-08-12,83,53,
1893-08-13,83,50,
1893-08-14,87,62,
1893-08-15,90,62,
1893-08-16,88,69,
1893-08-17,90,60,
1893-08-18,96,56,
1893-08-19,81,53,
1893-08-20,83,51,
1893-08-21,85,50,
1893-08-22,88,50,
1893-08-23,91,57,
1893-08-24,93,58,
1893-08-25,87,67,
1893-08-26,83,61,
1893-08-27,95,63,
1893-08-28,83,60,
1893-08-29,71,51,
1893-08-30,81,37,
1893-08-31,84,44,
1893-09-01,88,44,
1893-09-02,76,47,
1893-09-03,84,43,
1893-09-04,93,46,
1893-09-05,96,63,
1893-09-06,95,55,
1893-09-07,97,62,
1893-09-08,93,57,
1893-09-09,86,59,
1893-09-10,91,64,
1893-09-11,91,63,
1893-09-12,88,66,
1893-09-13,86,68,
1893-09-14,97,71,
1893-09-15,95,60,
1893-09-16,75,45,
1893-09-17,82,40,
1893-09-18,97,60,
1893-09-19,88,68,
1893-09-20,78,62,
1893-09-21,91,62,
1893-09-22,80,60,
1893-09-23,72,53,
1893-09-24,60,49,
1893-09-25,58,39,
1893-09-26,63,31,
1893-09-27,70,38,
1893-09-28,65,39,
1893-09-29,57,41,
1893-09-30,68,53,
1893-10-01,81,59,
1893-10-02,84,61,
1893-10-03,63,45,
1893-10-04,73,40,
1893-10-05,73,46,
1893-10-06,64,51,
1893-10-07,74,41,
1893-10-08,80,54,
1893-10-09,83,55,
1893-10-10,81,51,
1893-10-11,82,53,
1893-10-12,82,53,
1893-10-13,62,50,
1893-10-14,52,45,
1893-10-15,55,33,
1893-10-16,63,26,
1893-10-17,68,30,
1893-10-18,72,34,
1893-10-19,72,35,
1893-10-20,62,42,
1893-10-21,66,30,
1893-10-22,68,38,
1893-10-23,74,37,
1893-10-24,61,34,
1893-10-25,62,24,
1893-10-26,59,45,
1893-10-27,57,37,
1893-10-28,51,29,
1893-10-29,44,22,
1893-10-30,50,18,
1893-10-31,66,35,
1893-11-01,70,38,
1893-11-02,63,36,
1893-11-03,45,23,
1893-11-04,57,29,
1893-11-05,75,29,
1893-11-06,66,30,
1893-11-07,65,32,
1893-11-08,60,37,
1893-11-09,64,40,
1893-11-10,68,35,
1893-11-11,68,35,
1893-11-12,60,37,
1893-11-13,52,24,
1893-11-14,58,23,
1893-11-15,31,16,
1893-11-16,55,23,
1893-11-17,55,34,
1893-11-18,46,18,
1893-11-19,43,18,
1893-11-20,46,15,
1893-11-21,52,21,
1893-11-22,40,23,
1893-11-23,34,14,
1893-11-24,32,6,
1893-11-25,36,10,
1893-11-26,43,22,
1893-11-27,40,32,
1893-11-28,48,30,
1893-11-29,49,28,
1893-11-30,43,18,
1893-12-01,15,1,
1893-12-02,23,10,
1893-12-03,24,3,
1893-12-04,26,-6,
1893-12-05,38,22,
1893-12-06,26,9,
1893-12-07,32,12,
1893-12-08,43,31,
1893-12-09,40,29,
1893-12-10,29,15,
1893-12-11,53,23,
1893-12-12,35,6,
1893-12-13,28,5,
1893-12-14,44,28,
1893-12-15,58,35,
1893-12-16,38,21,
1893-12-17,26,8,
1893-12-18,44,9,
1893-12-19,34,15,
1893-12-20,32,11,
1893-12-21,42,26,
1893-12-22,52,38,
1893-12-23,57,44,
1893-12-24,63,41,
1893-12-25,57,27,
1893-12-26,30,26,
1893-12-27,37,25,
1893-12-28,58,35,
1893-12-29,35,26,
1893-12-30,35,24,
1893-12-31,40,19,
1894-01-01,47,26,
1894-01-02,50,33,
1894-01-03,50,35,
1894-01-04,51,30,
1894-01-05,33,26,
1894-01-06,33,22,
1894-01-07,26,13,
1894-01-08,39,15,
1894-01-09,40,28,
1894-01-10,40,19,
1894-01-11,35,20,
1894-01-12,35,11,
1894-01-13,43,23,
1894-01-14,49,34,
1894-01-15,49,38,
1894-01-16,55,38,
1894-01-17,64,40,
1894-01-18,57,30,
1894-01-19,44,27,
1894-01-20,58,34,
1894-01-21,50,32,
1894-01-22,38,21,
1894-01-23,27,20,
1894-01-24,21,-12,
1894-01-25,9,-21,
1894-01-26,23,2,
1894-01-27,25,1,
1894-01-28,38,12,
1894-01-29,31,10,
1894-01-30,39,6,
1894-01-31,31,16,
1894-02-01,28,11,
1894-02-02,35,8,
1894-02-03,36,21,
1894-02-04,22,6,
1894-02-05,40,8,
1894-02-06,47,27,
1894-02-07,47,34,
1894-02-08,43,34,
1894-02-09,58,35,
1894-02-10,37,25,
1894-02-11,31,20,
1894-02-12,30,20,
1894-02-13,26,10,
1894-02-14,22,13,
1894-02-15,22,9,
1894-02-16,30,-5,
1894-02-17,39,24,
1894-02-18,37,20,
1894-02-19,32,14,
1894-02-20,22,8,
1894-02-21,19,2,
1894-02-22,28,7,
1894-02-23,21,9,
1894-02-24,20,3,
1894-02-25,34,5,
1894-02-26,42,13,
1894-02-27,51,27,
1894-02-28,53,30,
1894-03-01,57,30,
1894-03-02,55,30,
1894-03-03,66,32,
1894-03-04,63,40,
1894-03-05,66,52,
1894-03-06,54,32,
1894-03-07,46,28,
1894-03-08,44,31,
1894-03-09,57,31,
1894-03-10,69,40,
1894-03-11,62,31,
1894-03-12,56,30,
1894-03-13,58,38,
1894-03-14,54,26,
1894-03-15,61,40,
1894-03-16,61,32,
1894-03-17,75,45,
1894-03-18,73,51,
1894-03-19,64,50,
1894-03-20,77,52,
1894-03-21,77,50,
1894-03-22,63,39,
1894-03-23,41,32,
1894-03-24,43,25,
1894-03-25,26,12,
1894-03-26,36,10,
1894-03-27,35,11,
1894-03-28,34,25,
1894-03-29,36,16,
1894-03-30,52,21,
1894-03-31,63,35,
1894-04-01,52,31,
1894-04-02,55,25,
1894-04-03,58,29,
1894-04-04,58,34,
1894-04-05,50,35,
1894-04-06,62,29,
1894-04-07,57,35,
1894-04-08,50,30,
1894-04-09,46,36,
1894-04-10,43,35,
1894-04-11,46,32,
1894-04-12,55,30,
1894-04-13,75,37,
1894-04-14,68,35,
1894-04-15,75,50,
1894-04-16,78,42,
1894-04-17,95,53,
1894-04-18,78,55,
1894-04-19,68,48,
1894-04-20,54,39,
1894-04-21,53,35,
1894-04-22,52,40,
1894-04-23,62,32,
1894-04-24,63,35,
1894-04-25,68,38,
1894-04-26,72,42,
1894-04-27,80,50,
1894-04-28,85,55,
1894-04-29,86,57,
1894-04-30,88,59,
1894-05-01,74,56,
1894-05-02,69,47,
1894-05-03,75,48,
1894-05-04,75,54,
1894-05-05,73,60,
1894-05-06,73,54,
1894-05-07,70,48,
1894-05-08,73,49,
1894-05-09,76,50,
1894-05-10,78,48,
1894-05-11,69,40,
1894-05-12,79,40,
1894-05-13,84,55,
1894-05-14,89,58,
1894-05-15,89,62,
1894-05-16,89,63,
1894-05-17,89,63,
1894-05-18,63,39,
1894-05-19,52,32,
1894-05-20,42,35,
1894-05-21,58,40,
1894-05-22,58,45,
1894-05-23,62,40,
1894-05-24,66,47,
1894-05-25,74,45,
1894-05-26,79,51,
1894-05-27,80,49,
1894-05-28,67,37,
1894-05-29,74,44,
1894-05-30,58,43,
1894-05-31,63,36,
1894-06-01,79,44,
1894-06-02,84,47,
1894-06-03,90,54,
1894-06-04,82,54,
1894-06-05,54,51,
1894-06-06,68,34,
1894-06-07,80,36,
1894-06-08,87,50,
1894-06-09,84,53,
1894-06-10,94,57,
1894-06-11,97,60,
1894-06-12,96,62,
1894-06-13,96,61,
1894-06-14,97,62,
1894-06-15,96,61,
1894-06-16,92,66,
1894-06-17,83,64,
1894-06-18,71,61,
1894-06-19,83,54,
1894-06-20,95,63,
1894-06-21,93,65,
1894-06-22,96,63,
1894-06-23,93,68,
1894-06-24,92,67,
1894-06-25,86,64,
1894-06-26,82,62,
1894-06-27,91,65,
1894-06-28,94,75,
1894-06-29,95,64,
1894-06-30,93,68,
1894-07-01,85,61,
1894-07-02,89,72,
1894-07-03,90,55,
1894-07-04,86,56,
1894-07-05,87,47,
1894-07-06,87,53,
1894-07-07,80,47,
1894-07-08,87,50,
1894-07-09,86,51,
1894-07-10,90,53,
1894-07-11,95,61,
1894-07-12,94,64,
1894-07-13,96,68,
1894-07-14,89,55,
1894-07-15,93,58,
1894-07-16,95,59,
1894-07-17,97,58,
1894-07-18,97,61,
1894-07-19,91,66,
1894-07-20,78,65,
1894-07-21,81,58,
1894-07-22,85,50,
1894-07-23,89,50,
1894-07-24,96,52,
1894-07-25,91,61,
1894-07-26,98,56,
1894-07-27,93,63,
1894-07-28,89,66,
1894-07-29,81,64,
1894-07-30,91,58,
1894-07-31,93,63,
1894-08-01,93,65,
1894-08-02,87,63,
1894-08-03,75,51,
1894-08-04,80,41,
1894-08-05,84,46,
1894-08-06,88,51,
1894-08-07,93,51,
1894-08-08,96,57,
1894-08-09,99,66,
1894-08-10,96,64,
1894-08-11,94,64,
1894-08-12,92,66,
1894-08-13,89,60,
1894-08-14,92,66,
1894-08-15,81,65,
1894-08-16,82,61,
1894-08-17,80,58,
1894-08-18,92,61,
1894-08-19,87,59,
1894-08-20,87,57,
1894-08-21,87,60,
1894-08-22,88,58,
1894-08-23,86,60,
1894-08-24,75,64,
1894-08-25,82,62,
1894-08-26,85,60,
1894-08-27,85,55,
1894-08-28,88,53,
1894-08-29,91,58,
1894-08-30,90,58,
1894-08-31,87,57,
1894-09-01,94,56,
1894-09-02,91,66,
1894-09-03,91,66,
1894-09-04,86,68,
1894-09-05,81,65,
1894-09-06,87,69,
1894-09-07,88,67,
1894-09-08,87,69,
1894-09-09,89,69,
1894-09-10,79,54,
1894-09-11,68,45,
1894-09-12,71,51,
1894-09-13,75,58,
1894-09-14,84,64,
1894-09-15,75,59,
1894-09-16,78,45,
1894-09-17,76,52,
1894-09-18,74,55,
1894-09-19,76,47,
1894-09-20,78,45,
1894-09-21,78,54,
1894-09-22,76,57,
1894-09-23,74,53,
1894-09-24,63,38,
1894-09-25,66,39,
1894-09-26,72,38,
1894-09-27,81,50,
1894-09-28,72,44,
1894-09-29,81,45,
1894-09-30,70,44,
1894-10-01,69,34,
1894-10-02,71,50,
1894-10-03,65,50,
1894-10-04,58,35,
1894-10-05,56,35,
1894-10-06,64,28,
1894-10-07,77,50,
1894-10-08,56,32,
1894-10-09,56,29,
1894-10-10,59,33,
1894-10-11,64,34,
1894-10-12,59,30,
1894-10-13,57,39,
1894-10-14,56,28,
1894-10-15,62,28,
1894-10-16,80,45,
1894-10-17,77,45,
1894-10-18,82,40,
1894-10-19,75,53,
1894-10-20,84,52,
1894-10-21,75,58,
1894-10-22,71,46,
1894-10-23,84,47,
1894-10-24,74,45,
1894-10-25,72,39,
1894-10-26,60,41,
1894-10-27,59,42,
1894-10-28,68,40,
1894-10-29,69,41,
1894-10-30,45,38,
1894-10-31,50,36,
1894-11-01,63,33,
1894-11-02,57,38,
1894-11-03,54,34,
1894-11-04,59,36,
1894-11-05,44,31,
1894-11-06,42,22,
1894-11-07,46,33,
1894-11-08,46,35,
1894-11-09,39,31,
1894-11-10,39,26,
1894-11-11,31,17,
1894-11-12,31,23,
1894-11-13,38,30,
1894-11-14,46,30,
1894-11-15,62,31,
1894-11-16,46,28,
1894-11-17,37,16,
1894-11-18,41,20,
1894-11-19,34,14,
1894-11-20,56,17,
1894-11-21,45,22,
1894-11-22,64,31,
1894-11-23,51,26,
1894-11-24,47,26,
1894-11-25,48,21,
1894-11-26,67,29,
1894-11-27,51,26,
1894-11-28,30,12,
1894-11-29,31,20,
1894-11-30,37,29,
1894-12-01,39,35,
1894-12-02,37,24,
1894-12-03,28,19,
1894-12-04,40,18,
1894-12-05,48,25,
1894-12-06,53,23,
1894-12-07,54,39,
1894-12-08,55,36,
1894-12-09,54,27,
1894-12-10,38,35,
1894-12-11,43,35,
1894-12-12,40,34,
1894-12-13,46,32,
1894-12-14,42,27,
1894-12-15,55,35,
1894-12-16,50,29,
1894-12-17,38,22,
1894-12-18,38,21,
1894-12-19,48,25,
1894-12-20,57,32,
1894-12-21,59,40,
1894-12-22,48,30,
1894-12-23,33,30,
1894-12-24,43,29,
1894-12-25,43,25,
1894-12-26,30,21,
1894-12-27,30,5,
1894-12-28,29,-4,
1894-12-29,35,8,
1894-12-30,37,19,
1894-12-31,28,-1,
1895-01-01,35,13,
1895-01-02,36,21,
1895-01-03,31,18,
1895-01-04,26,4,
1895-01-05,36,10,
1895-01-06,42,10,
1895-01-07,37,26,
1895-01-08,28,2,
1895-01-09,35,7,
1895-01-10,31,20,
1895-01-11,20,-9,
1895-01-12,18,-11,
1895-01-13,16,2,
1895-01-14,25,-9,
1895-01-15,30,21,
1895-01-16,39,15,
1895-01-17,40,20,
1895-01-18,54,27,
1895-01-19,36,24,
1895-01-20,45,26,
1895-01-21,57,25,
1895-01-22,29,16,
1895-01-23,23,9,
1895-01-24,23,1,
1895-01-25,35,14,
1895-01-26,20,2,
1895-01-27,8,-7,
1895-01-28,10,-7,
1895-01-29,21,2,
1895-01-30,10,-8,
1895-01-31,23,-5,
1895-02-01,14,-3,
1895-02-02,14,-13,
1895-02-03,23,1,
1895-02-04,5,-14,
1895-02-05,6,-11,
1895-02-06,12,1,
1895-02-07,3,-10,
1895-02-08,-1,-21,
1895-02-09,16,-11,
1895-02-10,19,-1,
1895-02-11,14,-4,
1895-02-12,12,4,
1895-02-13,20,-2,
1895-02-14,29,2,
1895-02-15,29,7,
1895-02-16,29,6,
1895-02-17,35,16,
1895-02-18,33,22,
1895-02-19,34,15,
1895-02-20,39,17,
1895-02-21,40,25,
1895-02-22,36,14,
1895-02-23,40,20,
1895-02-24,52,25,
1895-02-25,52,32,
1895-02-26,54,26,
1895-02-27,53,37,
1895-02-28,65,45,
1895-03-01,52,25,
1895-03-02,39,20,
1895-03-03,52,27,
1895-03-04,28,10,
1895-03-05,37,7,
1895-03-06,38,21,
1895-03-07,51,28,
1895-03-08,40,21,
1895-03-09,50,20,
1895-03-10,44,24,
1895-03-11,29,20,
1895-03-12,39,24,
1895-03-13,40,24,
1895-03-14,25,15,
1895-03-15,24,15,
1895-03-16,35,16,
1895-03-17,49,18,
1895-03-18,55,30,
1895-03-19,44,29,
1895-03-20,43,23,
1895-03-21,47,20,
1895-03-22,50,25,
1895-03-23,63,32,
1895-03-24,70,34,
1895-03-25,63,35,
1895-03-26,54,32,
1895-03-27,79,29,
1895-03-28,66,33,
1895-03-29,84,43,
1895-03-30,78,53,
1895-03-31,60,45,
1895-04-01,46,34,
1895-04-02,55,30,
1895-04-03,45,27,
1895-04-04,62,32,
1895-04-05,74,40,
1895-04-06,62,48,
1895-04-07,59,39,
1895-04-08,46,40,
1895-04-09,61,41,
1895-04-10,56,32,
1895-04-11,63,33,
1895-04-12,68,48,
1895-04-13,62,41,
1895-04-14,62,32,
1895-04-15,52,33,
1895-04-16,61,45,
1895-04-17,59,35,
1895-04-18,65,36,
1895-04-19,69,34,
1895-04-20,74,37,
1895-04-21,75,49,
1895-04-22,66,36,
1895-04-23,71,43,
1895-04-24,82,43,
1895-04-25,83,51,
1895-04-26,73,56,
1895-04-27,72,50,
1895-04-28,75,45,
1895-04-29,84,54,
1895-04-30,88,54,
1895-05-01,86,60,
1895-05-02,83,61,
1895-05-03,86,65,
1895-05-04,88,64,
1895-05-05,89,61,
1895-05-06,82,59,
1895-05-07,85,59,
1895-05-08,89,59,
1895-05-09,94,60,
1895-05-10,89,60,
1895-05-11,75,45,
1895-05-12,59,38,
1895-05-13,50,30,
1895-05-14,55,28,
1895-05-15,45,38,
1895-05-16,60,33,
1895-05-17,63,34,
1895-05-18,75,46,
1895-05-19,63,44,
1895-05-20,59,37,
1895-05-21,63,30,
1895-05-22,72,34,
1895-05-23,76,39,
1895-05-24,80,44,
1895-05-25,77,54,
1895-05-26,67,49,
1895-05-27,75,32,
1895-05-28,88,53,
1895-05-29,94,65,
1895-05-30,93,63,
1895-05-31,95,65,
1895-06-01,95,62,
1895-06-02,96,68,
1895-06-03,98,64,
1895-06-04,91,61,
1895-06-05,78,50,
1895-06-06,82,42,
1895-06-07,85,48,
1895-06-08,91,50,
1895-06-09,95,54,
1895-06-10,99,52,
1895-06-11,97,74,
1895-06-12,82,65,
1895-06-13,87,55,
1895-06-14,87,58,
1895-06-15,92,58,
1895-06-16,95,52,
1895-06-17,95,66,
1895-06-18,82,67,
1895-06-19,83,64,
1895-06-20,83,58,
1895-06-21,88,53,
1895-06-22,90,60,
1895-06-23,93,53,
1895-06-24,92,65,
1895-06-25,96,69,
1895-06-26,84,64,
1895-06-27,84,60,
1895-06-28,74,50,
1895-06-29,71,60,
1895-06-30,68,60,
1895-07-01,84,57,
1895-07-02,83,53,
1895-07-03,85,55,
1895-07-04,85,55,
1895-07-05,88,60,
1895-07-06,83,63,
1895-07-07,94,66,
1895-07-08,82,63,
1895-07-09,72,55,
1895-07-10,74,43,
1895-07-11,83,47,
1895-07-12,87,53,
1895-07-13,90,60,
1895-07-14,92,64,
1895-07-15,88,64,
1895-07-16,93,60,
1895-07-17,81,63,
1895-07-18,90,57,
1895-07-19,84,62,
1895-07-20,91,68,
1895-07-21,89,67,
1895-07-22,85,65,
1895-07-23,80,58,
1895-07-24,82,64,
1895-07-25,84,57,
1895-07-26,87,58,
1895-07-27,88,57,
1895-07-28,80,50,
1895-07-29,75,54,
1895-07-30,75,57,
1895-07-31,77,43,
1895-08-01,82,50,
1895-08-02,84,48,
1895-08-03,85,63,
1895-08-04,87,54,
1895-08-05,88,57,
1895-08-06,81,63,
1895-08-07,88,58,
1895-08-08,90,54,
1895-08-09,94,58,
1895-08-10,94,57,
1895-08-11,92,70,
1895-08-12,93,62,
1895-08-13,93,55,
1895-08-14,95,57,
1895-08-15,96,67,
1895-08-16,95,62,
1895-08-17,97,62,
1895-08-18,90,60,
1895-08-19,83,55,
1895-08-20,80,60,
1895-08-21,90,50,
1895-08-22,87,59,
1895-08-23,93,58,
1895-08-24,95,68,
1895-08-25,90,60,
1895-08-26,79,60,
1895-08-27,95,68,
1895-08-28,93,72,
1895-08-29,82,62,
1895-08-30,77,58,
1895-08-31,77,54,
1895-09-01,76,47,
1895-09-02,84,46,
1895-09-03,89,45,
1895-09-04,82,62,
1895-09-05,85,58,
1895-09-06,80,60,
1895-09-07,75,60,
1895-09-08,80,50,
1895-09-09,85,62,
1895-09-10,92,64,
1895-09-11,93,65,
1895-09-12,93,67,
1895-09-13,82,57,
1895-09-14,75,57,
1895-09-15,89,54,
1895-09-16,89,54,
1895-09-17,93,65,
1895-09-18,94,67,
1895-09-19,92,71,
1895-09-20,92,65,
1895-09-21,92,64,
1895-09-22,91,68,
1895-09-23,70,45,
1895-09-24,73,41,
1895-09-25,85,56,
1895-09-26,77,50,
1895-09-27,76,41,
1895-09-28,70,45,
1895-09-29,57,40,
1895-09-30,57,32,
1895-10-01,65,28,
1895-10-02,74,31,
1895-10-03,72,32,
1895-10-04,75,45,
1895-10-05,73,51,
1895-10-06,65,44,
1895-10-07,63,46,
1895-10-08,63,34,
1895-10-09,53,21,
1895-10-10,65,38,
1895-10-11,67,45,
1895-10-12,58,34,
1895-10-13,73,29,
1895-10-14,72,38,
1895-10-15,66,39,
1895-10-16,69,33,
1895-10-17,63,32,
1895-10-18,70,35,
1895-10-19,45,28,
1895-10-20,58,21,
1895-10-21,65,22,
1895-10-22,59,38,
1895-10-23,48,22,
1895-10-24,55,20,
1895-10-25,62,31,
1895-10-26,75,34,
1895-10-27,57,33,
1895-10-28,43,22,
1895-10-29,43,21,
1895-10-30,45,12,
1895-10-31,45,27,
1895-11-01,45,18,
1895-11-02,59,20,
1895-11-03,65,33,
1895-11-04,69,43,
1895-11-05,67,40,
1895-11-06,73,47,
1895-11-07,72,51,
1895-11-08,51,39,
1895-11-09,41,32,
1895-11-10,41,24,
1895-11-11,45,24,
1895-11-12,45,21,
1895-11-13,44,29,
1895-11-14,48,38,
1895-11-15,51,28,
1895-11-16,46,35,
1895-11-17,52,32,
1895-11-18,59,33,
1895-11-19,45,27,
1895-11-20,27,21,
1895-11-21,34,20,
1895-11-22,40,26,
1895-11-23,35,30,
1895-11-24,36,20,
1895-11-25,34,32,
1895-11-26,32,6,
1895-11-27,36,4,
1895-11-28,43,24,
1895-11-29,40,34,
1895-11-30,36,30,
1895-12-01,39,30,
1895-12-02,34,14,
1895-12-03,19,1,
1895-12-04,21,5,
1895-12-05,20,0,
1895-12-06,36,6,
1895-12-07,40,25,
1895-12-08,30,22,
1895-12-09,30,14,
1895-12-10,33,15,
1895-12-11,37,26,
1895-12-12,27,14,
1895-12-13,30,3,
1895-12-14,45,22,
1895-12-15,43,30,
1895-12-16,47,35,
1895-12-17,50,44,
1895-12-18,53,44,
1895-12-19,57,50,
1895-12-20,55,39,
1895-12-21,44,31,
1895-12-22,52,31,
1895-12-23,47,37,
1895-12-24,59,37,
1895-12-25,58,32,
1895-12-26,37,28,
1895-12-27,42,27,
1895-12-28,45,27,
1895-12-29,35,25,
1895-12-30,26,8,
1895-12-31,23,-2,
1896-01-01,33,5,
1896-01-02,35,16,
1896-01-03,16,-2,
1896-01-04,8,-5,
1896-01-05,15,-1,
1896-01-06,41,11,
1896-01-07,38,29,
1896-01-08,36,24,
1896-01-09,38,23,
1896-01-10,43,22,
1896-01-11,36,27,
1896-01-12,35,19,
1896-01-13,32,20,
1896-01-14,31,12,
1896-01-15,33,19,
1896-01-16,37,15,
1896-01-17,42,31,
1896-01-18,41,26,
1896-01-19,30,20,
1896-01-20,41,21,
1896-01-21,42,23,
1896-01-22,34,30,
1896-01-23,44,32,
1896-01-24,42,29,
1896-01-25,30,26,
1896-01-26,27,24,
1896-01-27,30,24,
1896-01-28,30,25,
1896-01-29,51,25,
1896-01-30,52,29,
1896-01-31,50,38,
1896-02-01,42,30,
1896-02-02,36,29,
1896-02-03,37,32,
1896-02-04,37,28,
1896-02-05,36,28,
1896-02-06,33,28,
1896-02-07,37,27,
1896-02-08,30,26,
1896-02-09,35,21,
1896-02-10,45,25,
1896-02-11,37,20,
1896-02-12,33,27,
1896-02-13,33,13,
1896-02-14,43,12,
1896-02-15,42,23,
1896-02-16,30,12,
1896-02-17,27,8,
1896-02-18,31,14,
1896-02-19,26,4,
1896-02-20,10,-4,
1896-02-21,27,-3,
1896-02-22,47,19,
1896-02-23,51,34,
1896-02-24,49,29,
1896-02-25,44,23,
1896-02-26,59,29,
1896-02-27,68,32,
1896-02-28,50,31,
1896-02-29,34,27,
1896-03-01,30,19,
1896-03-02,29,16,
1896-03-03,30,22,
1896-03-04,39,17,
1896-03-05,41,27,
1896-03-06,45,32,
1896-03-07,37,22,
1896-03-08,39,24,
1896-03-09,52,25,
1896-03-10,45,31,
1896-03-11,32,17,
1896-03-12,28,11,
1896-03-13,29,6,
1896-03-14,30,11,
1896-03-15,33,22,
1896-03-16,35,25,
1896-03-17,43,23,
1896-03-18,39,30,
1896-03-19,35,28,
1896-03-20,39,22,
1896-03-21,55,28,
1896-03-22,56,25,
1896-03-23,40,24,
1896-03-24,44,21,
1896-03-25,62,29,
1896-03-26,52,30,
1896-03-27,46,25,
1896-03-28,59,34,
1896-03-29,59,42,
1896-03-30,67,35,
1896-03-31,65,41,
1896-04-01,59,32,
1896-04-02,41,25,
1896-04-03,47,23,
1896-04-04,58,21,
1896-04-05,66,34,
1896-04-06,55,34,
1896-04-07,53,28,
1896-04-08,40,29,
1896-04-09,50,35,
1896-04-10,65,30,
1896-04-11,83,55,
1896-04-12,82,51,
1896-04-13,65,48,
1896-04-14,74,47,
1896-04-15,82,53,
1896-04-16,86,59,
1896-04-17,86,60,
1896-04-18,84,57,
1896-04-19,72,52,
1896-04-20,85,52,
1896-04-21,68,50,
1896-04-22,63,35,
1896-04-23,74,49,
1896-04-24,77,57,
1896-04-25,78,57,
1896-04-26,80,50,
1896-04-27,85,55,
1896-04-28,85,65,
1896-04-29,74,57,
1896-04-30,76,54,
1896-05-01,82,47,
1896-05-02,64,50,
1896-05-03,78,44,
1896-05-04,83,53,
1896-05-05,83,50,
1896-05-06,86,57,
1896-05-07,88,51,
1896-05-08,90,58,
1896-05-09,91,58,
1896-05-10,91,60,
1896-05-11,91,61,
1896-05-12,84,61,
1896-05-13,85,63,
1896-05-14,73,55,
1896-05-15,77,45,
1896-05-16,74,57,
1896-05-17,79,58,
1896-05-18,73,60,
1896-05-19,65,56,
1896-05-20,76,60,
1896-05-21,90,60,
1896-05-22,72,63,
1896-05-23,79,53,
1896-05-24,84,61,
1896-05-25,87,72,
1896-05-26,80,61,
1896-05-27,78,60,
1896-05-28,69,56,
1896-05-29,76,48,
1896-05-30,82,57,
1896-05-31,67,56,
1896-06-01,72,51,
1896-06-02,77,58,
1896-06-03,79,59,
1896-06-04,86,63,
1896-06-05,89,64,
1896-06-06,91,72,
1896-06-07,91,70,
1896-06-08,79,64,
1896-06-09,66,58,
1896-06-10,73,53,
1896-06-11,78,49,
1896-06-12,67,50,
1896-06-13,76,55,
1896-06-14,82,53,
1896-06-15,84,58,
1896-06-16,82,59,
1896-06-17,83,63,
1896-06-18,86,59,
1896-06-19,88,64,
1896-06-20,86,68,
1896-06-21,88,70,
1896-06-22,83,69,
1896-06-23,72,66,
1896-06-24,86,65,
1896-06-25,92,70,
1896-06-26,82,64,
1896-06-27,74,63,
1896-06-28,78,58,
1896-06-29,84,53,
1896-06-30,86,56,
1896-07-01,86,57,
1896-07-02,85,65,
1896-07-03,85,66,
1896-07-04,87,69,
1896-07-05,79,63,
1896-07-06,84,59,
1896-07-07,76,52,
1896-07-08,82,50,
1896-07-09,84,58,
1896-07-10,87,56,
1896-07-11,88,57,
1896-07-12,91,62,
1896-07-13,93,68,
1896-07-14,93,76,
1896-07-15,85,65,
1896-07-16,77,58,
1896-07-17,80,49,
1896-07-18,79,55,
1896-07-19,78,65,
1896-07-20,82,71,
1896-07-21,84,66,
1896-07-22,86,57,
1896-07-23,78,67,
1896-07-24,75,63,
1896-07-25,79,56,
1896-07-26,92,66,
1896-07-27,92,71,
1896-07-28,95,70,
1896-07-29,95,69,
1896-07-30,95,73,
1896-07-31,88,64,
1896-08-01,83,68,
1896-08-02,83,68,
1896-08-03,87,61,
1896-08-04,92,63,
1896-08-05,96,67,
1896-08-06,97,72,
1896-08-07,92,70,
1896-08-08,97,70,
1896-08-09,94,76,
1896-08-10,92,74,
1896-08-11,93,71,
1896-08-12,80,67,
1896-08-13,87,65,
1896-08-14,86,67,
1896-08-15,83,65,
1896-08-16,84,67,
1896-08-17,74,56,
1896-08-18,77,59,
1896-08-19,73,48,
1896-08-20,81,50,
1896-08-21,83,64,
1896-08-22,93,70,
1896-08-23,73,59,
1896-08-24,82,54,
1896-08-25,83,57,
1896-08-26,74,55,
1896-08-27,73,49,
1896-08-28,77,44,
1896-08-29,82,46,
1896-08-30,86,53,
1896-08-31,78,57,
1896-09-01,78,46,
1896-09-02,87,56,
1896-09-03,76,56,
1896-09-04,72,47,
1896-09-05,73,54,
1896-09-06,70,45,
1896-09-07,75,45,
1896-09-08,76,54,
1896-09-09,90,66,
1896-09-10,90,65,
1896-09-11,87,68,
1896-09-12,91,62,
1896-09-13,85,65,
1896-09-14,81,67,
1896-09-15,74,63,
1896-09-16,79,57,
1896-09-17,72,59,
1896-09-18,73,57,
1896-09-19,59,42,
1896-09-20,64,33,
1896-09-21,70,45,
1896-09-22,59,42,
1896-09-23,64,30,
1896-09-24,72,37,
1896-09-25,76,53,
1896-09-26,76,56,
1896-09-27,60,48,
1896-09-28,56,45,
1896-09-29,55,49,
1896-09-30,69,46,
1896-10-01,68,44,
1896-10-02,68,39,
1896-10-03,69,36,
1896-10-04,69,37,
1896-10-05,76,41,
1896-10-06,62,45,
1896-10-07,56,35,
1896-10-08,57,29,
1896-10-09,64,33,
1896-10-10,73,40,
1896-10-11,71,46,
1896-10-12,63,47,
1896-10-13,66,43,
1896-10-14,73,37,
1896-10-15,77,38,
1896-10-16,61,39,
1896-10-17,45,28,
1896-10-18,43,29,
1896-10-19,63,24,
1896-10-20,48,32,
1896-10-21,54,24,
1896-10-22,58,29,
1896-10-23,46,33,
1896-10-24,49,24,
1896-10-25,61,24,
1896-10-26,69,35,
1896-10-27,75,40,
1896-10-28,79,56,
1896-10-29,70,61,
1896-10-30,70,46,
1896-10-31,58,38,
1896-11-01,69,37,
1896-11-02,71,48,
1896-11-03,68,42,
1896-11-04,60,40,
1896-11-05,42,18,
1896-11-06,54,15,
1896-11-07,49,29,
1896-11-08,33,25,
1896-11-09,39,19,
1896-11-10,50,30,
1896-11-11,51,30,
1896-11-12,44,26,
1896-11-13,37,17,
1896-11-14,58,28,
1896-11-15,65,38,
1896-11-16,72,51,
1896-11-17,74,56,
1896-11-18,70,37,
1896-11-19,40,27,
1896-11-20,36,28,
1896-11-21,43,31,
1896-11-22,42,25,
1896-11-23,53,31,
1896-11-24,56,43,
1896-11-25,60,55,
1896-11-26,63,55,
1896-11-27,55,18,
1896-11-28,20,11,
1896-11-29,22,9,
1896-11-30,20,9,
1896-12-01,25,8,
1896-12-02,28,14,
1896-12-03,38,12,
1896-12-04,45,29,
1896-12-05,54,36,
1896-12-06,55,32,
1896-12-07,42,31,
1896-12-08,39,31,
1896-12-09,53,27,
1896-12-10,60,32,
1896-12-11,59,27,
1896-12-12,62,36,
1896-12-13,52,28,
1896-12-14,38,31,
1896-12-15,37,31,
1896-12-16,41,28,
1896-12-17,39,28,
1896-12-18,37,27,
1896-12-19,29,22,
1896-12-20,29,20,
1896-12-21,27,22,
1896-12-22,44,24,
1896-12-23,33,23,
1896-12-24,30,13,
1896-12-25,32,13,
1896-12-26,34,24,
1896-12-27,41,27,
1896-12-28,45,23,
1896-12-29,41,37,
1896-12-30,52,38,
1896-12-31,59,42,
1897-01-01,56,41,
1897-01-02,60,54,
1897-01-03,59,31,
1897-01-04,32,15,
1897-01-05,16,10,
1897-01-06,24,3,
1897-01-07,33,15,
1897-01-08,38,18,
1897-01-09,43,28,
1897-01-10,40,21,
1897-01-11,32,21,
1897-01-12,30,14,
1897-01-13,31,24,
1897-01-14,32,24,
1897-01-15,32,23,
1897-01-16,40,31,
1897-01-17,50,28,
1897-01-18,30,11,
1897-01-19,38,18,
1897-01-20,34,31,
1897-01-21,33,22,
1897-01-22,37,11,
1897-01-23,22,7,
1897-01-24,12,-8,
1897-01-25,-2,-15,
1897-01-26,1,-13,
1897-01-27,3,-3,
1897-01-28,7,-7,
1897-01-29,15,-4,
1897-01-30,23,-3,
1897-01-31,31,6,
1897-02-01,33,12,
1897-02-02,37,25,
1897-02-03,36,15,
1897-02-04,32,20,
1897-02-05,35,30,
1897-02-06,36,33,
1897-02-07,34,29,
1897-02-08,30,27,
1897-02-09,27,24,
1897-02-10,34,26,
1897-02-11,36,24,
1897-02-12,35,30,
1897-02-13,50,29,
1897-02-14,38,27,
1897-02-15,36,29,
1897-02-16,47,29,
1897-02-17,52,33,
1897-02-18,36,28,
1897-02-19,44,27,
1897-02-20,59,35,
1897-02-21,44,30,
1897-02-22,38,30,
1897-02-23,30,19,
1897-02-24,41,13,
1897-02-25,33,16,
1897-02-26,23,6,
1897-02-27,25,-2,
1897-02-28,37,22,
1897-03-01,43,30,
1897-03-02,43,31,
1897-03-03,37,22,
1897-03-04,35,20,
1897-03-05,50,33,
1897-03-06,35,29,
1897-03-07,35,26,
1897-03-08,61,32,
1897-03-09,63,38,
1897-03-10,50,27,
1897-03-11,53,28,
1897-03-12,49,21,
1897-03-13,40,23,
1897-03-14,35,21,
1897-03-15,47,20,
1897-03-16,51,25,
1897-03-17,52,38,
1897-03-18,63,50,
1897-03-19,66,55,
1897-03-20,58,36,
1897-03-21,63,30,
1897-03-22,52,37,
1897-03-23,45,33,
1897-03-24,35,29,
1897-03-25,40,28,
1897-03-26,44,24,
1897-03-27,45,22,
1897-03-28,52,26,
1897-03-29,57,34,
1897-03-30,56,46,
1897-03-31,63,50,
1897-04-01,50,39,
1897-04-02,56,44,
1897-04-03,59,47,
1897-04-04,62,48,
1897-04-05,49,42,
1897-04-06,45,38,
1897-04-07,52,31,
1897-04-08,45,38,
1897-04-09,49,34,
1897-04-10,45,30,
1897-04-11,50,32,
1897-04-12,60,41,
1897-04-13,55,42,
1897-04-14,52,39,
1897-04-15,60,37,
1897-04-16,48,34,
1897-04-17,55,27,
1897-04-18,67,33,
1897-04-19,57,30,
1897-04-20,49,21,
1897-04-21,75,40,
1897-04-22,76,58,
1897-04-23,70,55,
1897-04-24,75,52,
1897-04-25,65,52,
1897-04-26,70,45,
1897-04-27,67,39,
1897-04-28,79,46,
1897-04-29,67,43,
1897-04-30,44,38,
1897-05-01,46,31,
1897-05-02,42,36,
1897-05-03,49,40,
1897-05-04,70,39,
1897-05-05,77,41,
1897-05-06,82,51,
1897-05-07,83,52,
1897-05-08,83,55,
1897-05-09,77,55,
1897-05-10,75,49,
1897-05-11,69,49,
1897-05-12,69,50,
1897-05-13,67,46,
1897-05-14,57,40,
1897-05-15,59,41,
1897-05-16,65,38,
1897-05-17,71,51,
1897-05-18,77,50,
1897-05-19,82,55,
1897-05-20,81,61,
1897-05-21,62,42,
1897-05-22,78,40,
1897-05-23,72,51,
1897-05-24,60,43,
1897-05-25,74,37,
1897-05-26,71,41,
1897-05-27,67,50,
1897-05-28,64,49,
1897-05-29,70,37,
1897-05-30,62,50,
1897-05-31,68,38,
1897-06-01,71,50,
1897-06-02,75,52,
1897-06-03,70,54,
1897-06-04,68,44,
1897-06-05,75,50,
1897-06-06,75,54,
1897-06-07,67,52,
1897-06-08,70,45,
1897-06-09,72,45,
1897-06-10,82,58,
1897-06-11,90,64,
1897-06-12,87,64,
1897-06-13,91,66,
1897-06-14,93,67,
1897-06-15,92,69,
1897-06-16,91,68,
1897-06-17,91,67,
1897-06-18,82,67,
1897-06-19,85,63,
1897-06-20,75,55,
1897-06-21,75,51,
1897-06-22,74,55,
1897-06-23,82,57,
1897-06-24,74,62,
1897-06-25,78,62,
1897-06-26,74,53,
1897-06-27,72,57,
1897-06-28,84,54,
1897-06-29,89,71,
1897-06-30,84,73,
1897-07-01,87,63,
1897-07-02,87,73,
1897-07-03,92,75,
1897-07-04,92,75,
1897-07-05,87,67,
1897-07-06,91,67,
1897-07-07,95,72,
1897-07-08,98,73,
1897-07-09,96,73,
1897-07-10,96,67,
1897-07-11,79,61,
1897-07-12,72,58,
1897-07-13,72,53,
1897-07-14,80,62,
1897-07-15,79,59,
1897-07-16,70,63,
1897-07-17,84,63,
1897-07-18,84,72,
1897-07-19,88,64,
1897-07-20,79,65,
1897-07-21,84,64,
1897-07-22,89,66,
1897-07-23,92,67,
1897-07-24,85,68,
1897-07-25,82,71,
1897-07-26,83,71,
1897-07-27,83,62,
1897-07-28,84,63,
1897-07-29,86,58,
1897-07-30,88,62,
1897-07-31,93,68,
1897-08-01,96,74,
1897-08-02,96,71,
1897-08-03,97,70,
1897-08-04,84,67,
1897-08-05,83,63,
1897-08-06,78,61,
1897-08-07,83,56,
1897-08-08,88,55,
1897-08-09,88,58,
1897-08-10,80,57,
1897-08-11,79,58,
1897-08-12,83,52,
1897-08-13,84,53,
1897-08-14,81,60,
1897-08-15,84,62,
1897-08-16,73,61,
1897-08-17,75,52,
1897-08-18,79,55,
1897-08-19,72,56,
1897-08-20,74,42,
1897-08-21,82,48,
1897-08-22,70,58,
1897-08-23,81,52,
1897-08-24,82,58,
1897-08-25,81,48,
1897-08-26,91,52,
1897-08-27,85,57,
1897-08-28,95,55,
1897-08-29,95,65,
1897-08-30,81,57,
1897-08-31,86,49,
1897-09-01,90,57,
1897-09-02,82,63,
1897-09-03,85,61,
1897-09-04,87,54,
1897-09-05,91,58,
1897-09-06,91,54,
1897-09-07,94,54,
1897-09-08,95,66,
1897-09-09,95,62,
1897-09-10,95,62,
1897-09-11,96,62,
1897-09-12,98,61,
1897-09-13,98,65,
1897-09-14,94,66,
1897-09-15,96,67,
1897-09-16,90,69,
1897-09-17,75,55,
1897-09-18,78,42,
1897-09-19,70,44,
1897-09-20,62,36,
1897-09-21,73,32,
1897-09-22,83,36,
1897-09-23,84,46,
1897-09-24,87,52,
1897-09-25,89,50,
1897-09-26,94,56,
1897-09-27,78,50,
1897-09-28,81,44,
1897-09-29,86,39,
1897-09-30,90,46,
1897-10-01,92,53,
1897-10-02,91,50,
1897-10-03,88,50,
1897-10-04,90,48,
1897-10-05,90,51,
1897-10-06,78,45,
1897-10-07,71,45,
1897-10-08,87,44,
1897-10-09,67,43,
1897-10-10,80,42,
1897-10-11,68,57,
1897-10-12,69,45,
1897-10-13,81,43,
1897-10-14,89,45,
1897-10-15,89,63,
1897-10-16,82,55,
1897-10-17,65,46,
1897-10-18,73,42,
1897-10-19,72,52,
1897-10-20,63,38,
1897-10-21,61,34,
1897-10-22,63,37,
1897-10-23,67,34,
1897-10-24,73,33,
1897-10-25,74,32,
1897-10-26,78,38,
1897-10-27,77,34,
1897-10-28,66,41,
1897-10-29,56,33,
1897-10-30,68,32,
1897-10-31,59,40,
1897-11-01,52,46,
1897-11-02,56,44,
1897-11-03,62,29,
1897-11-04,67,33,
1897-11-05,56,40,
1897-11-06,50,27,
1897-11-07,50,40,
1897-11-08,53,47,
1897-11-09,50,38,
1897-11-10,55,32,
1897-11-11,44,32,
1897-11-12,43,23,
1897-11-13,50,29,
1897-11-14,63,49,
1897-11-15,63,43,
1897-11-16,43,29,
1897-11-17,42,22,
1897-11-18,47,24,
1897-11-19,49,32,
1897-11-20,69,39,
1897-11-21,56,46,
1897-11-22,46,32,
1897-11-23,32,19,
1897-11-24,40,15,
1897-11-25,46,36,
1897-11-26,57,28,
1897-11-27,33,20,
1897-11-28,42,20,
1897-11-29,33,13,
1897-11-30,31,11,
1897-12-01,31,24,
1897-12-02,30,17,
1897-12-03,36,26,
1897-12-04,30,20,
1897-12-05,30,19,
1897-12-06,37,17,
1897-12-07,36,21,
1897-12-08,53,26,
1897-12-09,58,30,
1897-12-10,59,40,
1897-12-11,40,32,
1897-12-12,36,30,
1897-12-13,40,33,
1897-12-14,41,35,
1897-12-15,36,30,
1897-12-16,33,17,
1897-12-17,19,5,
1897-12-18,14,1,
1897-12-19,28,5,
1897-12-20,30,21,
1897-12-21,27,18,
1897-12-22,19,9,
1897-12-23,18,6,
1897-12-24,23,2,
1897-12-25,38,17,
1897-12-26,32,14,
1897-12-27,31,17,
1897-12-28,42,26,
1897-12-29,37,16,
1897-12-30,38,24,
1897-12-31,34,17,
1898-01-01,18,10,
1898-01-02,26,5,
1898-01-03,34,13,
1898-01-04,39,26,
1898-01-05,42,18,
1898-01-06,41,28,
1898-01-07,43,24,
1898-01-08,40,32,
1898-01-09,40,34,
1898-01-10,36,33,
1898-01-11,46,34,
1898-01-12,62,40,
1898-01-13,40,30,
1898-01-14,35,26,
1898-01-15,32,31,
1898-01-16,33,22,
1898-01-17,40,27,
1898-01-18,42,27,
1898-01-19,37,30,
1898-01-20,47,32,
1898-01-21,46,34,
1898-01-22,36,32,
1898-01-23,33,25,
1898-01-24,39,18,
1898-01-25,45,30,
1898-01-26,30,22,
1898-01-27,36,18,
1898-01-28,39,25,
1898-01-29,29,15,
1898-01-30,32,24,
1898-01-31,32,14,
1898-02-01,15,0,
1898-02-02,14,-4,
1898-02-03,26,-6,
1898-02-04,41,16,
1898-02-05,32,27,
1898-02-06,39,12,
1898-02-07,48,17,
1898-02-08,47,33,
1898-02-09,56,38,
1898-02-10,65,36,
1898-02-11,47,40,
1898-02-12,47,30,
1898-02-13,52,25,
1898-02-14,40,24,
1898-02-15,34,27,
1898-02-16,35,20,
1898-02-17,57,24,
1898-02-18,46,32,
1898-02-19,43,31,
1898-02-20,36,23,
1898-02-21,25,20,
1898-02-22,30,18,
1898-02-23,33,25,
1898-02-24,29,19,
1898-02-25,31,12,
1898-02-26,35,13,
1898-02-27,34,26,
1898-02-28,32,24,
1898-03-01,34,31,
1898-03-02,36,24,
1898-03-03,34,15,
1898-03-04,35,24,
1898-03-05,40,20,
1898-03-06,52,28,
1898-03-07,58,29,
1898-03-08,64,33,
1898-03-09,65,40,
1898-03-10,49,44,
1898-03-11,56,46,
1898-03-12,46,38,
1898-03-13,47,32,
1898-03-14,58,30,
1898-03-15,67,44,
1898-03-16,69,36,
1898-03-17,58,34,
1898-03-18,60,42,
1898-03-19,69,49,
1898-03-20,54,39,
1898-03-21,56,50,
1898-03-22,64,43,
1898-03-23,43,31,
1898-03-24,46,27,
1898-03-25,55,29,
1898-03-26,69,44,
1898-03-27,64,48,
1898-03-28,48,28,
1898-03-29,46,27,
1898-03-30,42,32,
1898-03-31,46,25,
1898-04-01,50,34,
1898-04-02,52,32,
1898-04-03,53,27,
1898-04-04,45,33,
1898-04-05,36,22,
1898-04-06,47,25,
1898-04-07,57,31,
1898-04-08,58,32,
1898-04-09,63,38,
1898-04-10,57,39,
1898-04-11,65,33,
1898-04-12,66,35,
1898-04-13,49,43,
1898-04-14,61,38,
1898-04-15,67,39,
1898-04-16,75,42,
1898-04-17,79,51,
1898-04-18,59,48,
1898-04-19,50,41,
1898-04-20,55,38,
1898-04-21,62,34,
1898-04-22,64,40,
1898-04-23,62,45,
1898-04-24,57,42,
1898-04-25,60,39,
1898-04-26,62,43,
1898-04-27,64,34,
1898-04-28,60,48,
1898-04-29,72,41,
1898-04-30,66,48,
1898-05-01,76,52,
1898-05-02,74,54,
1898-05-03,58,48,
1898-05-04,51,39,
1898-05-05,47,38,
1898-05-06,49,39,
1898-05-07,65,39,
1898-05-08,76,45,
1898-05-09,76,47,
1898-05-10,70,53,
1898-05-11,77,48,
1898-05-12,67,47,
1898-05-13,74,41,
1898-05-14,61,55,
1898-05-15,72,53,
1898-05-16,70,55,
1898-05-17,70,44,
1898-05-18,82,47,
1898-05-19,81,58,
1898-05-20,73,58,
1898-05-21,76,59,
1898-05-22,74,56,
1898-05-23,79,53,
1898-05-24,80,59,
1898-05-25,74,54,
1898-05-26,76,44,
1898-05-27,78,54,
1898-05-28,70,61,
1898-05-29,72,54,
1898-05-30,68,51,
1898-05-31,74,43,
1898-06-01,83,59,
1898-06-02,87,59,
1898-06-03,88,61,
1898-06-04,87,60,
1898-06-05,86,61,
1898-06-06,87,64,
1898-06-07,89,65,
1898-06-08,84,64,
1898-06-09,84,67,
1898-06-10,83,66,
1898-06-11,79,65,
1898-06-12,82,64,
1898-06-13,80,66,
1898-06-14,84,65,
1898-06-15,73,58,
1898-06-16,75,60,
1898-06-17,80,60,
1898-06-18,87,59,
1898-06-19,74,58,
1898-06-20,81,59,
1898-06-21,74,58,
1898-06-22,80,59,
1898-06-23,84,59,
1898-06-24,87,68,
1898-06-25,89,69,
1898-06-26,82,62,
1898-06-27,83,67,
1898-06-28,78,55,
1898-06-29,89,62,
1898-06-30,90,72,
1898-07-01,92,68,
1898-07-02,93,68,
1898-07-03,91,70,
1898-07-04,81,59,
1898-07-05,83,55,
1898-07-06,83,57,
1898-07-07,86,60,
1898-07-08,83,70,
1898-07-09,86,62,
1898-07-10,76,53,
1898-07-11,79,47,
1898-07-12,82,58,
1898-07-13,85,59,
1898-07-14,90,67,
1898-07-15,91,69,
1898-07-16,92,68,
1898-07-17,89,69,
1898-07-18,83,71,
1898-07-19,93,70,
1898-07-20,86,65,
1898-07-21,84,59,
1898-07-22,92,59,
1898-07-23,96,64,
1898-07-24,94,65,
1898-07-25,92,70,
1898-07-26,92,62,
1898-07-27,91,64,
1898-07-28,88,66,
1898-07-29,89,67,
1898-07-30,84,61,
1898-07-31,80,62,
1898-08-01,82,63,
1898-08-02,85,60,
1898-08-03,75,67,
1898-08-04,78,60,
1898-08-05,80,53,
1898-08-06,84,57,
1898-08-07,87,64,
1898-08-08,83,69,
1898-08-09,78,57,
1898-08-10,81,56,
1898-08-11,82,64,
1898-08-12,82,59,
1898-08-13,73,55,
1898-08-14,72,57,
1898-08-15,88,59,
1898-08-16,82,65,
1898-08-17,84,67,
1898-08-18,78,63,
1898-08-19,79,55,
1898-08-20,84,57,
1898-08-21,90,63,
1898-08-22,93,68,
1898-08-23,94,72,
1898-08-24,84,70,
1898-08-25,84,65,
1898-08-26,90,63,
1898-08-27,80,62,
1898-08-28,86,56,
1898-08-29,93,67,
1898-08-30,93,70,
1898-08-31,92,65,
1898-09-01,93,68,
1898-09-02,94,67,
1898-09-03,93,72,
1898-09-04,88,69,
1898-09-05,83,65,
1898-09-06,72,61,
1898-09-07,68,48,
1898-09-08,77,45,
1898-09-09,71,46,
1898-09-10,69,47,
1898-09-11,72,45,
1898-09-12,76,48,
1898-09-13,65,58,
1898-09-14,76,57,
1898-09-15,75,55,
1898-09-16,74,56,
1898-09-17,79,57,
1898-09-18,84,60,
1898-09-19,85,58,
1898-09-20,79,55,
1898-09-21,80,54,
1898-09-22,75,64,
1898-09-23,79,62,
1898-09-24,82,62,
1898-09-25,79,60,
1898-09-26,87,63,
1898-09-27,77,57,
1898-09-28,86,55,
1898-09-29,87,61,
1898-09-30,75,65,
1898-10-01,71,58,
1898-10-02,81,57,
1898-10-03,86,60,
1898-10-04,85,66,
1898-10-05,70,58,
1898-10-06,64,50,
1898-10-07,75,58,
1898-10-08,69,55,
1898-10-09,72,46,
1898-10-10,78,55,
1898-10-11,65,55,
1898-10-12,63,40,
1898-10-13,46,40,
1898-10-14,52,38,
1898-10-15,66,39,
1898-10-16,70,46,
1898-10-17,58,41,
1898-10-18,44,37,
1898-10-19,46,37,
1898-10-20,44,36,
1898-10-21,40,35,
1898-10-22,42,37,
1898-10-23,57,37,
1898-10-24,69,48,
1898-10-25,52,35,
1898-10-26,38,31,
1898-10-27,45,26,
1898-10-28,57,35,
1898-10-29,58,39,
1898-10-30,48,35,
1898-10-31,49,33,
1898-11-01,62,39,
1898-11-02,61,35,
1898-11-03,65,44,
1898-11-04,68,49,
1898-11-05,57,45,
1898-11-06,47,33,
1898-11-07,58,32,
1898-11-08,56,43,
1898-11-09,43,36,
1898-11-10,43,32,
1898-11-11,44,26,
1898-11-12,46,27,
1898-11-13,45,38,
1898-11-14,44,31,
1898-11-15,49,26,
1898-11-16,50,27,
1898-11-17,52,35,
1898-11-18,52,34,
1898-11-19,47,37,
1898-11-20,55,34,
1898-11-21,64,39,
1898-11-22,51,13,
1898-11-23,26,10,
1898-11-24,29,9,
1898-11-25,33,15,
1898-11-26,16,0,
1898-11-27,28,3,
1898-11-28,34,25,
1898-11-29,35,32,
1898-11-30,32,12,
1898-12-01,40,18,
1898-12-02,45,29,
1898-12-03,36,28,
1898-12-04,29,18,
1898-12-05,34,11,
1898-12-06,32,23,
1898-12-07,26,15,
1898-12-08,25,6,
1898-12-09,19,2,
1898-12-10,29,4,
1898-12-11,42,18,
1898-12-12,39,16,
1898-12-13,19,3,
1898-12-14,28,-2,
1898-12-15,39,17,
1898-12-16,46,31,
1898-12-17,40,30,
1898-12-18,36,28,
1898-12-19,40,32,
1898-12-20,37,34,
1898-12-21,39,35,
1898-12-22,36,29,
1898-12-23,37,26,
1898-12-24,33,22,
1898-12-25,29,19,
1898-12-26,35,12,
1898-12-27,35,24,
1898-12-28,36,15,
1898-12-29,55,35,
1898-12-30,37,10,
1898-12-31,16,6,
1899-01-01,23,0,
1899-01-02,36,15,
1899-01-03,48,29,
1899-01-04,53,33,
1899-01-05,33,12,
1899-01-06,23,9,
1899-01-07,22,4,
1899-01-08,38,12,
1899-01-09,35,28,
1899-01-10,30,17,
1899-01-11,33,12,
1899-01-12,40,27,
1899-01-13,43,38,
1899-01-14,43,33,
1899-01-15,48,32,
1899-01-16,47,33,
1899-01-17,40,28,
1899-01-18,28,22,
1899-01-19,30,11,
1899-01-20,42,25,
1899-01-21,48,27,
1899-01-22,43,24,
1899-01-23,53,32,
1899-01-24,34,25,
1899-01-25,43,17,
1899-01-26,34,16,
1899-01-27,24,2,
1899-01-28,26,8,
1899-01-29,8,-12,
1899-01-30,12,-6,
1899-01-31,6,-14,
1899-02-01,23,-8,
1899-02-02,30,13,
1899-02-03,29,14,
1899-02-04,16,6,
1899-02-05,15,7,
1899-02-06,18,8,
1899-02-07,13,-3,
1899-02-08,2,-12,
1899-02-09,-7,-25,
1899-02-10,3,-19,
1899-02-11,5,-6,
1899-02-12,-5,-20,
1899-02-13,12,-18,
1899-02-14,26,2,
1899-02-15,41,14,
1899-02-16,47,13,
1899-02-17,47,30,
1899-02-18,46,27,
1899-02-19,47,28,
1899-02-20,58,33,
1899-02-21,47,36,
1899-02-22,38,30,
1899-02-23,30,21,
1899-02-24,28,0,
1899-02-25,36,24,
1899-02-26,49,29,
1899-02-27,29,14,
1899-02-28,40,24,
1899-03-01,37,22,
1899-03-02,47,33,
1899-03-03,44,33,
1899-03-04,34,28,
1899-03-05,32,19,
1899-03-06,19,4,
1899-03-07,18,-2,
1899-03-08,34,10,
1899-03-09,50,32,
1899-03-10,61,37,
1899-03-11,65,36,
1899-03-12,36,26,
1899-03-13,38,22,
1899-03-14,53,29,
1899-03-15,42,31,
1899-03-16,38,30,
1899-03-17,53,27,
1899-03-18,48,32,
1899-03-19,39,25,
1899-03-20,36,21,
1899-03-21,48,31,
1899-03-22,34,28,
1899-03-23,35,17,
1899-03-24,45,25,
1899-03-25,59,34,
1899-03-26,39,30,
1899-03-27,37,30,
1899-03-28,30,21,
1899-03-29,43,19,
1899-03-30,34,30,
1899-03-31,32,19,
1899-04-01,28,20,
1899-04-02,34,15,
1899-04-03,35,25,
1899-04-04,41,26,
1899-04-05,48,25,
1899-04-06,48,36,
1899-04-07,49,32,
1899-04-08,46,32,
1899-04-09,55,31,
1899-04-10,62,34,
1899-04-11,72,47,
1899-04-12,78,48,
1899-04-13,81,52,
1899-04-14,65,50,
1899-04-15,54,36,
1899-04-16,58,32,
1899-04-17,69,38,
1899-04-18,70,35,
1899-04-19,71,36,
1899-04-20,68,51,
1899-04-21,75,51,
1899-04-22,76,50,
1899-04-23,73,58,
1899-04-24,63,54,
1899-04-25,75,50,
1899-04-26,81,49,
1899-04-27,83,62,
1899-04-28,86,56,
1899-04-29,90,61,
1899-04-30,86,63,
1899-05-01,86,67,
1899-05-02,84,63,
1899-05-03,85,60,
1899-05-04,71,49,
1899-05-05,74,42,
1899-05-06,68,54,
1899-05-07,68,55,
1899-05-08,63,54,
1899-05-09,74,49,
1899-05-10,71,45,
1899-05-11,75,47,
1899-05-12,67,52,
1899-05-13,65,49,
1899-05-14,64,50,
1899-05-15,79,46,
1899-05-16,85,69,
1899-05-17,77,68,
1899-05-18,68,47,
1899-05-19,61,45,
1899-05-20,58,45,
1899-05-21,62,44,
1899-05-22,63,51,
1899-05-23,69,44,
1899-05-24,76,45,
1899-05-25,80,50,
1899-05-26,69,55,
1899-05-27,80,63,
1899-05-28,82,66,
1899-05-29,71,61,
1899-05-30,77,50,
1899-05-31,79,59,
1899-06-01,81,59,
1899-06-02,83,60,
1899-06-03,90,69,
1899-06-04,92,71,
1899-06-05,92,71,
1899-06-06,93,70,
1899-06-07,88,69,
1899-06-08,72,65,
1899-06-09,75,60,
1899-06-10,76,57,
1899-06-11,82,55,
1899-06-12,84,64,
1899-06-13,84,67,
1899-06-14,83,68,
1899-06-15,75,65,
1899-06-16,72,56,
1899-06-17,77,61,
1899-06-18,85,57,
1899-06-19,93,61,
1899-06-20,91,69,
1899-06-21,89,61,
1899-06-22,91,59,
1899-06-23,88,71,
1899-06-24,78,66,
1899-06-25,81,65,
1899-06-26,85,62,
1899-06-27,84,65,
1899-06-28,82,68,
1899-06-29,75,56,
1899-06-30,81,50,
1899-07-01,85,56,
1899-07-02,91,60,
1899-07-03,92,70,
1899-07-04,80,65,
1899-07-05,81,65,
1899-07-06,83,63,
1899-07-07,81,62,
1899-07-08,76,58,
1899-07-09,82,51,
1899-07-10,85,56,
1899-07-11,87,62,
1899-07-12,94,66,
1899-07-13,90,70,
1899-07-14,88,71,
1899-07-15,83,60,
1899-07-16,82,68,
1899-07-17,81,66,
1899-07-18,83,56,
1899-07-19,88,61,
1899-07-20,89,62,
1899-07-21,90,59,
1899-07-22,89,69,
1899-07-23,91,68,
1899-07-24,87,67,
1899-07-25,86,71,
1899-07-26,88,62,
1899-07-27,91,64,
1899-07-28,88,66,
1899-07-29,83,61,
1899-07-30,81,51,
1899-07-31,83,51,
1899-08-01,88,61,
1899-08-02,96,71,
1899-08-03,96,71,
1899-08-04,94,68,
1899-08-05,79,66,
1899-08-06,78,63,
1899-08-07,83,57,
1899-08-08,84,60,
1899-08-09,87,62,
1899-08-10,83,68,
1899-08-11,93,64,
1899-08-12,89,66,
1899-08-13,77,60,
1899-08-14,78,62,
1899-08-15,83,56,
1899-08-16,88,53,
1899-08-17,91,53,
1899-08-18,94,59,
1899-08-19,95,63,
1899-08-20,88,67,
1899-08-21,92,59,
1899-08-22,89,56,
1899-08-23,94,61,
1899-08-24,93,60,
1899-08-25,93,66,
1899-08-26,94,60,
1899-08-27,96,66,
1899-08-28,92,62,
1899-08-29,89,60,
1899-08-30,89,62,
1899-08-31,90,66,
1899-09-01,94,68,
1899-09-02,96,66,
1899-09-03,96,66,
1899-09-04,96,56,
1899-09-05,102,66,
1899-09-06,95,72,
1899-09-07,100,65,
1899-09-08,77,62,
1899-09-09,76,52,
1899-09-10,70,55,
1899-09-11,87,55,
1899-09-12,87,52,
1899-09-13,75,46,
1899-09-14,72,40,
1899-09-15,82,43,
1899-09-16,92,62,
1899-09-17,86,59,
1899-09-18,69,57,
1899-09-19,66,47,
1899-09-20,67,44,
1899-09-21,75,39,
1899-09-22,75,50,
1899-09-23,81,47,
1899-09-24,82,47,
1899-09-25,65,44,
1899-09-26,58,40,
1899-09-27,71,31,
1899-09-28,63,46,
1899-09-29,50,27,
1899-09-30,58,24,
1899-10-01,52,33,
1899-10-02,77,44,
1899-10-03,83,44,
1899-10-04,74,46,
1899-10-05,70,45,
1899-10-06,74,36,
1899-10-07,72,40,
1899-10-08,78,37,
1899-10-09,77,38,
1899-10-10,76,52,
1899-10-11,69,57,
1899-10-12,78,60,
1899-10-13,86,60,
1899-10-14,91,63,
1899-10-15,89,59,
1899-10-16,83,51,
1899-10-17,60,44,
1899-10-18,67,37,
1899-10-19,68,47,
1899-10-20,57,43,
1899-10-21,62,36,
1899-10-22,80,41,
1899-10-23,89,53,
1899-10-24,80,45,
1899-10-25,77,50,
1899-10-26,72,50,
1899-10-27,58,50,
1899-10-28,52,47,
1899-10-29,56,32,
1899-10-30,61,29,
1899-10-31,64,33,
1899-11-01,44,33,
1899-11-02,36,30,
1899-11-03,35,30,
1899-11-04,45,17,
1899-11-05,53,29,
1899-11-06,55,28,
1899-11-07,53,31,
1899-11-08,61,33,
1899-11-09,64,34,
1899-11-10,69,38,
1899-11-11,49,36,
1899-11-12,47,27,
1899-11-13,54,29,
1899-11-14,58,46,
1899-11-15,55,40,
1899-11-16,65,38,
1899-11-17,58,46,
1899-11-18,60,47,
1899-11-19,56,36,
1899-11-20,62,40,
1899-11-21,55,48,
1899-11-22,56,49,
1899-11-23,49,39,
1899-11-24,39,37,
1899-11-25,44,30,
1899-11-26,50,30,
1899-11-27,49,26,
1899-11-28,52,28,
1899-11-29,52,27,
1899-11-30,61,38,
1899-12-01,49,37,
1899-12-02,43,34,
1899-12-03,41,28,
1899-12-04,30,16,
1899-12-05,33,8,
1899-12-06,44,19,
1899-12-07,48,30,
1899-12-08,48,22,
1899-12-09,46,30,
1899-12-10,56,42,
1899-12-11,60,39,
1899-12-12,43,11,
1899-12-13,26,10,
1899-12-14,26,18,
1899-12-15,22,6,
1899-12-16,24,4,
1899-12-17,42,14,
1899-12-18,50,32,
1899-12-19,43,22,
1899-12-20,41,19,
1899-12-21,48,24,
1899-12-22,48,24,
1899-12-23,39,31,
1899-12-24,34,21,
1899-12-25,22,12,
1899-12-26,25,6,
1899-12-27,23,14,
1899-12-28,24,8,
1899-12-29,16,5,
1899-12-30,11,-2,
1899-12-31,14,-6,
1900-01-01,22,2,
1900-01-02,33,9,
1900-01-03,32,7,
1900-01-04,43,15,
1900-01-05,41,31,
1900-01-06,41,33,
1900-01-07,52,35,
1900-01-08,43,21,
1900-01-09,53,28,
1900-01-10,45,31,
1900-01-11,37,30,
1900-01-12,33,30,
1900-01-13,38,28,
1900-01-14,44,33,
1900-01-15,58,31,
1900-01-16,45,32,
1900-01-17,53,32,
1900-01-18,50,35,
1900-01-19,41,34,
1900-01-20,43,29,
1900-01-21,45,25,
1900-01-22,49,26,
1900-01-23,52,32,
1900-01-24,61,23,
1900-01-25,47,15,
1900-01-26,22,7,
1900-01-27,41,16,
1900-01-28,30,1,
1900-01-29,21,-1,
1900-01-30,21,3,
1900-01-31,7,-5,
1900-02-01,22,-6,
1900-02-02,28,10,
1900-02-03,43,13,
1900-02-04,45,21,
1900-02-05,35,14,
1900-02-06,38,29,
1900-02-07,53,34,
1900-02-08,63,13,
1900-02-09,24,7,
1900-02-10,42,18,
1900-02-11,45,25,
1900-02-12,45,31,
1900-02-13,33,13,
1900-02-14,27,10,
1900-02-15,26,6,
1900-02-16,9,-1,
1900-02-17,14,-5,
1900-02-18,20,5,
1900-02-19,32,6,
1900-02-20,43,23,
1900-02-21,39,32,
1900-02-22,32,26,
1900-02-23,40,18,
1900-02-24,31,-2,
1900-02-25,12,-5,
1900-02-26,21,9,
1900-02-27,26,11,
1900-02-28,24,19,
1900-03-01,30,22,
1900-03-02,32,22,
1900-03-03,33,16,
1900-03-04,42,26,
1900-03-05,45,20,
1900-03-06,50,22,
1900-03-07,32,17,
1900-03-08,47,22,
1900-03-09,49,31,
1900-03-10,54,28,
1900-03-11,61,30,
1900-03-12,48,24,
1900-03-13,46,34,
1900-03-14,35,26,
1900-03-15,28,16,
1900-03-16,16,2,
1900-03-17,33,0,
1900-03-18,46,25,
1900-03-19,49,32,
1900-03-20,34,19,
1900-03-21,36,18,
1900-03-22,59,20,
1900-03-23,59,33,
1900-03-24,49,30,
1900-03-25,45,33,
1900-03-26,40,33,
1900-03-27,48,26,
1900-03-28,40,30,
1900-03-29,38,31,
1900-03-30,40,30,
1900-03-31,50,28,
1900-04-01,53,28,
1900-04-02,55,33,
1900-04-03,57,37,
1900-04-04,49,28,
1900-04-05,62,26,
1900-04-06,73,36,
1900-04-07,79,44,
1900-04-08,76,46,
1900-04-09,53,34,
1900-04-10,45,26,
1900-04-11,34,27,
1900-04-12,35,26,
1900-04-13,43,32,
1900-04-14,62,28,
1900-04-15,63,44,
1900-04-16,65,49,
1900-04-17,67,55,
1900-04-18,58,48,
1900-04-19,76,40,
1900-04-20,67,46,
1900-04-21,60,52,
1900-04-22,62,50,
1900-04-23,66,47,
1900-04-24,74,55,
1900-04-25,75,45,
1900-04-26,76,45,
1900-04-27,76,47,
1900-04-28,79,42,
1900-04-29,83,58,
1900-04-30,70,48,
1900-05-01,80,43,
1900-05-02,78,47,
1900-05-03,56,35,
1900-05-04,60,40,
1900-05-05,71,38,
1900-05-06,67,51,
1900-05-07,78,56,
1900-05-08,73,58,
1900-05-09,60,43,
1900-05-10,66,33,
1900-05-11,80,41,
1900-05-12,84,56,
1900-05-13,86,55,
1900-05-14,88,65,
1900-05-15,88,60,
1900-05-16,89,61,
1900-05-17,70,50,
1900-05-18,55,47,
1900-05-19,54,45,
1900-05-20,69,40,
1900-05-21,71,49,
1900-05-22,76,43,
1900-05-23,80,56,
1900-05-24,80,56,
1900-05-25,84,52,
1900-05-26,86,58,
1900-05-27,87,62,
1900-05-28,79,62,
1900-05-29,85,63,
1900-05-30,82,62,
1900-05-31,74,66,
1900-06-01,81,64,
1900-06-02,70,55,
1900-06-03,67,47,
1900-06-04,73,50,
1900-06-05,82,55,
1900-06-06,80,70,
1900-06-07,81,64,
1900-06-08,78,61,
1900-06-09,78,50,
1900-06-10,87,54,
1900-06-11,78,60,
1900-06-12,84,53,
1900-06-13,85,64,
1900-06-14,79,62,
1900-06-15,76,57,
1900-06-16,77,60,
1900-06-17,81,58,
1900-06-18,81,56,
1900-06-19,80,52,
1900-06-20,84,54,
1900-06-21,72,58,
1900-06-22,68,61,
1900-06-23,81,62,
1900-06-24,81,65,
1900-06-25,75,69,
1900-06-26,84,65,
1900-06-27,89,68,
1900-06-28,90,67,
1900-06-29,90,62,
1900-06-30,74,57,
1900-07-01,85,62,
1900-07-02,91,72,
1900-07-03,92,73,
1900-07-04,93,74,
1900-07-05,91,75,
1900-07-06,90,74,
1900-07-07,93,67,
1900-07-08,75,61,
1900-07-09,83,51,
1900-07-10,84,57,
1900-07-11,89,65,
1900-07-12,82,55,
1900-07-13,85,56,
1900-07-14,92,63,
1900-07-15,92,70,
1900-07-16,86,70,
1900-07-17,78,66,
1900-07-18,78,60,
1900-07-19,88,61,
1900-07-20,87,63,
1900-07-21,80,55,
1900-07-22,87,64,
1900-07-23,90,66,
1900-07-24,87,71,
1900-07-25,80,66,
1900-07-26,79,59,
1900-07-27,77,52,
1900-07-28,85,53,
1900-07-29,84,70,
1900-07-30,86,60,
1900-07-31,90,63,
1900-08-01,76,63,
1900-08-02,91,64,
1900-08-03,94,69,
1900-08-04,94,71,
1900-08-05,94,70,
1900-08-06,93,68,
1900-08-07,92,69,
1900-08-08,92,66,
1900-08-09,93,66,
1900-08-10,94,68,
1900-08-11,92,70,
1900-08-12,81,69,
1900-08-13,86,65,
1900-08-14,82,66,
1900-08-15,85,68,
1900-08-16,82,66,
1900-08-17,90,69,
1900-08-18,95,73,
1900-08-19,92,73,
1900-08-20,92,75,
1900-08-21,94,71,
1900-08-22,88,70,
1900-08-23,89,71,
1900-08-24,88,69,
1900-08-25,88,66,
1900-08-26,82,66,
1900-08-27,86,64,
1900-08-28,85,68,
1900-08-29,85,65,
1900-08-30,88,64,
1900-08-31,89,64,
1900-09-01,86,67,
1900-09-02,88,69,
1900-09-03,80,63,
1900-09-04,86,59,
1900-09-05,91,65,
1900-09-06,90,70,
1900-09-07,81,60,
1900-09-08,89,60,
1900-09-09,92,63,
1900-09-10,93,68,
1900-09-11,89,60,
1900-09-12,79,54,
1900-09-13,80,51,
1900-09-14,85,51,
1900-09-15,89,58,
1900-09-16,71,48,
1900-09-17,64,39,
1900-09-18,65,34,
1900-09-19,66,51,
1900-09-20,81,59,
1900-09-21,73,50,
1900-09-22,71,49,
1900-09-23,79,55,
1900-09-24,81,60,
1900-09-25,91,69,
1900-09-26,83,67,
1900-09-27,67,52,
1900-09-28,68,56,
1900-09-29,68,50,
1900-09-30,73,42,
1900-10-01,77,44,
1900-10-02,83,51,
1900-10-03,87,57,
1900-10-04,88,58,
1900-10-05,88,68,
1900-10-06,76,66,
1900-10-07,71,49,
1900-10-08,58,41,
1900-10-09,64,35,
1900-10-10,65,38,
1900-10-11,68,39,
1900-10-12,66,48,
1900-10-13,74,44,
1900-10-14,74,45,
1900-10-15,79,43,
1900-10-16,59,43,
1900-10-17,63,32,
1900-10-18,69,35,
1900-10-19,76,41,
1900-10-20,73,42,
1900-10-21,73,45,
1900-10-22,69,52,
1900-10-23,67,51,
1900-10-24,71,42,
1900-10-25,77,49,
1900-10-26,79,56,
1900-10-27,79,54,
1900-10-28,76,54,
1900-10-29,76,60,
1900-10-30,77,60,
1900-10-31,77,59,
1900-11-01,62,39,
1900-11-02,60,33,
1900-11-03,64,33,
1900-11-04,74,42,
1900-11-05,59,35,
1900-11-06,57,32,
1900-11-07,46,35,
1900-11-08,42,23,
1900-11-09,42,21,
1900-11-10,49,33,
1900-11-11,41,29,
1900-11-12,49,25,
1900-11-13,40,23,
1900-11-14,33,12,
1900-11-15,30,17,
1900-11-16,32,13,
1900-11-17,52,32,
1900-11-18,58,47,
1900-11-19,66,55,
1900-11-20,65,58,
1900-11-21,61,33,
1900-11-22,71,36,
1900-11-23,43,29,
1900-11-24,39,33,
1900-11-25,39,32,
1900-11-26,45,28,
1900-11-27,54,27,
1900-11-28,38,29,
1900-11-29,36,25,
1900-11-30,51,22,
1900-12-01,41,30,
1900-12-02,58,27,
1900-12-03,40,30,
1900-12-04,38,34,
1900-12-05,40,27,
1900-12-06,43,20,
1900-12-07,39,32,
1900-12-08,40,30,
1900-12-09,34,16,
1900-12-10,31,11,
1900-12-11,31,16,
1900-12-12,41,12,
1900-12-13,35,20,
1900-12-14,34,17,
1900-12-15,31,22,
1900-12-16,41,21,
1900-12-17,49,33,
1900-12-18,50,30,
1900-12-19,48,29,
1900-12-20,48,24,
1900-12-21,48,27,
1900-12-22,53,37,
1900-12-23,47,25,
1900-12-24,37,21,
1900-12-25,23,17,
1900-12-26,31,17,
1900-12-27,34,20,
1900-12-28,33,17,
1900-12-29,33,10,
1900-12-30,36,22,
1900-12-31,31,1,
1901-01-01,16,-7,
1901-01-02,23,-2,
1901-01-03,33,5,
1901-01-04,43,15,
1901-01-05,36,28,
1901-01-06,42,26,
1901-01-07,38,33,
1901-01-08,55,32,
1901-01-09,46,28,
1901-01-10,50,30,
1901-01-11,31,25,
1901-01-12,33,24,
1901-01-13,32,28,
1901-01-14,50,26,
1901-01-15,61,33,
1901-01-16,52,28,
1901-01-17,28,16,
1901-01-18,28,11,
1901-01-19,32,10,
1901-01-20,57,26,
1901-01-21,48,33,
1901-01-22,36,27,
1901-01-23,51,28,
1901-01-24,31,15,
1901-01-25,30,11,
1901-01-26,32,23,
1901-01-27,33,21,
1901-01-28,26,9,
1901-01-29,34,9,
1901-01-30,20,5,
1901-01-31,31,5,
1901-02-01,29,12,
1901-02-02,31,17,
1901-02-03,36,30,
1901-02-04,31,11,
1901-02-05,10,2,
1901-02-06,3,-2,
1901-02-07,28,8,
1901-02-08,32,24,
1901-02-09,34,11,
1901-02-10,26,8,
1901-02-11,34,13,
1901-02-12,21,1,
1901-02-13,32,0,
1901-02-14,34,12,
1901-02-15,47,13,
1901-02-16,30,19,
1901-02-17,47,27,
1901-02-18,40,28,
1901-02-19,28,10,
1901-02-20,20,7,
1901-02-21,25,7,
1901-02-22,20,7,
1901-02-23,19,7,
1901-02-24,35,13,
1901-02-25,40,22,
1901-02-26,23,12,
1901-02-27,31,11,
1901-02-28,38,11,
1901-03-01,38,30,
1901-03-02,45,29,
1901-03-03,57,32,
1901-03-04,40,22,
1901-03-05,23,7,
1901-03-06,31,5,
1901-03-07,50,25,
1901-03-08,52,34,
1901-03-09,49,36,
1901-03-10,48,31,
1901-03-11,42,25,
1901-03-12,58,25,
1901-03-13,51,33,
1901-03-14,35,30,
1901-03-15,32,25,
1901-03-16,44,20,
1901-03-17,60,30,
1901-03-18,70,39,
1901-03-19,59,44,
1901-03-20,50,23,
1901-03-21,33,23,
1901-03-22,53,23,
1901-03-23,60,36,
1901-03-24,62,46,
1901-03-25,60,43,
1901-03-26,44,38,
1901-03-27,40,34,
1901-03-28,40,30,
1901-03-29,42,30,
1901-03-30,45,34,
1901-03-31,40,31,
1901-04-01,48,29,
1901-04-02,42,33,
1901-04-03,54,34,
1901-04-04,58,30,
1901-04-05,57,46,
1901-04-06,48,41,
1901-04-07,53,39,
1901-04-08,52,34,
1901-04-09,61,32,
1901-04-10,62,33,
1901-04-11,61,35,
1901-04-12,52,43,
1901-04-13,58,44,
1901-04-14,62,39,
1901-04-15,65,40,
1901-04-16,59,43,
1901-04-17,59,38,
1901-04-18,46,32,
1901-04-19,48,29,
1901-04-20,50,28,
1901-04-21,51,28,
1901-04-22,44,33,
1901-04-23,54,39,
1901-04-24,65,47,
1901-04-25,69,45,
1901-04-26,74,44,
1901-04-27,78,46,
1901-04-28,82,49,
1901-04-29,86,49,
1901-04-30,87,55,
1901-05-01,87,56,
1901-05-02,89,56,
1901-05-03,80,49,
1901-05-04,84,50,
1901-05-05,85,55,
1901-05-06,69,54,
1901-05-07,54,53,
1901-05-08,60,51,
1901-05-09,68,50,
1901-05-10,72,50,
1901-05-11,65,48,
1901-05-12,60,44,
1901-05-13,65,38,
1901-05-14,70,42,
1901-05-15,74,44,
1901-05-16,79,50,
1901-05-17,86,53,
1901-05-18,76,59,
1901-05-19,67,47,
1901-05-20,68,48,
1901-05-21,55,48,
1901-05-22,72,50,
1901-05-23,87,57,
1901-05-24,75,48,
1901-05-25,56,45,
1901-05-26,59,42,
1901-05-27,63,47,
1901-05-28,66,47,
1901-05-29,68,38,
1901-05-30,64,41,
1901-05-31,75,42,
1901-06-01,74,52,
1901-06-02,79,50,
1901-06-03,80,55,
1901-06-04,87,58,
1901-06-05,90,62,
1901-06-06,73,59,
1901-06-07,65,48,
1901-06-08,57,44,
1901-06-09,76,45,
1901-06-10,88,60,
1901-06-11,93,68,
1901-06-12,91,65,
1901-06-13,87,63,
1901-06-14,87,65,
1901-06-15,84,65,
1901-06-16,91,67,
1901-06-17,82,60,
1901-06-18,83,55,
1901-06-19,87,61,
1901-06-20,87,62,
1901-06-21,84,61,
1901-06-22,90,63,
1901-06-23,88,63,
1901-06-24,90,79,
1901-06-25,95,71,
1901-06-26,84,69,
1901-06-27,85,69,
1901-06-28,91,69,
1901-06-29,90,71,
1901-06-30,94,72,
1901-07-01,93,72,
1901-07-02,94,68,
1901-07-03,87,69,
1901-07-04,94,72,
1901-07-05,94,72,
1901-07-06,88,62,
1901-07-07,75,60,
1901-07-08,79,58,
1901-07-09,87,56,
1901-07-10,99,63,
1901-07-11,95,68,
1901-07-12,90,67,
1901-07-13,88,60,
1901-07-14,92,65,
1901-07-15,96,68,
1901-07-16,96,67,
1901-07-17,89,72,
1901-07-18,92,67,
1901-07-19,93,63,
1901-07-20,96,66,
1901-07-21,104,69,
1901-07-22,104,75,
1901-07-23,99,67,
1901-07-24,101,72,
1901-07-25,98,72,
1901-07-26,97,68,
1901-07-27,97,74,
1901-07-28,97,75,
1901-07-29,87,73,
1901-07-30,94,68,
1901-07-31,85,63,
1901-08-01,93,56,
1901-08-02,101,61,
1901-08-03,85,63,
1901-08-04,84,58,
1901-08-05,85,58,
1901-08-06,88,56,
1901-08-07,93,54,
1901-08-08,96,63,
1901-08-09,96,61,
1901-08-10,89,63,
1901-08-11,85,54,
1901-08-12,90,59,
1901-08-13,93,59,
1901-08-14,95,60,
1901-08-15,94,61,
1901-08-16,90,61,
1901-08-17,87,68,
1901-08-18,80,68,
1901-08-19,81,69,
1901-08-20,74,67,
1901-08-21,84,68,
1901-08-22,85,67,
1901-08-23,85,64,
1901-08-24,82,61,
1901-08-25,86,61,
1901-08-26,88,63,
1901-08-27,87,59,
1901-08-28,87,64,
1901-08-29,90,60,
1901-08-30,87,64,
1901-08-31,75,57,
1901-09-01,79,56,
1901-09-02,82,57,
1901-09-03,82,56,
1901-09-04,88,57,
1901-09-05,91,59,
1901-09-06,93,58,
1901-09-07,94,59,
1901-09-08,81,61,
1901-09-09,92,61,
1901-09-10,84,60,
1901-09-11,80,57,
1901-09-12,76,64,
1901-09-13,78,56,
1901-09-14,74,55,
1901-09-15,79,59,
1901-09-16,72,50,
1901-09-17,62,44,
1901-09-18,58,37,
1901-09-19,61,33,
1901-09-20,62,34,
1901-09-21,74,38,
1901-09-22,80,47,
1901-09-23,86,54,
1901-09-24,91,58,
1901-09-25,88,59,
1901-09-26,88,53,
1901-09-27,88,53,
1901-09-28,84,52,
1901-09-29,71,53,
1901-09-30,83,45,
1901-10-01,88,53,
1901-10-02,68,47,
1901-10-03,59,31,
1901-10-04,57,37,
1901-10-05,65,29,
1901-10-06,73,34,
1901-10-07,75,42,
1901-10-08,76,54,
1901-10-09,63,58,
1901-10-10,78,47,
1901-10-11,78,56,
1901-10-12,63,48,
1901-10-13,53,40,
1901-10-14,79,36,
1901-10-15,65,34,
1901-10-16,55,42,
1901-10-17,51,33,
1901-10-18,60,31,
1901-10-19,73,48,
1901-10-20,64,38,
1901-10-21,74,39,
1901-10-22,80,45,
1901-10-23,80,49,
1901-10-24,64,44,
1901-10-25,62,33,
1901-10-26,72,37,
1901-10-27,62,41,
1901-10-28,72,37,
1901-10-29,80,51,
1901-10-30,76,47,
1901-10-31,69,48,
1901-11-01,63,38,
1901-11-02,64,38,
1901-11-03,52,26,
1901-11-04,31,17,
1901-11-05,32,18,
1901-11-06,56,23,
1901-11-07,43,29,
1901-11-08,52,22,
1901-11-09,50,34,
1901-11-10,55,27,
1901-11-11,69,55,
1901-11-12,55,30,
1901-11-13,56,28,
1901-11-14,41,28,
1901-11-15,33,24,
1901-11-16,33,16,
1901-11-17,38,17,
1901-11-18,40,19,
1901-11-19,42,17,
1901-11-20,45,20,
1901-11-21,49,22,
1901-11-22,41,35,
1901-11-23,39,33,
1901-11-24,41,35,
1901-11-25,36,29,
1901-11-26,39,22,
1901-11-27,41,24,
1901-11-28,41,20,
1901-11-29,51,37,
1901-11-30,54,27,
1901-12-01,60,38,
1901-12-02,48,34,
1901-12-03,36,25,
1901-12-04,33,23,
1901-12-05,29,17,
1901-12-06,38,16,
1901-12-07,38,28,
1901-12-08,44,32,
1901-12-09,33,25,
1901-12-10,34,22,
1901-12-11,38,24,
1901-12-12,51,32,
1901-12-13,50,15,
1901-12-14,15,-7,
1901-12-15,1,-15,
1901-12-16,9,-8,
1901-12-17,12,-1,
1901-12-18,7,-5,
1901-12-19,7,-9,
1901-12-20,1,-12,
1901-12-21,18,-4,
1901-12-22,36,15,
1901-12-23,35,32,
1901-12-24,37,32,
1901-12-25,35,32,
1901-12-26,34,31,
1901-12-27,36,30,
1901-12-28,33,30,
1901-12-29,31,27,
1901-12-30,37,24,
1901-12-31,42,25,
1902-01-01,38,22,
1902-01-02,43,24,
1902-01-03,24,12,
1902-01-04,30,9,
1902-01-05,34,9,
1902-01-06,43,22,
1902-01-07,48,28,
1902-01-08,51,32,
1902-01-09,56,30,
1902-01-10,43,30,
1902-01-11,30,22,
1902-01-12,23,13,
1902-01-13,28,6,
1902-01-14,45,17,
1902-01-15,43,20,
1902-01-16,35,22,
1902-01-17,44,19,
1902-01-18,34,24,
1902-01-19,42,11,
1902-01-20,37,23,
1902-01-21,33,29,
1902-01-22,34,28,
1902-01-23,35,20,
1902-01-24,25,20,
1902-01-25,29,20,
1902-01-26,33,3,
1902-01-27,7,-7,
1902-01-28,15,-2,
1902-01-29,15,3,
1902-01-30,23,13,
1902-01-31,28,12,
1902-02-01,26,3,
1902-02-02,21,-5,
1902-02-03,10,-14,
1902-02-04,12,-5,
1902-02-05,11,-14,
1902-02-06,28,10,
1902-02-07,15,-4,
1902-02-08,13,-4,
1902-02-09,18,-5,
1902-02-10,20,10,
1902-02-11,23,10,
1902-02-12,23,-2,
1902-02-13,28,4,
1902-02-14,21,2,
1902-02-15,26,-2,
1902-02-16,26,8,
1902-02-17,25,12,
1902-02-18,25,-2,
1902-02-19,22,3,
1902-02-20,23,6,
1902-02-21,30,5,
1902-02-22,39,10,
1902-02-23,40,25,
1902-02-24,43,25,
1902-02-25,45,27,
1902-02-26,48,30,
1902-02-27,47,35,
1902-02-28,44,34,
1902-03-01,37,29,
1902-03-02,29,20,
1902-03-03,32,20,
1902-03-04,34,26,
1902-03-05,43,26,
1902-03-06,48,28,
1902-03-07,45,33,
1902-03-08,42,36,
1902-03-09,51,39,
1902-03-10,64,37,
1902-03-11,60,50,
1902-03-12,60,39,
1902-03-13,54,32,
1902-03-14,56,32,
1902-03-15,57,44,
1902-03-16,44,24,
1902-03-17,25,10,
1902-03-18,30,9,
1902-03-19,42,23,
1902-03-20,52,32,
1902-03-21,46,36,
1902-03-22,57,35,
1902-03-23,60,38,
1902-03-24,63,43,
1902-03-25,67,37,
1902-03-26,63,46,
1902-03-27,70,45,
1902-03-28,61,48,
1902-03-29,60,44,
1902-03-30,50,33,
1902-03-31,40,32,
1902-04-01,35,31,
1902-04-02,41,30,
1902-04-03,46,26,
1902-04-04,53,26,
1902-04-05,58,33,
1902-04-06,63,40,
1902-04-07,33,27,
1902-04-08,41,23,
1902-04-09,61,32,
1902-04-10,68,34,
1902-04-11,60,41,
1902-04-12,54,34,
1902-04-13,54,32,
1902-04-14,52,33,
1902-04-15,53,28,
1902-04-16,60,37,
1902-04-17,65,38,
1902-04-18,64,42,
1902-04-19,54,40,
1902-04-20,53,33,
1902-04-21,85,51,
1902-04-22,78,59,
1902-04-23,60,37,
1902-04-24,67,36,
1902-04-25,82,48,
1902-04-26,71,39,
1902-04-27,68,34,
1902-04-28,63,49,
1902-04-29,73,52,
1902-04-30,72,48,
1902-05-01,78,48,
1902-05-02,84,64,
1902-05-03,87,60,
1902-05-04,86,65,
1902-05-05,69,56,
1902-05-06,81,58,
1902-05-07,71,49,
1902-05-08,76,52,
1902-05-09,63,43,
1902-05-10,74,41,
1902-05-11,68,44,
1902-05-12,86,48,
1902-05-13,79,60,
1902-05-14,63,51,
1902-05-15,68,44,
1902-05-16,74,50,
1902-05-17,82,53,
1902-05-18,90,63,
1902-05-19,87,64,
1902-05-20,77,64,
1902-05-21,87,60,
1902-05-22,87,62,
1902-05-23,85,64,
1902-05-24,82,63,
1902-05-25,80,59,
1902-05-26,71,52,
1902-05-27,64,40,
1902-05-28,69,39,
1902-05-29,80,46,
1902-05-30,74,52,
1902-05-31,76,60,
1902-06-01,85,63,
1902-06-02,85,64,
1902-06-03,81,64,
1902-06-04,87,61,
1902-06-05,80,61,
1902-06-06,88,71,
1902-06-07,80,65,
1902-06-08,71,55,
1902-06-09,77,47,
1902-06-10,90,57,
1902-06-11,82,59,
1902-06-12,92,69,
1902-06-13,90,68,
1902-06-14,90,64,
1902-06-15,92,64,
1902-06-16,73,60,
1902-06-17,79,56,
1902-06-18,80,61,
1902-06-19,76,58,
1902-06-20,71,57,
1902-06-21,66,49,
1902-06-22,67,45,
1902-06-23,73,47,
1902-06-24,75,55,
1902-06-25,82,56,
1902-06-26,76,51,
1902-06-27,65,54,
1902-06-28,69,54,
1902-06-29,69,54,
1902-06-30,69,57,
1902-07-01,69,50,
1902-07-02,89,63,
1902-07-03,90,73,
1902-07-04,89,69,
1902-07-05,90,71,
1902-07-06,91,72,
1902-07-07,90,71,
1902-07-08,91,69,
1902-07-09,90,68,
1902-07-10,75,59,
1902-07-11,78,51,
1902-07-12,84,55,
1902-07-13,90,64,
1902-07-14,89,66,
1902-07-15,89,64,
1902-07-16,83,59,
1902-07-17,92,69,
1902-07-18,86,67,
1902-07-19,82,68,
1902-07-20,77,61,
1902-07-21,78,56,
1902-07-22,83,60,
1902-07-23,82,61,
1902-07-24,87,61,
1902-07-25,90,61,
1902-07-26,90,67,
1902-07-27,91,67,
1902-07-28,80,68,
1902-07-29,87,58,
1902-07-30,89,66,
1902-07-31,91,69,
1902-08-01,86,62,
1902-08-02,90,65,
1902-08-03,90,70,
1902-08-04,78,65,
1902-08-05,84,65,
1902-08-06,77,59,
1902-08-07,81,54,
1902-08-08,84,57,
1902-08-09,80,63,
1902-08-10,80,62,
1902-08-11,72,56,
1902-08-12,79,53,
1902-08-13,82,58,
1902-08-14,72,57,
1902-08-15,73,67,
1902-08-16,79,63,
1902-08-17,74,58,
1902-08-18,75,63,
1902-08-19,85,67,
1902-08-20,87,66,
1902-08-21,81,57,
1902-08-22,70,56,
1902-08-23,70,48,
1902-08-24,77,49,
1902-08-25,80,52,
1902-08-26,80,61,
1902-08-27,85,59,
1902-08-28,86,56,
1902-08-29,85,61,
1902-08-30,87,62,
1902-08-31,84,69,
1902-09-01,82,68,
1902-09-02,79,51,
1902-09-03,82,50,
1902-09-04,70,46,
1902-09-05,75,45,
1902-09-06,78,55,
1902-09-07,83,51,
1902-09-08,84,52,
1902-09-09,67,48,
1902-09-10,73,43,
1902-09-11,67,49,
1902-09-12,57,44,
1902-09-13,60,34,
1902-09-14,67,35,
1902-09-15,70,38,
1902-09-16,78,41,
1902-09-17,83,53,
1902-09-18,69,53,
1902-09-19,69,50,
1902-09-20,73,54,
1902-09-21,82,58,
1902-09-22,79,63,
1902-09-23,73,64,
1902-09-24,76,66,
1902-09-25,68,62,
1902-09-26,71,59,
1902-09-27,65,53,
1902-09-28,68,54,
1902-09-29,75,49,
1902-09-30,68,56,
1902-10-01,66,45,
1902-10-02,51,48,
1902-10-03,56,50,
1902-10-04,63,50,
1902-10-05,58,49,
1902-10-06,69,45,
1902-10-07,69,46,
1902-10-08,75,40,
1902-10-09,77,46,
1902-10-10,73,50,
1902-10-11,73,48,
1902-10-12,69,48,
1902-10-13,68,39,
1902-10-14,52,32,
1902-10-15,70,42,
1902-10-16,69,42,
1902-10-17,60,40,
1902-10-18,75,48,
1902-10-19,74,48,
1902-10-20,66,39,
1902-10-21,66,40,
1902-10-22,72,64,
1902-10-23,75,52,
1902-10-24,78,58,
1902-10-25,73,55,
1902-10-26,72,57,
1902-10-27,59,38,
1902-10-28,50,35,
1902-10-29,56,31,
1902-10-30,66,45,
1902-10-31,72,40,
1902-11-01,68,43,
1902-11-02,72,49,
1902-11-03,60,32,
1902-11-04,70,49,
1902-11-05,57,51,
1902-11-06,53,42,
1902-11-07,53,33,
1902-11-08,64,37,
1902-11-09,70,43,
1902-11-10,60,52,
1902-11-11,75,49,
1902-11-12,73,58,
1902-11-13,72,53,
1902-11-14,65,46,
1902-11-15,47,39,
1902-11-16,45,39,
1902-11-17,48,42,
1902-11-18,50,37,
1902-11-19,51,30,
1902-11-20,62,35,
1902-11-21,67,37,
1902-11-22,57,36,
1902-11-23,53,25,
1902-11-24,52,38,
1902-11-25,41,32,
1902-11-26,37,30,
1902-11-27,39,33,
1902-11-28,35,14,
1902-11-29,40,27,
1902-11-30,45,25,
1902-12-01,51,27,
1902-12-02,45,28,
1902-12-03,40,31,
1902-12-04,34,27,
1902-12-05,36,25,
1902-12-06,36,21,
1902-12-07,33,12,
1902-12-08,12,1,
1902-12-09,29,12,
1902-12-10,40,29,
1902-12-11,37,30,
1902-12-12,32,28,
1902-12-13,31,16,
1902-12-14,28,14,
1902-12-15,37,20,
1902-12-16,33,24,
1902-12-17,34,18,
1902-12-18,41,21,
1902-12-19,40,26,
1902-12-20,43,36,
1902-12-21,43,34,
1902-12-22,38,33,
1902-12-23,34,29,
1902-12-24,35,12,
1902-12-25,13,2,
1902-12-26,14,0,
1902-12-27,25,3,
1902-12-28,29,15,
1902-12-29,34,25,
1902-12-30,31,6,
1902-12-31,38,8,
1903-01-01,42,9,
1903-01-02,35,31,
1903-01-03,34,24,
1903-01-04,31,20,
1903-01-05,27,20,
1903-01-06,32,7,
1903-01-07,37,20,
1903-01-08,21,7,
1903-01-09,12,4,
1903-01-10,17,-4,
1903-01-11,15,-5,
1903-01-12,4,-12,
1903-01-13,21,-9,
1903-01-14,30,11,
1903-01-15,38,18,
1903-01-16,39,20,
1903-01-17,38,24,
1903-01-18,25,11,
1903-01-19,31,9,
1903-01-20,33,15,
1903-01-21,31,12,
1903-01-22,38,7,
1903-01-23,32,23,
1903-01-24,27,23,
1903-01-25,33,23,
1903-01-26,50,31,
1903-01-27,45,39,
1903-01-28,53,38,
1903-01-29,50,28,
1903-01-30,32,20,
1903-01-31,39,24,
1903-02-01,46,36,
1903-02-02,51,31,
1903-02-03,36,30,
1903-02-04,37,19,
1903-02-05,32,10,
1903-02-06,36,21,
1903-02-07,34,27,
1903-02-08,31,20,
1903-02-09,39,3,
1903-02-10,43,28,
1903-02-11,42,34,
1903-02-12,40,31,
1903-02-13,33,29,
1903-02-14,34,27,
1903-02-15,32,16,
1903-02-16,16,0,
1903-02-17,5,-17,
1903-02-18,13,-8,
1903-02-19,14,-10,
1903-02-20,27,-3,
1903-02-21,29,8,
1903-02-22,30,3,
1903-02-23,37,23,
1903-02-24,34,23,
1903-02-25,39,13,
1903-02-26,49,24,
1903-02-27,55,42,
1903-02-28,45,20,
1903-03-01,30,15,
1903-03-02,43,23,
1903-03-03,42,27,
1903-03-04,50,35,
1903-03-05,45,40,
1903-03-06,54,38,
1903-03-07,60,38,
1903-03-08,51,34,
1903-03-09,47,32,
1903-03-10,49,43,
1903-03-11,45,36,
1903-03-12,49,37,
1903-03-13,63,26,
1903-03-14,62,38,
1903-03-15,58,34,
1903-03-16,60,40,
1903-03-17,75,47,
1903-03-18,75,57,
1903-03-19,76,58,
1903-03-20,64,28,
1903-03-21,50,27,
1903-03-22,56,28,
1903-03-23,55,30,
1903-03-24,37,27,
1903-03-25,50,25,
1903-03-26,65,29,
1903-03-27,60,37,
1903-03-28,50,31,
1903-03-29,50,26,
1903-03-30,58,31,
1903-03-31,67,32,
1903-04-01,78,42,
1903-04-02,80,55,
1903-04-03,56,25,
1903-04-04,42,19,
1903-04-05,51,30,
1903-04-06,60,39,
1903-04-07,68,38,
1903-04-08,68,43,
1903-04-09,75,42,
1903-04-10,58,45,
1903-04-11,76,51,
1903-04-12,74,54,
1903-04-13,74,40,
1903-04-14,41,35,
1903-04-15,45,38,
1903-04-16,56,38,
1903-04-17,59,32,
1903-04-18,64,37,
1903-04-19,58,50,
1903-04-20,64,44,
1903-04-21,51,36,
1903-04-22,47,34,
1903-04-23,61,27,
1903-04-24,66,44,
1903-04-25,52,41,
1903-04-26,61,32,
1903-04-27,68,36,
1903-04-28,78,42,
1903-04-29,79,48,
1903-04-30,68,31,
1903-05-01,54,26,
1903-05-02,66,32,
1903-05-03,57,39,
1903-05-04,66,35,
1903-05-05,69,39,
1903-05-06,68,53,
1903-05-07,71,44,
1903-05-08,74,39,
1903-05-09,83,42,
1903-05-10,84,54,
1903-05-11,78,56,
1903-05-12,80,58,
1903-05-13,80,57,
1903-05-14,76,51,
1903-05-15,84,47,
1903-05-16,85,57,
1903-05-17,86,56,
1903-05-18,85,61,
1903-05-19,84,58,
1903-05-20,82,59,
1903-05-21,79,57,
1903-05-22,85,65,
1903-05-23,84,64,
1903-05-24,74,60,
1903-05-25,82,59,
1903-05-26,84,63,
1903-05-27,79,62,
1903-05-28,81,55,
1903-05-29,75,57,
1903-05-30,68,50,
1903-05-31,63,48,
1903-06-01,75,53,
1903-06-02,73,58,
1903-06-03,73,58,
1903-06-04,70,60,
1903-06-05,74,52,
1903-06-06,75,59,
1903-06-07,80,56,
1903-06-08,83,59,
1903-06-09,75,59,
1903-06-10,70,49,
1903-06-11,62,42,
1903-06-12,64,40,
1903-06-13,73,40,
1903-06-14,82,53,
1903-06-15,85,56,
1903-06-16,86,55,
1903-06-17,77,44,
1903-06-18,81,50,
1903-06-19,73,58,
1903-06-20,70,60,
1903-06-21,76,52,
1903-06-22,68,59,
1903-06-23,75,49,
1903-06-24,77,53,
1903-06-25,77,54,
1903-06-26,79,65,
1903-06-27,75,60,
1903-06-28,85,59,
1903-06-29,89,61,
1903-06-30,90,66,
1903-07-01,93,71,
1903-07-02,91,71,
1903-07-03,93,69,
1903-07-04,95,70,
1903-07-05,82,64,
1903-07-06,88,60,
1903-07-07,92,61,
1903-07-08,93,68,
1903-07-09,94,70,
1903-07-10,96,73,
1903-07-11,90,67,
1903-07-12,81,62,
1903-07-13,77,56,
1903-07-14,81,54,
1903-07-15,79,56,
1903-07-16,80,57,
1903-07-17,82,60,
1903-07-18,81,65,
1903-07-19,80,59,
1903-07-20,81,67,
1903-07-21,87,61,
1903-07-22,83,60,
1903-07-23,84,57,
1903-07-24,88,61,
1903-07-25,92,65,
1903-07-26,93,68,
1903-07-27,86,67,
1903-07-28,93,67,
1903-07-29,81,69,
1903-07-30,75,63,
1903-07-31,74,58,
1903-08-01,80,54,
1903-08-02,88,66,
1903-08-03,93,65,
1903-08-04,92,67,
1903-08-05,82,63,
1903-08-06,80,60,
1903-08-07,75,54,
1903-08-08,80,60,
1903-08-09,81,57,
1903-08-10,85,59,
1903-08-11,77,52,
1903-08-12,79,52,
1903-08-13,66,59,
1903-08-14,82,58,
1903-08-15,77,60,
1903-08-16,81,65,
1903-08-17,82,60,
1903-08-18,87,57,
1903-08-19,86,58,
1903-08-20,84,55,
1903-08-21,85,54,
1903-08-22,88,62,
1903-08-23,92,68,
1903-08-24,94,72,
1903-08-25,88,73,
1903-08-26,88,64,
1903-08-27,90,72,
1903-08-28,82,67,
1903-08-29,74,60,
1903-08-30,67,55,
1903-08-31,70,54,
1903-09-01,76,50,
1903-09-02,82,51,
1903-09-03,85,55,
1903-09-04,86,57,
1903-09-05,76,60,
1903-09-06,76,57,
1903-09-07,90,61,
1903-09-08,84,67,
1903-09-09,87,66,
1903-09-10,77,56,
1903-09-11,86,53,
1903-09-12,87,66,
1903-09-13,84,69,
1903-09-14,90,66,
1903-09-15,87,66,
1903-09-16,71,48,
1903-09-17,57,42,
1903-09-18,64,35,
1903-09-19,74,40,
1903-09-20,80,44,
1903-09-21,84,46,
1903-09-22,85,46,
1903-09-23,85,52,
1903-09-24,66,38,
1903-09-25,76,40,
1903-09-26,82,53,
1903-09-27,63,42,
1903-09-28,73,39,
1903-09-29,78,44,
1903-09-30,78,53,
1903-10-01,80,65,
1903-10-02,74,58,
1903-10-03,88,62,
1903-10-04,77,61,
1903-10-05,74,50,
1903-10-06,76,55,
1903-10-07,76,49,
1903-10-08,61,43,
1903-10-09,61,40,
1903-10-10,60,37,
1903-10-11,65,37,
1903-10-12,67,42,
1903-10-13,72,45,
1903-10-14,66,46,
1903-10-15,65,49,
1903-10-16,59,44,
1903-10-17,50,38,
1903-10-18,57,30,
1903-10-19,68,41,
1903-10-20,72,45,
1903-10-21,73,40,
1903-10-22,62,42,
1903-10-23,51,32,
1903-10-24,50,26,
1903-10-25,63,34,
1903-10-26,51,31,
1903-10-27,56,21,
1903-10-28,64,25,
1903-10-29,67,34,
1903-10-30,69,45,
1903-10-31,71,43,
1903-11-01,68,45,
1903-11-02,64,44,
1903-11-03,68,52,
1903-11-04,62,49,
1903-11-05,56,33,
1903-11-06,41,26,
1903-11-07,46,21,
1903-11-08,60,26,
1903-11-09,63,36,
1903-11-10,54,26,
1903-11-11,59,34,
1903-11-12,57,27,
1903-11-13,42,30,
1903-11-14,42,31,
1903-11-15,55,30,
1903-11-16,62,33,
1903-11-17,36,15,
1903-11-18,25,13,
1903-11-19,33,11,
1903-11-20,37,14,
1903-11-21,43,19,
1903-11-22,49,30,
1903-11-23,47,26,
1903-11-24,32,19,
1903-11-25,31,19,
1903-11-26,26,12,
1903-11-27,30,8,
1903-11-28,30,24,
1903-11-29,31,21,
1903-11-30,32,14,
1903-12-01,29,15,
1903-12-02,33,15,
1903-12-03,45,28,
1903-12-04,37,17,
1903-12-05,25,13,
1903-12-06,37,11,
1903-12-07,38,22,
1903-12-08,34,15,
1903-12-09,29,22,
1903-12-10,25,8,
1903-12-11,28,5,
1903-12-12,45,17,
1903-12-13,17,-7,
1903-12-14,15,-3,
1903-12-15,19,-3,
1903-12-16,26,4,
1903-12-17,27,2,
1903-12-18,36,12,
1903-12-19,38,32,
1903-12-20,32,27,
1903-12-21,43,27,
1903-12-22,32,17,
1903-12-23,43,24,
1903-12-24,40,29,
1903-12-25,34,1,
1903-12-26,17,-5,
1903-12-27,41,17,
1903-12-28,32,8,
1903-12-29,33,4,
1903-12-30,22,0,
1903-12-31,40,9,
1904-01-01,35,20,
1904-01-02,20,2,
1904-01-03,13,-14,
1904-01-04,19,-4,
1904-01-05,28,-3,
1904-01-06,30,10,
1904-01-07,38,8,
1904-01-08,34,24,
1904-01-09,35,16,
1904-01-10,31,26,
1904-01-11,28,22,
1904-01-12,30,22,
1904-01-13,30,8,
1904-01-14,30,-2,
1904-01-15,33,3,
1904-01-16,30,16,
1904-01-17,25,11,
1904-01-18,27,12,
1904-01-19,42,18,
1904-01-20,49,41,
1904-01-21,50,34,
1904-01-22,35,24,
1904-01-23,25,5,
1904-01-24,12,-4,
1904-01-25,6,-4,
1904-01-26,7,-10,
1904-01-27,8,-15,
1904-01-28,19,-4,
1904-01-29,15,-1,
1904-01-30,32,-1,
1904-01-31,22,14,
1904-02-01,16,-9,
1904-02-02,27,0,
1904-02-03,20,-7,
1904-02-04,18,-11,
1904-02-05,44,12,
1904-02-06,60,39,
1904-02-07,54,17,
1904-02-08,21,10,
1904-02-09,28,14,
1904-02-10,27,11,
1904-02-11,22,7,
1904-02-12,23,4,
1904-02-13,40,20,
1904-02-14,40,16,
1904-02-15,16,3,
1904-02-16,14,-5,
1904-02-17,18,5,
1904-02-18,21,15,
1904-02-19,25,9,
1904-02-20,29,4,
1904-02-21,33,27,
1904-02-22,33,5,
1904-02-23,45,31,
1904-02-24,35,25,
1904-02-25,26,14,
1904-02-26,26,21,
1904-02-27,42,18,
1904-02-28,42,36,
1904-02-29,44,38,
1904-03-01,40,32,
1904-03-02,58,31,
1904-03-03,58,19,
1904-03-04,38,21,
1904-03-05,47,28,
1904-03-06,44,37,
1904-03-07,42,33,
1904-03-08,46,29,
1904-03-09,48,28,
1904-03-10,55,36,
1904-03-11,39,30,
1904-03-12,35,27,
1904-03-13,31,26,
1904-03-14,30,23,
1904-03-15,31,11,
1904-03-16,37,18,
1904-03-17,41,33,
1904-03-18,36,31,
1904-03-19,53,34,
1904-03-20,44,29,
1904-03-21,65,37,
1904-03-22,65,36,
1904-03-23,57,31,
1904-03-24,71,37,
1904-03-25,67,34,
1904-03-26,35,21,
1904-03-27,31,21,
1904-03-28,42,23,
1904-03-29,56,30,
1904-03-30,53,41,
1904-03-31,72,52,
1904-04-01,61,41,
1904-04-02,61,34,
1904-04-03,41,29,
1904-04-04,50,25,
1904-04-05,69,31,
1904-04-06,59,43,
1904-04-07,62,35,
1904-04-08,51,34,
1904-04-09,41,36,
1904-04-10,44,33,
1904-04-11,51,34,
1904-04-12,46,33,
1904-04-13,44,29,
1904-04-14,49,26,
1904-04-15,62,29,
1904-04-16,42,25,
1904-04-17,49,23,
1904-04-18,65,31,
1904-04-19,48,29,
1904-04-20,45,22,
1904-04-21,58,26,
1904-04-22,60,34,
1904-04-23,80,51,
1904-04-24,71,58,
1904-04-25,61,44,
1904-04-26,51,40,
1904-04-27,59,34,
1904-04-28,63,38,
1904-04-29,69,38,
1904-04-30,72,44,
1904-05-01,69,42,
1904-05-02,70,52,
1904-05-03,76,49,
1904-05-04,78,50,
1904-05-05,75,54,
1904-05-06,77,54,
1904-05-07,79,57,
1904-05-08,74,53,
1904-05-09,67,46,
1904-05-10,62,41,
1904-05-11,75,42,
1904-05-12,79,54,
1904-05-13,64,44,
1904-05-14,55,46,
1904-05-15,64,39,
1904-05-16,61,38,
1904-05-17,57,47,
1904-05-18,65,46,
1904-05-19,69,45,
1904-05-20,81,51,
1904-05-21,84,49,
1904-05-22,79,58,
1904-05-23,80,61,
1904-05-24,85,57,
1904-05-25,87,69,
1904-05-26,74,52,
1904-05-27,73,48,
1904-05-28,78,45,
1904-05-29,72,55,
1904-05-30,65,55,
1904-05-31,73,49,
1904-06-01,79,40,
1904-06-02,81,57,
1904-06-03,88,58,
1904-06-04,79,62,
1904-06-05,NA,62,
1904-06-06,72,56,
1904-06-07,73,54,
1904-06-08,73,50,
1904-06-09,78,50,
1904-06-10,77,53,
1904-06-11,81,54,
1904-06-12,84,52,
1904-06-13,88,58,
1904-06-14,82,62,
1904-06-15,83,53,
1904-06-16,74,60,
1904-06-17,81,50,
1904-06-18,82,57,
1904-06-19,81,65,
1904-06-20,85,63,
1904-06-21,81,64,
1904-06-22,80,56,
1904-06-23,87,55,
1904-06-24,85,70,
1904-06-25,87,70,
1904-06-26,79,63,
1904-06-27,71,58,
1904-06-28,71,58,
1904-06-29,86,58,
1904-06-30,79,55,
1904-07-01,71,54,
1904-07-02,76,41,
1904-07-03,85,50,
1904-07-04,86,67,
1904-07-05,82,63,
1904-07-06,82,61,
1904-07-07,76,58,
1904-07-08,81,64,
1904-07-09,84,67,
1904-07-10,85,63,
1904-07-11,86,64,
1904-07-12,86,62,
1904-07-13,81,65,
1904-07-14,83,61,
1904-07-15,87,65,
1904-07-16,92,67,
1904-07-17,92,71,
1904-07-18,92,71,
1904-07-19,91,70,
1904-07-20,91,60,
1904-07-21,85,65,
1904-07-22,82,61,
1904-07-23,78,54,
1904-07-24,79,54,
1904-07-25,83,51,
1904-07-26,85,58,
1904-07-27,81,64,
1904-07-28,82,59,
1904-07-29,85,56,
1904-07-30,90,61,
1904-07-31,82,69,
1904-08-01,86,67,
1904-08-02,80,64,
1904-08-03,85,56,
1904-08-04,88,57,
1904-08-05,84,60,
1904-08-06,84,58,
1904-08-07,84,60,
1904-08-08,75,47,
1904-08-09,82,49,
1904-08-10,80,61,
1904-08-11,81,54,
1904-08-12,89,52,
1904-08-13,89,62,
1904-08-14,89,64,
1904-08-15,89,53,
1904-08-16,88,64,
1904-08-17,90,63,
1904-08-18,84,62,
1904-08-19,75,66,
1904-08-20,81,65,
1904-08-21,91,67,
1904-08-22,78,59,
1904-08-23,79,47,
1904-08-24,83,52,
1904-08-25,84,63,
1904-08-26,72,51,
1904-08-27,79,46,
1904-08-28,82,49,
1904-08-29,72,52,
1904-08-30,80,60,
1904-08-31,80,65,
1904-09-01,87,65,
1904-09-02,82,65,
1904-09-03,75,56,
1904-09-04,76,49,
1904-09-05,80,54,
1904-09-06,83,53,
1904-09-07,80,58,
1904-09-08,76,55,
1904-09-09,81,51,
1904-09-10,87,51,
1904-09-11,84,59,
1904-09-12,70,46,
1904-09-13,80,46,
1904-09-14,67,48,
1904-09-15,69,41,
1904-09-16,77,45,
1904-09-17,85,53,
1904-09-18,72,62,
1904-09-19,79,59,
1904-09-20,73,50,
1904-09-21,62,44,
1904-09-22,66,45,
1904-09-23,79,48,
1904-09-24,71,62,
1904-09-25,77,61,
1904-09-26,79,61,
1904-09-27,84,59,
1904-09-28,89,67,
1904-09-29,81,68,
1904-09-30,73,61,
1904-10-01,73,52,
1904-10-02,74,47,
1904-10-03,67,39,
1904-10-04,75,42,
1904-10-05,67,49,
1904-10-06,54,39,
1904-10-07,65,32,
1904-10-08,73,48,
1904-10-09,81,48,
1904-10-10,79,63,
1904-10-11,69,50,
1904-10-12,62,41,
1904-10-13,68,45,
1904-10-14,60,38,
1904-10-15,67,39,
1904-10-16,74,40,
1904-10-17,77,39,
1904-10-18,76,44,
1904-10-19,77,45,
1904-10-20,59,43,
1904-10-21,52,40,
1904-10-22,49,36,
1904-10-23,54,29,
1904-10-24,62,44,
1904-10-25,57,34,
1904-10-26,59,30,
1904-10-27,49,28,
1904-10-28,62,28,
1904-10-29,68,33,
1904-10-30,57,39,
1904-10-31,68,31,
1904-11-01,69,37,
1904-11-02,69,35,
1904-11-03,68,36,
1904-11-04,68,44,
1904-11-05,55,38,
1904-11-06,52,29,
1904-11-07,66,30,
1904-11-08,48,36,
1904-11-09,45,28,
1904-11-10,42,34,
1904-11-11,45,29,
1904-11-12,44,20,
1904-11-13,43,25,
1904-11-14,46,25,
1904-11-15,54,23,
1904-11-16,64,26,
1904-11-17,60,32,
1904-11-18,69,28,
1904-11-19,69,40,
1904-11-20,59,44,
1904-11-21,54,32,
1904-11-22,61,31,
1904-11-23,67,33,
1904-11-24,50,37,
1904-11-25,47,30,
1904-11-26,42,17,
1904-11-27,28,16,
1904-11-28,47,23,
1904-11-29,48,25,
1904-11-30,52,14,
1904-12-01,46,22,
1904-12-02,34,24,
1904-12-03,34,21,
1904-12-04,35,18,
1904-12-05,41,18,
1904-12-06,40,14,
1904-12-07,42,23,
1904-12-08,47,26,
1904-12-09,42,25,
1904-12-10,32,16,
1904-12-11,32,22,
1904-12-12,29,16,
1904-12-13,26,14,
1904-12-14,24,6,
1904-12-15,26,4,
1904-12-16,34,18,
1904-12-17,31,15,
1904-12-18,33,16,
1904-12-19,21,11,
1904-12-20,36,18,
1904-12-21,32,10,
1904-12-22,52,20,
1904-12-23,55,37,
1904-12-24,37,28,
1904-12-25,32,29,
1904-12-26,52,31,
1904-12-27,55,6,
1904-12-28,10,2,
1904-12-29,32,5,
1904-12-30,47,25,
1904-12-31,54,34,
1905-01-01,58,35,
1905-01-02,47,23,
1905-01-03,25,15,
1905-01-04,25,6,
1905-01-05,34,6,
1905-01-06,31,20,
1905-01-07,25,16,
1905-01-08,22,6,
1905-01-09,31,2,
1905-01-10,14,-11,
1905-01-11,38,1,
1905-01-12,35,19,
1905-01-13,23,9,
1905-01-14,10,-3,
1905-01-15,16,0,
1905-01-16,24,1,
1905-01-17,32,12,
1905-01-18,34,31,
1905-01-19,36,28,
1905-01-20,39,20,
1905-01-21,33,27,
1905-01-22,29,12,
1905-01-23,28,17,
1905-01-24,27,-6,
1905-01-25,20,-9,
1905-01-26,21,-1,
1905-01-27,32,20,
1905-01-28,27,1,
1905-01-29,19,9,
1905-01-30,22,2,
1905-01-31,23,1,
1905-02-01,16,-3,
1905-02-02,2,-15,
1905-02-03,15,-5,
1905-02-04,22,-1,
1905-02-05,17,11,
1905-02-06,21,2,
1905-02-07,22,-3,
1905-02-08,32,11,
1905-02-09,32,3,
1905-02-10,18,-5,
1905-02-11,21,-3,
1905-02-12,32,-1,
1905-02-13,0,-25,
1905-02-14,19,-17,
1905-02-15,7,-14,
1905-02-16,22,-9,
1905-02-17,25,6,
1905-02-18,28,0,
1905-02-19,34,13,
1905-02-20,33,30,
1905-02-21,38,26,
1905-02-22,37,28,
1905-02-23,39,29,
1905-02-24,40,31,
1905-02-25,42,28,
1905-02-26,44,26,
1905-02-27,36,28,
1905-02-28,49,25,
1905-03-01,45,32,
1905-03-02,46,25,
1905-03-03,58,30,
1905-03-04,50,30,
1905-03-05,58,27,
1905-03-06,37,27,
1905-03-07,42,35,
1905-03-08,42,31,
1905-03-09,47,25,
1905-03-10,44,29,
1905-03-11,37,20,
1905-03-12,39,26,
1905-03-13,38,24,
1905-03-14,35,30,
1905-03-15,61,30,
1905-03-16,70,36,
1905-03-17,67,41,
1905-03-18,69,53,
1905-03-19,60,34,
1905-03-20,38,29,
1905-03-21,43,34,
1905-03-22,62,32,
1905-03-23,67,44,
1905-03-24,63,35,
1905-03-25,70,35,
1905-03-26,64,35,
1905-03-27,72,40,
1905-03-28,77,54,
1905-03-29,59,43,
1905-03-30,64,33,
1905-03-31,74,34,
1905-04-01,79,44,
1905-04-02,79,43,
1905-04-03,69,57,
1905-04-04,60,37,
1905-04-05,53,29,
1905-04-06,50,32,
1905-04-07,47,27,
1905-04-08,58,31,
1905-04-09,83,35,
1905-04-10,74,49,
1905-04-11,58,40,
1905-04-12,61,30,
1905-04-13,65,34,
1905-04-14,48,36,
1905-04-15,43,32,
1905-04-16,40,26,
1905-04-17,52,29,
1905-04-18,56,29,
1905-04-19,66,31,
1905-04-20,67,52,
1905-04-21,57,40,
1905-04-22,58,30,
1905-04-23,65,40,
1905-04-24,67,45,
1905-04-25,60,53,
1905-04-26,64,55,
1905-04-27,68,51,
1905-04-28,75,56,
1905-04-29,68,49,
1905-04-30,63,38,
1905-05-01,67,45,
1905-05-02,81,48,
1905-05-03,80,60,
1905-05-04,80,59,
1905-05-05,69,60,
1905-05-06,75,58,
1905-05-07,75,49,
1905-05-08,75,52,
1905-05-09,55,43,
1905-05-10,85,52,
1905-05-11,85,61,
1905-05-12,68,48,
1905-05-13,74,52,
1905-05-14,74,58,
1905-05-15,75,52,
1905-05-16,67,52,
1905-05-17,55,47,
1905-05-18,60,48,
1905-05-19,69,45,
1905-05-20,75,46,
1905-05-21,76,50,
1905-05-22,77,53,
1905-05-23,71,46,
1905-05-24,78,42,
1905-05-25,75,57,
1905-05-26,68,50,
1905-05-27,68,48,
1905-05-28,81,64,
1905-05-29,84,66,
1905-05-30,70,55,
1905-05-31,74,48,
1905-06-01,78,52,
1905-06-02,82,57,
1905-06-03,82,52,
1905-06-04,91,65,
1905-06-05,92,69,
1905-06-06,93,75,
1905-06-07,75,57,
1905-06-08,76,46,
1905-06-09,80,59,
1905-06-10,83,56,
1905-06-11,79,56,
1905-06-12,79,50,
1905-06-13,83,56,
1905-06-14,86,51,
1905-06-15,87,54,
1905-06-16,88,64,
1905-06-17,94,68,
1905-06-18,97,70,
1905-06-19,88,66,
1905-06-20,81,68,
1905-06-21,84,62,
1905-06-22,75,57,
1905-06-23,75,51,
1905-06-24,87,57,
1905-06-25,92,63,
1905-06-26,82,55,
1905-06-27,78,46,
1905-06-28,80,60,
1905-06-29,81,53,
1905-06-30,89,55,
1905-07-01,85,68,
1905-07-02,87,67,
1905-07-03,85,67,
1905-07-04,75,65,
1905-07-05,85,62,
1905-07-06,81,61,
1905-07-07,72,62,
1905-07-08,81,53,
1905-07-09,72,63,
1905-07-10,72,63,
1905-07-11,80,67,
1905-07-12,81,60,
1905-07-13,84,60,
1905-07-14,89,65,
1905-07-15,92,68,
1905-07-16,90,70,
1905-07-17,91,70,
1905-07-18,91,73,
1905-07-19,91,72,
1905-07-20,87,69,
1905-07-21,80,64,
1905-07-22,83,60,
1905-07-23,79,64,
1905-07-24,75,56,
1905-07-25,78,52,
1905-07-26,79,53,
1905-07-27,77,64,
1905-07-28,82,66,
1905-07-29,82,60,
1905-07-30,81,61,
1905-07-31,85,59,
1905-08-01,83,58,
1905-08-02,77,61,
1905-08-03,81,66,
1905-08-04,88,65,
1905-08-05,94,65,
1905-08-06,90,70,
1905-08-07,88,66,
1905-08-08,89,61,
1905-08-09,92,60,
1905-08-10,89,67,
1905-08-11,89,66,
1905-08-12,94,67,
1905-08-13,90,66,
1905-08-14,85,65,
1905-08-15,84,68,
1905-08-16,78,62,
1905-08-17,81,63,
1905-08-18,87,62,
1905-08-19,83,68,
1905-08-20,87,56,
1905-08-21,89,60,
1905-08-22,83,62,
1905-08-23,88,66,
1905-08-24,89,64,
1905-08-25,80,63,
1905-08-26,79,54,
1905-08-27,80,59,
1905-08-28,86,60,
1905-08-29,90,59,
1905-08-30,89,64,
1905-08-31,87,69,
1905-09-01,93,63,
1905-09-02,77,61,
1905-09-03,67,51,
1905-09-04,63,53,
1905-09-05,72,53,
1905-09-06,68,51,
1905-09-07,71,59,
1905-09-08,81,62,
1905-09-09,81,60,
1905-09-10,72,63,
1905-09-11,80,60,
1905-09-12,83,58,
1905-09-13,73,62,
1905-09-14,75,52,
1905-09-15,78,62,
1905-09-16,76,63,
1905-09-17,82,64,
1905-09-18,88,67,
1905-09-19,71,54,
1905-09-20,77,46,
1905-09-21,84,53,
1905-09-22,88,55,
1905-09-23,80,50,
1905-09-24,86,57,
1905-09-25,72,48,
1905-09-26,79,48,
1905-09-27,90,50,
1905-09-28,88,47,
1905-09-29,89,59,
1905-09-30,70,59,
1905-10-01,72,60,
1905-10-02,74,54,
1905-10-03,78,43,
1905-10-04,80,45,
1905-10-05,86,53,
1905-10-06,78,48,
1905-10-07,82,42,
1905-10-08,86,49,
1905-10-09,84,49,
1905-10-10,68,47,
1905-10-11,49,32,
1905-10-12,55,27,
1905-10-13,77,36,
1905-10-14,75,48,
1905-10-15,67,42,
1905-10-16,64,34,
1905-10-17,77,49,
1905-10-18,67,55,
1905-10-19,69,46,
1905-10-20,47,34,
1905-10-21,49,27,
1905-10-22,50,32,
1905-10-23,65,28,
1905-10-24,53,46,
1905-10-25,50,36,
1905-10-26,60,27,
1905-10-27,47,36,
1905-10-28,45,27,
1905-10-29,49,29,
1905-10-30,49,32,
1905-10-31,43,34,
1905-11-01,40,25,
1905-11-02,48,21,
1905-11-03,52,29,
1905-11-04,58,31,
1905-11-05,57,42,
1905-11-06,49,31,
1905-11-07,50,28,
1905-11-08,47,34,
1905-11-09,40,23,
1905-11-10,47,23,
1905-11-11,56,27,
1905-11-12,59,33,
1905-11-13,63,33,
1905-11-14,38,20,
1905-11-15,55,28,
1905-11-16,51,31,
1905-11-17,68,28,
1905-11-18,52,31,
1905-11-19,49,31,
1905-11-20,47,28,
1905-11-21,42,23,
1905-11-22,54,21,
1905-11-23,60,29,
1905-11-24,51,35,
1905-11-25,51,24,
1905-11-26,52,30,
1905-11-27,45,29,
1905-11-28,74,40,
1905-11-29,50,20,
1905-11-30,26,13,
1905-12-01,32,19,
1905-12-02,33,10,
1905-12-03,17,8,
1905-12-04,25,8,
1905-12-05,36,13,
1905-12-06,45,13,
1905-12-07,49,25,
1905-12-08,52,25,
1905-12-09,38,27,
1905-12-10,35,17,
1905-12-11,47,28,
1905-12-12,46,28,
1905-12-13,32,19,
1905-12-14,32,17,
1905-12-15,37,17,
1905-12-16,39,17,
1905-12-17,35,31,
1905-12-18,43,30,
1905-12-19,34,25,
1905-12-20,40,27,
1905-12-21,39,31,
1905-12-22,33,30,
1905-12-23,32,20,
1905-12-24,28,3,
1905-12-25,39,17,
1905-12-26,49,25,
1905-12-27,47,28,
1905-12-28,44,30,
1905-12-29,47,20,
1905-12-30,48,22,
1905-12-31,37,23,
1906-01-01,39,23,
1906-01-02,40,27,
1906-01-03,56,35,
1906-01-04,35,26,
1906-01-05,36,16,
1906-01-06,35,20,
1906-01-07,34,24,
1906-01-08,24,9,
1906-01-09,31,2,
1906-01-10,43,16,
1906-01-11,35,26,
1906-01-12,38,30,
1906-01-13,34,27,
1906-01-14,42,32,
1906-01-15,53,32,
1906-01-16,32,22,
1906-01-17,45,14,
1906-01-18,42,25,
1906-01-19,48,22,
1906-01-20,67,47,
1906-01-21,62,38,
1906-01-22,41,22,
1906-01-23,29,13,
1906-01-24,32,11,
1906-01-25,40,27,
1906-01-26,43,29,
1906-01-27,41,25,
1906-01-28,45,30,
1906-01-29,50,25,
1906-01-30,46,26,
1906-01-31,30,14,
1906-02-01,35,11,
1906-02-02,21,8,
1906-02-03,40,15,
1906-02-04,36,15,
1906-02-05,15,1,
1906-02-06,15,-3,
1906-02-07,18,-7,
1906-02-08,32,2,
1906-02-09,38,16,
1906-02-10,22,5,
1906-02-11,37,3,
1906-02-12,49,21,
1906-02-13,44,35,
1906-02-14,43,13,
1906-02-15,23,9,
1906-02-16,30,7,
1906-02-17,35,16,
1906-02-18,49,30,
1906-02-19,54,25,
1906-02-20,62,39,
1906-02-21,52,30,
1906-02-22,53,26,
1906-02-23,48,39,
1906-02-24,57,35,
1906-02-25,47,30,
1906-02-26,32,25,
1906-02-27,30,21,
1906-02-28,33,14,
1906-03-01,50,28,
1906-03-02,49,41,
1906-03-03,45,28,
1906-03-04,28,23,
1906-03-05,32,25,
1906-03-06,38,29,
1906-03-07,43,32,
1906-03-08,48,32,
1906-03-09,46,31,
1906-03-10,39,28,
1906-03-11,35,20,
1906-03-12,29,4,
1906-03-13,26,21,
1906-03-14,30,23,
1906-03-15,24,17,
1906-03-16,21,2,
1906-03-17,23,-5,
1906-03-18,32,2,
1906-03-19,28,20,
1906-03-20,23,6,
1906-03-21,38,12,
1906-03-22,24,7,
1906-03-23,32,13,
1906-03-24,32,18,
1906-03-25,37,24,
1906-03-26,53,32,
1906-03-27,53,35,
1906-03-28,36,33,
1906-03-29,42,32,
1906-03-30,42,35,
1906-03-31,45,30,
1906-04-01,50,26,
1906-04-02,60,30,
1906-04-03,71,36,
1906-04-04,67,47,
1906-04-05,48,41,
1906-04-06,52,36,
1906-04-07,75,39,
1906-04-08,66,46,
1906-04-09,62,41,
1906-04-10,58,36,
1906-04-11,63,35,
1906-04-12,76,45,
1906-04-13,74,56,
1906-04-14,60,43,
1906-04-15,47,39,
1906-04-16,56,33,
1906-04-17,65,33,
1906-04-18,72,41,
1906-04-19,78,45,
1906-04-20,75,50,
1906-04-21,74,46,
1906-04-22,55,39,
1906-04-23,55,28,
1906-04-24,64,40,
1906-04-25,79,50,
1906-04-26,80,49,
1906-04-27,82,50,
1906-04-28,84,50,
1906-04-29,78,50,
1906-04-30,76,46,
1906-05-01,80,46,
1906-05-02,72,51,
1906-05-03,69,40,
1906-05-04,79,52,
1906-05-05,60,49,
1906-05-06,54,41,
1906-05-07,62,30,
1906-05-08,60,38,
1906-05-09,57,38,
1906-05-10,66,43,
1906-05-11,74,45,
1906-05-12,83,48,
1906-05-13,84,46,
1906-05-14,85,53,
1906-05-15,84,57,
1906-05-16,87,58,
1906-05-17,88,65,
1906-05-18,75,62,
1906-05-19,65,47,
1906-05-20,70,40,
1906-05-21,81,46,
1906-05-22,86,53,
1906-05-23,85,62,
1906-05-24,88,63,
1906-05-25,77,61,
1906-05-26,84,59,
1906-05-27,72,45,
1906-05-28,74,42,
1906-05-29,72,38,
1906-05-30,78,52,
1906-05-31,72,62,
1906-06-01,77,58,
1906-06-02,77,53,
1906-06-03,82,56,
1906-06-04,83,62,
1906-06-05,78,64,
1906-06-06,88,70,
1906-06-07,87,71,
1906-06-08,84,63,
1906-06-09,84,62,
1906-06-10,75,56,
1906-06-11,74,49,
1906-06-12,72,46,
1906-06-13,68,50,
1906-06-14,62,54,
1906-06-15,70,56,
1906-06-16,82,56,
1906-06-17,83,61,
1906-06-18,82,61,
1906-06-19,70,62,
1906-06-20,72,61,
1906-06-21,72,53,
1906-06-22,82,50,
1906-06-23,69,53,
1906-06-24,77,52,
1906-06-25,85,56,
1906-06-26,86,61,
1906-06-27,88,61,
1906-06-28,92,66,
1906-06-29,93,68,
1906-06-30,85,65,
1906-07-01,90,58,
1906-07-02,87,61,
1906-07-03,75,62,
1906-07-04,83,53,
1906-07-05,80,54,
1906-07-06,77,57,
1906-07-07,83,58,
1906-07-08,82,53,
1906-07-09,88,57,
1906-07-10,88,63,
1906-07-11,90,67,
1906-07-12,91,68,
1906-07-13,87,65,
1906-07-14,88,65,
1906-07-15,85,68,
1906-07-16,84,62,
1906-07-17,80,56,
1906-07-18,86,56,
1906-07-19,91,64,
1906-07-20,87,68,
1906-07-21,87,66,
1906-07-22,92,66,
1906-07-23,82,61,
1906-07-24,82,52,
1906-07-25,87,53,
1906-07-26,88,59,
1906-07-27,91,61,
1906-07-28,88,65,
1906-07-29,80,60,
1906-07-30,88,62,
1906-07-31,87,62,
1906-08-01,92,65,
1906-08-02,92,61,
1906-08-03,94,62,
1906-08-04,94,66,
1906-08-05,90,68,
1906-08-06,85,66,
1906-08-07,77,62,
1906-08-08,85,68,
1906-08-09,88,68,
1906-08-10,85,69,
1906-08-11,88,66,
1906-08-12,81,64,
1906-08-13,84,54,
1906-08-14,84,61,
1906-08-15,86,65,
1906-08-16,92,66,
1906-08-17,90,65,
1906-08-18,87,65,
1906-08-19,88,69,
1906-08-20,92,71,
1906-08-21,88,71,
1906-08-22,90,69,
1906-08-23,90,69,
1906-08-24,89,68,
1906-08-25,91,70,
1906-08-26,87,67,
1906-08-27,73,52,
1906-08-28,79,47,
1906-08-29,85,52,
1906-08-30,81,64,
1906-08-31,82,51,
1906-09-01,84,61,
1906-09-02,77,68,
1906-09-03,78,58,
1906-09-04,76,52,
1906-09-05,78,56,
1906-09-06,85,55,
1906-09-07,89,52,
1906-09-08,86,67,
1906-09-09,87,58,
1906-09-10,89,61,
1906-09-11,91,61,
1906-09-12,86,64,
1906-09-13,71,58,
1906-09-14,75,50,
1906-09-15,85,51,
1906-09-16,91,55,
1906-09-17,91,55,
1906-09-18,91,57,
1906-09-19,79,65,
1906-09-20,82,61,
1906-09-21,87,58,
1906-09-22,82,62,
1906-09-23,77,56,
1906-09-24,78,50,
1906-09-25,83,49,
1906-09-26,74,62,
1906-09-27,73,53,
1906-09-28,68,58,
1906-09-29,68,57,
1906-09-30,65,48,
1906-10-01,68,43,
1906-10-02,70,42,
1906-10-03,74,55,
1906-10-04,72,60,
1906-10-05,65,54,
1906-10-06,58,42,
1906-10-07,72,47,
1906-10-08,78,50,
1906-10-09,55,37,
1906-10-10,40,31,
1906-10-11,43,20,
1906-10-12,64,37,
1906-10-13,75,45,
1906-10-14,75,44,
1906-10-15,75,51,
1906-10-16,77,49,
1906-10-17,75,53,
1906-10-18,64,59,
1906-10-19,65,46,
1906-10-20,67,39,
1906-10-21,67,43,
1906-10-22,68,48,
1906-10-23,65,49,
1906-10-24,60,46,
1906-10-25,57,43,
1906-10-26,70,42,
1906-10-27,63,38,
1906-10-28,40,32,
1906-10-29,53,28,
1906-10-30,44,32,
1906-10-31,43,25,
1906-11-01,50,23,
1906-11-02,57,26,
1906-11-03,58,38,
1906-11-04,63,36,
1906-11-05,68,36,
1906-11-06,70,42,
1906-11-07,69,38,
1906-11-08,64,45,
1906-11-09,55,40,
1906-11-10,48,30,
1906-11-11,39,30,
1906-11-12,38,28,
1906-11-13,36,24,
1906-11-14,37,20,
1906-11-15,42,25,
1906-11-16,51,24,
1906-11-17,53,39,
1906-11-18,42,32,
1906-11-19,34,27,
1906-11-20,37,32,
1906-11-21,60,29,
1906-11-22,41,25,
1906-11-23,46,27,
1906-11-24,45,22,
1906-11-25,54,33,
1906-11-26,57,40,
1906-11-27,40,32,
1906-11-28,36,29,
1906-11-29,41,25,
1906-11-30,45,37,
1906-12-01,43,28,
1906-12-02,35,21,
1906-12-03,41,29,
1906-12-04,46,22,
1906-12-05,61,38,
1906-12-06,59,18,
1906-12-07,25,13,
1906-12-08,51,24,
1906-12-09,39,35,
1906-12-10,38,33,
1906-12-11,39,31,
1906-12-12,51,28,
1906-12-13,53,43,
1906-12-14,54,35,
1906-12-15,35,24,
1906-12-16,32,23,
1906-12-17,32,27,
1906-12-18,33,21,
1906-12-19,31,14,
1906-12-20,33,21,
1906-12-21,31,26,
1906-12-22,26,19,
1906-12-23,27,12,
1906-12-24,31,7,
1906-12-25,31,19,
1906-12-26,34,16,
1906-12-27,37,33,
1906-12-28,35,31,
1906-12-29,37,NA,
1906-12-30,57,36,
1906-12-31,51,33,
1907-01-01,35,30,
1907-01-02,50,34,
1907-01-03,51,33,
1907-01-04,33,11,
1907-01-05,49,26,
1907-01-06,64,47,
1907-01-07,63,57,
1907-01-08,59,30,
1907-01-09,30,15,
1907-01-10,33,14,
1907-01-11,34,26,
1907-01-12,39,34,
1907-01-13,49,33,
1907-01-14,46,29,
1907-01-15,29,22,
1907-01-16,33,28,
1907-01-17,38,31,
1907-01-18,40,32,
1907-01-19,63,40,
1907-01-20,40,13,
1907-01-21,31,5,
1907-01-22,34,12,
1907-01-23,23,10,
1907-01-24,40,23,
1907-01-25,31,7,
1907-01-26,14,0,
1907-01-27,24,8,
1907-01-28,27,6,
1907-01-29,30,23,
1907-01-30,30,23,
1907-01-31,33,26,
1907-02-01,36,31,
1907-02-02,37,12,
1907-02-03,12,5,
1907-02-04,21,3,
1907-02-05,17,3,
1907-02-06,24,-3,
1907-02-07,25,16,
1907-02-08,33,17,
1907-02-09,39,27,
1907-02-10,40,28,
1907-02-11,32,25,
1907-02-12,37,18,
1907-02-13,58,27,
1907-02-14,42,15,
1907-02-15,50,20,
1907-02-16,50,31,
1907-02-17,52,32,
1907-02-18,58,34,
1907-02-19,45,31,
1907-02-20,37,20,
1907-02-21,24,17,
1907-02-22,24,7,
1907-02-23,30,21,
1907-02-24,35,28,
1907-02-25,43,26,
1907-02-26,39,28,
1907-02-27,48,25,
1907-02-28,49,38,
1907-03-01,53,31,
1907-03-02,38,25,
1907-03-03,37,25,
1907-03-04,33,24,
1907-03-05,42,29,
1907-03-06,34,23,
1907-03-07,44,33,
1907-03-08,38,31,
1907-03-09,37,31,
1907-03-10,38,28,
1907-03-11,45,21,
1907-03-12,55,41,
1907-03-13,42,34,
1907-03-14,40,29,
1907-03-15,54,31,
1907-03-16,60,35,
1907-03-17,56,39,
1907-03-18,57,30,
1907-03-19,77,50,
1907-03-20,57,33,
1907-03-21,85,44,
1907-03-22,82,59,
1907-03-23,81,59,
1907-03-24,60,43,
1907-03-25,76,40,
1907-03-26,81,60,
1907-03-27,79,61,
1907-03-28,72,60,
1907-03-29,66,46,
1907-03-30,56,38,
1907-03-31,48,29,
1907-04-01,43,22,
1907-04-02,56,28,
1907-04-03,63,37,
1907-04-04,66,48,
1907-04-05,55,34,
1907-04-06,53,27,
1907-04-07,42,39,
1907-04-08,43,35,
1907-04-09,38,30,
1907-04-10,37,29,
1907-04-11,44,27,
1907-04-12,39,31,
1907-04-13,35,29,
1907-04-14,42,24,
1907-04-15,45,29,
1907-04-16,45,32,
1907-04-17,49,27,
1907-04-18,46,36,
1907-04-19,47,32,
1907-04-20,54,30,
1907-04-21,59,28,
1907-04-22,67,33,
1907-04-23,61,45,
1907-04-24,72,40,
1907-04-25,58,36,
1907-04-26,52,34,
1907-04-27,62,33,
1907-04-28,77,48,
1907-04-29,62,38,
1907-04-30,43,36,
1907-05-01,54,30,
1907-05-02,60,36,
1907-05-03,56,36,
1907-05-04,52,33,
1907-05-05,52,36,
1907-05-06,58,40,
1907-05-07,61,45,
1907-05-08,67,48,
1907-05-09,75,50,
1907-05-10,63,37,
1907-05-11,55,31,
1907-05-12,76,40,
1907-05-13,81,55,
1907-05-14,78,58,
1907-05-15,58,41,
1907-05-16,57,36,
1907-05-17,78,46,
1907-05-18,77,60,
1907-05-19,66,50,
1907-05-20,58,40,
1907-05-21,61,33,
1907-05-22,80,46,
1907-05-23,84,60,
1907-05-24,77,58,
1907-05-25,73,60,
1907-05-26,74,53,
1907-05-27,56,40,
1907-05-28,63,36,
1907-05-29,66,48,
1907-05-30,72,54,
1907-05-31,62,50,
1907-06-01,54,48,
1907-06-02,58,45,
1907-06-03,69,42,
1907-06-04,71,56,
1907-06-05,71,46,
1907-06-06,71,48,
1907-06-07,74,55,
1907-06-08,67,57,
1907-06-09,75,55,
1907-06-10,77,64,
1907-06-11,79,54,
1907-06-12,78,55,
1907-06-13,75,56,
1907-06-14,79,53,
1907-06-15,85,51,
1907-06-16,88,55,
1907-06-17,90,62,
1907-06-18,89,59,
1907-06-19,81,64,
1907-06-20,81,66,
1907-06-21,87,68,
1907-06-22,88,66,
1907-06-23,87,66,
1907-06-24,70,63,
1907-06-25,78,58,
1907-06-26,74,58,
1907-06-27,73,53,
1907-06-28,75,56,
1907-06-29,82,53,
1907-06-30,85,61,
1907-07-01,85,59,
1907-07-02,73,58,
1907-07-03,80,48,
1907-07-04,89,62,
1907-07-05,93,68,
1907-07-06,93,62,
1907-07-07,88,62,
1907-07-08,93,67,
1907-07-09,90,69,
1907-07-10,86,72,
1907-07-11,77,65,
1907-07-12,79,58,
1907-07-13,81,61,
1907-07-14,82,60,
1907-07-15,85,67,
1907-07-16,87,71,
1907-07-17,85,65,
1907-07-18,86,65,
1907-07-19,88,65,
1907-07-20,88,66,
1907-07-21,90,66,
1907-07-22,88,68,
1907-07-23,89,66,
1907-07-24,91,69,
1907-07-25,90,72,
1907-07-26,76,60,
1907-07-27,80,51,
1907-07-28,69,64,
1907-07-29,83,60,
1907-07-30,85,60,
1907-07-31,82,63,
1907-08-01,82,59,
1907-08-02,72,52,
1907-08-03,75,55,
1907-08-04,77,50,
1907-08-05,82,62,
1907-08-06,84,63,
1907-08-07,85,64,
1907-08-08,77,63,
1907-08-09,86,61,
1907-08-10,87,64,
1907-08-11,90,65,
1907-08-12,80,68,
1907-08-13,83,57,
1907-08-14,73,67,
1907-08-15,84,65,
1907-08-16,84,65,
1907-08-17,81,65,
1907-08-18,84,62,
1907-08-19,86,64,
1907-08-20,72,56,
1907-08-21,73,52,
1907-08-22,73,51,
1907-08-23,75,62,
1907-08-24,80,65,
1907-08-25,77,54,
1907-08-26,79,51,
1907-08-27,86,67,
1907-08-28,80,63,
1907-08-29,83,67,
1907-08-30,92,71,
1907-08-31,NA,68,
1907-09-01,92,71,
1907-09-02,78,66,
1907-09-03,73,53,
1907-09-04,72,61,
1907-09-05,73,52,
1907-09-06,77,48,
1907-09-07,81,58,
1907-09-08,76,57,
1907-09-09,67,53,
1907-09-10,59,52,
1907-09-11,72,48,
1907-09-12,80,51,
1907-09-13,80,52,
1907-09-14,85,54,
1907-09-15,87,64,
1907-09-16,86,65,
1907-09-17,88,68,
1907-09-18,88,68,
1907-09-19,89,65,
1907-09-20,82,68,
1907-09-21,69,58,
1907-09-22,69,44,
1907-09-23,73,47,
1907-09-24,70,47,
1907-09-25,60,36,
1907-09-26,64,37,
1907-09-27,77,50,
1907-09-28,61,50,
1907-09-29,61,50,
1907-09-30,69,44,
1907-10-01,77,46,
1907-10-02,89,56,
1907-10-03,73,62,
1907-10-04,69,56,
1907-10-05,69,44,
1907-10-06,74,42,
1907-10-07,70,50,
1907-10-08,60,44,
1907-10-09,68,36,
1907-10-10,70,32,
1907-10-11,57,38,
1907-10-12,50,40,
1907-10-13,52,31,
1907-10-14,62,28,
1907-10-15,58,41,
1907-10-16,68,50,
1907-10-17,75,50,
1907-10-18,59,38,
1907-10-19,62,31,
1907-10-20,58,38,
1907-10-21,57,30,
1907-10-22,72,29,
1907-10-23,65,34,
1907-10-24,68,32,
1907-10-25,63,42,
1907-10-26,44,38,
1907-10-27,50,37,
1907-10-28,48,32,
1907-10-29,48,28,
1907-10-30,56,42,
1907-10-31,59,36,
1907-11-01,55,48,
1907-11-02,54,43,
1907-11-03,50,31,
1907-11-04,58,26,
1907-11-05,60,34,
1907-11-06,46,34,
1907-11-07,53,24,
1907-11-08,51,24,
1907-11-09,55,30,
1907-11-10,41,24,
1907-11-11,36,18,
1907-11-12,39,22,
1907-11-13,41,16,
1907-11-14,40,19,
1907-11-15,43,18,
1907-11-16,47,17,
1907-11-17,49,23,
1907-11-18,54,34,
1907-11-19,NA,38,
1907-11-20,54,32,
1907-11-21,51,37,
1907-11-22,44,30,
1907-11-23,46,27,
1907-11-24,50,24,
1907-11-25,57,27,
1907-11-26,50,26,
1907-11-27,48,26,
1907-11-28,47,24,
1907-11-29,42,23,
1907-11-30,37,27,
1907-12-01,34,21,
1907-12-02,28,17,
1907-12-03,28,23,
1907-12-04,32,19,
1907-12-05,37,13,
1907-12-06,52,26,
1907-12-07,44,30,
1907-12-08,55,39,
1907-12-09,54,41,
1907-12-10,43,26,
1907-12-11,32,21,
1907-12-12,38,18,
1907-12-13,33,27,
1907-12-14,33,27,
1907-12-15,33,26,
1907-12-16,36,25,
1907-12-17,35,23,
1907-12-18,30,22,
1907-12-19,32,22,
1907-12-20,36,26,
1907-12-21,31,27,
1907-12-22,32,28,
1907-12-23,35,26,
1907-12-24,36,23,
1907-12-25,38,24,
1907-12-26,48,20,
1907-12-27,62,46,
1907-12-28,54,28,
1907-12-29,46,29,
1907-12-30,42,21,
1907-12-31,40,16,
1908-01-01,44,28,
1908-01-02,42,20,
1908-01-03,41,23,
1908-01-04,42,31,
1908-01-05,39,21,
1908-01-06,43,17,
1908-01-07,44,26,
1908-01-08,36,24,
1908-01-09,32,11,
1908-01-10,43,24,
1908-01-11,42,33,
1908-01-12,33,32,
1908-01-13,48,21,
1908-01-14,31,7,
1908-01-15,39,23,
1908-01-16,25,14,
1908-01-17,35,12,
1908-01-18,39,16,
1908-01-19,46,21,
1908-01-20,47,30,
1908-01-21,52,34,
1908-01-22,36,26,
1908-01-23,29,11,
1908-01-24,29,2,
1908-01-25,41,19,
1908-01-26,42,26,
1908-01-27,29,11,
1908-01-28,41,18,
1908-01-29,18,3,
1908-01-30,29,8,
1908-01-31,35,NA,
1908-02-01,NA,3,
1908-02-02,23,-2,
1908-02-03,27,15,
1908-02-04,25,16,
1908-02-05,40,24,
1908-02-06,29,17,
1908-02-07,31,13,
1908-02-08,31,20,
1908-02-09,36,20,
1908-02-10,53,30,
1908-02-11,45,30,
1908-02-12,49,40,
1908-02-13,49,33,
1908-02-14,44,32,
1908-02-15,34,21,
1908-02-16,27,19,
1908-02-17,25,4,
1908-02-18,37,13,
1908-02-19,34,19,
1908-02-20,28,6,
1908-02-21,29,16,
1908-02-22,37,6,
1908-02-23,38,30,
1908-02-24,38,26,
1908-02-25,37,34,
1908-02-26,34,25,
1908-02-27,25,16,
1908-02-28,29,14,
1908-02-29,38,28,
1908-03-01,48,33,
1908-03-02,40,30,
1908-03-03,43,25,
1908-03-04,50,30,
1908-03-05,52,38,
1908-03-06,65,36,
1908-03-07,41,31,
1908-03-08,38,32,
1908-03-09,45,24,
1908-03-10,54,27,
1908-03-11,55,30,
1908-03-12,66,32,
1908-03-13,53,35,
1908-03-14,64,29,
1908-03-15,65,40,
1908-03-16,42,34,
1908-03-17,65,40,
1908-03-18,59,35,
1908-03-19,37,29,
1908-03-20,44,26,
1908-03-21,52,27,
1908-03-22,55,35,
1908-03-23,61,42,
1908-03-24,50,33,
1908-03-25,66,32,
1908-03-26,76,40,
1908-03-27,75,34,
1908-03-28,43,36,
1908-03-29,46,30,
1908-03-30,45,32,
1908-03-31,55,40,
1908-04-01,57,37,
1908-04-02,37,25,
1908-04-03,47,20,
1908-04-04,64,35,
1908-04-05,55,44,
1908-04-06,65,34,
1908-04-07,59,50,
1908-04-08,63,38,
1908-04-09,53,30,
1908-04-10,59,47,
1908-04-11,53,35,
1908-04-12,61,30,
1908-04-13,75,35,
1908-04-14,71,50,
1908-04-15,60,34,
1908-04-16,53,32,
1908-04-17,62,33,
1908-04-18,63,52,
1908-04-19,71,51,
1908-04-20,73,50,
1908-04-21,68,40,
1908-04-22,78,45,
1908-04-23,74,56,
1908-04-24,72,57,
1908-04-25,70,55,
1908-04-26,62,44,
1908-04-27,44,37,
1908-04-28,45,40,
1908-04-29,49,36,
1908-04-30,48,33,
1908-05-01,57,35,
1908-05-02,56,40,
1908-05-03,52,34,
1908-05-04,51,40,
1908-05-05,50,43,
1908-05-06,50,42,
1908-05-07,44,34,
1908-05-08,47,34,
1908-05-09,67,42,
1908-05-10,73,58,
1908-05-11,74,52,
1908-05-12,80,57,
1908-05-13,74,62,
1908-05-14,80,63,
1908-05-15,84,61,
1908-05-16,84,60,
1908-05-17,84,61,
1908-05-18,75,57,
1908-05-19,73,53,
1908-05-20,76,53,
1908-05-21,81,56,
1908-05-22,70,56,
1908-05-23,78,55,
1908-05-24,85,58,
1908-05-25,85,66,
1908-05-26,83,67,
1908-05-27,84,63,
1908-05-28,84,62,
1908-05-29,82,61,
1908-05-30,74,59,
1908-05-31,62,53,
1908-06-01,68,45,
1908-06-02,74,53,
1908-06-03,68,59,
1908-06-04,79,58,
1908-06-05,84,56,
1908-06-06,84,61,
1908-06-07,85,65,
1908-06-08,82,69,
1908-06-09,77,61,
1908-06-10,68,53,
1908-06-11,72,44,
1908-06-12,80,48,
1908-06-13,82,64,
1908-06-14,78,56,
1908-06-15,69,51,
1908-06-16,74,41,
1908-06-17,78,58,
1908-06-18,88,62,
1908-06-19,85,73,
1908-06-20,87,70,
1908-06-21,90,61,
1908-06-22,92,71,
1908-06-23,89,71,
1908-06-24,81,67,
1908-06-25,80,59,
1908-06-26,82,61,
1908-06-27,84,54,
1908-06-28,84,59,
1908-06-29,74,59,
1908-06-30,77,52,
1908-07-01,84,60,
1908-07-02,86,61,
1908-07-03,73,61,
1908-07-04,77,62,
1908-07-05,86,59,
1908-07-06,89,68,
1908-07-07,68,55,
1908-07-08,74,50,
1908-07-09,83,53,
1908-07-10,87,57,
1908-07-11,93,66,
1908-07-12,94,72,
1908-07-13,94,63,
1908-07-14,87,69,
1908-07-15,85,59,
1908-07-16,85,62,
1908-07-17,86,69,
1908-07-18,82,67,
1908-07-19,81,59,
1908-07-20,68,62,
1908-07-21,85,60,
1908-07-22,84,68,
1908-07-23,83,65,
1908-07-24,83,68,
1908-07-25,85,66,
1908-07-26,84,72,
1908-07-27,84,70,
1908-07-28,90,68,
1908-07-29,91,65,
1908-07-30,93,66,
1908-07-31,87,66,
1908-08-01,88,58,
1908-08-02,93,58,
1908-08-03,93,74,
1908-08-04,86,70,
1908-08-05,89,68,
1908-08-06,88,65,
1908-08-07,82,61,
1908-08-08,79,60,
1908-08-09,80,54,
1908-08-10,83,62,
1908-08-11,85,59,
1908-08-12,88,72,
1908-08-13,86,66,
1908-08-14,89,64,
1908-08-15,87,71,
1908-08-16,93,72,
1908-08-17,88,73,
1908-08-18,81,60,
1908-08-19,78,59,
1908-08-20,73,51,
1908-08-21,82,51,
1908-08-22,81,59,
1908-08-23,76,53,
1908-08-24,74,53,
1908-08-25,76,53,
1908-08-26,81,52,
1908-08-27,84,52,
1908-08-28,87,59,
1908-08-29,83,66,
1908-08-30,89,65,
1908-08-31,89,62,
1908-09-01,81,67,
1908-09-02,73,55,
1908-09-03,76,44,
1908-09-04,80,53,
1908-09-05,83,55,
1908-09-06,85,61,
1908-09-07,78,48,
1908-09-08,81,48,
1908-09-09,87,53,
1908-09-10,91,56,
1908-09-11,93,56,
1908-09-12,92,65,
1908-09-13,90,66,
1908-09-14,83,62,
1908-09-15,81,56,
1908-09-16,87,58,
1908-09-17,89,58,
1908-09-18,90,60,
1908-09-19,92,58,
1908-09-20,92,61,
1908-09-21,91,56,
1908-09-22,85,65,
1908-09-23,81,63,
1908-09-24,88,63,
1908-09-25,89,62,
1908-09-26,87,61,
1908-09-27,78,42,
1908-09-28,53,38,
1908-09-29,55,33,
1908-09-30,70,43,
1908-10-01,57,36,
1908-10-02,59,34,
1908-10-03,62,36,
1908-10-04,74,40,
1908-10-05,78,43,
1908-10-06,77,49,
1908-10-07,65,49,
1908-10-08,57,36,
1908-10-09,58,34,
1908-10-10,70,35,
1908-10-11,61,41,
1908-10-12,60,33,
1908-10-13,72,34,
1908-10-14,80,52,
1908-10-15,78,55,
1908-10-16,76,47,
1908-10-17,83,50,
1908-10-18,86,52,
1908-10-19,77,54,
1908-10-20,81,51,
1908-10-21,83,52,
1908-10-22,80,49,
1908-10-23,72,49,
1908-10-24,63,41,
1908-10-25,52,38,
1908-10-26,47,38,
1908-10-27,45,39,
1908-10-28,54,29,
1908-10-29,59,37,
1908-10-30,45,32,
1908-10-31,47,27,
1908-11-01,50,39,
1908-11-02,59,37,
1908-11-03,65,37,
1908-11-04,48,30,
1908-11-05,45,19,
1908-11-06,68,32,
1908-11-07,54,34,
1908-11-08,65,33,
1908-11-09,55,30,
1908-11-10,41,35,
1908-11-11,37,22,
1908-11-12,41,15,
1908-11-13,34,15,
1908-11-14,28,20,
1908-11-15,33,14,
1908-11-16,36,24,
1908-11-17,60,17,
1908-11-18,67,38,
1908-11-19,70,45,
1908-11-20,58,32,
1908-11-21,56,31,
1908-11-22,62,42,
1908-11-23,59,52,
1908-11-24,62,52,
1908-11-25,67,47,
1908-11-26,52,37,
1908-11-27,43,28,
1908-11-28,41,34,
1908-11-29,55,41,
1908-11-30,60,43,
1908-12-01,45,18,
1908-12-02,25,10,
1908-12-03,34,11,
1908-12-04,36,28,
1908-12-05,35,12,
1908-12-06,35,30,
1908-12-07,32,10,
1908-12-08,30,4,
1908-12-09,33,17,
1908-12-10,40,19,
1908-12-11,42,26,
1908-12-12,39,22,
1908-12-13,41,25,
1908-12-14,55,25,
1908-12-15,48,36,
1908-12-16,53,40,
1908-12-17,62,45,
1908-12-18,49,32,
1908-12-19,39,24,
1908-12-20,39,18,
1908-12-21,36,23,
1908-12-22,40,21,
1908-12-23,38,22,
1908-12-24,49,32,
1908-12-25,39,25,
1908-12-26,45,21,
1908-12-27,41,29,
1908-12-28,48,23,
1908-12-29,51,27,
1908-12-30,48,24,
1908-12-31,25,13,
1909-01-01,25,14,
1909-01-02,36,17,
1909-01-03,47,35,
1909-01-04,50,39,
1909-01-05,50,20,
1909-01-06,20,-2,
1909-01-07,16,-2,
1909-01-08,30,14,
1909-01-09,35,23,
1909-01-10,41,16,
1909-01-11,16,5,
1909-01-12,14,0,
1909-01-13,23,4,
1909-01-14,33,22,
1909-01-15,33,29,
1909-01-16,32,19,
1909-01-17,27,18,
1909-01-18,31,6,
1909-01-19,33,27,
1909-01-20,37,29,
1909-01-21,48,36,
1909-01-22,57,45,
1909-01-23,70,50,
1909-01-24,63,41,
1909-01-25,45,34,
1909-01-26,45,25,
1909-01-27,47,31,
1909-01-28,39,28,
1909-01-29,45,16,
1909-01-30,16,0,
1909-01-31,19,-1,
1909-02-01,26,1,
1909-02-02,44,16,
1909-02-03,48,31,
1909-02-04,59,35,
1909-02-05,53,31,
1909-02-06,41,28,
1909-02-07,37,31,
1909-02-08,42,26,
1909-02-09,50,17,
1909-02-10,26,8,
1909-02-11,38,14,
1909-02-12,43,30,
1909-02-13,41,32,
1909-02-14,38,25,
1909-02-15,25,18,
1909-02-16,23,8,
1909-02-17,35,2,
1909-02-18,42,28,
1909-02-19,42,30,
1909-02-20,45,27,
1909-02-21,52,32,
1909-02-22,52,34,
1909-02-23,60,45,
1909-02-24,45,21,
1909-02-25,32,13,
1909-02-26,51,30,
1909-02-27,41,31,
1909-02-28,42,26,
1909-03-01,61,35,
1909-03-02,59,32,
1909-03-03,51,33,
1909-03-04,42,26,
1909-03-05,49,27,
1909-03-06,45,32,
1909-03-07,57,30,
1909-03-08,45,35,
1909-03-09,63,37,
1909-03-10,45,31,
1909-03-11,37,24,
1909-03-12,47,30,
1909-03-13,45,34,
1909-03-14,35,26,
1909-03-15,40,23,
1909-03-16,36,24,
1909-03-17,34,14,
1909-03-18,45,28,
1909-03-19,46,35,
1909-03-20,43,30,
1909-03-21,47,26,
1909-03-22,46,26,
1909-03-23,52,29,
1909-03-24,54,34,
1909-03-25,45,33,
1909-03-26,57,27,
1909-03-27,47,32,
1909-03-28,44,31,
1909-03-29,39,30,
1909-03-30,47,31,
1909-03-31,46,31,
1909-04-01,52,32,
1909-04-02,50,36,
1909-04-03,50,36,
1909-04-04,65,40,
1909-04-05,75,53,
1909-04-06,74,54,
1909-04-07,54,37,
1909-04-08,43,30,
1909-04-09,39,25,
1909-04-10,40,22,
1909-04-11,62,28,
1909-04-12,59,51,
1909-04-13,51,32,
1909-04-14,52,32,
1909-04-15,63,41,
1909-04-16,70,50,
1909-04-17,75,49,
1909-04-18,74,59,
1909-04-19,67,40,
1909-04-20,49,40,
1909-04-21,58,44,
1909-04-22,53,37,
1909-04-23,49,32,
1909-04-24,62,35,
1909-04-25,67,42,
1909-04-26,68,31,
1909-04-27,57,46,
1909-04-28,53,36,
1909-04-29,80,49,
1909-04-30,65,40,
1909-05-01,40,33,
1909-05-02,52,32,
1909-05-03,54,36,
1909-05-04,67,44,
1909-05-05,85,46,
1909-05-06,78,56,
1909-05-07,66,40,
1909-05-08,62,45,
1909-05-09,62,46,
1909-05-10,56,40,
1909-05-11,63,35,
1909-05-12,71,NA,
1909-05-13,71,58,
1909-05-14,77,57,
1909-05-15,78,57,
1909-05-16,73,50,
1909-05-17,76,45,
1909-05-18,74,49,
1909-05-19,70,52,
1909-05-20,73,50,
1909-05-21,73,49,
1909-05-22,74,49,
1909-05-23,75,49,
1909-05-24,69,50,
1909-05-25,59,51,
1909-05-26,67,54,
1909-05-27,70,54,
1909-05-28,75,50,
1909-05-29,83,59,
1909-05-30,80,62,
1909-05-31,70,60,
1909-06-01,78,54,
1909-06-02,71,62,
1909-06-03,78,60,
1909-06-04,76,59,
1909-06-05,84,61,
1909-06-06,85,60,
1909-06-07,85,66,
1909-06-08,85,62,
1909-06-09,78,68,
1909-06-10,72,57,
1909-06-11,79,54,
1909-06-12,81,59,
1909-06-13,80,63,
1909-06-14,72,58,
1909-06-15,71,47,
1909-06-16,79,45,
1909-06-17,78,47,
1909-06-18,72,42,
1909-06-19,78,46,
1909-06-20,84,53,
1909-06-21,76,66,
1909-06-22,82,63,
1909-06-23,85,69,
1909-06-24,91,68,
1909-06-25,87,63,
1909-06-26,85,66,
1909-06-27,85,69,
1909-06-28,88,67,
1909-06-29,90,71,
1909-06-30,87,65,
1909-07-01,90,62,
1909-07-02,92,62,
1909-07-03,72,58,
1909-07-04,75,49,
1909-07-05,62,57,
1909-07-06,71,58,
1909-07-07,74,62,
1909-07-08,82,61,
1909-07-09,85,58,
1909-07-10,81,64,
1909-07-11,80,66,
1909-07-12,79,61,
1909-07-13,82,63,
1909-07-14,82,63,
1909-07-15,85,65,
1909-07-16,81,60,
1909-07-17,83,61,
1909-07-18,80,61,
1909-07-19,78,50,
1909-07-20,81,56,
1909-07-21,84,57,
1909-07-22,84,67,
1909-07-23,79,61,
1909-07-24,80,50,
1909-07-25,81,58,
1909-07-26,67,61,
1909-07-27,78,61,
1909-07-28,89,72,
1909-07-29,93,76,
1909-07-30,91,73,
1909-07-31,80,69,
1909-08-01,87,62,
1909-08-02,91,64,
1909-08-03,89,67,
1909-08-04,88,72,
1909-08-05,88,66,
1909-08-06,86,65,
1909-08-07,88,63,
1909-08-08,91,65,
1909-08-09,91,70,
1909-08-10,85,70,
1909-08-11,89,64,
1909-08-12,93,70,
1909-08-13,90,70,
1909-08-14,94,70,
1909-08-15,92,73,
1909-08-16,91,67,
1909-08-17,79,61,
1909-08-18,84,64,
1909-08-19,89,60,
1909-08-20,82,62,
1909-08-21,80,50,
1909-08-22,83,53,
1909-08-23,87,55,
1909-08-24,91,61,
1909-08-25,88,65,
1909-08-26,87,67,
1909-08-27,92,73,
1909-08-28,91,66,
1909-08-29,74,56,
1909-08-30,79,50,
1909-08-31,84,55,
1909-09-01,68,47,
1909-09-02,73,44,
1909-09-03,83,56,
1909-09-04,70,61,
1909-09-05,68,55,
1909-09-06,65,50,
1909-09-07,74,57,
1909-09-08,75,55,
1909-09-09,80,64,
1909-09-10,82,62,
1909-09-11,83,57,
1909-09-12,87,58,
1909-09-13,90,63,
1909-09-14,86,66,
1909-09-15,73,57,
1909-09-16,73,46,
1909-09-17,80,48,
1909-09-18,81,54,
1909-09-19,83,53,
1909-09-20,85,61,
1909-09-21,69,62,
1909-09-22,77,58,
1909-09-23,67,50,
1909-09-24,67,45,
1909-09-25,65,40,
1909-09-26,59,41,
1909-09-27,60,36,
1909-09-28,66,39,
1909-09-29,71,49,
1909-09-30,65,43,
1909-10-01,NA,NA,
1909-10-02,NA,NA,
1909-10-03,NA,NA,
1909-10-04,NA,NA,
1909-10-05,69,44,
1909-10-06,74,41,
1909-10-07,79,45,
1909-10-08,80,48,
1909-10-09,75,52,
1909-10-10,60,48,
1909-10-11,48,36,
1909-10-12,36,29,
1909-10-13,42,21,
1909-10-14,48,25,
1909-10-15,52,29,
1909-10-16,53,34,
1909-10-17,46,35,
1909-10-18,49,37,
1909-10-19,54,31,
1909-10-20,57,39,
1909-10-21,70,50,
1909-10-22,57,41,
1909-10-23,44,35,
1909-10-24,47,33,
1909-10-25,58,32,
1909-10-26,65,39,
1909-10-27,54,37,
1909-10-28,45,26,
1909-10-29,56,29,
1909-10-30,70,36,
1909-10-31,75,45,
1909-11-01,62,49,
1909-11-02,61,43,
1909-11-03,66,34,
1909-11-04,66,42,
1909-11-05,71,42,
1909-11-06,73,42,
1909-11-07,74,54,
1909-11-08,69,45,
1909-11-09,57,45,
1909-11-10,70,47,
1909-11-11,73,58,
1909-11-12,71,47,
1909-11-13,73,51,
1909-11-14,64,48,
1909-11-15,48,32,
1909-11-16,60,35,
1909-11-17,35,27,
1909-11-18,36,19,
1909-11-19,55,34,
1909-11-20,61,43,
1909-11-21,56,44,
1909-11-22,61,31,
1909-11-23,39,24,
1909-11-24,46,27,
1909-11-25,56,31,
1909-11-26,61,36,
1909-11-27,70,40,
1909-11-28,69,45,
1909-11-29,50,38,
1909-11-30,52,28,
1909-12-01,58,31,
1909-12-02,52,45,
1909-12-03,56,45,
1909-12-04,60,43,
1909-12-05,57,21,
1909-12-06,31,19,
1909-12-07,28,1,
1909-12-08,4,-6,
1909-12-09,8,-7,
1909-12-10,20,-4,
1909-12-11,34,20,
1909-12-12,36,33,
1909-12-13,33,28,
1909-12-14,29,25,
1909-12-15,25,18,
1909-12-16,32,6,
1909-12-17,32,2,
1909-12-18,9,-3,
1909-12-19,13,-3,
1909-12-20,18,-1,
1909-12-21,16,10,
1909-12-22,23,14,
1909-12-23,20,11,
1909-12-24,31,10,
1909-12-25,29,20,
1909-12-26,20,-2,
1909-12-27,16,7,
1909-12-28,21,2,
1909-12-29,7,-8,
1909-12-30,16,-13,
1909-12-31,33,10,
1910-01-01,40,27,
1910-01-02,36,25,
1910-01-03,30,11,
1910-01-04,28,2,
1910-01-05,33,10,
1910-01-06,10,-1,
1910-01-07,24,-1,
1910-01-08,33,18,
1910-01-09,26,8,
1910-01-10,28,3,
1910-01-11,34,21,
1910-01-12,34,34,
1910-01-13,35,33,
1910-01-14,33,26,
1910-01-15,29,22,
1910-01-16,31,26,
1910-01-17,46,31,
1910-01-18,46,28,
1910-01-19,46,25,
1910-01-20,42,32,
1910-01-21,32,20,
1910-01-22,29,16,
1910-01-23,35,25,
1910-01-24,32,24,
1910-01-25,38,24,
1910-01-26,47,37,
1910-01-27,38,29,
1910-01-28,30,22,
1910-01-29,31,24,
1910-01-30,30,23,
1910-01-31,28,10,
1910-02-01,40,14,
1910-02-02,46,33,
1910-02-03,35,28,
1910-02-04,38,24,
1910-02-05,35,18,
1910-02-06,23,10,
1910-02-07,35,12,
1910-02-08,47,28,
1910-02-09,31,21,
1910-02-10,32,15,
1910-02-11,34,22,
1910-02-12,34,12,
1910-02-13,36,9,
1910-02-14,48,27,
1910-02-15,59,34,
1910-02-16,34,17,
1910-02-17,17,4,
1910-02-18,15,-12,
1910-02-19,27,0,
1910-02-20,38,18,
1910-02-21,36,25,
1910-02-22,30,11,
1910-02-23,11,-4,
1910-02-24,22,1,
1910-02-25,34,11,
1910-02-26,40,34,
1910-02-27,39,27,
1910-02-28,36,24,
1910-03-01,41,32,
1910-03-02,51,33,
1910-03-03,52,33,
1910-03-04,67,36,
1910-03-05,73,42,
1910-03-06,64,38,
1910-03-07,47,33,
1910-03-08,50,26,
1910-03-09,41,27,
1910-03-10,43,25,
1910-03-11,55,26,
1910-03-12,52,35,
1910-03-13,58,37,
1910-03-14,42,27,
1910-03-15,45,17,
1910-03-16,60,32,
1910-03-17,64,29,
1910-03-18,69,40,
1910-03-19,70,42,
1910-03-20,65,38,
1910-03-21,68,31,
1910-03-22,77,47,
1910-03-23,84,37,
1910-03-24,85,56,
1910-03-25,77,48,
1910-03-26,70,49,
1910-03-27,83,50,
1910-03-28,83,53,
1910-03-29,77,55,
1910-03-30,75,55,
1910-03-31,61,40,
1910-04-01,67,39,
1910-04-02,71,39,
1910-04-03,69,56,
1910-04-04,75,58,
1910-04-05,68,45,
1910-04-06,47,40,
1910-04-07,66,32,
1910-04-08,76,39,
1910-04-09,75,42,
1910-04-10,80,52,
1910-04-11,74,47,
1910-04-12,62,44,
1910-04-13,71,32,
1910-04-14,79,42,
1910-04-15,76,56,
1910-04-16,62,39,
1910-04-17,42,32,
1910-04-18,37,30,
1910-04-19,51,33,
1910-04-20,58,36,
1910-04-21,66,33,
1910-04-22,65,44,
1910-04-23,45,23,
1910-04-24,41,23,
1910-04-25,41,32,
1910-04-26,44,32,
1910-04-27,57,42,
1910-04-28,75,43,
1910-04-29,84,55,
1910-04-30,74,58,
1910-05-01,72,51,
1910-05-02,68,42,
1910-05-03,54,40,
1910-05-04,58,34,
1910-05-05,60,36,
1910-05-06,62,44,
1910-05-07,53,45,
1910-05-08,51,47,
1910-05-09,73,42,
1910-05-10,75,52,
1910-05-11,63,44,
1910-05-12,60,46,
1910-05-13,56,42,
1910-05-14,61,37,
1910-05-15,60,43,
1910-05-16,67,53,
1910-05-17,64,54,
1910-05-18,74,45,
1910-05-19,73,50,
1910-05-20,78,58,
1910-05-21,73,63,
1910-05-22,78,59,
1910-05-23,71,58,
1910-05-24,67,52,
1910-05-25,65,46,
1910-05-26,68,44,
1910-05-27,69,39,
1910-05-28,79,50,
1910-05-29,73,58,
1910-05-30,67,56,
1910-05-31,67,44,
1910-06-01,72,44,
1910-06-02,59,45,
1910-06-03,58,38,
1910-06-04,65,50,
1910-06-05,70,56,
1910-06-06,70,47,
1910-06-07,70,39,
1910-06-08,74,54,
1910-06-09,71,56,
1910-06-10,71,55,
1910-06-11,76,48,
1910-06-12,80,48,
1910-06-13,84,56,
1910-06-14,83,55,
1910-06-15,89,61,
1910-06-16,89,65,
1910-06-17,89,64,
1910-06-18,90,66,
1910-06-19,95,67,
1910-06-20,89,66,
1910-06-21,92,65,
1910-06-22,93,66,
1910-06-23,92,68,
1910-06-24,92,64,
1910-06-25,91,67,
1910-06-26,93,65,
1910-06-27,76,67,
1910-06-28,85,61,
1910-06-29,87,63,
1910-06-30,91,70,
1910-07-01,90,69,
1910-07-02,88,71,
1910-07-03,84,68,
1910-07-04,76,62,
1910-07-05,84,62,
1910-07-06,88,69,
1910-07-07,90,66,
1910-07-08,91,63,
1910-07-09,88,69,
1910-07-10,82,65,
1910-07-11,85,60,
1910-07-12,84,67,
1910-07-13,81,61,
1910-07-14,87,62,
1910-07-15,84,70,
1910-07-16,84,68,
1910-07-17,76,64,
1910-07-18,78,55,
1910-07-19,80,54,
1910-07-20,84,54,
1910-07-21,83,61,
1910-07-22,85,63,
1910-07-23,87,64,
1910-07-24,92,72,
1910-07-25,93,70,
1910-07-26,88,66,
1910-07-27,93,71,
1910-07-28,82,62,
1910-07-29,84,69,
1910-07-30,83,64,
1910-07-31,81,57,
1910-08-01,85,60,
1910-08-02,88,66,
1910-08-03,85,65,
1910-08-04,81,62,
1910-08-05,81,54,
1910-08-06,82,54,
1910-08-07,71,63,
1910-08-08,82,56,
1910-08-09,80,62,
1910-08-10,82,55,
1910-08-11,83,55,
1910-08-12,85,56,
1910-08-13,84,57,
1910-08-14,88,60,
1910-08-15,90,60,
1910-08-16,89,68,
1910-08-17,89,68,
1910-08-18,75,68,
1910-08-19,80,60,
1910-08-20,83,60,
1910-08-21,84,66,
1910-08-22,87,62,
1910-08-23,85,58,
1910-08-24,83,65,
1910-08-25,80,70,
1910-08-26,70,46,
1910-08-27,74,48,
1910-08-28,79,49,
1910-08-29,84,49,
1910-08-30,90,60,
1910-08-31,78,65,
1910-09-01,70,60,
1910-09-02,79,55,
1910-09-03,81,63,
1910-09-04,80,61,
1910-09-05,82,71,
1910-09-06,81,67,
1910-09-07,80,64,
1910-09-08,87,67,
1910-09-09,74,53,
1910-09-10,70,44,
1910-09-11,81,45,
1910-09-12,82,61,
1910-09-13,65,58,
1910-09-14,69,51,
1910-09-15,70,49,
1910-09-16,76,48,
1910-09-17,80,48,
1910-09-18,86,63,
1910-09-19,79,61,
1910-09-20,81,60,
1910-09-21,80,55,
1910-09-22,80,54,
1910-09-23,70,60,
1910-09-24,70,58,
1910-09-25,69,52,
1910-09-26,74,51,
1910-09-27,67,49,
1910-09-28,71,41,
1910-09-29,74,43,
1910-09-30,80,50,
1910-10-01,77,58,
1910-10-02,78,47,
1910-10-03,81,50,
1910-10-04,73,62,
1910-10-05,71,63,
1910-10-06,66,47,
1910-10-07,63,38,
1910-10-08,70,38,
1910-10-09,65,48,
1910-10-10,70,42,
1910-10-11,75,42,
1910-10-12,80,46,
1910-10-13,79,53,
1910-10-14,82,52,
1910-10-15,80,54,
1910-10-16,83,57,
1910-10-17,83,57,
1910-10-18,82,52,
1910-10-19,82,56,
1910-10-20,59,47,
1910-10-21,51,40,
1910-10-22,57,35,
1910-10-23,65,32,
1910-10-24,68,42,
1910-10-25,61,40,
1910-10-26,75,37,
1910-10-27,68,37,
1910-10-28,40,30,
1910-10-29,41,21,
1910-10-30,60,27,
1910-10-31,65,34,
1910-11-01,58,38,
1910-11-02,46,23,
1910-11-03,47,21,
1910-11-04,49,24,
1910-11-05,42,30,
1910-11-06,45,23,
1910-11-07,61,26,
1910-11-08,52,27,
1910-11-09,70,40,
1910-11-10,63,35,
1910-11-11,37,20,
1910-11-12,41,19,
1910-11-13,47,24,
1910-11-14,44,34,
1910-11-15,35,32,
1910-11-16,33,27,
1910-11-17,32,23,
1910-11-18,47,19,
1910-11-19,43,18,
1910-11-20,48,17,
1910-11-21,43,26,
1910-11-22,46,17,
1910-11-23,56,33,
1910-11-24,55,33,
1910-11-25,54,30,
1910-11-26,50,29,
1910-11-27,49,38,
1910-11-28,43,28,
1910-11-29,34,23,
1910-11-30,28,19,
1910-12-01,26,20,
1910-12-02,30,18,
1910-12-03,31,21,
1910-12-04,28,13,
1910-12-05,29,23,
1910-12-06,28,20,
1910-12-07,30,18,
1910-12-08,30,7,
1910-12-09,35,18,
1910-12-10,34,25,
1910-12-11,29,15,
1910-12-12,23,6,
1910-12-13,34,8,
1910-12-14,44,18,
1910-12-15,40,26,
1910-12-16,37,18,
1910-12-17,46,21,
1910-12-18,33,25,
1910-12-19,42,28,
1910-12-20,28,12,
1910-12-21,30,5,
1910-12-22,35,20,
1910-12-23,35,15,
1910-12-24,22,7,
1910-12-25,32,4,
1910-12-26,37,21,
1910-12-27,41,21,
1910-12-28,44,26,
1910-12-29,36,26,
1910-12-30,32,17,
1910-12-31,41,26,
1911-01-01,43,35,
1911-01-02,45,5,
1911-01-03,9,1,
1911-01-04,20,0,
1911-01-05,35,4,
1911-01-06,36,11,
1911-01-07,45,26,
1911-01-08,42,25,
1911-01-09,30,12,
1911-01-10,51,24,
1911-01-11,58,37,
1911-01-12,37,33,
1911-01-13,36,31,
1911-01-14,36,27,
1911-01-15,27,11,
1911-01-16,23,14,
1911-01-17,22,10,
1911-01-18,27,0,
1911-01-19,33,19,
1911-01-20,39,31,
1911-01-21,39,21,
1911-01-22,26,17,
1911-01-23,37,16,
1911-01-24,42,23,
1911-01-25,40,34,
1911-01-26,57,39,
1911-01-27,57,38,
1911-01-28,40,31,
1911-01-29,54,36,
1911-01-30,42,20,
1911-01-31,42,27,
1911-02-01,63,35,
1911-02-02,53,24,
1911-02-03,39,25,
1911-02-04,34,24,
1911-02-05,30,26,
1911-02-06,34,24,
1911-02-07,30,21,
1911-02-08,33,19,
1911-02-09,32,20,
1911-02-10,30,11,
1911-02-11,46,25,
1911-02-12,36,35,
1911-02-13,52,36,
1911-02-14,56,40,
1911-02-15,55,36,
1911-02-16,58,41,
1911-02-17,69,39,
1911-02-18,39,35,
1911-02-19,35,25,
1911-02-20,25,17,
1911-02-21,21,12,
1911-02-22,34,16,
1911-02-23,39,19,
1911-02-24,45,25,
1911-02-25,49,24,
1911-02-26,41,36,
1911-02-27,36,26,
1911-02-28,30,25,
1911-03-01,38,21,
1911-03-02,41,26,
1911-03-03,53,28,
1911-03-04,41,24,
1911-03-05,42,29,
1911-03-06,42,34,
1911-03-07,40,32,
1911-03-08,51,26,
1911-03-09,67,34,
1911-03-10,53,32,
1911-03-11,67,45,
1911-03-12,64,33,
1911-03-13,46,26,
1911-03-14,54,27,
1911-03-15,46,16,
1911-03-16,31,10,
1911-03-17,56,26,
1911-03-18,44,27,
1911-03-19,58,29,
1911-03-20,63,34,
1911-03-21,73,40,
1911-03-22,60,37,
1911-03-23,46,26,
1911-03-24,48,22,
1911-03-25,65,26,
1911-03-26,54,44,
1911-03-27,54,26,
1911-03-28,46,26,
1911-03-29,43,34,
1911-03-30,36,30,
1911-03-31,41,27,
1911-04-01,40,26,
1911-04-02,40,29,
1911-04-03,38,32,
1911-04-04,59,36,
1911-04-05,44,37,
1911-04-06,65,37,
1911-04-07,45,28,
1911-04-08,45,31,
1911-04-09,51,29,
1911-04-10,56,33,
1911-04-11,50,46,
1911-04-12,65,48,
1911-04-13,67,52,
1911-04-14,52,41,
1911-04-15,57,40,
1911-04-16,62,34,
1911-04-17,67,38,
1911-04-18,57,49,
1911-04-19,57,49,
1911-04-20,65,44,
1911-04-21,64,49,
1911-04-22,53,35,
1911-04-23,55,33,
1911-04-24,57,37,
1911-04-25,65,35,
1911-04-26,72,45,
1911-04-27,64,46,
1911-04-28,60,46,
1911-04-29,69,54,
1911-04-30,70,60,
1911-05-01,65,39,
1911-05-02,52,35,
1911-05-03,53,34,
1911-05-04,63,36,
1911-05-05,61,36,
1911-05-06,69,44,
1911-05-07,75,50,
1911-05-08,80,52,
1911-05-09,85,59,
1911-05-10,82,59,
1911-05-11,76,63,
1911-05-12,80,52,
1911-05-13,75,48,
1911-05-14,77,52,
1911-05-15,86,52,
1911-05-16,87,61,
1911-05-17,88,65,
1911-05-18,90,66,
1911-05-19,88,72,
1911-05-20,83,67,
1911-05-21,79,65,
1911-05-22,74,65,
1911-05-23,74,58,
1911-05-24,85,52,
1911-05-25,93,63,
1911-05-26,95,66,
1911-05-27,93,68,
1911-05-28,89,65,
1911-05-29,84,62,
1911-05-30,82,63,
1911-05-31,83,60,
1911-06-01,80,51,
1911-06-02,77,61,
1911-06-03,92,64,
1911-06-04,98,64,
1911-06-05,96,70,
1911-06-06,93,65,
1911-06-07,84,63,
1911-06-08,86,54,
1911-06-09,95,62,
1911-06-10,98,68,
1911-06-11,86,68,
1911-06-12,71,58,
1911-06-13,80,59,
1911-06-14,80,55,
1911-06-15,83,50,
1911-06-16,86,67,
1911-06-17,88,62,
1911-06-18,79,65,
1911-06-19,85,59,
1911-06-20,92,60,
1911-06-21,94,60,
1911-06-22,96,61,
1911-06-23,90,66,
1911-06-24,80,68,
1911-06-25,84,68,
1911-06-26,85,73,
1911-06-27,84,68,
1911-06-28,82,55,
1911-06-29,87,55,
1911-06-30,93,62,
1911-07-01,96,67,
1911-07-02,98,67,
1911-07-03,99,72,
1911-07-04,102,NA,
1911-07-05,100,NA,
1911-07-06,94,74,
1911-07-07,96,68,
1911-07-08,93,68,
1911-07-09,94,70,
1911-07-10,90,74,
1911-07-11,99,70,
1911-07-12,87,62,
1911-07-13,84,59,
1911-07-14,89,61,
1911-07-15,93,57,
1911-07-16,81,65,
1911-07-17,86,55,
1911-07-18,82,52,
1911-07-19,76,67,
1911-07-20,88,67,
1911-07-21,89,62,
1911-07-22,86,54,
1911-07-23,78,67,
1911-07-24,76,55,
1911-07-25,74,48,
1911-07-26,75,47,
1911-07-27,82,53,
1911-07-28,85,54,
1911-07-29,86,67,
1911-07-30,84,67,
1911-07-31,85,65,
1911-08-01,85,66,
1911-08-02,80,63,
1911-08-03,85,60,
1911-08-04,89,66,
1911-08-05,88,66,
1911-08-06,91,67,
1911-08-07,87,67,
1911-08-08,90,71,
1911-08-09,94,62,
1911-08-10,97,66,
1911-08-11,92,65,
1911-08-12,88,69,
1911-08-13,91,69,
1911-08-14,90,70,
1911-08-15,93,68,
1911-08-16,97,61,
1911-08-17,93,65,
1911-08-18,88,65,
1911-08-19,81,59,
1911-08-20,81,53,
1911-08-21,86,53,
1911-08-22,79,64,
1911-08-23,71,58,
1911-08-24,62,56,
1911-08-25,75,56,
1911-08-26,78,56,
1911-08-27,86,60,
1911-08-28,76,56,
1911-08-29,71,50,
1911-08-30,75,49,
1911-08-31,83,52,
1911-09-01,89,61,
1911-09-02,90,65,
1911-09-03,81,63,
1911-09-04,86,60,
1911-09-05,80,61,
1911-09-06,80,61,
1911-09-07,77,62,
1911-09-08,77,65,
1911-09-09,76,62,
1911-09-10,74,66,
1911-09-11,82,62,
1911-09-12,75,61,
1911-09-13,72,52,
1911-09-14,89,62,
1911-09-15,75,63,
1911-09-16,80,59,
1911-09-17,78,52,
1911-09-18,82,63,
1911-09-19,72,56,
1911-09-20,72,50,
1911-09-21,68,52,
1911-09-22,71,48,
1911-09-23,77,53,
1911-09-24,68,58,
1911-09-25,74,60,
1911-09-26,70,55,
1911-09-27,85,64,
1911-09-28,70,68,
1911-09-29,73,56,
1911-09-30,NA,43,
1911-10-01,73,NA,
1911-10-02,71,55,
1911-10-03,84,55,
1911-10-04,68,54,
1911-10-05,61,45,
1911-10-06,81,57,
1911-10-07,75,47,
1911-10-08,64,42,
1911-10-09,67,47,
1911-10-10,65,48,
1911-10-11,70,47,
1911-10-12,71,45,
1911-10-13,66,46,
1911-10-14,71,52,
1911-10-15,69,42,
1911-10-16,70,60,
1911-10-17,64,48,
1911-10-18,68,42,
1911-10-19,67,44,
1911-10-20,51,45,
1911-10-21,44,38,
1911-10-22,52,36,
1911-10-23,51,35,
1911-10-24,56,29,
1911-10-25,63,36,
1911-10-26,55,41,
1911-10-27,44,33,
1911-10-28,48,32,
1911-10-29,52,29,
1911-10-30,48,41,
1911-10-31,48,36,
1911-11-01,42,27,
1911-11-02,35,20,
1911-11-03,37,20,
1911-11-04,46,32,
1911-11-05,48,37,
1911-11-06,56,45,
1911-11-07,50,36,
1911-11-08,50,34,
1911-11-09,51,36,
1911-11-10,61,43,
1911-11-11,75,43,
1911-11-12,43,9,
1911-11-13,26,10,
1911-11-14,35,26,
1911-11-15,36,26,
1911-11-16,41,23,
1911-11-17,56,31,
1911-11-18,37,30,
1911-11-19,36,24,
1911-11-20,36,26,
1911-11-21,37,25,
1911-11-22,43,29,
1911-11-23,41,24,
1911-11-24,30,20,
1911-11-25,43,22,
1911-11-26,52,31,
1911-11-27,54,32,
1911-11-28,42,21,
1911-11-29,22,12,
1911-11-30,34,13,
1911-12-01,38,24,
1911-12-02,37,25,
1911-12-03,35,26,
1911-12-04,36,13,
1911-12-05,43,25,
1911-12-06,48,27,
1911-12-07,53,33,
1911-12-08,52,43,
1911-12-09,53,49,
1911-12-10,61,44,
1911-12-11,47,32,
1911-12-12,32,29,
1911-12-13,41,23,
1911-12-14,34,28,
1911-12-15,36,30,
1911-12-16,36,30,
1911-12-17,32,23,
1911-12-18,36,26,
1911-12-19,38,25,
1911-12-20,35,25,
1911-12-21,48,35,
1911-12-22,43,31,
1911-12-23,31,25,
1911-12-24,44,25,
1911-12-25,34,31,
1911-12-26,45,30,
1911-12-27,31,13,
1911-12-28,25,8,
1911-12-29,35,19,
1911-12-30,36,32,
1911-12-31,32,13,
1912-01-01,23,10,
1912-01-02,20,12,
1912-01-03,25,6,
1912-01-04,14,-1,
1912-01-05,1,-6,
1912-01-06,-1,-10,
1912-01-07,-3,-22,
1912-01-08,7,-5,
1912-01-09,12,-7,
1912-01-10,7,-4,
1912-01-11,2,-1,
1912-01-12,4,-12,
1912-01-13,12,-12,
1912-01-14,20,11,
1912-01-15,16,-5,
1912-01-16,11,-14,
1912-01-17,36,11,
1912-01-18,41,20,
1912-01-19,20,6,
1912-01-20,25,7,
1912-01-21,40,8,
1912-01-22,42,29,
1912-01-23,41,33,
1912-01-24,33,13,
1912-01-25,30,17,
1912-01-26,36,25,
1912-01-27,32,21,
1912-01-28,31,24,
1912-01-29,25,20,
1912-01-30,23,14,
1912-01-31,32,13,
1912-02-01,31,18,
1912-02-02,20,4,
1912-02-03,8,-3,
1912-02-04,7,-10,
1912-02-05,13,4,
1912-02-06,17,6,
1912-02-07,26,10,
1912-02-08,15,2,
1912-02-09,12,-5,
1912-02-10,18,-6,
1912-02-11,30,17,
1912-02-12,26,14,
1912-02-13,27,5,
1912-02-14,36,24,
1912-02-15,42,25,
1912-02-16,33,28,
1912-02-17,48,24,
1912-02-18,49,35,
1912-02-19,45,34,
1912-02-20,34,23,
1912-02-21,23,17,
1912-02-22,24,11,
1912-02-23,39,18,
1912-02-24,43,33,
1912-02-25,37,30,
1912-02-26,38,20,
1912-02-27,25,14,
1912-02-28,28,22,
1912-02-29,24,15,
1912-03-01,24,10,
1912-03-02,18,11,
1912-03-03,25,17,
1912-03-04,26,12,
1912-03-05,27,12,
1912-03-06,33,10,
1912-03-07,34,23,
1912-03-08,36,25,
1912-03-09,27,13,
1912-03-10,30,10,
1912-03-11,33,26,
1912-03-12,35,28,
1912-03-13,32,19,
1912-03-14,39,26,
1912-03-15,37,20,
1912-03-16,39,16,
1912-03-17,54,34,
1912-03-18,52,29,
1912-03-19,57,38,
1912-03-20,41,27,
1912-03-21,30,21,
1912-03-22,29,19,
1912-03-23,35,25,
1912-03-24,35,27,
1912-03-25,36,21,
1912-03-26,48,31,
1912-03-27,42,34,
1912-03-28,45,35,
1912-03-29,48,29,
1912-03-30,56,26,
1912-03-31,70,40,
1912-04-01,48,32,
1912-04-02,48,33,
1912-04-03,51,29,
1912-04-04,72,37,
1912-04-05,73,48,
1912-04-06,71,39,
1912-04-07,51,36,
1912-04-08,57,32,
1912-04-09,67,41,
1912-04-10,69,45,
1912-04-11,73,45,
1912-04-12,75,55,
1912-04-13,70,54,
1912-04-14,75,58,
1912-04-15,67,54,
1912-04-16,56,42,
1912-04-17,44,36,
1912-04-18,43,33,
1912-04-19,54,32,
1912-04-20,62,44,
1912-04-21,71,53,
1912-04-22,61,41,
1912-04-23,62,37,
1912-04-24,68,43,
1912-04-25,69,47,
1912-04-26,70,54,
1912-04-27,60,41,
1912-04-28,60,44,
1912-04-29,61,43,
1912-04-30,56,36,
1912-05-01,69,50,
1912-05-02,76,58,
1912-05-03,81,59,
1912-05-04,78,61,
1912-05-05,78,61,
1912-05-06,78,55,
1912-05-07,79,55,
1912-05-08,74,53,
1912-05-09,70,47,
1912-05-10,74,48,
1912-05-11,73,59,
1912-05-12,62,42,
1912-05-13,63,37,
1912-05-14,60,48,
1912-05-15,55,45,
1912-05-16,52,47,
1912-05-17,65,45,
1912-05-18,73,47,
1912-05-19,81,52,
1912-05-20,82,64,
1912-05-21,83,59,
1912-05-22,84,62,
1912-05-23,87,64,
1912-05-24,81,67,
1912-05-25,79,60,
1912-05-26,80,57,
1912-05-27,82,65,
1912-05-28,76,61,
1912-05-29,63,48,
1912-05-30,68,49,
1912-05-31,78,49,
1912-06-01,82,59,
1912-06-02,74,57,
1912-06-03,80,55,
1912-06-04,73,56,
1912-06-05,78,51,
1912-06-06,73,60,
1912-06-07,66,49,
1912-06-08,69,41,
1912-06-09,73,48,
1912-06-10,79,55,
1912-06-11,83,56,
1912-06-12,84,61,
1912-06-13,84,55,
1912-06-14,78,65,
1912-06-15,83,62,
1912-06-16,78,66,
1912-06-17,70,61,
1912-06-18,62,54,
1912-06-19,66,55,
1912-06-20,78,53,
1912-06-21,72,56,
1912-06-22,78,50,
1912-06-23,78,52,
1912-06-24,81,NA,
1912-06-25,84,59,
1912-06-26,88,61,
1912-06-27,87,61,
1912-06-28,87,63,
1912-06-29,86,65,
1912-06-30,86,65,
1912-07-01,82,65,
1912-07-02,77,65,
1912-07-03,75,67,
1912-07-04,83,68,
1912-07-05,88,70,
1912-07-06,84,71,
1912-07-07,82,71,
1912-07-08,83,70,
1912-07-09,88,69,
1912-07-10,81,69,
1912-07-11,85,68,
1912-07-12,82,64,
1912-07-13,92,73,
1912-07-14,90,70,
1912-07-15,85,64,
1912-07-16,81,58,
1912-07-17,86,65,
1912-07-18,83,60,
1912-07-19,73,56,
1912-07-20,88,66,
1912-07-21,83,64,
1912-07-22,80,59,
1912-07-23,89,64,
1912-07-24,94,75,
1912-07-25,86,69,
1912-07-26,79,60,
1912-07-27,81,55,
1912-07-28,80,61,
1912-07-29,81,66,
1912-07-30,83,60,
1912-07-31,75,59,
1912-08-01,78,53,
1912-08-02,74,52,
1912-08-03,69,50,
1912-08-04,69,47,
1912-08-05,72,48,
1912-08-06,80,56,
1912-08-07,77,64,
1912-08-08,81,65,
1912-08-09,72,64,
1912-08-10,74,58,
1912-08-11,79,63,
1912-08-12,81,61,
1912-08-13,86,68,
1912-08-14,83,67,
1912-08-15,83,64,
1912-08-16,71,58,
1912-08-17,88,64,
1912-08-18,90,70,
1912-08-19,86,71,
1912-08-20,82,68,
1912-08-21,83,69,
1912-08-22,83,60,
1912-08-23,77,56,
1912-08-24,87,62,
1912-08-25,91,69,
1912-08-26,90,70,
1912-08-27,74,57,
1912-08-28,91,57,
1912-08-29,81,67,
1912-08-30,88,66,
1912-08-31,92,73,
1912-09-01,91,74,
1912-09-02,92,71,
1912-09-03,89,68,
1912-09-04,92,69,
1912-09-05,94,71,
1912-09-06,94,70,
1912-09-07,94,70,
1912-09-08,93,69,
1912-09-09,92,67,
1912-09-10,95,66,
1912-09-11,83,62,
1912-09-12,75,51,
1912-09-13,80,51,
1912-09-14,86,63,
1912-09-15,80,66,
1912-09-16,77,59,
1912-09-17,69,60,
1912-09-18,65,51,
1912-09-19,69,46,
1912-09-20,72,50,
1912-09-21,68,56,
1912-09-22,71,53,
1912-09-23,73,45,
1912-09-24,75,50,
1912-09-25,69,50,
1912-09-26,59,36,
1912-09-27,66,37,
1912-09-28,68,48,
1912-09-29,59,43,
1912-09-30,62,35,
1912-10-01,68,36,
1912-10-02,79,39,
1912-10-03,76,53,
1912-10-04,77,41,
1912-10-05,85,53,
1912-10-06,85,57,
1912-10-07,73,47,
1912-10-08,56,44,
1912-10-09,78,55,
1912-10-10,76,62,
1912-10-11,81,62,
1912-10-12,73,46,
1912-10-13,65,40,
1912-10-14,65,35,
1912-10-15,67,43,
1912-10-16,67,37,
1912-10-17,71,46,
1912-10-18,66,57,
1912-10-19,64,40,
1912-10-20,65,37,
1912-10-21,74,46,
1912-10-22,64,43,
1912-10-23,51,33,
1912-10-24,58,28,
1912-10-25,64,35,
1912-10-26,63,35,
1912-10-27,72,39,
1912-10-28,73,48,
1912-10-29,70,47,
1912-10-30,57,31,
1912-10-31,49,40,
1912-11-01,42,31,
1912-11-02,39,25,
1912-11-03,50,24,
1912-11-04,58,42,
1912-11-05,57,42,
1912-11-06,57,44,
1912-11-07,54,40,
1912-11-08,56,36,
1912-11-09,54,31,
1912-11-10,70,44,
1912-11-11,72,54,
1912-11-12,64,54,
1912-11-13,61,39,
1912-11-14,42,32,
1912-11-15,46,23,
1912-11-16,43,29,
1912-11-17,47,25,
1912-11-18,57,29,
1912-11-19,59,36,
1912-11-20,67,36,
1912-11-21,57,41,
1912-11-22,53,25,
1912-11-23,43,33,
1912-11-24,37,25,
1912-11-25,38,27,
1912-11-26,40,25,
1912-11-27,32,20,
1912-11-28,42,16,
1912-11-29,46,29,
1912-11-30,52,24,
1912-12-01,58,26,
1912-12-02,57,27,
1912-12-03,45,24,
1912-12-04,53,39,
1912-12-05,58,49,
1912-12-06,57,24,
1912-12-07,40,19,
1912-12-08,37,17,
1912-12-09,32,10,
1912-12-10,46,25,
1912-12-11,31,13,
1912-12-12,20,4,
1912-12-13,46,15,
1912-12-14,49,23,
1912-12-15,51,31,
1912-12-16,45,25,
1912-12-17,46,33,
1912-12-18,35,28,
1912-12-19,36,27,
1912-12-20,35,24,
1912-12-21,36,15,
1912-12-22,34,20,
1912-12-23,38,16,
1912-12-24,45,18,
1912-12-25,47,27,
1912-12-26,35,24,
1912-12-27,36,18,
1912-12-28,52,20,
1912-12-29,40,29,
1912-12-30,42,33,
1912-12-31,41,27,
1913-01-01,47,21,
1913-01-02,42,27,
1913-01-03,33,22,
1913-01-04,29,17,
1913-01-05,31,14,
1913-01-06,31,23,
1913-01-07,31,27,
1913-01-08,29,17,
1913-01-09,34,21,
1913-01-10,34,24,
1913-01-11,34,19,
1913-01-12,20,3,
1913-01-13,29,9,
1913-01-14,37,18,
1913-01-15,42,31,
1913-01-16,53,40,
1913-01-17,54,46,
1913-01-18,53,29,
1913-01-19,57,27,
1913-01-20,58,18,
1913-01-21,29,8,
1913-01-22,34,18,
1913-01-23,39,32,
1913-01-24,40,27,
1913-01-25,48,23,
1913-01-26,51,35,
1913-01-27,37,22,
1913-01-28,33,19,
1913-01-29,42,12,
1913-01-30,52,35,
1913-01-31,43,3,
1913-02-01,14,-2,
1913-02-02,25,4,
1913-02-03,30,16,
1913-02-04,18,-2,
1913-02-05,9,-9,
1913-02-06,17,-9,
1913-02-07,17,-2,
1913-02-08,27,10,
1913-02-09,33,11,
1913-02-10,33,12,
1913-02-11,34,17,
1913-02-12,20,3,
1913-02-13,22,-2,
1913-02-14,41,14,
1913-02-15,47,31,
1913-02-16,40,25,
1913-02-17,48,32,
1913-02-18,59,33,
1913-02-19,64,37,
1913-02-20,52,34,
1913-02-21,53,35,
1913-02-22,53,25,
1913-02-23,26,14,
1913-02-24,26,14,
1913-02-25,32,15,
1913-02-26,34,28,
1913-02-27,34,27,
1913-02-28,28,17,
1913-03-01,27,12,
1913-03-02,24,-1,
1913-03-03,42,16,
1913-03-04,39,21,
1913-03-05,41,20,
1913-03-06,30,9,
1913-03-07,27,14,
1913-03-08,58,26,
1913-03-09,53,38,
1913-03-10,40,29,
1913-03-11,45,29,
1913-03-12,58,31,
1913-03-13,62,41,
1913-03-14,64,43,
1913-03-15,44,25,
1913-03-16,28,19,
1913-03-17,49,12,
1913-03-18,62,35,
1913-03-19,64,41,
1913-03-20,58,36,
1913-03-21,50,23,
1913-03-22,37,17,
1913-03-23,65,33,
1913-03-24,66,45,
1913-03-25,45,33,
1913-03-26,35,25,
1913-03-27,31,22,
1913-03-28,39,21,
1913-03-29,59,33,
1913-03-30,63,39,
1913-03-31,60,43,
1913-04-01,62,37,
1913-04-02,78,47,
1913-04-03,69,59,
1913-04-04,65,39,
1913-04-05,54,32,
1913-04-06,52,31,
1913-04-07,48,32,
1913-04-08,44,32,
1913-04-09,47,38,
1913-04-10,59,46,
1913-04-11,47,40,
1913-04-12,41,35,
1913-04-13,50,37,
1913-04-14,59,37,
1913-04-15,62,32,
1913-04-16,72,38,
1913-04-17,77,46,
1913-04-18,76,51,
1913-04-19,64,41,
1913-04-20,57,38,
1913-04-21,68,37,
1913-04-22,80,47,
1913-04-23,76,55,
1913-04-24,73,58,
1913-04-25,59,44,
1913-04-26,60,35,
1913-04-27,53,36,
1913-04-28,62,40,
1913-04-29,69,37,
1913-04-30,75,44,
1913-05-01,80,43,
1913-05-02,81,54,
1913-05-03,81,55,
1913-05-04,76,61,
1913-05-05,77,61,
1913-05-06,72,53,
1913-05-07,66,40,
1913-05-08,74,43,
1913-05-09,68,45,
1913-05-10,56,33,
1913-05-11,62,33,
1913-05-12,74,39,
1913-05-13,79,54,
1913-05-14,86,59,
1913-05-15,81,66,
1913-05-16,72,48,
1913-05-17,75,50,
1913-05-18,70,50,
1913-05-19,73,49,
1913-05-20,84,55,
1913-05-21,76,59,
1913-05-22,59,51,
1913-05-23,56,49,
1913-05-24,75,44,
1913-05-25,69,53,
1913-05-26,63,51,
1913-05-27,68,49,
1913-05-28,87,51,
1913-05-29,86,61,
1913-05-30,87,68,
1913-05-31,89,66,
1913-06-01,86,67,
1913-06-02,84,60,
1913-06-03,84,62,
1913-06-04,80,52,
1913-06-05,86,56,
1913-06-06,91,64,
1913-06-07,86,49,
1913-06-08,62,47,
1913-06-09,64,40,
1913-06-10,72,45,
1913-06-11,78,43,
1913-06-12,85,50,
1913-06-13,88,51,
1913-06-14,89,56,
1913-06-15,94,67,
1913-06-16,97,67,
1913-06-17,97,68,
1913-06-18,96,66,
1913-06-19,98,73,
1913-06-20,94,69,
1913-06-21,90,69,
1913-06-22,69,62,
1913-06-23,80,66,
1913-06-24,79,68,
1913-06-25,83,68,
1913-06-26,89,67,
1913-06-27,94,70,
1913-06-28,96,74,
1913-06-29,95,76,
1913-06-30,97,73,
1913-07-01,89,74,
1913-07-02,89,72,
1913-07-03,93,72,
1913-07-04,91,72,
1913-07-05,94,75,
1913-07-06,85,65,
1913-07-07,87,60,
1913-07-08,95,64,
1913-07-09,91,66,
1913-07-10,78,59,
1913-07-11,88,52,
1913-07-12,85,67,
1913-07-13,96,66,
1913-07-14,94,67,
1913-07-15,94,74,
1913-07-16,98,74,
1913-07-17,96,74,
1913-07-18,90,65,
1913-07-19,85,67,
1913-07-20,82,59,
1913-07-21,80,53,
1913-07-22,87,56,
1913-07-23,87,62,
1913-07-24,81,64,
1913-07-25,83,51,
1913-07-26,91,60,
1913-07-27,94,70,
1913-07-28,92,73,
1913-07-29,100,72,
1913-07-30,103,77,
1913-07-31,96,74,
1913-08-01,88,66,
1913-08-02,89,61,
1913-08-03,96,62,
1913-08-04,87,65,
1913-08-05,90,56,
1913-08-06,90,64,
1913-08-07,91,68,
1913-08-08,100,76,
1913-08-09,98,76,
1913-08-10,89,72,
1913-08-11,83,71,
1913-08-12,83,66,
1913-08-13,88,70,
1913-08-14,85,72,
1913-08-15,94,71,
1913-08-16,98,72,
1913-08-17,96,72,
1913-08-18,88,73,
1913-08-19,89,72,
1913-08-20,91,67,
1913-08-21,91,71,
1913-08-22,78,66,
1913-08-23,78,57,
1913-08-24,80,56,
1913-08-25,86,55,
1913-08-26,90,63,
1913-08-27,90,64,
1913-08-28,95,68,
1913-08-29,83,56,
1913-08-30,86,55,
1913-08-31,92,59,
1913-09-01,98,64,
1913-09-02,98,69,
1913-09-03,98,73,
1913-09-04,90,66,
1913-09-05,90,63,
1913-09-06,92,68,
1913-09-07,90,72,
1913-09-08,86,70,
1913-09-09,80,58,
1913-09-10,84,51,
1913-09-11,89,57,
1913-09-12,71,61,
1913-09-13,71,46,
1913-09-14,73,47,
1913-09-15,63,51,
1913-09-16,73,59,
1913-09-17,74,65,
1913-09-18,72,57,
1913-09-19,74,53,
1913-09-20,68,46,
1913-09-21,50,45,
1913-09-22,53,39,
1913-09-23,75,37,
1913-09-24,80,54,
1913-09-25,76,52,
1913-09-26,69,48,
1913-09-27,65,39,
1913-09-28,60,46,
1913-09-29,76,59,
1913-09-30,74,54,
1913-10-01,73,53,
1913-10-02,70,52,
1913-10-03,73,43,
1913-10-04,78,48,
1913-10-05,68,56,
1913-10-06,80,62,
1913-10-07,81,61,
1913-10-08,76,60,
1913-10-09,77,52,
1913-10-10,82,54,
1913-10-11,67,45,
1913-10-12,70,43,
1913-10-13,73,45,
1913-10-14,74,51,
1913-10-15,74,54,
1913-10-16,68,52,
1913-10-17,62,48,
1913-10-18,54,42,
1913-10-19,52,37,
1913-10-20,49,33,
1913-10-21,39,26,
1913-10-22,39,32,
1913-10-23,47,35,
1913-10-24,59,40,
1913-10-25,59,38,
1913-10-26,64,40,
1913-10-27,42,36,
1913-10-28,46,35,
1913-10-29,44,27,
1913-10-30,40,32,
1913-10-31,39,26,
1913-11-01,43,22,
1913-11-02,53,28,
1913-11-03,58,41,
1913-11-04,54,34,
1913-11-05,56,31,
1913-11-06,62,33,
1913-11-07,66,45,
1913-11-08,53,32,
1913-11-09,32,25,
1913-11-10,32,23,
1913-11-11,40,16,
1913-11-12,64,30,
1913-11-13,64,52,
1913-11-14,53,41,
1913-11-15,42,38,
1913-11-16,42,36,
1913-11-17,56,32,
1913-11-18,68,51,
1913-11-19,66,59,
1913-11-20,69,58,
1913-11-21,72,57,
1913-11-22,70,57,
1913-11-23,64,38,
1913-11-24,53,32,
1913-11-25,48,36,
1913-11-26,48,41,
1913-11-27,53,46,
1913-11-28,60,48,
1913-11-29,59,54,
1913-11-30,60,55,
1913-12-01,56,48,
1913-12-02,55,48,
1913-12-03,54,49,
1913-12-04,52,46,
1913-12-05,58,40,
1913-12-06,54,45,
1913-12-07,48,19,
1913-12-08,29,16,
1913-12-09,39,18,
1913-12-10,45,30,
1913-12-11,47,30,
1913-12-12,52,32,
1913-12-13,54,31,
1913-12-14,55,35,
1913-12-15,41,30,
1913-12-16,40,35,
1913-12-17,42,34,
1913-12-18,40,25,
1913-12-19,42,24,
1913-12-20,35,26,
1913-12-21,35,28,
1913-12-22,34,20,
1913-12-23,34,31,
1913-12-24,34,32,
1913-12-25,34,30,
1913-12-26,NA,NA,
1913-12-27,30,25,
1913-12-28,32,26,
1913-12-29,30,28,
1913-12-30,30,27,
1913-12-31,30,28,
1914-01-01,30,26,
1914-01-02,34,30,
1914-01-03,35,29,
1914-01-04,34,30,
1914-01-05,32,27,
1914-01-06,30,25,
1914-01-07,36,29,
1914-01-08,51,33,
1914-01-09,42,29,
1914-01-10,30,20,
1914-01-11,32,14,
1914-01-12,30,8,
1914-01-13,28,9,
1914-01-14,48,21,
1914-01-15,52,32,
1914-01-16,48,34,
1914-01-17,40,31,
1914-01-18,34,29,
1914-01-19,48,33,
1914-01-20,44,32,
1914-01-21,32,22,
1914-01-22,31,20,
1914-01-23,54,28,
1914-01-24,50,31,
1914-01-25,33,27,
1914-01-26,45,32,
1914-01-27,62,44,
1914-01-28,64,40,
1914-01-29,59,27,
1914-01-30,28,22,
1914-01-31,33,24,
1914-02-01,35,12,
1914-02-02,41,26,
1914-02-03,44,26,
1914-02-04,30,12,
1914-02-05,31,15,
1914-02-06,35,25,
1914-02-07,28,4,
1914-02-08,9,2,
1914-02-09,37,0,
1914-02-10,33,18,
1914-02-11,25,5,
1914-02-12,13,10,
1914-02-13,16,7,
1914-02-14,20,7,
1914-02-15,25,5,
1914-02-16,25,1,
1914-02-17,40,14,
1914-02-18,34,26,
1914-02-19,32,21,
1914-02-20,25,15,
1914-02-21,32,9,
1914-02-22,31,11,
1914-02-23,11,8,
1914-02-24,15,1,
1914-02-25,29,-1,
1914-02-26,35,8,
1914-02-27,37,20,
1914-02-28,40,28,
1914-03-01,37,8,
1914-03-02,28,10,
1914-03-03,33,19,
1914-03-04,37,18,
1914-03-05,41,26,
1914-03-06,37,30,
1914-03-07,33,28,
1914-03-08,33,23,
1914-03-09,36,22,
1914-03-10,41,28,
1914-03-11,35,25,
1914-03-12,35,19,
1914-03-13,48,28,
1914-03-14,60,36,
1914-03-15,64,36,
1914-03-16,54,38,
1914-03-17,44,34,
1914-03-18,35,19,
1914-03-19,27,23,
1914-03-20,31,16,
1914-03-21,37,25,
1914-03-22,34,24,
1914-03-23,44,24,
1914-03-24,60,33,
1914-03-25,68,48,
1914-03-26,61,51,
1914-03-27,60,42,
1914-03-28,61,41,
1914-03-29,63,53,
1914-03-30,60,43,
1914-03-31,54,41,
1914-04-01,54,44,
1914-04-02,53,43,
1914-04-03,57,34,
1914-04-04,40,34,
1914-04-05,44,30,
1914-04-06,44,32,
1914-04-07,48,36,
1914-04-08,42,24,
1914-04-09,30,22,
1914-04-10,42,27,
1914-04-11,50,34,
1914-04-12,45,30,
1914-04-13,58,36,
1914-04-14,63,40,
1914-04-15,62,45,
1914-04-16,68,44,
1914-04-17,73,52,
1914-04-18,80,58,
1914-04-19,76,48,
1914-04-20,51,30,
1914-04-21,45,31,
1914-04-22,75,40,
1914-04-23,79,49,
1914-04-24,71,52,
1914-04-25,75,59,
1914-04-26,76,54,
1914-04-27,83,57,
1914-04-28,77,63,
1914-04-29,73,52,
1914-04-30,56,NA,
1914-05-01,48,34,
1914-05-02,62,41,
1914-05-03,66,47,
1914-05-04,76,53,
1914-05-05,75,56,
1914-05-06,81,54,
1914-05-07,68,52,
1914-05-08,59,45,
1914-05-09,57,44,
1914-05-10,69,52,
1914-05-11,82,58,
1914-05-12,84,47,
1914-05-13,48,44,
1914-05-14,60,44,
1914-05-15,66,42,
1914-05-16,66,45,
1914-05-17,68,46,
1914-05-18,72,49,
1914-05-19,78,49,
1914-05-20,82,54,
1914-05-21,80,51,
1914-05-22,82,62,
1914-05-23,79,52,
1914-05-24,81,52,
1914-05-25,87,64,
1914-05-26,88,72,
1914-05-27,90,78,
1914-05-28,91,66,
1914-05-29,92,66,
1914-05-30,88,59,
1914-05-31,82,56,
1914-06-01,89,68,
1914-06-02,80,50,
1914-06-03,79,58,
1914-06-04,89,65,
1914-06-05,94,64,
1914-06-06,75,64,
1914-06-07,89,69,
1914-06-08,93,70,
1914-06-09,92,71,
1914-06-10,95,76,
1914-06-11,92,68,
1914-06-12,95,70,
1914-06-13,82,61,
1914-06-14,80,59,
1914-06-15,80,58,
1914-06-16,75,44,
1914-06-17,71,49,
1914-06-18,77,54,
1914-06-19,84,60,
1914-06-20,73,49,
1914-06-21,85,56,
1914-06-22,97,77,
1914-06-23,89,71,
1914-06-24,92,73,
1914-06-25,96,70,
1914-06-26,94,70,
1914-06-27,94,72,
1914-06-28,95,62,
1914-06-29,70,53,
1914-06-30,75,52,
1914-07-01,NA,63,
1914-07-02,80,59,
1914-07-03,83,58,
1914-07-04,85,60,
1914-07-05,89,68,
1914-07-06,91,64,
1914-07-07,93,66,
1914-07-08,94,72,
1914-07-09,93,63,
1914-07-10,94,64,
1914-07-11,96,66,
1914-07-12,99,71,
1914-07-13,95,76,
1914-07-14,94,67,
1914-07-15,86,66,
1914-07-16,90,70,
1914-07-17,88,68,
1914-07-18,85,59,
1914-07-19,77,55,
1914-07-20,85,62,
1914-07-21,91,69,
1914-07-22,94,66,
1914-07-23,95,75,
1914-07-24,98,73,
1914-07-25,96,71,
1914-07-26,94,71,
1914-07-27,95,71,
1914-07-28,98,70,
1914-07-29,88,59,
1914-07-30,82,55,
1914-07-31,83,60,
1914-08-01,86,65,
1914-08-02,86,65,
1914-08-03,92,65,
1914-08-04,86,57,
1914-08-05,88,59,
1914-08-06,90,65,
1914-08-07,92,70,
1914-08-08,95,69,
1914-08-09,95,67,
1914-08-10,88,70,
1914-08-11,86,62,
1914-08-12,82,59,
1914-08-13,87,63,
1914-08-14,89,62,
1914-08-15,79,55,
1914-08-16,85,62,
1914-08-17,90,68,
1914-08-18,92,72,
1914-08-19,94,74,
1914-08-20,94,69,
1914-08-21,86,67,
1914-08-22,84,62,
1914-08-23,89,66,
1914-08-24,94,69,
1914-08-25,72,65,
1914-08-26,72,56,
1914-08-27,80,60,
1914-08-28,81,60,
1914-08-29,68,59,
1914-08-30,77,60,
1914-08-31,80,64,
1914-09-01,76,68,
1914-09-02,86,66,
1914-09-03,73,52,
1914-09-04,78,50,
1914-09-05,74,54,
1914-09-06,78,58,
1914-09-07,84,58,
1914-09-08,71,54,
1914-09-09,64,47,
1914-09-10,68,50,
1914-09-11,62,51,
1914-09-12,68,47,
1914-09-13,70,48,
1914-09-14,74,53,
1914-09-15,78,67,
1914-09-16,76,59,
1914-09-17,81,52,
1914-09-18,83,58,
1914-09-19,85,62,
1914-09-20,87,64,
1914-09-21,88,64,
1914-09-22,87,67,
1914-09-23,80,48,
1914-09-24,66,47,
1914-09-25,72,43,
1914-09-26,67,41,
1914-09-27,71,43,
1914-09-28,76,46,
1914-09-29,79,49,
1914-09-30,80,51,
1914-10-01,74,48,
1914-10-02,78,46,
1914-10-03,80,49,
1914-10-04,72,52,
1914-10-05,76,56,
1914-10-06,82,56,
1914-10-07,82,59,
1914-10-08,79,62,
1914-10-09,71,60,
1914-10-10,70,60,
1914-10-11,68,44,
1914-10-12,60,46,
1914-10-13,58,47,
1914-10-14,55,50,
1914-10-15,58,51,
1914-10-16,57,49,
1914-10-17,61,47,
1914-10-18,68,50,
1914-10-19,74,52,
1914-10-20,76,51,
1914-10-21,76,51,
1914-10-22,75,52,
1914-10-23,77,52,
1914-10-24,65,50,
1914-10-25,59,37,
1914-10-26,50,34,
1914-10-27,44,24,
1914-10-28,52,32,
1914-10-29,54,41,
1914-10-30,60,32,
1914-10-31,70,36,
1914-11-01,70,45,
1914-11-02,70,42,
1914-11-03,70,52,
1914-11-04,65,44,
1914-11-05,60,31,
1914-11-06,68,37,
1914-11-07,68,53,
1914-11-08,57,37,
1914-11-09,48,31,
1914-11-10,60,33,
1914-11-11,59,34,
1914-11-12,65,38,
1914-11-13,57,40,
1914-11-14,67,34,
1914-11-15,59,36,
1914-11-16,38,22,
1914-11-17,35,18,
1914-11-18,42,25,
1914-11-19,39,12,
1914-11-20,27,5,
1914-11-21,49,17,
1914-11-22,40,27,
1914-11-23,45,18,
1914-11-24,55,30,
1914-11-25,59,31,
1914-11-26,64,42,
1914-11-27,53,38,
1914-11-28,52,31,
1914-11-29,52,42,
1914-11-30,58,51,
1914-12-01,58,44,
1914-12-02,54,40,
1914-12-03,43,39,
1914-12-04,42,34,
1914-12-05,41,38,
1914-12-06,41,36,
1914-12-07,41,32,
1914-12-08,39,31,
1914-12-09,32,24,
1914-12-10,28,23,
1914-12-11,24,20,
1914-12-12,28,20,
1914-12-13,30,12,
1914-12-14,14,-4,
1914-12-15,14,-8,
1914-12-16,12,2,
1914-12-17,14,-10,
1914-12-18,34,10,
1914-12-19,33,13,
1914-12-20,24,1,
1914-12-21,25,2,
1914-12-22,17,-1,
1914-12-23,21,5,
1914-12-24,30,13,
1914-12-25,14,3,
1914-12-26,16,-13,
1914-12-27,26,6,
1914-12-28,37,18,
1914-12-29,34,29,
1914-12-30,32,1,
1914-12-31,21,-4,
1915-01-01,35,14,
1915-01-02,34,7,
1915-01-03,30,9,
1915-01-04,30,21,
1915-01-05,35,21,
1915-01-06,37,31,
1915-01-07,36,25,
1915-01-08,30,16,
1915-01-09,34,12,
1915-01-10,38,25,
1915-01-11,36,30,
1915-01-12,31,29,
1915-01-13,38,22,
1915-01-14,43,29,
1915-01-15,46,29,
1915-01-16,49,35,
1915-01-17,48,25,
1915-01-18,25,22,
1915-01-19,29,21,
1915-01-20,27,18,
1915-01-21,23,7,
1915-01-22,23,12,
1915-01-23,20,-8,
1915-01-24,13,-15,
1915-01-25,21,10,
1915-01-26,27,1,
1915-01-27,21,5,
1915-01-28,NA,-14,
1915-01-29,19,NA,
1915-01-30,33,9,
1915-01-31,42,33,
1915-02-01,45,35,
1915-02-02,36,27,
1915-02-03,31,26,
1915-02-04,41,30,
1915-02-05,44,30,
1915-02-06,31,20,
1915-02-07,22,17,
1915-02-08,31,14,
1915-02-09,34,16,
1915-02-10,44,24,
1915-02-11,56,39,
1915-02-12,60,49,
1915-02-13,60,46,
1915-02-14,55,38,
1915-02-15,41,32,
1915-02-16,38,22,
1915-02-17,44,26,
1915-02-18,48,29,
1915-02-19,52,30,
1915-02-20,52,36,
1915-02-21,44,38,
1915-02-22,49,40,
1915-02-23,49,38,
1915-02-24,38,30,
1915-02-25,34,30,
1915-02-26,38,25,
1915-02-27,36,22,
1915-02-28,36,25,
1915-03-01,42,21,
1915-03-02,35,26,
1915-03-03,35,22,
1915-03-04,35,26,
1915-03-05,43,31,
1915-03-06,36,28,
1915-03-07,35,24,
1915-03-08,40,27,
1915-03-09,45,25,
1915-03-10,42,28,
1915-03-11,43,27,
1915-03-12,48,28,
1915-03-13,52,33,
1915-03-14,54,38,
1915-03-15,46,33,
1915-03-16,44,32,
1915-03-17,44,25,
1915-03-18,42,31,
1915-03-19,41,29,
1915-03-20,35,27,
1915-03-21,37,25,
1915-03-22,35,28,
1915-03-23,44,32,
1915-03-24,55,34,
1915-03-25,49,39,
1915-03-26,44,27,
1915-03-27,42,24,
1915-03-28,44,33,
1915-03-29,39,21,
1915-03-30,41,20,
1915-03-31,45,23,
1915-04-01,45,30,
1915-04-02,40,31,
1915-04-03,45,27,
1915-04-04,48,26,
1915-04-05,57,31,
1915-04-06,72,44,
1915-04-07,75,39,
1915-04-08,66,32,
1915-04-09,76,47,
1915-04-10,71,56,
1915-04-11,62,42,
1915-04-12,57,41,
1915-04-13,45,31,
1915-04-14,55,34,
1915-04-15,61,39,
1915-04-16,66,44,
1915-04-17,75,37,
1915-04-18,68,42,
1915-04-19,76,48,
1915-04-20,79,55,
1915-04-21,83,58,
1915-04-22,70,58,
1915-04-23,73,60,
1915-04-24,80,62,
1915-04-25,81,61,
1915-04-26,84,58,
1915-04-27,84,59,
1915-04-28,82,54,
1915-04-29,82,53,
1915-04-30,70,47,
1915-05-01,71,39,
1915-05-02,64,43,
1915-05-03,69,53,
1915-05-04,76,46,
1915-05-05,63,48,
1915-05-06,64,49,
1915-05-07,60,52,
1915-05-08,60,48,
1915-05-09,60,41,
1915-05-10,60,42,
1915-05-11,68,46,
1915-05-12,72,45,
1915-05-13,82,56,
1915-05-14,84,56,
1915-05-15,75,58,
1915-05-16,86,54,
1915-05-17,77,43,
1915-05-18,63,44,
1915-05-19,58,41,
1915-05-20,54,44,
1915-05-21,75,53,
1915-05-22,70,51,
1915-05-23,70,49,
1915-05-24,68,55,
1915-05-25,75,55,
1915-05-26,72,60,
1915-05-27,65,43,
1915-05-28,61,42,
1915-05-29,68,55,
1915-05-30,61,51,
1915-05-31,61,48,
1915-06-01,70,52,
1915-06-02,72,57,
1915-06-03,72,53,
1915-06-04,77,52,
1915-06-05,76,56,
1915-06-06,83,66,
1915-06-07,85,64,
1915-06-08,71,44,
1915-06-09,69,45,
1915-06-10,68,43,
1915-06-11,76,55,
1915-06-12,79,60,
1915-06-13,86,69,
1915-06-14,80,56,
1915-06-15,77,52,
1915-06-16,74,52,
1915-06-17,78,57,
1915-06-18,79,63,
1915-06-19,81,60,
1915-06-20,77,62,
1915-06-21,78,62,
1915-06-22,80,52,
1915-06-23,78,55,
1915-06-24,76,55,
1915-06-25,79,62,
1915-06-26,82,59,
1915-06-27,85,63,
1915-06-28,86,65,
1915-06-29,81,67,
1915-06-30,79,62,
1915-07-01,83,63,
1915-07-02,73,60,
1915-07-03,80,58,
1915-07-04,75,54,
1915-07-05,70,50,
1915-07-06,72,50,
1915-07-07,78,64,
1915-07-08,74,60,
1915-07-09,72,57,
1915-07-10,76,65,
1915-07-11,75,65,
1915-07-12,86,66,
1915-07-13,81,66,
1915-07-14,88,72,
1915-07-15,89,70,
1915-07-16,90,74,
1915-07-17,88,70,
1915-07-18,89,72,
1915-07-19,88,66,
1915-07-20,82,66,
1915-07-21,78,54,
1915-07-22,77,56,
1915-07-23,79,56,
1915-07-24,82,62,
1915-07-25,79,62,
1915-07-26,84,64,
1915-07-27,78,65,
1915-07-28,82,66,
1915-07-29,83,70,
1915-07-30,86,66,
1915-07-31,84,71,
1915-08-01,85,70,
1915-08-02,82,69,
1915-08-03,84,68,
1915-08-04,71,58,
1915-08-05,70,57,
1915-08-06,71,58,
1915-08-07,80,61,
1915-08-08,82,63,
1915-08-09,85,63,
1915-08-10,84,62,
1915-08-11,75,64,
1915-08-12,70,61,
1915-08-13,68,60,
1915-08-14,81,60,
1915-08-15,78,60,
1915-08-16,83,65,
1915-08-17,84,68,
1915-08-18,76,63,
1915-08-19,72,53,
1915-08-20,72,58,
1915-08-21,62,58,
1915-08-22,73,55,
1915-08-23,80,59,
1915-08-24,80,64,
1915-08-25,74,56,
1915-08-26,69,52,
1915-08-27,70,54,
1915-08-28,70,47,
1915-08-29,71,52,
1915-08-30,70,48,
1915-08-31,60,39,
1915-09-01,69,46,
1915-09-02,76,53,
1915-09-03,81,60,
1915-09-04,80,60,
1915-09-05,78,63,
1915-09-06,76,61,
1915-09-07,75,60,
1915-09-08,81,63,
1915-09-09,88,61,
1915-09-10,80,62,
1915-09-11,84,65,
1915-09-12,82,67,
1915-09-13,88,68,
1915-09-14,88,72,
1915-09-15,88,66,
1915-09-16,85,67,
1915-09-17,85,69,
1915-09-18,76,66,
1915-09-19,77,61,
1915-09-20,80,62,
1915-09-21,72,45,
1915-09-22,64,42,
1915-09-23,68,46,
1915-09-24,72,51,
1915-09-25,74,56,
1915-09-26,78,60,
1915-09-27,81,50,
1915-09-28,70,49,
1915-09-29,67,43,
1915-09-30,64,44,
1915-10-01,71,NA,
1915-10-02,74,45,
1915-10-03,80,50,
1915-10-04,70,53,
1915-10-05,54,38,
1915-10-06,60,34,
1915-10-07,51,39,
1915-10-08,43,32,
1915-10-09,52,30,
1915-10-10,64,31,
1915-10-11,70,45,
1915-10-12,73,50,
1915-10-13,70,57,
1915-10-14,67,46,
1915-10-15,58,44,
1915-10-16,68,54,
1915-10-17,70,45,
1915-10-18,67,54,
1915-10-19,70,44,
1915-10-20,70,49,
1915-10-21,68,40,
1915-10-22,70,42,
1915-10-23,74,45,
1915-10-24,76,43,
1915-10-25,66,47,
1915-10-26,64,39,
1915-10-27,69,35,
1915-10-28,74,46,
1915-10-29,69,37,
1915-10-30,66,38,
1915-10-31,76,46,
1915-11-01,73,42,
1915-11-02,58,40,
1915-11-03,59,34,
1915-11-04,70,44,
1915-11-05,60,41,
1915-11-06,79,42,
1915-11-07,79,52,
1915-11-08,70,52,
1915-11-09,54,33,
1915-11-10,63,41,
1915-11-11,67,50,
1915-11-12,54,29,
1915-11-13,55,28,
1915-11-14,48,30,
1915-11-15,37,18,
1915-11-16,52,25,
1915-11-17,56,25,
1915-11-18,47,41,
1915-11-19,44,34,
1915-11-20,54,29,
1915-11-21,44,27,
1915-11-22,34,16,
1915-11-23,46,32,
1915-11-24,56,30,
1915-11-25,64,49,
1915-11-26,62,42,
1915-11-27,47,34,
1915-11-28,41,31,
1915-11-29,31,19,
1915-11-30,33,12,
1915-12-01,42,30,
1915-12-02,36,22,
1915-12-03,40,27,
1915-12-04,38,22,
1915-12-05,42,27,
1915-12-06,36,21,
1915-12-07,41,24,
1915-12-08,46,34,
1915-12-09,36,29,
1915-12-10,34,28,
1915-12-11,34,29,
1915-12-12,32,30,
1915-12-13,35,24,
1915-12-14,25,12,
1915-12-15,26,17,
1915-12-16,34,23,
1915-12-17,34,25,
1915-12-18,28,19,
1915-12-19,26,18,
1915-12-20,35,14,
1915-12-21,38,22,
1915-12-22,44,24,
1915-12-23,42,32,
1915-12-24,33,28,
1915-12-25,30,21,
1915-12-26,36,18,
1915-12-27,35,16,
1915-12-28,20,6,
1915-12-29,31,15,
1915-12-30,33,27,
1915-12-31,36,30,
1916-01-01,57,35,
1916-01-02,56,28,
1916-01-03,36,22,
1916-01-04,48,27,
1916-01-05,56,21,
1916-01-06,22,6,
1916-01-07,32,14,
1916-01-08,38,18,
1916-01-09,38,22,
1916-01-10,46,33,
1916-01-11,35,26,
1916-01-12,36,8,
1916-01-13,8,-9,
1916-01-14,14,-7,
1916-01-15,30,10,
1916-01-16,28,1,
1916-01-17,14,-4,
1916-01-18,16,6,
1916-01-19,22,1,
1916-01-20,42,22,
1916-01-21,53,38,
1916-01-22,51,32,
1916-01-23,47,29,
1916-01-24,51,31,
1916-01-25,54,39,
1916-01-26,58,42,
1916-01-27,61,32,
1916-01-28,32,23,
1916-01-29,47,31,
1916-01-30,48,33,
1916-01-31,37,22,
1916-02-01,22,7,
1916-02-02,16,5,
1916-02-03,20,8,
1916-02-04,30,11,
1916-02-05,34,20,
1916-02-06,23,15,
1916-02-07,18,-5,
1916-02-08,28,-7,
1916-02-09,33,23,
1916-02-10,34,11,
1916-02-11,40,21,
1916-02-12,34,26,
1916-02-13,26,19,
1916-02-14,26,9,
1916-02-15,35,15,
1916-02-16,46,22,
1916-02-17,50,30,
1916-02-18,42,27,
1916-02-19,44,24,
1916-02-20,40,33,
1916-02-21,44,25,
1916-02-22,61,33,
1916-02-23,52,34,
1916-02-24,44,27,
1916-02-25,39,26,
1916-02-26,31,22,
1916-02-27,27,13,
1916-02-28,29,16,
1916-02-29,33,20,
1916-03-01,30,25,
1916-03-02,30,20,
1916-03-03,21,12,
1916-03-04,35,1,
1916-03-05,34,22,
1916-03-06,70,33,
1916-03-07,44,27,
1916-03-08,28,16,
1916-03-09,44,18,
1916-03-10,44,16,
1916-03-11,39,18,
1916-03-12,61,32,
1916-03-13,64,36,
1916-03-14,50,28,
1916-03-15,29,20,
1916-03-16,33,13,
1916-03-17,37,25,
1916-03-18,50,26,
1916-03-19,42,27,
1916-03-20,45,31,
1916-03-21,56,32,
1916-03-22,54,24,
1916-03-23,47,21,
1916-03-24,77,40,
1916-03-25,70,56,
1916-03-26,60,40,
1916-03-27,42,32,
1916-03-28,38,32,
1916-03-29,51,36,
1916-03-30,63,33,
1916-03-31,61,40,
1916-04-01,61,40,
1916-04-02,51,41,
1916-04-03,50,33,
1916-04-04,59,36,
1916-04-05,56,34,
1916-04-06,55,27,
1916-04-07,41,26,
1916-04-08,42,29,
1916-04-09,39,26,
1916-04-10,46,29,
1916-04-11,54,33,
1916-04-12,74,44,
1916-04-13,80,54,
1916-04-14,73,44,
1916-04-15,64,38,
1916-04-16,64,42,
1916-04-17,67,41,
1916-04-18,61,41,
1916-04-19,58,46,
1916-04-20,77,54,
1916-04-21,70,45,
1916-04-22,60,40,
1916-04-23,55,39,
1916-04-24,61,37,
1916-04-25,55,38,
1916-04-26,57,40,
1916-04-27,51,40,
1916-04-28,56,35,
1916-04-29,65,43,
1916-04-30,70,47,
1916-05-01,73,54,
1916-05-02,54,36,
1916-05-03,54,40,
1916-05-04,55,44,
1916-05-05,64,43,
1916-05-06,73,50,
1916-05-07,85,60,
1916-05-08,85,64,
1916-05-09,73,47,
1916-05-10,78,60,
1916-05-11,81,48,
1916-05-12,70,51,
1916-05-13,56,48,
1916-05-14,68,49,
1916-05-15,85,NA,
1916-05-16,70,47,
1916-05-17,63,41,
1916-05-18,63,38,
1916-05-19,59,40,
1916-05-20,67,50,
1916-05-21,64,42,
1916-05-22,70,53,
1916-05-23,78,52,
1916-05-24,80,61,
1916-05-25,80,62,
1916-05-26,88,66,
1916-05-27,88,66,
1916-05-28,74,64,
1916-05-29,77,62,
1916-05-30,75,55,
1916-05-31,72,47,
1916-06-01,71,54,
1916-06-02,79,57,
1916-06-03,79,55,
1916-06-04,74,54,
1916-06-05,79,53,
1916-06-06,73,58,
1916-06-07,63,53,
1916-06-08,66,53,
1916-06-09,60,52,
1916-06-10,68,53,
1916-06-11,72,55,
1916-06-12,72,54,
1916-06-13,77,58,
1916-06-14,81,62,
1916-06-15,78,61,
1916-06-16,78,55,
1916-06-17,65,52,
1916-06-18,74,56,
1916-06-19,71,57,
1916-06-20,71,56,
1916-06-21,70,58,
1916-06-22,70,54,
1916-06-23,71,59,
1916-06-24,83,65,
1916-06-25,80,62,
1916-06-26,79,63,
1916-06-27,83,64,
1916-06-28,77,54,
1916-06-29,80,58,
1916-06-30,88,67,
1916-07-01,92,66,
1916-07-02,88,67,
1916-07-03,94,68,
1916-07-04,80,62,
1916-07-05,82,62,
1916-07-06,84,67,
1916-07-07,85,61,
1916-07-08,89,64,
1916-07-09,90,63,
1916-07-10,83,63,
1916-07-11,85,64,
1916-07-12,92,70,
1916-07-13,90,68,
1916-07-14,91,68,
1916-07-15,90,71,
1916-07-16,93,72,
1916-07-17,97,73,
1916-07-18,93,71,
1916-07-19,93,72,
1916-07-20,95,71,
1916-07-21,89,69,
1916-07-22,88,64,
1916-07-23,92,67,
1916-07-24,90,68,
1916-07-25,96,70,
1916-07-26,98,71,
1916-07-27,98,76,
1916-07-28,100,72,
1916-07-29,101,74,
1916-07-30,100,74,
1916-07-31,100,76,
1916-08-01,97,70,
1916-08-02,84,66,
1916-08-03,90,67,
1916-08-04,93,72,
1916-08-05,97,74,
1916-08-06,97,72,
1916-08-07,94,76,
1916-08-08,94,72,
1916-08-09,90,62,
1916-08-10,90,67,
1916-08-11,95,70,
1916-08-12,90,67,
1916-08-13,88,63,
1916-08-14,74,52,
1916-08-15,74,55,
1916-08-16,80,64,
1916-08-17,87,65,
1916-08-18,92,69,
1916-08-19,97,74,
1916-08-20,96,76,
1916-08-21,97,74,
1916-08-22,96,72,
1916-08-23,84,58,
1916-08-24,81,58,
1916-08-25,86,63,
1916-08-26,86,61,
1916-08-27,84,58,
1916-08-28,74,51,
1916-08-29,77,50,
1916-08-30,80,57,
1916-08-31,84,58,
1916-09-01,86,62,
1916-09-02,74,64,
1916-09-03,82,54,
1916-09-04,84,57,
1916-09-05,87,60,
1916-09-06,92,64,
1916-09-07,89,66,
1916-09-08,87,64,
1916-09-09,76,53,
1916-09-10,78,56,
1916-09-11,82,61,
1916-09-12,87,66,
1916-09-13,84,59,
1916-09-14,73,56,
1916-09-15,77,41,
1916-09-16,58,32,
1916-09-17,68,39,
1916-09-18,66,36,
1916-09-19,64,40,
1916-09-20,72,46,
1916-09-21,78,51,
1916-09-22,75,49,
1916-09-23,66,41,
1916-09-24,70,41,
1916-09-25,76,50,
1916-09-26,84,54,
1916-09-27,87,66,
1916-09-28,72,53,
1916-09-29,72,37,
1916-09-30,56,35,
1916-10-01,67,37,
1916-10-02,74,43,
1916-10-03,79,47,
1916-10-04,82,46,
1916-10-05,86,50,
1916-10-06,80,55,
1916-10-07,86,57,
1916-10-08,86,58,
1916-10-09,77,46,
1916-10-10,57,34,
1916-10-11,63,32,
1916-10-12,70,45,
1916-10-13,68,53,
1916-10-14,63,40,
1916-10-15,54,47,
1916-10-16,64,50,
1916-10-17,62,37,
1916-10-18,55,36,
1916-10-19,54,47,
1916-10-20,51,30,
1916-10-21,41,31,
1916-10-22,58,31,
1916-10-23,64,35,
1916-10-24,65,46,
1916-10-25,60,44,
1916-10-26,54,30,
1916-10-27,66,41,
1916-10-28,68,40,
1916-10-29,69,44,
1916-10-30,66,47,
1916-10-31,58,45,
1916-11-01,65,35,
1916-11-02,62,40,
1916-11-03,62,37,
1916-11-04,70,50,
1916-11-05,66,42,
1916-11-06,75,48,
1916-11-07,73,51,
1916-11-08,69,56,
1916-11-09,66,41,
1916-11-10,58,38,
1916-11-11,52,34,
1916-11-12,62,32,
1916-11-13,46,28,
1916-11-14,29,14,
1916-11-15,28,12,
1916-11-16,43,16,
1916-11-17,38,27,
1916-11-18,44,21,
1916-11-19,63,31,
1916-11-20,61,34,
1916-11-21,42,33,
1916-11-22,49,37,
1916-11-23,51,38,
1916-11-24,38,25,
1916-11-25,34,16,
1916-11-26,50,28,
1916-11-27,55,36,
1916-11-28,53,47,
1916-11-29,52,42,
1916-11-30,49,28,
1916-12-01,52,34,
1916-12-02,52,26,
1916-12-03,61,41,
1916-12-04,64,50,
1916-12-05,56,39,
1916-12-06,53,29,
1916-12-07,66,42,
1916-12-08,59,27,
1916-12-09,30,18,
1916-12-10,35,18,
1916-12-11,34,22,
1916-12-12,35,18,
1916-12-13,20,5,
1916-12-14,8,3,
1916-12-15,14,-4,
1916-12-16,38,1,
1916-12-17,37,16,
1916-12-18,26,8,
1916-12-19,30,11,
1916-12-20,27,8,
1916-12-21,12,6,
1916-12-22,16,-6,
1916-12-23,28,10,
1916-12-24,36,20,
1916-12-25,33,15,
1916-12-26,49,26,
1916-12-27,49,28,
1916-12-28,29,18,
1916-12-29,25,9,
1916-12-30,30,13,
1916-12-31,37,14,
1917-01-01,42,34,
1917-01-02,46,24,
1917-01-03,43,32,
1917-01-04,46,31,
1917-01-05,44,32,
1917-01-06,42,26,
1917-01-07,41,25,
1917-01-08,47,25,
1917-01-09,47,33,
1917-01-10,44,18,
1917-01-11,19,4,
1917-01-12,28,10,
1917-01-13,27,5,
1917-01-14,21,1,
1917-01-15,20,10,
1917-01-16,22,6,
1917-01-17,23,14,
1917-01-18,28,18,
1917-01-19,34,8,
1917-01-20,45,21,
1917-01-21,54,31,
1917-01-22,45,17,
1917-01-23,30,12,
1917-01-24,32,21,
1917-01-25,35,15,
1917-01-26,21,0,
1917-01-27,35,16,
1917-01-28,45,23,
1917-01-29,52,43,
1917-01-30,45,28,
1917-01-31,59,30,
1917-02-01,31,3,
1917-02-02,3,-12,
1917-02-03,25,-3,
1917-02-04,25,-9,
1917-02-05,8,-9,
1917-02-06,31,4,
1917-02-07,34,27,
1917-02-08,31,14,
1917-02-09,14,-4,
1917-02-10,20,3,
1917-02-11,13,1,
1917-02-12,20,-4,
1917-02-13,32,16,
1917-02-14,35,14,
1917-02-15,35,20,
1917-02-16,40,25,
1917-02-17,51,32,
1917-02-18,33,23,
1917-02-19,47,28,
1917-02-20,36,19,
1917-02-21,52,26,
1917-02-22,45,21,
1917-02-23,46,33,
1917-02-24,34,22,
1917-02-25,52,24,
1917-02-26,58,36,
1917-02-27,37,25,
1917-02-28,37,22,
1917-03-01,32,25,
1917-03-02,34,24,
1917-03-03,37,29,
1917-03-04,30,17,
1917-03-05,28,10,
1917-03-06,48,24,
1917-03-07,48,37,
1917-03-08,43,33,
1917-03-09,50,24,
1917-03-10,65,36,
1917-03-11,68,44,
1917-03-12,44,31,
1917-03-13,43,32,
1917-03-14,51,32,
1917-03-15,44,27,
1917-03-16,54,33,
1917-03-17,54,30,
1917-03-18,34,24,
1917-03-19,50,24,
1917-03-20,52,32,
1917-03-21,58,37,
1917-03-22,62,36,
1917-03-23,68,42,
1917-03-24,58,32,
1917-03-25,66,40,
1917-03-26,68,42,
1917-03-27,43,32,
1917-03-28,61,28,
1917-03-29,54,37,
1917-03-30,65,34,
1917-03-31,76,52,
1917-04-01,76,44,
1917-04-02,51,34,
1917-04-03,48,32,
1917-04-04,54,34,
1917-04-05,61,38,
1917-04-06,40,33,
1917-04-07,50,33,
1917-04-08,44,33,
1917-04-09,45,25,
1917-04-10,46,30,
1917-04-11,59,34,
1917-04-12,64,36,
1917-04-13,57,27,
1917-04-14,45,24,
1917-04-15,50,28,
1917-04-16,53,34,
1917-04-17,51,41,
1917-04-18,75,50,
1917-04-19,83,58,
1917-04-20,75,58,
1917-04-21,70,44,
1917-04-22,64,44,
1917-04-23,76,44,
1917-04-24,71,44,
1917-04-25,59,44,
1917-04-26,56,41,
1917-04-27,56,40,
1917-04-28,48,39,
1917-04-29,50,40,
1917-04-30,50,40,
1917-05-01,59,36,
1917-05-02,53,35,
1917-05-03,56,38,
1917-05-04,54,41,
1917-05-05,42,34,
1917-05-06,50,37,
1917-05-07,52,34,
1917-05-08,55,39,
1917-05-09,58,35,
1917-05-10,58,41,
1917-05-11,64,43,
1917-05-12,62,36,
1917-05-13,62,38,
1917-05-14,62,38,
1917-05-15,68,44,
1917-05-16,76,50,
1917-05-17,79,52,
1917-05-18,82,57,
1917-05-19,82,60,
1917-05-20,86,63,
1917-05-21,85,61,
1917-05-22,77,60,
1917-05-23,62,38,
1917-05-24,62,40,
1917-05-25,68,45,
1917-05-26,69,50,
1917-05-27,71,52,
1917-05-28,63,49,
1917-05-29,66,46,
1917-05-30,71,54,
1917-05-31,69,58,
1917-06-01,69,56,
1917-06-02,69,58,
1917-06-03,68,45,
1917-06-04,72,52,
1917-06-05,75,59,
1917-06-06,76,62,
1917-06-07,73,58,
1917-06-08,73,57,
1917-06-09,80,60,
1917-06-10,66,54,
1917-06-11,77,58,
1917-06-12,78,62,
1917-06-13,83,63,
1917-06-14,78,52,
1917-06-15,73,44,
1917-06-16,60,38,
1917-06-17,64,47,
1917-06-18,74,56,
1917-06-19,82,62,
1917-06-20,78,55,
1917-06-21,82,61,
1917-06-22,84,64,
1917-06-23,86,68,
1917-06-24,85,56,
1917-06-25,80,57,
1917-06-26,90,65,
1917-06-27,90,68,
1917-06-28,81,66,
1917-06-29,80,59,
1917-06-30,81,60,
1917-07-01,82,65,
1917-07-02,78,58,
1917-07-03,76,55,
1917-07-04,74,52,
1917-07-05,75,55,
1917-07-06,81,60,
1917-07-07,84,65,
1917-07-08,82,58,
1917-07-09,85,67,
1917-07-10,87,54,
1917-07-11,78,58,
1917-07-12,85,57,
1917-07-13,80,60,
1917-07-14,81,62,
1917-07-15,80,60,
1917-07-16,81,62,
1917-07-17,81,60,
1917-07-18,76,55,
1917-07-19,83,61,
1917-07-20,87,62,
1917-07-21,88,65,
1917-07-22,89,64,
1917-07-23,90,69,
1917-07-24,81,67,
1917-07-25,89,68,
1917-07-26,83,69,
1917-07-27,82,70,
1917-07-28,91,70,
1917-07-29,90,74,
1917-07-30,92,73,
1917-07-31,94,74,
1917-08-01,93,76,
1917-08-02,92,62,
1917-08-03,87,67,
1917-08-04,88,63,
1917-08-05,90,68,
1917-08-06,92,65,
1917-08-07,77,66,
1917-08-08,80,65,
1917-08-09,79,60,
1917-08-10,76,56,
1917-08-11,76,53,
1917-08-12,78,59,
1917-08-13,82,63,
1917-08-14,80,57,
1917-08-15,79,60,
1917-08-16,83,60,
1917-08-17,87,62,
1917-08-18,81,53,
1917-08-19,83,57,
1917-08-20,87,66,
1917-08-21,90,67,
1917-08-22,74,66,
1917-08-23,79,62,
1917-08-24,81,58,
1917-08-25,75,48,
1917-08-26,75,52,
1917-08-27,80,61,
1917-08-28,76,58,
1917-08-29,65,57,
1917-08-30,64,52,
1917-08-31,73,52,
1917-09-01,76,56,
1917-09-02,84,62,
1917-09-03,86,59,
1917-09-04,76,59,
1917-09-05,72,55,
1917-09-06,83,58,
1917-09-07,73,54,
1917-09-08,79,56,
1917-09-09,68,52,
1917-09-10,73,42,
1917-09-11,57,37,
1917-09-12,63,41,
1917-09-13,71,42,
1917-09-14,78,52,
1917-09-15,80,52,
1917-09-16,83,56,
1917-09-17,80,52,
1917-09-18,76,50,
1917-09-19,77,54,
1917-09-20,80,58,
1917-09-21,75,56,
1917-09-22,67,46,
1917-09-23,73,46,
1917-09-24,72,50,
1917-09-25,79,54,
1917-09-26,79,55,
1917-09-27,78,55,
1917-09-28,62,42,
1917-09-29,70,45,
1917-09-30,76,40,
1917-10-01,65,35,
1917-10-02,72,46,
1917-10-03,68,55,
1917-10-04,72,43,
1917-10-05,64,42,
1917-10-06,59,30,
1917-10-07,66,43,
1917-10-08,55,33,
1917-10-09,52,30,
1917-10-10,51,35,
1917-10-11,46,30,
1917-10-12,42,31,
1917-10-13,51,22,
1917-10-14,68,34,
1917-10-15,75,46,
1917-10-16,66,42,
1917-10-17,80,50,
1917-10-18,75,46,
1917-10-19,47,32,
1917-10-20,50,30,
1917-10-21,46,30,
1917-10-22,50,36,
1917-10-23,38,27,
1917-10-24,49,36,
1917-10-25,50,32,
1917-10-26,48,39,
1917-10-27,47,36,
1917-10-28,55,30,
1917-10-29,57,28,
1917-10-30,31,23,
1917-10-31,36,27,
1917-11-01,34,28,
1917-11-02,40,25,
1917-11-03,62,30,
1917-11-04,65,33,
1917-11-05,67,38,
1917-11-06,70,40,
1917-11-07,67,37,
1917-11-08,70,40,
1917-11-09,68,36,
1917-11-10,63,38,
1917-11-11,58,47,
1917-11-12,48,39,
1917-11-13,43,39,
1917-11-14,45,37,
1917-11-15,49,32,
1917-11-16,65,33,
1917-11-17,70,39,
1917-11-18,56,37,
1917-11-19,46,25,
1917-11-20,60,32,
1917-11-21,56,35,
1917-11-22,54,31,
1917-11-23,32,26,
1917-11-24,34,19,
1917-11-25,39,26,
1917-11-26,35,24,
1917-11-27,38,29,
1917-11-28,38,34,
1917-11-29,47,34,
1917-11-30,46,38,
1917-12-01,44,34,
1917-12-02,50,33,
1917-12-03,45,34,
1917-12-04,42,30,
1917-12-05,37,26,
1917-12-06,28,12,
1917-12-07,23,5,
1917-12-08,23,-2,
1917-12-09,5,-6,
1917-12-10,6,-10,
1917-12-11,12,-12,
1917-12-12,20,-5,
1917-12-13,17,5,
1917-12-14,10,0,
1917-12-15,11,-6,
1917-12-16,25,11,
1917-12-17,30,5,
1917-12-18,41,21,
1917-12-19,40,34,
1917-12-20,52,37,
1917-12-21,44,30,
1917-12-22,38,24,
1917-12-23,48,33,
1917-12-24,50,30,
1917-12-25,32,16,
1917-12-26,31,14,
1917-12-27,34,24,
1917-12-28,32,7,
1917-12-29,7,-6,
1917-12-30,10,-6,
1917-12-31,18,10,
1918-01-01,23,2,
1918-01-02,27,10,
1918-01-03,18,2,
1918-01-04,26,12,
1918-01-05,34,13,
1918-01-06,32,23,
1918-01-07,24,13,
1918-01-08,17,0,
1918-01-09,19,3,
1918-01-10,20,1,
1918-01-11,18,-7,
1918-01-12,-2,-21,
1918-01-13,12,-5,
1918-01-14,18,9,
1918-01-15,15,-3,
1918-01-16,19,4,
1918-01-17,15,6,
1918-01-18,6,-10,
1918-01-19,11,-6,
1918-01-20,12,-9,
1918-01-21,15,-2,
1918-01-22,19,4,
1918-01-23,21,-8,
1918-01-24,32,21,
1918-01-25,36,26,
1918-01-26,27,13,
1918-01-27,14,5,
1918-01-28,17,10,
1918-01-29,23,-4,
1918-01-30,26,1,
1918-01-31,16,6,
1918-02-01,14,-3,
1918-02-02,24,-1,
1918-02-03,21,7,
1918-02-04,7,-11,
1918-02-05,27,-8,
1918-02-06,42,27,
1918-02-07,44,23,
1918-02-08,45,34,
1918-02-09,43,25,
1918-02-10,46,26,
1918-02-11,55,34,
1918-02-12,47,39,
1918-02-13,48,28,
1918-02-14,66,40,
1918-02-15,50,23,
1918-02-16,29,22,
1918-02-17,26,12,
1918-02-18,44,20,
1918-02-19,62,29,
1918-02-20,29,9,
1918-02-21,18,2,
1918-02-22,36,14,
1918-02-23,55,28,
1918-02-24,57,37,
1918-02-25,60,30,
1918-02-26,40,21,
1918-02-27,41,28,
1918-02-28,38,33,
1918-03-01,46,28,
1918-03-02,58,27,
1918-03-03,50,30,
1918-03-04,58,38,
1918-03-05,72,36,
1918-03-06,65,31,
1918-03-07,46,24,
1918-03-08,56,28,
1918-03-09,70,35,
1918-03-10,35,18,
1918-03-11,56,25,
1918-03-12,66,48,
1918-03-13,74,53,
1918-03-14,70,32,
1918-03-15,40,30,
1918-03-16,50,20,
1918-03-17,64,31,
1918-03-18,75,36,
1918-03-19,70,42,
1918-03-20,76,53,
1918-03-21,76,44,
1918-03-22,63,37,
1918-03-23,41,35,
1918-03-24,54,36,
1918-03-25,58,34,
1918-03-26,53,36,
1918-03-27,52,30,
1918-03-28,56,28,
1918-03-29,61,29,
1918-03-30,66,35,
1918-03-31,71,40,
1918-04-01,71,51,
1918-04-02,68,49,
1918-04-03,73,36,
1918-04-04,50,32,
1918-04-05,48,29,
1918-04-06,52,29,
1918-04-07,55,40,
1918-04-08,57,33,
1918-04-09,41,26,
1918-04-10,46,23,
1918-04-11,46,23,
1918-04-12,43,35,
1918-04-13,51,31,
1918-04-14,62,33,
1918-04-15,64,37,
1918-04-16,67,43,
1918-04-17,78,50,
1918-04-18,60,39,
1918-04-19,65,34,
1918-04-20,58,32,
1918-04-21,42,32,
1918-04-22,40,34,
1918-04-23,63,37,
1918-04-24,59,37,
1918-04-25,52,36,
1918-04-26,45,37,
1918-04-27,58,41,
1918-04-28,61,43,
1918-04-29,60,46,
1918-04-30,57,41,
1918-05-01,51,34,
1918-05-02,58,35,
1918-05-03,70,41,
1918-05-04,78,47,
1918-05-05,81,48,
1918-05-06,80,55,
1918-05-07,77,61,
1918-05-08,77,55,
1918-05-09,79,58,
1918-05-10,80,52,
1918-05-11,62,42,
1918-05-12,56,43,
1918-05-13,54,46,
1918-05-14,65,45,
1918-05-15,68,48,
1918-05-16,76,52,
1918-05-17,80,56,
1918-05-18,80,62,
1918-05-19,79,63,
1918-05-20,83,58,
1918-05-21,72,54,
1918-05-22,81,55,
1918-05-23,80,56,
1918-05-24,72,56,
1918-05-25,84,58,
1918-05-26,88,68,
1918-05-27,86,65,
1918-05-28,87,64,
1918-05-29,87,64,
1918-05-30,80,65,
1918-05-31,86,69,
1918-06-01,87,72,
1918-06-02,79,64,
1918-06-03,83,60,
1918-06-04,86,62,
1918-06-05,86,62,
1918-06-06,88,64,
1918-06-07,82,60,
1918-06-08,70,45,
1918-06-09,78,52,
1918-06-10,84,58,
1918-06-11,86,62,
1918-06-12,93,63,
1918-06-13,78,45,
1918-06-14,80,51,
1918-06-15,84,60,
1918-06-16,90,62,
1918-06-17,99,73,
1918-06-18,86,56,
1918-06-19,78,55,
1918-06-20,79,58,
1918-06-21,66,56,
1918-06-22,81,54,
1918-06-23,72,45,
1918-06-24,74,54,
1918-06-25,70,61,
1918-06-26,78,56,
1918-06-27,82,57,
1918-06-28,89,63,
1918-06-29,76,62,
1918-06-30,82,66,
1918-07-01,75,51,
1918-07-02,74,54,
1918-07-03,82,58,
1918-07-04,85,65,
1918-07-05,88,66,
1918-07-06,78,60,
1918-07-07,87,58,
1918-07-08,63,54,
1918-07-09,72,51,
1918-07-10,74,51,
1918-07-11,78,55,
1918-07-12,79,52,
1918-07-13,77,53,
1918-07-14,80,58,
1918-07-15,84,62,
1918-07-16,79,64,
1918-07-17,77,62,
1918-07-18,81,62,
1918-07-19,82,57,
1918-07-20,87,66,
1918-07-21,89,64,
1918-07-22,90,67,
1918-07-23,88,68,
1918-07-24,92,69,
1918-07-25,84,70,
1918-07-26,92,69,
1918-07-27,95,70,
1918-07-28,94,69,
1918-07-29,94,71,
1918-07-30,85,56,
1918-07-31,73,51,
1918-08-01,81,52,
1918-08-02,91,60,
1918-08-03,94,65,
1918-08-04,97,68,
1918-08-05,101,70,
1918-08-06,100,75,
1918-08-07,96,71,
1918-08-08,90,71,
1918-08-09,88,70,
1918-08-10,94,70,
1918-08-11,91,70,
1918-08-12,97,72,
1918-08-13,92,71,
1918-08-14,88,70,
1918-08-15,84,61,
1918-08-16,89,65,
1918-08-17,80,67,
1918-08-18,79,65,
1918-08-19,82,64,
1918-08-20,87,66,
1918-08-21,86,68,
1918-08-22,89,69,
1918-08-23,89,68,
1918-08-24,80,69,
1918-08-25,81,67,
1918-08-26,86,65,
1918-08-27,83,62,
1918-08-28,87,63,
1918-08-29,83,62,
1918-08-30,80,60,
1918-08-31,76,57,
1918-09-01,79,52,
1918-09-02,70,59,
1918-09-03,75,57,
1918-09-04,70,55,
1918-09-05,68,56,
1918-09-06,70,44,
1918-09-07,75,49,
1918-09-08,77,55,
1918-09-09,78,55,
1918-09-10,70,58,
1918-09-11,77,60,
1918-09-12,71,51,
1918-09-13,70,44,
1918-09-14,74,50,
1918-09-15,68,59,
1918-09-16,64,51,
1918-09-17,67,39,
1918-09-18,60,48,
1918-09-19,57,46,
1918-09-20,51,34,
1918-09-21,57,36,
1918-09-22,62,35,
1918-09-23,69,42,
1918-09-24,73,47,
1918-09-25,76,47,
1918-09-26,68,46,
1918-09-27,66,34,
1918-09-28,78,41,
1918-09-29,72,46,
1918-09-30,62,47,
1918-10-01,57,40,
1918-10-02,69,52,
1918-10-03,72,49,
1918-10-04,75,49,
1918-10-05,83,66,
1918-10-06,76,51,
1918-10-07,64,40,
1918-10-08,69,40,
1918-10-09,75,40,
1918-10-10,76,47,
1918-10-11,68,57,
1918-10-12,73,56,
1918-10-13,66,55,
1918-10-14,64,46,
1918-10-15,71,41,
1918-10-16,80,48,
1918-10-17,75,46,
1918-10-18,68,50,
1918-10-19,65,42,
1918-10-20,68,52,
1918-10-21,64,41,
1918-10-22,59,40,
1918-10-23,60,40,
1918-10-24,59,55,
1918-10-25,58,42,
1918-10-26,67,51,
1918-10-27,70,58,
1918-10-28,59,45,
1918-10-29,60,42,
1918-10-30,56,42,
1918-10-31,48,38,
1918-11-01,43,33,
1918-11-02,58,29,
1918-11-03,64,39,
1918-11-04,58,40,
1918-11-05,58,35,
1918-11-06,70,38,
1918-11-07,57,51,
1918-11-08,57,50,
1918-11-09,52,37,
1918-11-10,45,32,
1918-11-11,48,29,
1918-11-12,56,29,
1918-11-13,57,32,
1918-11-14,63,32,
1918-11-15,60,40,
1918-11-16,59,49,
1918-11-17,59,45,
1918-11-18,56,38,
1918-11-19,42,36,
1918-11-20,42,38,
1918-11-21,40,33,
1918-11-22,36,31,
1918-11-23,35,27,
1918-11-24,29,20,
1918-11-25,38,17,
1918-11-26,42,22,
1918-11-27,46,23,
1918-11-28,52,37,
1918-11-29,42,29,
1918-11-30,40,23,
1918-12-01,44,26,
1918-12-02,42,26,
1918-12-03,50,32,
1918-12-04,38,23,
1918-12-05,54,22,
1918-12-06,48,28,
1918-12-07,54,34,
1918-12-08,62,46,
1918-12-09,65,52,
1918-12-10,62,47,
1918-12-11,53,32,
1918-12-12,42,31,
1918-12-13,46,39,
1918-12-14,45,36,
1918-12-15,46,28,
1918-12-16,52,32,
1918-12-17,48,32,
1918-12-18,45,30,
1918-12-19,56,33,
1918-12-20,50,42,
1918-12-21,53,48,
1918-12-22,52,38,
1918-12-23,40,32,
1918-12-24,40,28,
1918-12-25,28,21,
1918-12-26,24,10,
1918-12-27,28,23,
1918-12-28,25,15,
1918-12-29,28,18,
1918-12-30,42,19,
1918-12-31,41,31,
1919-01-01,33,12,
1919-01-02,13,5,
1919-01-03,7,-7,
1919-01-04,13,-8,
1919-01-05,22,9,
1919-01-06,34,19,
1919-01-07,34,21,
1919-01-08,30,10,
1919-01-09,25,18,
1919-01-10,42,12,
1919-01-11,44,20,
1919-01-12,50,26,
1919-01-13,47,33,
1919-01-14,34,28,
1919-01-15,43,21,
1919-01-16,47,28,
1919-01-17,48,26,
1919-01-18,50,28,
1919-01-19,50,29,
1919-01-20,55,30,
1919-01-21,51,37,
1919-01-22,48,34,
1919-01-23,44,33,
1919-01-24,49,28,
1919-01-25,49,32,
1919-01-26,48,28,
1919-01-27,51,27,
1919-01-28,42,27,
1919-01-29,46,22,
1919-01-30,45,31,
1919-01-31,46,32,
1919-02-01,37,23,
1919-02-02,39,25,
1919-02-03,56,34,
1919-02-04,42,18,
1919-02-05,32,12,
1919-02-06,37,20,
1919-02-07,34,23,
1919-02-08,24,11,
1919-02-09,30,16,
1919-02-10,36,12,
1919-02-11,52,27,
1919-02-12,53,30,
1919-02-13,56,40,
1919-02-14,41,32,
1919-02-15,33,29,
1919-02-16,30,25,
1919-02-17,42,20,
1919-02-18,36,23,
1919-02-19,40,24,
1919-02-20,35,30,
1919-02-21,36,31,
1919-02-22,34,31,
1919-02-23,37,26,
1919-02-24,44,25,
1919-02-25,41,18,
1919-02-26,32,12,
1919-02-27,47,25,
1919-02-28,47,14,
1919-03-01,29,9,
1919-03-02,46,20,
1919-03-03,52,28,
1919-03-04,62,36,
1919-03-05,36,19,
1919-03-06,34,15,
1919-03-07,44,24,
1919-03-08,37,30,
1919-03-09,41,28,
1919-03-10,45,28,
1919-03-11,44,26,
1919-03-12,58,31,
1919-03-13,56,36,
1919-03-14,58,33,
1919-03-15,61,52,
1919-03-16,66,57,
1919-03-17,59,40,
1919-03-18,48,33,
1919-03-19,57,32,
1919-03-20,67,36,
1919-03-21,58,36,
1919-03-22,49,28,
1919-03-23,55,30,
1919-03-24,62,34,
1919-03-25,66,38,
1919-03-26,59,41,
1919-03-27,42,33,
1919-03-28,50,26,
1919-03-29,64,38,
1919-03-30,58,42,
1919-03-31,42,31,
1919-04-01,45,24,
1919-04-02,53,26,
1919-04-03,55,43,
1919-04-04,58,38,
1919-04-05,71,40,
1919-04-06,75,41,
1919-04-07,74,53,
1919-04-08,72,50,
1919-04-09,76,51,
1919-04-10,70,43,
1919-04-11,48,40,
1919-04-12,56,33,
1919-04-13,67,34,
1919-04-14,62,46,
1919-04-15,62,49,
1919-04-16,58,37,
1919-04-17,50,35,
1919-04-18,60,34,
1919-04-19,69,40,
1919-04-20,70,55,
1919-04-21,68,39,
1919-04-22,74,50,
1919-04-23,76,56,
1919-04-24,70,38,
1919-04-25,49,24,
1919-04-26,60,27,
1919-04-27,56,38,
1919-04-28,55,46,
1919-04-29,58,43,
1919-04-30,63,48,
1919-05-01,60,48,
1919-05-02,65,38,
1919-05-03,73,52,
1919-05-04,78,60,
1919-05-05,72,46,
1919-05-06,75,45,
1919-05-07,72,50,
1919-05-08,64,47,
1919-05-09,56,43,
1919-05-10,62,40,
1919-05-11,63,40,
1919-05-12,62,42,
1919-05-13,64,41,
1919-05-14,70,44,
1919-05-15,71,47,
1919-05-16,65,55,
1919-05-17,67,44,
1919-05-18,72,45,
1919-05-19,68,50,
1919-05-20,56,44,
1919-05-21,54,45,
1919-05-22,58,47,
1919-05-23,57,46,
1919-05-24,67,51,
1919-05-25,75,52,
1919-05-26,78,58,
1919-05-27,79,60,
1919-05-28,82,62,
1919-05-29,86,53,
1919-05-30,92,65,
1919-05-31,87,66,
1919-06-01,86,66,
1919-06-02,86,66,
1919-06-03,82,64,
1919-06-04,79,63,
1919-06-05,77,56,
1919-06-06,74,53,
1919-06-07,75,55,
1919-06-08,80,56,
1919-06-09,86,63,
1919-06-10,87,64,
1919-06-11,89,66,
1919-06-12,91,67,
1919-06-13,90,65,
1919-06-14,90,67,
1919-06-15,89,66,
1919-06-16,89,68,
1919-06-17,89,68,
1919-06-18,90,69,
1919-06-19,90,69,
1919-06-20,84,65,
1919-06-21,85,69,
1919-06-22,77,66,
1919-06-23,74,66,
1919-06-24,80,65,
1919-06-25,84,66,
1919-06-26,87,68,
1919-06-27,81,64,
1919-06-28,75,54,
1919-06-29,82,52,
1919-06-30,88,63,
1919-07-01,90,67,
1919-07-02,90,66,
1919-07-03,90,68,
1919-07-04,92,69,
1919-07-05,88,70,
1919-07-06,83,65,
1919-07-07,84,61,
1919-07-08,87,63,
1919-07-09,92,66,
1919-07-10,87,63,
1919-07-11,82,56,
1919-07-12,96,64,
1919-07-13,95,70,
1919-07-14,92,70,
1919-07-15,88,72,
1919-07-16,81,57,
1919-07-17,84,58,
1919-07-18,88,58,
1919-07-19,92,65,
1919-07-20,91,62,
1919-07-21,92,60,
1919-07-22,87,63,
1919-07-23,90,59,
1919-07-24,92,63,
1919-07-25,94,66,
1919-07-26,90,71,
1919-07-27,90,70,
1919-07-28,95,71,
1919-07-29,91,70,
1919-07-30,93,69,
1919-07-31,94,71,
1919-08-01,79,67,
1919-08-02,76,57,
1919-08-03,80,56,
1919-08-04,94,69,
1919-08-05,90,74,
1919-08-06,93,70,
1919-08-07,85,71,
1919-08-08,82,64,
1919-08-09,77,54,
1919-08-10,81,52,
1919-08-11,80,55,
1919-08-12,85,56,
1919-08-13,85,66,
1919-08-14,87,62,
1919-08-15,90,63,
1919-08-16,87,65,
1919-08-17,80,62,
1919-08-18,81,61,
1919-08-19,83,59,
1919-08-20,80,60,
1919-08-21,82,65,
1919-08-22,87,61,
1919-08-23,85,66,
1919-08-24,85,66,
1919-08-25,75,56,
1919-08-26,76,54,
1919-08-27,75,57,
1919-08-28,79,54,
1919-08-29,82,55,
1919-08-30,82,59,
1919-08-31,74,50,
1919-09-01,76,51,
1919-09-02,78,48,
1919-09-03,83,60,
1919-09-04,79,63,
1919-09-05,86,53,
1919-09-06,89,63,
1919-09-07,89,65,
1919-09-08,91,67,
1919-09-09,92,68,
1919-09-10,92,69,
1919-09-11,84,64,
1919-09-12,79,51,
1919-09-13,76,48,
1919-09-14,85,52,
1919-09-15,87,54,
1919-09-16,83,56,
1919-09-17,73,57,
1919-09-18,76,59,
1919-09-19,82,64,
1919-09-20,87,65,
1919-09-21,73,65,
1919-09-22,71,54,
1919-09-23,68,51,
1919-09-24,78,48,
1919-09-25,69,54,
1919-09-26,70,42,
1919-09-27,80,47,
1919-09-28,77,58,
1919-09-29,81,67,
1919-09-30,83,60,
1919-10-01,88,68,
1919-10-02,86,63,
1919-10-03,84,61,
1919-10-04,81,61,
1919-10-05,74,67,
1919-10-06,72,50,
1919-10-07,76,46,
1919-10-08,75,50,
1919-10-09,78,63,
1919-10-10,75,47,
1919-10-11,49,42,
1919-10-12,58,37,
1919-10-13,59,37,
1919-10-14,68,46,
1919-10-15,68,47,
1919-10-16,64,45,
1919-10-17,55,34,
1919-10-18,63,34,
1919-10-19,64,38,
1919-10-20,66,42,
1919-10-21,60,44,
1919-10-22,63,35,
1919-10-23,63,49,
1919-10-24,72,56,
1919-10-25,75,54,
1919-10-26,59,44,
1919-10-27,62,48,
1919-10-28,63,34,
1919-10-29,50,33,
1919-10-30,72,47,
1919-10-31,70,58,
1919-11-01,60,40,
1919-11-02,52,29,
1919-11-03,56,35,
1919-11-04,50,31,
1919-11-05,46,25,
1919-11-06,46,34,
1919-11-07,46,42,
1919-11-08,50,42,
1919-11-09,63,43,
1919-11-10,62,47,
1919-11-11,49,31,
1919-11-12,42,24,
1919-11-13,31,16,
1919-11-14,42,23,
1919-11-15,45,23,
1919-11-16,57,31,
1919-11-17,58,35,
1919-11-18,52,31,
1919-11-19,42,25,
1919-11-20,47,26,
1919-11-21,47,36,
1919-11-22,52,31,
1919-11-23,52,35,
1919-11-24,49,24,
1919-11-25,47,38,
1919-11-26,42,30,
1919-11-27,31,28,
1919-11-28,40,27,
1919-11-29,58,28,
1919-11-30,28,17,
1919-12-01,33,19,
1919-12-02,33,13,
1919-12-03,24,6,
1919-12-04,30,14,
1919-12-05,31,21,
1919-12-06,34,28,
1919-12-07,33,25,
1919-12-08,27,21,
1919-12-09,24,4,
1919-12-10,12,-4,
1919-12-11,35,8,
1919-12-12,51,32,
1919-12-13,41,7,
1919-12-14,20,-1,
1919-12-15,22,7,
1919-12-16,32,9,
1919-12-17,28,11,
1919-12-18,23,16,
1919-12-19,24,15,
1919-12-20,35,11,
1919-12-21,28,18,
1919-12-22,25,22,
1919-12-23,31,23,
1919-12-24,31,22,
1919-12-25,32,11,
1919-12-26,41,27,
1919-12-27,39,24,
1919-12-28,32,23,
1919-12-29,37,15,
1919-12-30,42,26,
1919-12-31,42,30,
1920-01-01,30,3,
1920-01-02,11,-1,
1920-01-03,15,-2,
1920-01-04,14,-6,
1920-01-05,23,-5,
1920-01-06,32,22,
1920-01-07,34,28,
1920-01-08,30,23,
1920-01-09,25,15,
1920-01-10,26,1,
1920-01-11,32,21,
1920-01-12,34,-2,
1920-01-13,36,22,
1920-01-14,23,16,
1920-01-15,28,16,
1920-01-16,29,23,
1920-01-17,26,9,
1920-01-18,16,7,
1920-01-19,31,16,
1920-01-20,34,14,
1920-01-21,28,13,
1920-01-22,25,12,
1920-01-23,26,22,
1920-01-24,24,17,
1920-01-25,21,8,
1920-01-26,33,9,
1920-01-27,36,25,
1920-01-28,26,9,
1920-01-29,38,15,
1920-01-30,41,27,
1920-01-31,28,15,
1920-02-01,44,16,
1920-02-02,55,34,
1920-02-03,45,32,
1920-02-04,32,25,
1920-02-05,38,24,
1920-02-06,35,32,
1920-02-07,35,29,
1920-02-08,36,32,
1920-02-09,38,30,
1920-02-10,38,28,
1920-02-11,48,25,
1920-02-12,36,24,
1920-02-13,45,24,
1920-02-14,36,9,
1920-02-15,11,-3,
1920-02-16,25,-1,
1920-02-17,46,24,
1920-02-18,36,22,
1920-02-19,33,14,
1920-02-20,34,22,
1920-02-21,42,32,
1920-02-22,45,30,
1920-02-23,40,29,
1920-02-24,29,23,
1920-02-25,26,18,
1920-02-26,22,11,
1920-02-27,31,7,
1920-02-28,35,23,
1920-02-29,28,13,
1920-03-01,45,15,
1920-03-02,52,25,
1920-03-03,51,29,
1920-03-04,45,20,
1920-03-05,22,12,
1920-03-06,18,8,
1920-03-07,15,1,
1920-03-08,35,8,
1920-03-09,45,27,
1920-03-10,47,35,
1920-03-11,57,43,
1920-03-12,56,31,
1920-03-13,36,24,
1920-03-14,53,26,
1920-03-15,60,43,
1920-03-16,52,42,
1920-03-17,42,28,
1920-03-18,40,31,
1920-03-19,40,32,
1920-03-20,50,29,
1920-03-21,54,31,
1920-03-22,64,34,
1920-03-23,63,39,
1920-03-24,54,49,
1920-03-25,61,52,
1920-03-26,58,43,
1920-03-27,72,35,
1920-03-28,72,54,
1920-03-29,56,36,
1920-03-30,67,39,
1920-03-31,71,43,
1920-04-01,72,53,
1920-04-02,63,32,
1920-04-03,42,30,
1920-04-04,32,26,
1920-04-05,27,19,
1920-04-06,36,19,
1920-04-07,42,21,
1920-04-08,47,27,
1920-04-09,47,30,
1920-04-10,52,29,
1920-04-11,60,34,
1920-04-12,55,28,
1920-04-13,43,25,
1920-04-14,51,29,
1920-04-15,59,42,
1920-04-16,56,37,
1920-04-17,59,36,
1920-04-18,55,41,
1920-04-19,52,44,
1920-04-20,62,51,
1920-04-21,71,45,
1920-04-22,70,55,
1920-04-23,58,45,
1920-04-24,56,42,
1920-04-25,55,41,
1920-04-26,53,44,
1920-04-27,52,38,
1920-04-28,55,38,
1920-04-29,61,37,
1920-04-30,59,48,
1920-05-01,64,36,
1920-05-02,60,49,
1920-05-03,58,39,
1920-05-04,61,41,
1920-05-05,64,47,
1920-05-06,65,43,
1920-05-07,69,47,
1920-05-08,71,45,
1920-05-09,77,46,
1920-05-10,77,55,
1920-05-11,80,59,
1920-05-12,64,46,
1920-05-13,55,42,
1920-05-14,55,33,
1920-05-15,61,35,
1920-05-16,62,42,
1920-05-17,57,52,
1920-05-18,67,51,
1920-05-19,76,59,
1920-05-20,73,57,
1920-05-21,77,56,
1920-05-22,77,56,
1920-05-23,81,62,
1920-05-24,73,57,
1920-05-25,77,50,
1920-05-26,83,56,
1920-05-27,84,57,
1920-05-28,72,58,
1920-05-29,75,51,
1920-05-30,81,52,
1920-05-31,76,62,
1920-06-01,76,64,
1920-06-02,76,63,
1920-06-03,67,54,
1920-06-04,69,54,
1920-06-05,73,48,
1920-06-06,77,48,
1920-06-07,78,56,
1920-06-08,86,60,
1920-06-09,87,65,
1920-06-10,90,68,
1920-06-11,92,68,
1920-06-12,90,71,
1920-06-13,92,66,
1920-06-14,92,70,
1920-06-15,92,68,
1920-06-16,90,75,
1920-06-17,77,54,
1920-06-18,74,47,
1920-06-19,75,50,
1920-06-20,75,56,
1920-06-21,73,53,
1920-06-22,76,52,
1920-06-23,77,52,
1920-06-24,82,57,
1920-06-25,84,60,
1920-06-26,86,60,
1920-06-27,90,63,
1920-06-28,94,65,
1920-06-29,90,71,
1920-06-30,89,69,
1920-07-01,92,64,
1920-07-02,85,64,
1920-07-03,90,68,
1920-07-04,80,57,
1920-07-05,78,58,
1920-07-06,83,68,
1920-07-07,78,62,
1920-07-08,76,58,
1920-07-09,82,56,
1920-07-10,81,61,
1920-07-11,82,60,
1920-07-12,86,62,
1920-07-13,88,66,
1920-07-14,82,70,
1920-07-15,83,63,
1920-07-16,82,62,
1920-07-17,84,61,
1920-07-18,89,64,
1920-07-19,78,60,
1920-07-20,84,57,
1920-07-21,90,66,
1920-07-22,93,64,
1920-07-23,98,71,
1920-07-24,91,70,
1920-07-25,78,54,
1920-07-26,78,55,
1920-07-27,81,52,
1920-07-28,86,55,
1920-07-29,91,62,
1920-07-30,92,64,
1920-07-31,85,66,
1920-08-01,76,55,
1920-08-02,75,49,
1920-08-03,80,50,
1920-08-04,85,54,
1920-08-05,90,61,
1920-08-06,93,62,
1920-08-07,83,66,
1920-08-08,82,65,
1920-08-09,82,65,
1920-08-10,90,64,
1920-08-11,90,66,
1920-08-12,86,68,
1920-08-13,84,67,
1920-08-14,81,62,
1920-08-15,75,61,
1920-08-16,82,65,
1920-08-17,86,62,
1920-08-18,85,63,
1920-08-19,87,64,
1920-08-20,86,72,
1920-08-21,79,61,
1920-08-22,69,50,
1920-08-23,69,48,
1920-08-24,76,47,
1920-08-25,80,51,
1920-08-26,77,61,
1920-08-27,80,55,
1920-08-28,84,56,
1920-08-29,86,68,
1920-08-30,83,59,
1920-08-31,80,70,
1920-09-01,75,57,
1920-09-02,77,53,
1920-09-03,74,52,
1920-09-04,77,51,
1920-09-05,78,58,
1920-09-06,75,48,
1920-09-07,81,52,
1920-09-08,71,62,
1920-09-09,76,64,
1920-09-10,79,57,
1920-09-11,85,66,
1920-09-12,85,62,
1920-09-13,82,57,
1920-09-14,86,63,
1920-09-15,81,68,
1920-09-16,79,58,
1920-09-17,76,48,
1920-09-18,81,51,
1920-09-19,87,54,
1920-09-20,86,60,
1920-09-21,87,60,
1920-09-22,87,60,
1920-09-23,79,NA,
1920-09-24,87,68,
1920-09-25,88,66,
1920-09-26,86,65,
1920-09-27,76,61,
1920-09-28,77,53,
1920-09-29,67,39,
1920-09-30,57,38,
1920-10-01,58,36,
1920-10-02,68,35,
1920-10-03,76,50,
1920-10-04,80,55,
1920-10-05,69,46,
1920-10-06,65,42,
1920-10-07,68,40,
1920-10-08,74,42,
1920-10-09,79,45,
1920-10-10,82,50,
1920-10-11,83,55,
1920-10-12,80,51,
1920-10-13,81,54,
1920-10-14,82,57,
1920-10-15,77,62,
1920-10-16,76,51,
1920-10-17,79,52,
1920-10-18,80,60,
1920-10-19,81,57,
1920-10-20,81,56,
1920-10-21,82,55,
1920-10-22,82,54,
1920-10-23,77,56,
1920-10-24,67,56,
1920-10-25,56,51,
1920-10-26,58,52,
1920-10-27,57,39,
1920-10-28,44,30,
1920-10-29,45,26,
1920-10-30,59,29,
1920-10-31,62,42,
1920-11-01,57,46,
1920-11-02,58,32,
1920-11-03,49,29,
1920-11-04,60,34,
1920-11-05,58,36,
1920-11-06,65,40,
1920-11-07,56,49,
1920-11-08,55,48,
1920-11-09,58,42,
1920-11-10,43,30,
1920-11-11,34,24,
1920-11-12,27,14,
1920-11-13,30,11,
1920-11-14,36,14,
1920-11-15,33,25,
1920-11-16,35,21,
1920-11-17,40,18,
1920-11-18,52,31,
1920-11-19,66,36,
1920-11-20,66,42,
1920-11-21,63,49,
1920-11-22,50,34,
1920-11-23,39,34,
1920-11-24,39,34,
1920-11-25,38,32,
1920-11-26,35,30,
1920-11-27,47,31,
1920-11-28,50,28,
1920-11-29,47,35,
1920-11-30,47,35,
1920-12-01,46,32,
1920-12-02,54,28,
1920-12-03,56,44,
1920-12-04,51,38,
1920-12-05,39,32,
1920-12-06,38,27,
1920-12-07,37,30,
1920-12-08,38,26,
1920-12-09,37,27,
1920-12-10,37,31,
1920-12-11,46,28,
1920-12-12,58,34,
1920-12-13,57,49,
1920-12-14,56,33,
1920-12-15,37,30,
1920-12-16,40,28,
1920-12-17,37,23,
1920-12-18,28,15,
1920-12-19,26,17,
1920-12-20,31,15,
1920-12-21,40,24,
1920-12-22,44,29,
1920-12-23,29,16,
1920-12-24,18,5,
1920-12-25,22,3,
1920-12-26,33,20,
1920-12-27,33,1,
1920-12-28,13,-12,
1920-12-29,33,13,
1920-12-30,41,27,
1920-12-31,40,20,
1921-01-01,51,39,
1921-01-02,43,30,
1921-01-03,51,32,
1921-01-04,50,35,
1921-01-05,43,32,
1921-01-06,45,27,
1921-01-07,50,38,
1921-01-08,42,29,
1921-01-09,36,23,
1921-01-10,45,24,
1921-01-11,36,30,
1921-01-12,32,15,
1921-01-13,23,18,
1921-01-14,27,21,
1921-01-15,27,16,
1921-01-16,36,17,
1921-01-17,21,6,
1921-01-18,31,17,
1921-01-19,45,26,
1921-01-20,47,40,
1921-01-21,54,46,
1921-01-22,54,44,
1921-01-23,48,28,
1921-01-24,40,29,
1921-01-25,32,24,
1921-01-26,30,17,
1921-01-27,33,14,
1921-01-28,40,26,
1921-01-29,37,31,
1921-01-30,37,32,
1921-01-31,34,28,
1921-02-01,30,25,
1921-02-02,40,28,
1921-02-03,47,32,
1921-02-04,42,36,
1921-02-05,42,35,
1921-02-06,44,30,
1921-02-07,40,35,
1921-02-08,42,33,
1921-02-09,42,32,
1921-02-10,37,33,
1921-02-11,35,32,
1921-02-12,35,28,
1921-02-13,61,32,
1921-02-14,55,38,
1921-02-15,68,38,
1921-02-16,59,41,
1921-02-17,41,17,
1921-02-18,32,14,
1921-02-19,34,26,
1921-02-20,35,17,
1921-02-21,40,22,
1921-02-22,47,26,
1921-02-23,39,16,
1921-02-24,30,18,
1921-02-25,40,27,
1921-02-26,42,30,
1921-02-27,35,28,
1921-02-28,54,27,
1921-03-01,65,31,
1921-03-02,60,48,
1921-03-03,53,27,
1921-03-04,51,24,
1921-03-05,71,48,
1921-03-06,63,37,
1921-03-07,56,34,
1921-03-08,61,41,
1921-03-09,41,30,
1921-03-10,51,27,
1921-03-11,63,32,
1921-03-12,60,48,
1921-03-13,58,36,
1921-03-14,67,48,
1921-03-15,74,50,
1921-03-16,57,33,
1921-03-17,67,37,
1921-03-18,67,34,
1921-03-19,77,54,
1921-03-20,79,63,
1921-03-21,72,36,
1921-03-22,46,32,
1921-03-23,52,29,
1921-03-24,58,47,
1921-03-25,65,40,
1921-03-26,75,50,
1921-03-27,67,40,
1921-03-28,42,22,
1921-03-29,41,20,
1921-03-30,56,30,
1921-03-31,52,37,
1921-04-01,53,27,
1921-04-02,70,40,
1921-04-03,73,45,
1921-04-04,76,44,
1921-04-05,76,50,
1921-04-06,77,52,
1921-04-07,68,59,
1921-04-08,62,52,
1921-04-09,52,34,
1921-04-10,42,26,
1921-04-11,54,27,
1921-04-12,62,35,
1921-04-13,68,47,
1921-04-14,60,51,
1921-04-15,63,47,
1921-04-16,50,36,
1921-04-17,40,29,
1921-04-18,60,30,
1921-04-19,65,38,
1921-04-20,66,47,
1921-04-21,69,53,
1921-04-22,62,52,
1921-04-23,69,47,
1921-04-24,78,57,
1921-04-25,78,61,
1921-04-26,72,58,
1921-04-27,67,47,
1921-04-28,62,43,
1921-04-29,59,44,
1921-04-30,62,41,
1921-05-01,61,44,
1921-05-02,52,38,
1921-05-03,44,35,
1921-05-04,64,37,
1921-05-05,71,43,
1921-05-06,71,45,
1921-05-07,70,48,
1921-05-08,75,44,
1921-05-09,77,52,
1921-05-10,71,58,
1921-05-11,67,58,
1921-05-12,70,54,
1921-05-13,67,54,
1921-05-14,58,43,
1921-05-15,62,40,
1921-05-16,61,38,
1921-05-17,73,41,
1921-05-18,81,52,
1921-05-19,84,56,
1921-05-20,89,57,
1921-05-21,88,63,
1921-05-22,87,63,
1921-05-23,90,64,
1921-05-24,91,68,
1921-05-25,89,67,
1921-05-26,77,62,
1921-05-27,81,67,
1921-05-28,83,66,
1921-05-29,87,67,
1921-05-30,88,64,
1921-05-31,91,66,
1921-06-01,86,63,
1921-06-02,91,64,
1921-06-03,81,63,
1921-06-04,71,53,
1921-06-05,72,47,
1921-06-06,79,49,
1921-06-07,85,55,
1921-06-08,75,63,
1921-06-09,82,67,
1921-06-10,80,66,
1921-06-11,85,70,
1921-06-12,91,63,
1921-06-13,94,68,
1921-06-14,88,65,
1921-06-15,82,65,
1921-06-16,89,66,
1921-06-17,92,70,
1921-06-18,90,70,
1921-06-19,92,70,
1921-06-20,90,69,
1921-06-21,89,68,
1921-06-22,87,70,
1921-06-23,87,67,
1921-06-24,88,71,
1921-06-25,86,68,
1921-06-26,88,68,
1921-06-27,86,70,
1921-06-28,86,70,
1921-06-29,90,68,
1921-06-30,92,69,
1921-07-01,93,70,
1921-07-02,91,70,
1921-07-03,94,71,
1921-07-04,96,72,
1921-07-05,96,69,
1921-07-06,98,71,
1921-07-07,94,72,
1921-07-08,90,70,
1921-07-09,90,67,
1921-07-10,92,66,
1921-07-11,93,65,
1921-07-12,95,69,
1921-07-13,97,69,
1921-07-14,97,72,
1921-07-15,91,73,
1921-07-16,91,64,
1921-07-17,95,64,
1921-07-18,95,70,
1921-07-19,89,72,
1921-07-20,83,64,
1921-07-21,85,59,
1921-07-22,88,57,
1921-07-23,91,62,
1921-07-24,90,68,
1921-07-25,92,70,
1921-07-26,92,69,
1921-07-27,94,74,
1921-07-28,92,70,
1921-07-29,83,67,
1921-07-30,91,69,
1921-07-31,82,65,
1921-08-01,83,57,
1921-08-02,76,63,
1921-08-03,79,62,
1921-08-04,81,60,
1921-08-05,85,63,
1921-08-06,NA,71,
1921-08-07,78,62,
1921-08-08,80,51,
1921-08-09,82,56,
1921-08-10,84,59,
1921-08-11,NA,68,
1921-08-12,84,65,
1921-08-13,87,66,
1921-08-14,NA,66,
1921-08-15,72,52,
1921-08-16,72,54,
1921-08-17,NA,65,
1921-08-18,81,61,
1921-08-19,86,60,
1921-08-20,NA,65,
1921-08-21,74,52,
1921-08-22,72,53,
1921-08-23,75,58,
1921-08-24,85,65,
1921-08-25,86,69,
1921-08-26,87,69,
1921-08-27,82,73,
1921-08-28,86,69,
1921-08-29,87,68,
1921-08-30,88,64,
1921-08-31,87,69,
1921-09-01,85,68,
1921-09-02,85,66,
1921-09-03,82,70,
1921-09-04,84,66,
1921-09-05,77,68,
1921-09-06,77,60,
1921-09-07,80,55,
1921-09-08,82,59,
1921-09-09,79,61,
1921-09-10,85,67,
1921-09-11,79,66,
1921-09-12,79,59,
1921-09-13,83,62,
1921-09-14,82,66,
1921-09-15,80,64,
1921-09-16,76,65,
1921-09-17,85,70,
1921-09-18,73,54,
1921-09-19,67,52,
1921-09-20,87,63,
1921-09-21,77,63,
1921-09-22,84,54,
1921-09-23,78,58,
1921-09-24,77,61,
1921-09-25,72,56,
1921-09-26,70,45,
1921-09-27,76,52,
1921-09-28,80,61,
1921-09-29,86,65,
1921-09-30,66,46,
1921-10-01,70,46,
1921-10-02,67,52,
1921-10-03,59,47,
1921-10-04,57,37,
1921-10-05,65,37,
1921-10-06,77,46,
1921-10-07,68,41,
1921-10-08,48,32,
1921-10-09,72,44,
1921-10-10,61,47,
1921-10-11,55,43,
1921-10-12,54,32,
1921-10-13,60,33,
1921-10-14,65,35,
1921-10-15,67,38,
1921-10-16,75,50,
1921-10-17,80,54,
1921-10-18,68,50,
1921-10-19,62,50,
1921-10-20,53,42,
1921-10-21,61,35,
1921-10-22,70,43,
1921-10-23,73,44,
1921-10-24,78,46,
1921-10-25,75,47,
1921-10-26,73,45,
1921-10-27,69,55,
1921-10-28,66,44,
1921-10-29,61,54,
1921-10-30,57,45,
1921-10-31,58,46,
1921-11-01,56,44,
1921-11-02,53,31,
1921-11-03,50,34,
1921-11-04,64,35,
1921-11-05,56,34,
1921-11-06,64,39,
1921-11-07,54,35,
1921-11-08,57,36,
1921-11-09,48,33,
1921-11-10,48,28,
1921-11-11,44,26,
1921-11-12,31,18,
1921-11-13,47,27,
1921-11-14,43,29,
1921-11-15,48,23,
1921-11-16,55,36,
1921-11-17,64,49,
1921-11-18,61,44,
1921-11-19,48,33,
1921-11-20,42,29,
1921-11-21,52,32,
1921-11-22,44,30,
1921-11-23,47,38,
1921-11-24,47,33,
1921-11-25,45,28,
1921-11-26,51,41,
1921-11-27,49,43,
1921-11-28,44,38,
1921-11-29,50,34,
1921-11-30,56,34,
1921-12-01,57,40,
1921-12-02,55,32,
1921-12-03,33,27,
1921-12-04,37,28,
1921-12-05,37,30,
1921-12-06,52,29,
1921-12-07,40,29,
1921-12-08,38,30,
1921-12-09,40,21,
1921-12-10,50,32,
1921-12-11,51,33,
1921-12-12,46,31,
1921-12-13,43,35,
1921-12-14,42,34,
1921-12-15,44,29,
1921-12-16,50,40,
1921-12-17,54,23,
1921-12-18,32,16,
1921-12-19,43,28,
1921-12-20,47,32,
1921-12-21,34,13,
1921-12-22,30,20,
1921-12-23,32,29,
1921-12-24,31,23,
1921-12-25,24,16,
1921-12-26,31,20,
1921-12-27,30,20,
1921-12-28,39,20,
1921-12-29,35,18,
1921-12-30,38,22,
1921-12-31,38,26,
1922-01-01,NA,12,
1922-01-02,35,12,
1922-01-03,48,30,
1922-01-04,56,36,
1922-01-05,36,18,
1922-01-06,28,15,
1922-01-07,41,19,
1922-01-08,43,27,
1922-01-09,47,26,
1922-01-10,37,27,
1922-01-11,34,21,
1922-01-12,23,9,
1922-01-13,24,12,
1922-01-14,47,4,
1922-01-15,38,18,
1922-01-16,30,8,
1922-01-17,36,15,
1922-01-18,34,29,
1922-01-19,32,8,
1922-01-20,21,8,
1922-01-21,NA,17,
1922-01-22,19,3,
1922-01-23,12,-6,
1922-01-24,16,0,
1922-01-25,20,-2,
1922-01-26,27,6,
1922-01-27,NA,14,
1922-01-28,35,6,
1922-01-29,36,14,
1922-01-30,40,19,
1922-01-31,49,24,
1922-02-01,44,37,
1922-02-02,38,23,
1922-02-03,34,24,
1922-02-04,37,18,
1922-02-05,42,29,
1922-02-06,36,20,
1922-02-07,28,10,
1922-02-08,41,19,
1922-02-09,51,32,
1922-02-10,54,28,
1922-02-11,45,28,
1922-02-12,32,24,
1922-02-13,25,7,
1922-02-14,32,15,
1922-02-15,30,18,
1922-02-16,20,4,
1922-02-17,41,13,
1922-02-18,45,35,
1922-02-19,56,35,
1922-02-20,46,27,
1922-02-21,61,31,
1922-02-22,69,49,
1922-02-23,60,24,
1922-02-24,27,19,
1922-02-25,36,21,
1922-02-26,33,26,
1922-02-27,36,26,
1922-02-28,27,13,
1922-03-01,27,20,
1922-03-02,33,22,
1922-03-03,37,17,
1922-03-04,43,24,
1922-03-05,52,30,
1922-03-06,56,40,
1922-03-07,42,30,
1922-03-08,44,24,
1922-03-09,52,33,
1922-03-10,48,41,
1922-03-11,53,37,
1922-03-12,55,31,
1922-03-13,66,37,
1922-03-14,57,46,
1922-03-15,56,34,
1922-03-16,56,36,
1922-03-17,49,40,
1922-03-18,56,38,
1922-03-19,62,35,
1922-03-20,35,31,
1922-03-21,39,28,
1922-03-22,48,25,
1922-03-23,70,37,
1922-03-24,66,47,
1922-03-25,67,48,
1922-03-26,61,36,
1922-03-27,52,38,
1922-03-28,56,45,
1922-03-29,46,33,
1922-03-30,45,38,
1922-03-31,41,32,
1922-04-01,49,29,
1922-04-02,56,37,
1922-04-03,61,46,
1922-04-04,60,48,
1922-04-05,63,52,
1922-04-06,74,54,
1922-04-07,66,59,
1922-04-08,68,58,
1922-04-09,75,56,
1922-04-10,74,55,
1922-04-11,67,41,
1922-04-12,58,35,
1922-04-13,72,46,
1922-04-14,55,38,
1922-04-15,60,36,
1922-04-16,73,44,
1922-04-17,75,46,
1922-04-18,54,36,
1922-04-19,55,38,
1922-04-20,59,30,
1922-04-21,56,44,
1922-04-22,55,35,
1922-04-23,60,35,
1922-04-24,62,44,
1922-04-25,60,51,
1922-04-26,60,46,
1922-04-27,49,37,
1922-04-28,56,36,
1922-04-29,61,34,
1922-04-30,67,42,
1922-05-01,72,46,
1922-05-02,72,51,
1922-05-03,72,58,
1922-05-04,76,54,
1922-05-05,76,50,
1922-05-06,74,56,
1922-05-07,72,50,
1922-05-08,76,54,
1922-05-09,81,62,
1922-05-10,81,62,
1922-05-11,84,64,
1922-05-12,78,64,
1922-05-13,75,54,
1922-05-14,74,54,
1922-05-15,68,48,
1922-05-16,64,51,
1922-05-17,71,51,
1922-05-18,65,53,
1922-05-19,56,48,
1922-05-20,76,51,
1922-05-21,77,55,
1922-05-22,78,53,
1922-05-23,76,62,
1922-05-24,80,62,
1922-05-25,80,62,
1922-05-26,76,62,
1922-05-27,77,62,
1922-05-28,77,52,
1922-05-29,80,53,
1922-05-30,81,60,
1922-05-31,78,59,
1922-06-01,74,51,
1922-06-02,80,53,
1922-06-03,76,58,
1922-06-04,78,53,
1922-06-05,82,57,
1922-06-06,87,60,
1922-06-07,82,60,
1922-06-08,83,67,
1922-06-09,86,67,
1922-06-10,87,69,
1922-06-11,88,72,
1922-06-12,84,60,
1922-06-13,86,56,
1922-06-14,85,60,
1922-06-15,88,67,
1922-06-16,93,72,
1922-06-17,85,71,
1922-06-18,80,59,
1922-06-19,82,59,
1922-06-20,83,62,
1922-06-21,86,60,
1922-06-22,80,54,
1922-06-23,91,58,
1922-06-24,95,65,
1922-06-25,85,62,
1922-06-26,75,54,
1922-06-27,85,66,
1922-06-28,86,68,
1922-06-29,87,63,
1922-06-30,87,66,
1922-07-01,90,70,
1922-07-02,82,68,
1922-07-03,74,60,
1922-07-04,77,50,
1922-07-05,80,53,
1922-07-06,84,56,
1922-07-07,79,67,
1922-07-08,81,53,
1922-07-09,93,62,
1922-07-10,88,71,
1922-07-11,82,69,
1922-07-12,80,68,
1922-07-13,80,61,
1922-07-14,80,58,
1922-07-15,84,58,
1922-07-16,90,64,
1922-07-17,84,72,
1922-07-18,82,65,
1922-07-19,81,57,
1922-07-20,84,62,
1922-07-21,88,64,
1922-07-22,88,62,
1922-07-23,90,71,
1922-07-24,86,66,
1922-07-25,87,67,
1922-07-26,91,66,
1922-07-27,93,68,
1922-07-28,89,71,
1922-07-29,81,61,
1922-07-30,82,61,
1922-07-31,88,64,
1922-08-01,87,63,
1922-08-02,84,64,
1922-08-03,86,62,
1922-08-04,86,63,
1922-08-05,86,58,
1922-08-06,92,62,
1922-08-07,88,68,
1922-08-08,78,61,
1922-08-09,78,52,
1922-08-10,82,52,
1922-08-11,83,54,
1922-08-12,88,62,
1922-08-13,91,63,
1922-08-14,92,64,
1922-08-15,90,67,
1922-08-16,93,66,
1922-08-17,93,70,
1922-08-18,92,71,
1922-08-19,87,62,
1922-08-20,90,63,
1922-08-21,80,64,
1922-08-22,82,67,
1922-08-23,79,68,
1922-08-24,91,65,
1922-08-25,85,71,
1922-08-26,75,51,
1922-08-27,78,54,
1922-08-28,83,54,
1922-08-29,86,66,
1922-08-30,79,61,
1922-08-31,85,64,
1922-09-01,92,67,
1922-09-02,98,71,
1922-09-03,88,70,
1922-09-04,91,63,
1922-09-05,92,65,
1922-09-06,94,70,
1922-09-07,95,68,
1922-09-08,96,69,
1922-09-09,88,73,
1922-09-10,78,59,
1922-09-11,71,53,
1922-09-12,76,47,
1922-09-13,85,53,
1922-09-14,88,56,
1922-09-15,80,58,
1922-09-16,73,55,
1922-09-17,68,45,
1922-09-18,73,44,
1922-09-19,67,59,
1922-09-20,73,58,
1922-09-21,79,52,
1922-09-22,84,54,
1922-09-23,86,60,
1922-09-24,77,58,
1922-09-25,68,43,
1922-09-26,72,41,
1922-09-27,77,40,
1922-09-28,82,47,
1922-09-29,85,52,
1922-09-30,87,55,
1922-10-01,88,57,
1922-10-02,89,57,
1922-10-03,89,58,
1922-10-04,90,59,
1922-10-05,89,58,
1922-10-06,82,66,
1922-10-07,69,52,
1922-10-08,53,46,
1922-10-09,57,45,
1922-10-10,53,49,
1922-10-11,66,49,
1922-10-12,55,38,
1922-10-13,62,33,
1922-10-14,68,43,
1922-10-15,63,53,
1922-10-16,66,43,
1922-10-17,56,32,
1922-10-18,57,30,
1922-10-19,65,34,
1922-10-20,69,38,
1922-10-21,70,42,
1922-10-22,71,42,
1922-10-23,63,40,
1922-10-24,60,33,
1922-10-25,65,47,
1922-10-26,63,41,
1922-10-27,74,43,
1922-10-28,79,47,
1922-10-29,78,48,
1922-10-30,78,48,
1922-10-31,75,50,
1922-11-01,64,50,
1922-11-02,60,52,
1922-11-03,55,46,
1922-11-04,63,42,
1922-11-05,68,48,
1922-11-06,64,45,
1922-11-07,54,32,
1922-11-08,48,35,
1922-11-09,49,35,
1922-11-10,56,31,
1922-11-11,55,41,
1922-11-12,63,48,
1922-11-13,63,50,
1922-11-14,60,40,
1922-11-15,42,30,
1922-11-16,47,29,
1922-11-17,49,31,
1922-11-18,53,42,
1922-11-19,43,36,
1922-11-20,38,30,
1922-11-21,43,24,
1922-11-22,48,28,
1922-11-23,54,32,
1922-11-24,45,25,
1922-11-25,34,18,
1922-11-26,37,24,
1922-11-27,36,27,
1922-11-28,38,23,
1922-11-29,43,25,
1922-11-30,55,36,
1922-12-01,58,37,
1922-12-02,50,31,
1922-12-03,52,29,
1922-12-04,59,35,
1922-12-05,47,23,
1922-12-06,39,22,
1922-12-07,60,34,
1922-12-08,60,24,
1922-12-09,30,19,
1922-12-10,38,22,
1922-12-11,40,28,
1922-12-12,38,6,
1922-12-13,22,9,
1922-12-14,30,21,
1922-12-15,27,12,
1922-12-16,32,12,
1922-12-17,30,12,
1922-12-18,12,-6,
1922-12-19,26,-1,
1922-12-20,40,25,
1922-12-21,28,14,
1922-12-22,37,18,
1922-12-23,38,32,
1922-12-24,46,30,
1922-12-25,51,28,
1922-12-26,48,31,
1922-12-27,41,32,
1922-12-28,32,29,
1922-12-29,30,24,
1922-12-30,44,28,
1922-12-31,43,28,
1923-01-01,37,22,
1923-01-02,NA,31,
1923-01-03,NA,26,
1923-01-04,NA,25,
1923-01-05,NA,25,
1923-01-06,28,20,
1923-01-07,33,22,
1923-01-08,37,27,
1923-01-09,38,24,
1923-01-10,29,20,
1923-01-11,42,21,
1923-01-12,35,23,
1923-01-13,37,22,
1923-01-14,45,33,
1923-01-15,40,28,
1923-01-16,35,27,
1923-01-17,35,19,
1923-01-18,50,34,
1923-01-19,42,20,
1923-01-20,43,33,
1923-01-21,40,24,
1923-01-22,31,18,
1923-01-23,36,21,
1923-01-24,33,29,
1923-01-25,34,22,
1923-01-26,41,34,
1923-01-27,42,35,
1923-01-28,37,30,
1923-01-29,39,26,
1923-01-30,45,31,
1923-01-31,47,40,
1923-02-01,47,33,
1923-02-02,37,30,
1923-02-03,33,2,
1923-02-04,12,-5,
1923-02-05,29,4,
1923-02-06,29,20,
1923-02-07,30,19,
1923-02-08,41,18,
1923-02-09,33,16,
1923-02-10,27,13,
1923-02-11,28,17,
1923-02-12,36,18,
1923-02-13,42,22,
1923-02-14,22,6,
1923-02-15,18,1,
1923-02-16,22,6,
1923-02-17,16,11,
1923-02-18,22,0,
1923-02-19,37,12,
1923-02-20,37,25,
1923-02-21,40,21,
1923-02-22,32,21,
1923-02-23,29,12,
1923-02-24,35,20,
1923-02-25,39,34,
1923-02-26,43,35,
1923-02-27,38,32,
1923-02-28,40,28,
1923-03-01,53,27,
1923-03-02,65,38,
1923-03-03,56,40,
1923-03-04,59,31,
1923-03-05,40,27,
1923-03-06,39,32,
1923-03-07,36,26,
1923-03-08,42,22,
1923-03-09,58,32,
1923-03-10,48,30,
1923-03-11,42,29,
1923-03-12,52,36,
1923-03-13,37,27,
1923-03-14,34,22,
1923-03-15,48,32,
1923-03-16,47,16,
1923-03-17,43,22,
1923-03-18,53,15,
1923-03-19,17,1,
1923-03-20,45,15,
1923-03-21,52,33,
1923-03-22,57,38,
1923-03-23,42,27,
1923-03-24,47,32,
1923-03-25,62,34,
1923-03-26,38,23,
1923-03-27,52,29,
1923-03-28,36,22,
1923-03-29,57,23,
1923-03-30,51,20,
1923-03-31,28,12,
1923-04-01,43,21,
1923-04-02,64,36,
1923-04-03,59,40,
1923-04-04,40,33,
1923-04-05,48,32,
1923-04-06,60,31,
1923-04-07,68,44,
1923-04-08,52,28,
1923-04-09,46,26,
1923-04-10,58,33,
1923-04-11,63,42,
1923-04-12,69,32,
1923-04-13,63,43,
1923-04-14,45,33,
1923-04-15,42,33,
1923-04-16,48,31,
1923-04-17,51,35,
1923-04-18,66,33,
1923-04-19,74,40,
1923-04-20,75,47,
1923-04-21,64,53,
1923-04-22,68,44,
1923-04-23,62,48,
1923-04-24,64,44,
1923-04-25,66,38,
1923-04-26,72,43,
1923-04-27,76,54,
1923-04-28,66,46,
1923-04-29,68,44,
1923-04-30,77,46,
1923-05-01,81,52,
1923-05-02,78,54,
1923-05-03,80,48,
1923-05-04,71,51,
1923-05-05,71,46,
1923-05-06,72,40,
1923-05-07,77,43,
1923-05-08,60,34,
1923-05-09,54,32,
1923-05-10,67,32,
1923-05-11,67,52,
1923-05-12,64,43,
1923-05-13,62,39,
1923-05-14,63,46,
1923-05-15,67,54,
1923-05-16,62,45,
1923-05-17,64,44,
1923-05-18,65,53,
1923-05-19,80,56,
1923-05-20,72,58,
1923-05-21,68,46,
1923-05-22,64,48,
1923-05-23,70,47,
1923-05-24,75,46,
1923-05-25,74,52,
1923-05-26,73,62,
1923-05-27,77,62,
1923-05-28,75,56,
1923-05-29,80,64,
1923-05-30,78,60,
1923-05-31,82,54,
1923-06-01,80,64,
1923-06-02,82,65,
1923-06-03,84,64,
1923-06-04,85,66,
1923-06-05,85,66,
1923-06-06,78,67,
1923-06-07,78,62,
1923-06-08,72,52,
1923-06-09,71,49,
1923-06-10,73,59,
1923-06-11,64,56,
1923-06-12,80,60,
1923-06-13,80,58,
1923-06-14,85,59,
1923-06-15,80,66,
1923-06-16,84,62,
1923-06-17,88,65,
1923-06-18,88,67,
1923-06-19,89,70,
1923-06-20,90,67,
1923-06-21,93,68,
1923-06-22,95,67,
1923-06-23,98,70,
1923-06-24,92,70,
1923-06-25,89,67,
1923-06-26,84,67,
1923-06-27,76,58,
1923-06-28,65,56,
1923-06-29,67,45,
1923-06-30,72,50,
1923-07-01,76,51,
1923-07-02,80,54,
1923-07-03,83,60,
1923-07-04,78,64,
1923-07-05,82,68,
1923-07-06,87,68,
1923-07-07,92,69,
1923-07-08,85,68,
1923-07-09,90,66,
1923-07-10,94,68,
1923-07-11,91,70,
1923-07-12,85,66,
1923-07-13,86,66,
1923-07-14,90,64,
1923-07-15,90,69,
1923-07-16,86,71,
1923-07-17,84,64,
1923-07-18,86,61,
1923-07-19,91,62,
1923-07-20,94,70,
1923-07-21,95,66,
1923-07-22,94,70,
1923-07-23,94,69,
1923-07-24,89,72,
1923-07-25,84,66,
1923-07-26,84,57,
1923-07-27,78,65,
1923-07-28,77,65,
1923-07-29,79,60,
1923-07-30,80,66,
1923-07-31,87,62,
1923-08-01,88,65,
1923-08-02,82,73,
1923-08-03,82,68,
1923-08-04,88,68,
1923-08-05,85,66,
1923-08-06,85,71,
1923-08-07,91,69,
1923-08-08,78,68,
1923-08-09,83,68,
1923-08-10,86,70,
1923-08-11,92,72,
1923-08-12,84,74,
1923-08-13,82,62,
1923-08-14,90,58,
1923-08-15,84,63,
1923-08-16,74,58,
1923-08-17,76,60,
1923-08-18,81,54,
1923-08-19,86,60,
1923-08-20,83,58,
1923-08-21,84,63,
1923-08-22,67,47,
1923-08-23,72,45,
1923-08-24,79,54,
1923-08-25,74,52,
1923-08-26,84,55,
1923-08-27,76,63,
1923-08-28,74,63,
1923-08-29,82,58,
1923-08-30,83,58,
1923-08-31,84,60,
1923-09-01,75,62,
1923-09-02,77,68,
1923-09-03,83,68,
1923-09-04,82,66,
1923-09-05,80,65,
1923-09-06,79,67,
1923-09-07,73,63,
1923-09-08,80,51,
1923-09-09,74,52,
1923-09-10,75,47,
1923-09-11,76,54,
1923-09-12,72,50,
1923-09-13,59,44,
1923-09-14,60,34,
1923-09-15,68,40,
1923-09-16,70,41,
1923-09-17,80,48,
1923-09-18,75,65,
1923-09-19,74,59,
1923-09-20,76,62,
1923-09-21,62,56,
1923-09-22,64,52,
1923-09-23,76,51,
1923-09-24,79,54,
1923-09-25,80,60,
1923-09-26,77,59,
1923-09-27,80,60,
1923-09-28,83,61,
1923-09-29,80,61,
1923-09-30,70,58,
1923-10-01,72,55,
1923-10-02,69,54,
1923-10-03,70,46,
1923-10-04,64,48,
1923-10-05,58,38,
1923-10-06,60,37,
1923-10-07,61,37,
1923-10-08,66,37,
1923-10-09,70,39,
1923-10-10,75,44,
1923-10-11,77,42,
1923-10-12,76,46,
1923-10-13,61,48,
1923-10-14,57,44,
1923-10-15,68,42,
1923-10-16,71,60,
1923-10-17,68,59,
1923-10-18,63,51,
1923-10-19,51,41,
1923-10-20,49,32,
1923-10-21,50,32,
1923-10-22,53,28,
1923-10-23,56,30,
1923-10-24,60,36,
1923-10-25,64,39,
1923-10-26,55,41,
1923-10-27,52,44,
1923-10-28,53,40,
1923-10-29,46,35,
1923-10-30,45,29,
1923-10-31,45,21,
1923-11-01,49,25,
1923-11-02,56,34,
1923-11-03,47,38,
1923-11-04,47,43,
1923-11-05,45,39,
1923-11-06,50,32,
1923-11-07,47,35,
1923-11-08,42,29,
1923-11-09,49,25,
1923-11-10,65,33,
1923-11-11,65,40,
1923-11-12,57,33,
1923-11-13,58,37,
1923-11-14,54,42,
1923-11-15,54,45,
1923-11-16,49,40,
1923-11-17,47,28,
1923-11-18,59,35,
1923-11-19,52,28,
1923-11-20,62,34,
1923-11-21,58,45,
1923-11-22,47,28,
1923-11-23,43,37,
1923-11-24,41,31,
1923-11-25,61,35,
1923-11-26,53,32,
1923-11-27,37,32,
1923-11-28,41,30,
1923-11-29,47,32,
1923-11-30,49,33,
1923-12-01,52,30,
1923-12-02,48,32,
1923-12-03,45,30,
1923-12-04,45,34,
1923-12-05,37,34,
1923-12-06,44,28,
1923-12-07,52,30,
1923-12-08,60,46,
1923-12-09,49,44,
1923-12-10,46,37,
1923-12-11,46,26,
1923-12-12,51,30,
1923-12-13,53,25,
1923-12-14,36,19,
1923-12-15,34,24,
1923-12-16,50,25,
1923-12-17,50,30,
1923-12-18,53,33,
1923-12-19,52,37,
1923-12-20,52,48,
1923-12-21,52,48,
1923-12-22,52,47,
1923-12-23,48,35,
1923-12-24,41,29,
1923-12-25,42,33,
1923-12-26,42,31,
1923-12-27,59,38,
1923-12-28,47,25,
1923-12-29,42,28,
1923-12-30,45,34,
1923-12-31,44,12,
1924-01-01,16,0,
1924-01-02,29,13,
1924-01-03,28,12,
1924-01-04,20,8,
1924-01-05,8,-18,
1924-01-06,20,-9,
1924-01-07,38,14,
1924-01-08,46,22,
1924-01-09,48,30,
1924-01-10,44,37,
1924-01-11,37,24,
1924-01-12,27,17,
1924-01-13,22,7,
1924-01-14,30,17,
1924-01-15,36,18,
1924-01-16,34,18,
1924-01-17,18,-6,
1924-01-18,33,-5,
1924-01-19,33,10,
1924-01-20,12,-10,
1924-01-21,-2,-17,
1924-01-22,34,-9,
1924-01-23,36,18,
1924-01-24,35,21,
1924-01-25,33,4,
1924-01-26,13,-5,
1924-01-27,25,6,
1924-01-28,37,21,
1924-01-29,40,34,
1924-01-30,45,32,
1924-01-31,38,29,
1924-02-01,43,32,
1924-02-02,49,30,
1924-02-03,59,34,
1924-02-04,48,35,
1924-02-05,36,19,
1924-02-06,20,12,
1924-02-07,20,8,
1924-02-08,27,12,
1924-02-09,33,18,
1924-02-10,36,20,
1924-02-11,37,25,
1924-02-12,37,27,
1924-02-13,40,27,
1924-02-14,44,29,
1924-02-15,37,29,
1924-02-16,30,24,
1924-02-17,31,29,
1924-02-18,31,22,
1924-02-19,28,21,
1924-02-20,25,15,
1924-02-21,21,10,
1924-02-22,29,8,
1924-02-23,32,23,
1924-02-24,28,20,
1924-02-25,35,17,
1924-02-26,40,19,
1924-02-27,44,25,
1924-02-28,50,25,
1924-02-29,53,30,
1924-03-01,45,30,
1924-03-02,48,26,
1924-03-03,55,29,
1924-03-04,61,40,
1924-03-05,45,30,
1924-03-06,40,30,
1924-03-07,30,17,
1924-03-08,34,19,
1924-03-09,32,27,
1924-03-10,28,20,
1924-03-11,34,27,
1924-03-12,39,31,
1924-03-13,37,30,
1924-03-14,33,26,
1924-03-15,31,23,
1924-03-16,41,22,
1924-03-17,35,30,
1924-03-18,37,33,
1924-03-19,42,26,
1924-03-20,38,29,
1924-03-21,36,29,
1924-03-22,41,33,
1924-03-23,40,35,
1924-03-24,48,32,
1924-03-25,45,36,
1924-03-26,45,37,
1924-03-27,64,32,
1924-03-28,55,42,
1924-03-29,60,36,
1924-03-30,36,26,
1924-03-31,30,23,
1924-04-01,32,23,
1924-04-02,49,24,
1924-04-03,62,34,
1924-04-04,58,42,
1924-04-05,53,42,
1924-04-06,58,38,
1924-04-07,67,38,
1924-04-08,73,37,
1924-04-09,64,44,
1924-04-10,56,31,
1924-04-11,60,32,
1924-04-12,66,38,
1924-04-13,76,48,
1924-04-14,75,53,
1924-04-15,78,51,
1924-04-16,79,57,
1924-04-17,72,50,
1924-04-18,61,36,
1924-04-19,62,37,
1924-04-20,53,39,
1924-04-21,62,40,
1924-04-22,53,38,
1924-04-23,64,35,
1924-04-24,80,42,
1924-04-25,81,56,
1924-04-26,66,50,
1924-04-27,63,52,
1924-04-28,62,47,
1924-04-29,70,48,
1924-04-30,63,46,
1924-05-01,61,41,
1924-05-02,70,42,
1924-05-03,68,52,
1924-05-04,70,49,
1924-05-05,83,42,
1924-05-06,83,60,
1924-05-07,70,54,
1924-05-08,54,44,
1924-05-09,54,40,
1924-05-10,52,36,
1924-05-11,64,42,
1924-05-12,69,45,
1924-05-13,62,51,
1924-05-14,52,38,
1924-05-15,61,40,
1924-05-16,70,42,
1924-05-17,78,54,
1924-05-18,70,54,
1924-05-19,57,46,
1924-05-20,54,44,
1924-05-21,64,36,
1924-05-22,70,37,
1924-05-23,64,46,
1924-05-24,62,43,
1924-05-25,60,36,
1924-05-26,66,40,
1924-05-27,69,55,
1924-05-28,74,54,
1924-05-29,66,48,
1924-05-30,65,41,
1924-05-31,70,48,
1924-06-01,63,52,
1924-06-02,72,44,
1924-06-03,66,55,
1924-06-04,64,43,
1924-06-05,77,53,
1924-06-06,68,54,
1924-06-07,73,50,
1924-06-08,76,55,
1924-06-09,82,54,
1924-06-10,74,56,
1924-06-11,80,53,
1924-06-12,78,64,
1924-06-13,85,63,
1924-06-14,84,59,
1924-06-15,80,65,
1924-06-16,74,55,
1924-06-17,80,58,
1924-06-18,85,66,
1924-06-19,93,70,
1924-06-20,92,68,
1924-06-21,82,66,
1924-06-22,84,64,
1924-06-23,78,62,
1924-06-24,80,62,
1924-06-25,78,64,
1924-06-26,77,61,
1924-06-27,80,62,
1924-06-28,88,68,
1924-06-29,77,63,
1924-06-30,70,55,
1924-07-01,68,50,
1924-07-02,71,48,
1924-07-03,72,49,
1924-07-04,76,53,
1924-07-05,78,54,
1924-07-06,79,56,
1924-07-07,80,57,
1924-07-08,85,58,
1924-07-09,78,68,
1924-07-10,82,59,
1924-07-11,85,60,
1924-07-12,78,63,
1924-07-13,83,64,
1924-07-14,82,67,
1924-07-15,82,60,
1924-07-16,90,58,
1924-07-17,84,61,
1924-07-18,78,50,
1924-07-19,80,60,
1924-07-20,91,68,
1924-07-21,94,70,
1924-07-22,87,72,
1924-07-23,90,64,
1924-07-24,82,66,
1924-07-25,80,59,
1924-07-26,85,56,
1924-07-27,88,64,
1924-07-28,90,68,
1924-07-29,91,66,
1924-07-30,85,70,
1924-07-31,81,70,
1924-08-01,83,60,
1924-08-02,79,62,
1924-08-03,88,62,
1924-08-04,96,74,
1924-08-05,96,73,
1924-08-06,86,73,
1924-08-07,85,66,
1924-08-08,82,67,
1924-08-09,84,64,
1924-08-10,76,56,
1924-08-11,72,64,
1924-08-12,80,58,
1924-08-13,76,62,
1924-08-14,76,48,
1924-08-15,79,59,
1924-08-16,81,65,
1924-08-17,75,54,
1924-08-18,77,52,
1924-08-19,78,59,
1924-08-20,85,65,
1924-08-21,90,73,
1924-08-22,88,72,
1924-08-23,86,66,
1924-08-24,77,64,
1924-08-25,82,60,
1924-08-26,85,60,
1924-08-27,90,69,
1924-08-28,80,58,
1924-08-29,84,58,
1924-08-30,90,62,
1924-08-31,90,68,
1924-09-01,83,62,
1924-09-02,70,54,
1924-09-03,72,48,
1924-09-04,76,49,
1924-09-05,73,54,
1924-09-06,69,43,
1924-09-07,77,55,
1924-09-08,69,58,
1924-09-09,62,47,
1924-09-10,56,40,
1924-09-11,67,48,
1924-09-12,68,56,
1924-09-13,73,51,
1924-09-14,73,48,
1924-09-15,69,48,
1924-09-16,68,49,
1924-09-17,70,52,
1924-09-18,70,48,
1924-09-19,69,58,
1924-09-20,84,65,
1924-09-21,88,66,
1924-09-22,72,44,
1924-09-23,70,48,
1924-09-24,70,46,
1924-09-25,78,50,
1924-09-26,80,56,
1924-09-27,74,64,
1924-09-28,69,47,
1924-09-29,58,40,
1924-09-30,55,36,
1924-10-01,68,36,
1924-10-02,76,45,
1924-10-03,75,46,
1924-10-04,75,55,
1924-10-05,72,59,
1924-10-06,71,46,
1924-10-07,66,53,
1924-10-08,68,55,
1924-10-09,77,50,
1924-10-10,83,56,
1924-10-11,81,54,
1924-10-12,79,53,
1924-10-13,80,49,
1924-10-14,78,54,
1924-10-15,77,46,
1924-10-16,78,55,
1924-10-17,77,48,
1924-10-18,82,55,
1924-10-19,81,55,
1924-10-20,68,50,
1924-10-21,53,36,
1924-10-22,53,32,
1924-10-23,58,30,
1924-10-24,64,33,
1924-10-25,68,40,
1924-10-26,70,36,
1924-10-27,71,40,
1924-10-28,72,40,
1924-10-29,70,48,
1924-10-30,78,56,
1924-10-31,70,49,
1924-11-01,71,42,
1924-11-02,59,44,
1924-11-03,68,31,
1924-11-04,64,42,
1924-11-05,75,48,
1924-11-06,74,61,
1924-11-07,68,37,
1924-11-08,46,28,
1924-11-09,55,25,
1924-11-10,62,35,
1924-11-11,66,54,
1924-11-12,58,33,
1924-11-13,47,35,
1924-11-14,44,36,
1924-11-15,48,27,
1924-11-16,42,32,
1924-11-17,37,28,
1924-11-18,35,28,
1924-11-19,51,26,
1924-11-20,57,34,
1924-11-21,54,40,
1924-11-22,43,33,
1924-11-23,42,29,
1924-11-24,39,25,
1924-11-25,37,18,
1924-11-26,50,29,
1924-11-27,46,29,
1924-11-28,36,21,
1924-11-29,29,16,
1924-11-30,30,22,
1924-12-01,31,14,
1924-12-02,40,16,
1924-12-03,39,22,
1924-12-04,43,35,
1924-12-05,47,34,
1924-12-06,49,32,
1924-12-07,57,38,
1924-12-08,58,28,
1924-12-09,28,18,
1924-12-10,28,13,
1924-12-11,40,25,
1924-12-12,46,27,
1924-12-13,46,29,
1924-12-14,30,21,
1924-12-15,39,21,
1924-12-16,47,34,
1924-12-17,40,29,
1924-12-18,33,29,
1924-12-19,32,5,
1924-12-20,9,-2,
1924-12-21,16,2,
1924-12-22,22,13,
1924-12-23,24,17,
1924-12-24,22,-2,
1924-12-25,8,-10,
1924-12-26,27,-4,
1924-12-27,20,-4,
1924-12-28,2,-20,
1924-12-29,23,-3,
1924-12-30,30,16,
1924-12-31,26,16,
1925-01-01,22,15,
1925-01-02,23,14,
1925-01-03,33,22,
1925-01-04,32,19,
1925-01-05,35,15,
1925-01-06,36,8,
1925-01-07,35,21,
1925-01-08,36,13,
1925-01-09,45,16,
1925-01-10,33,13,
1925-01-11,31,17,
1925-01-12,28,17,
1925-01-13,21,0,
1925-01-14,31,4,
1925-01-15,37,11,
1925-01-16,36,32,
1925-01-17,32,22,
1925-01-18,29,14,
1925-01-19,31,16,
1925-01-20,36,18,
1925-01-21,40,12,
1925-01-22,38,29,
1925-01-23,29,10,
1925-01-24,41,20,
1925-01-25,42,29,
1925-01-26,40,13,
1925-01-27,16,6,
1925-01-28,24,5,
1925-01-29,30,19,
1925-01-30,37,15,
1925-01-31,46,27,
1925-02-01,40,28,
1925-02-02,33,21,
1925-02-03,32,16,
1925-02-04,46,25,
1925-02-05,52,34,
1925-02-06,58,37,
1925-02-07,64,38,
1925-02-08,65,49,
1925-02-09,54,32,
1925-02-10,37,30,
1925-02-11,33,13,
1925-02-12,33,15,
1925-02-13,33,26,
1925-02-14,39,20,
1925-02-15,44,27,
1925-02-16,43,30,
1925-02-17,32,13,
1925-02-18,44,23,
1925-02-19,39,27,
1925-02-20,55,29,
1925-02-21,57,47,
1925-02-22,58,40,
1925-02-23,57,36,
1925-02-24,42,31,
1925-02-25,42,32,
1925-02-26,33,12,
1925-02-27,23,5,
1925-02-28,38,15,
1925-03-01,32,19,
1925-03-02,20,-1,
1925-03-03,36,4,
1925-03-04,41,29,
1925-03-05,44,24,
1925-03-06,56,34,
1925-03-07,73,40,
1925-03-08,65,35,
1925-03-09,73,35,
1925-03-10,68,48,
1925-03-11,48,28,
1925-03-12,52,23,
1925-03-13,47,37,
1925-03-14,47,25,
1925-03-15,36,19,
1925-03-16,50,29,
1925-03-17,53,31,
1925-03-18,46,35,
1925-03-19,47,30,
1925-03-20,56,31,
1925-03-21,52,40,
1925-03-22,55,36,
1925-03-23,64,38,
1925-03-24,75,47,
1925-03-25,69,33,
1925-03-26,69,45,
1925-03-27,59,37,
1925-03-28,58,34,
1925-03-29,51,31,
1925-03-30,58,31,
1925-03-31,59,29,
1925-04-01,62,29,
1925-04-02,67,36,
1925-04-03,65,37,
1925-04-04,59,38,
1925-04-05,58,25,
1925-04-06,65,28,
1925-04-07,75,42,
1925-04-08,75,48,
1925-04-09,66,48,
1925-04-10,66,50,
1925-04-11,78,46,
1925-04-12,78,45,
1925-04-13,78,55,
1925-04-14,75,52,
1925-04-15,65,42,
1925-04-16,65,40,
1925-04-17,58,47,
1925-04-18,82,51,
1925-04-19,71,52,
1925-04-20,60,38,
1925-04-21,64,49,
1925-04-22,86,53,
1925-04-23,88,58,
1925-04-24,88,66,
1925-04-25,73,60,
1925-04-26,81,53,
1925-04-27,70,48,
1925-04-28,63,38,
1925-04-29,57,37,
1925-04-30,48,38,
1925-05-01,59,38,
1925-05-02,64,36,
1925-05-03,72,45,
1925-05-04,64,48,
1925-05-05,57,34,
1925-05-06,56,34,
1925-05-07,64,36,
1925-05-08,66,43,
1925-05-09,64,50,
1925-05-10,75,55,
1925-05-11,66,41,
1925-05-12,72,40,
1925-05-13,76,44,
1925-05-14,74,45,
1925-05-15,78,42,
1925-05-16,80,59,
1925-05-17,60,44,
1925-05-18,65,36,
1925-05-19,74,41,
1925-05-20,75,51,
1925-05-21,93,59,
1925-05-22,94,56,
1925-05-23,90,71,
1925-05-24,80,38,
1925-05-25,58,29,
1925-05-26,64,33,
1925-05-27,64,41,
1925-05-28,78,48,
1925-05-29,79,60,
1925-05-30,89,54,
1925-05-31,91,61,
1925-06-01,90,66,
1925-06-02,83,66,
1925-06-03,91,73,
1925-06-04,95,69,
1925-06-05,96,69,
1925-06-06,97,68,
1925-06-07,84,66,
1925-06-08,87,67,
1925-06-09,88,56,
1925-06-10,79,53,
1925-06-11,88,48,
1925-06-12,92,66,
1925-06-13,78,63,
1925-06-14,84,66,
1925-06-15,87,72,
1925-06-16,86,70,
1925-06-17,93,70,
1925-06-18,83,70,
1925-06-19,88,56,
1925-06-20,91,65,
1925-06-21,91,66,
1925-06-22,81,69,
1925-06-23,79,68,
1925-06-24,78,65,
1925-06-25,69,57,
1925-06-26,81,55,
1925-06-27,82,60,
1925-06-28,76,50,
1925-06-29,82,62,
1925-06-30,78,50,
1925-07-01,87,55,
1925-07-02,102,71,
1925-07-03,96,70,
1925-07-04,86,70,
1925-07-05,90,70,
1925-07-06,92,73,
1925-07-07,86,70,
1925-07-08,90,73,
1925-07-09,91,72,
1925-07-10,90,71,
1925-07-11,93,68,
1925-07-12,96,70,
1925-07-13,90,68,
1925-07-14,86,65,
1925-07-15,92,64,
1925-07-16,85,75,
1925-07-17,80,60,
1925-07-18,81,53,
1925-07-19,88,64,
1925-07-20,86,69,
1925-07-21,88,68,
1925-07-22,80,60,
1925-07-23,82,53,
1925-07-24,84,58,
1925-07-25,91,69,
1925-07-26,82,57,
1925-07-27,86,59,
1925-07-28,76,55,
1925-07-29,81,53,
1925-07-30,73,58,
1925-07-31,68,55,
1925-08-01,74,52,
1925-08-02,78,58,
1925-08-03,76,58,
1925-08-04,87,56,
1925-08-05,90,58,
1925-08-06,92,63,
1925-08-07,79,70,
1925-08-08,80,66,
1925-08-09,91,64,
1925-08-10,94,70,
1925-08-11,82,69,
1925-08-12,85,68,
1925-08-13,80,68,
1925-08-14,81,62,
1925-08-15,84,59,
1925-08-16,88,62,
1925-08-17,87,62,
1925-08-18,91,71,
1925-08-19,93,67,
1925-08-20,74,66,
1925-08-21,76,56,
1925-08-22,77,55,
1925-08-23,85,58,
1925-08-24,87,60,
1925-08-25,87,57,
1925-08-26,89,58,
1925-08-27,81,60,
1925-08-28,85,55,
1925-08-29,93,61,
1925-08-30,90,68,
1925-08-31,90,69,
1925-09-01,86,62,
1925-09-02,90,62,
1925-09-03,95,70,
1925-09-04,95,67,
1925-09-05,97,66,
1925-09-06,99,74,
1925-09-07,89,68,
1925-09-08,91,67,
1925-09-09,94,66,
1925-09-10,84,66,
1925-09-11,88,69,
1925-09-12,80,68,
1925-09-13,72,63,
1925-09-14,68,62,
1925-09-15,72,60,
1925-09-16,77,57,
1925-09-17,88,60,
1925-09-18,90,72,
1925-09-19,92,70,
1925-09-20,82,71,
1925-09-21,72,54,
1925-09-22,62,53,
1925-09-23,68,53,
1925-09-24,75,52,
1925-09-25,68,47,
1925-09-26,82,58,
1925-09-27,80,64,
1925-09-28,81,58,
1925-09-29,78,56,
1925-09-30,68,54,
1925-10-01,78,58,
1925-10-02,75,60,
1925-10-03,67,57,
1925-10-04,73,58,
1925-10-05,62,43,
1925-10-06,57,52,
1925-10-07,57,40,
1925-10-08,63,45,
1925-10-09,55,34,
1925-10-10,48,28,
1925-10-11,50,33,
1925-10-12,53,46,
1925-10-13,58,48,
1925-10-14,61,53,
1925-10-15,58,41,
1925-10-16,52,43,
1925-10-17,52,37,
1925-10-18,51,41,
1925-10-19,44,29,
1925-10-20,47,28,
1925-10-21,44,28,
1925-10-22,42,32,
1925-10-23,55,33,
1925-10-24,50,43,
1925-10-25,48,36,
1925-10-26,45,38,
1925-10-27,39,24,
1925-10-28,39,20,
1925-10-29,25,18,
1925-10-30,33,13,
1925-10-31,44,20,
1925-11-01,46,26,
1925-11-02,52,27,
1925-11-03,57,32,
1925-11-04,57,39,
1925-11-05,55,40,
1925-11-06,52,33,
1925-11-07,47,41,
1925-11-08,42,21,
1925-11-09,47,22,
1925-11-10,55,32,
1925-11-11,60,33,
1925-11-12,52,45,
1925-11-13,57,42,
1925-11-14,48,37,
1925-11-15,38,30,
1925-11-16,33,30,
1925-11-17,46,22,
1925-11-18,46,34,
1925-11-19,43,33,
1925-11-20,51,28,
1925-11-21,62,36,
1925-11-22,50,26,
1925-11-23,31,18,
1925-11-24,44,22,
1925-11-25,50,34,
1925-11-26,40,30,
1925-11-27,38,26,
1925-11-28,31,18,
1925-11-29,35,22,
1925-11-30,48,25,
1925-12-01,37,29,
1925-12-02,41,25,
1925-12-03,47,29,
1925-12-04,55,42,
1925-12-05,47,18,
1925-12-06,26,18,
1925-12-07,43,20,
1925-12-08,40,32,
1925-12-09,38,28,
1925-12-10,38,26,
1925-12-11,46,30,
1925-12-12,48,30,
1925-12-13,40,24,
1925-12-14,34,27,
1925-12-15,31,27,
1925-12-16,29,23,
1925-12-17,25,15,
1925-12-18,NA,NA,
1925-12-19,40,24,
1925-12-20,38,32,
1925-12-21,36,22,
1925-12-22,22,11,
1925-12-23,28,10,
1925-12-24,39,23,
1925-12-25,34,15,
1925-12-26,15,0,
1925-12-27,5,-7,
1925-12-28,17,-1,
1925-12-29,22,1,
1925-12-30,30,16,
1925-12-31,35,16,
1926-01-01,42,23,
1926-01-02,42,18,
1926-01-03,40,34,
1926-01-04,42,36,
1926-01-05,42,33,
1926-01-06,34,29,
1926-01-07,30,21,
1926-01-08,27,21,
1926-01-09,30,22,
1926-01-10,32,12,
1926-01-11,33,18,
1926-01-12,18,4,
1926-01-13,25,13,
1926-01-14,41,9,
1926-01-15,37,25,
1926-01-16,47,26,
1926-01-17,43,36,
1926-01-18,42,36,
1926-01-19,45,30,
1926-01-20,42,31,
1926-01-21,32,12,
1926-01-22,12,-3,
1926-01-23,25,2,
1926-01-24,25,18,
1926-01-25,28,17,
1926-01-26,32,26,
1926-01-27,34,11,
1926-01-28,28,-2,
1926-01-29,38,-1,
1926-01-30,47,34,
1926-01-31,42,34,
1926-02-01,40,34,
1926-02-02,37,32,
1926-02-03,37,32,
1926-02-04,33,26,
1926-02-05,33,27,
1926-02-06,46,32,
1926-02-07,39,28,
1926-02-08,38,34,
1926-02-09,37,29,
1926-02-10,29,19,
1926-02-11,28,15,
1926-02-12,35,26,
1926-02-13,44,30,
1926-02-14,38,32,
1926-02-15,36,21,
1926-02-16,38,20,
1926-02-17,48,33,
1926-02-18,43,29,
1926-02-19,29,14,
1926-02-20,50,19,
1926-02-21,56,30,
1926-02-22,50,30,
1926-02-23,30,27,
1926-02-24,35,24,
1926-02-25,49,34,
1926-02-26,39,30,
1926-02-27,35,24,
1926-02-28,56,27,
1926-03-01,51,27,
1926-03-02,27,12,
1926-03-03,27,12,
1926-03-04,29,15,
1926-03-05,32,14,
1926-03-06,36,25,
1926-03-07,36,18,
1926-03-08,26,8,
1926-03-09,46,16,
1926-03-10,41,30,
1926-03-11,35,28,
1926-03-12,32,20,
1926-03-13,23,12,
1926-03-14,29,12,
1926-03-15,35,20,
1926-03-16,45,23,
1926-03-17,47,24,
1926-03-18,59,40,
1926-03-19,64,42,
1926-03-20,55,35,
1926-03-21,49,29,
1926-03-22,45,38,
1926-03-23,64,37,
1926-03-24,73,40,
1926-03-25,58,37,
1926-03-26,40,28,
1926-03-27,32,24,
1926-03-28,41,23,
1926-03-29,44,29,
1926-03-30,37,24,
1926-03-31,34,25,
1926-04-01,34,22,
1926-04-02,34,27,
1926-04-03,37,26,
1926-04-04,48,25,
1926-04-05,46,35,
1926-04-06,47,29,
1926-04-07,48,35,
1926-04-08,44,32,
1926-04-09,53,33,
1926-04-10,58,34,
1926-04-11,55,42,
1926-04-12,51,30,
1926-04-13,61,30,
1926-04-14,56,30,
1926-04-15,47,26,
1926-04-16,67,35,
1926-04-17,58,33,
1926-04-18,41,30,
1926-04-19,50,26,
1926-04-20,61,34,
1926-04-21,76,46,
1926-04-22,66,54,
1926-04-23,66,52,
1926-04-24,60,45,
1926-04-25,50,36,
1926-04-26,56,31,
1926-04-27,62,40,
1926-04-28,48,39,
1926-04-29,72,35,
1926-04-30,82,53,
1926-05-01,84,59,
1926-05-02,79,56,
1926-05-03,64,46,
1926-05-04,64,32,
1926-05-05,79,44,
1926-05-06,84,51,
1926-05-07,84,57,
1926-05-08,81,58,
1926-05-09,74,54,
1926-05-10,68,54,
1926-05-11,64,42,
1926-05-12,68,41,
1926-05-13,70,47,
1926-05-14,57,45,
1926-05-15,70,43,
1926-05-16,82,50,
1926-05-17,80,60,
1926-05-18,80,60,
1926-05-19,68,50,
1926-05-20,72,43,
1926-05-21,76,60,
1926-05-22,68,48,
1926-05-23,70,39,
1926-05-24,90,56,
1926-05-25,90,66,
1926-05-26,91,66,
1926-05-27,74,54,
1926-05-28,79,54,
1926-05-29,90,56,
1926-05-30,82,64,
1926-05-31,78,66,
1926-06-01,77,57,
1926-06-02,79,58,
1926-06-03,66,48,
1926-06-04,66,48,
1926-06-05,74,47,
1926-06-06,75,56,
1926-06-07,79,56,
1926-06-08,80,54,
1926-06-09,82,54,
1926-06-10,86,57,
1926-06-11,88,63,
1926-06-12,81,65,
1926-06-13,85,67,
1926-06-14,76,61,
1926-06-15,71,52,
1926-06-16,70,54,
1926-06-17,80,63,
1926-06-18,72,57,
1926-06-19,72,56,
1926-06-20,78,47,
1926-06-21,78,61,
1926-06-22,78,54,
1926-06-23,77,57,
1926-06-24,81,56,
1926-06-25,79,57,
1926-06-26,70,51,
1926-06-27,77,48,
1926-06-28,82,58,
1926-06-29,90,63,
1926-06-30,88,67,
1926-07-01,89,59,
1926-07-02,94,69,
1926-07-03,92,68,
1926-07-04,84,68,
1926-07-05,92,69,
1926-07-06,88,71,
1926-07-07,88,63,
1926-07-08,91,69,
1926-07-09,86,70,
1926-07-10,78,65,
1926-07-11,78,55,
1926-07-12,86,58,
1926-07-13,74,48,
1926-07-14,75,51,
1926-07-15,78,54,
1926-07-16,86,62,
1926-07-17,88,65,
1926-07-18,92,68,
1926-07-19,94,70,
1926-07-20,94,71,
1926-07-21,96,74,
1926-07-22,89,69,
1926-07-23,85,60,
1926-07-24,89,60,
1926-07-25,87,66,
1926-07-26,86,63,
1926-07-27,90,64,
1926-07-28,90,64,
1926-07-29,92,69,
1926-07-30,93,71,
1926-07-31,82,68,
1926-08-01,82,68,
1926-08-02,78,66,
1926-08-03,84,64,
1926-08-04,89,68,
1926-08-05,92,74,
1926-08-06,94,71,
1926-08-07,77,61,
1926-08-08,79,56,
1926-08-09,80,65,
1926-08-10,93,67,
1926-08-11,96,69,
1926-08-12,84,71,
1926-08-13,85,69,
1926-08-14,84,69,
1926-08-15,84,69,
1926-08-16,82,68,
1926-08-17,82,69,
1926-08-18,82,69,
1926-08-19,82,70,
1926-08-20,80,67,
1926-08-21,88,65,
1926-08-22,88,68,
1926-08-23,80,70,
1926-08-24,79,64,
1926-08-25,79,57,
1926-08-26,85,58,
1926-08-27,88,64,
1926-08-28,90,69,
1926-08-29,88,66,
1926-08-30,81,62,
1926-08-31,79,62,
1926-09-01,87,69,
1926-09-02,84,70,
1926-09-03,83,68,
1926-09-04,72,68,
1926-09-05,76,68,
1926-09-06,78,58,
1926-09-07,78,57,
1926-09-08,81,61,
1926-09-09,70,61,
1926-09-10,69,47,
1926-09-11,76,50,
1926-09-12,74,57,
1926-09-13,66,56,
1926-09-14,80,58,
1926-09-15,83,68,
1926-09-16,81,62,
1926-09-17,87,67,
1926-09-18,86,64,
1926-09-19,87,65,
1926-09-20,75,66,
1926-09-21,78,58,
1926-09-22,77,63,
1926-09-23,78,64,
1926-09-24,76,56,
1926-09-25,57,44,
1926-09-26,55,34,
1926-09-27,51,45,
1926-09-28,52,46,
1926-09-29,62,51,
1926-09-30,69,57,
1926-10-01,74,63,
1926-10-02,81,64,
1926-10-03,84,64,
1926-10-04,77,65,
1926-10-05,66,51,
1926-10-06,56,41,
1926-10-07,68,35,
1926-10-08,74,48,
1926-10-09,74,53,
1926-10-10,66,59,
1926-10-11,63,54,
1926-10-12,68,52,
1926-10-13,66,46,
1926-10-14,67,46,
1926-10-15,65,40,
1926-10-16,66,48,
1926-10-17,59,38,
1926-10-18,69,49,
1926-10-19,50,39,
1926-10-20,48,38,
1926-10-21,54,33,
1926-10-22,55,46,
1926-10-23,52,31,
1926-10-24,46,36,
1926-10-25,43,32,
1926-10-26,45,30,
1926-10-27,56,28,
1926-10-28,68,49,
1926-10-29,58,43,
1926-10-30,53,40,
1926-10-31,51,28,
1926-11-01,47,38,
1926-11-02,42,26,
1926-11-03,37,32,
1926-11-04,43,34,
1926-11-05,55,30,
1926-11-06,60,41,
1926-11-07,61,42,
1926-11-08,55,43,
1926-11-09,51,29,
1926-11-10,31,20,
1926-11-11,34,17,
1926-11-12,49,27,
1926-11-13,51,41,
1926-11-14,62,41,
1926-11-15,56,38,
1926-11-16,38,34,
1926-11-17,41,32,
1926-11-18,41,25,
1926-11-19,29,25,
1926-11-20,28,22,
1926-11-21,24,14,
1926-11-22,36,14,
1926-11-23,46,22,
1926-11-24,41,30,
1926-11-25,56,26,
1926-11-26,59,31,
1926-11-27,32,20,
1926-11-28,54,30,
1926-11-29,51,29,
1926-11-30,41,25,
1926-12-01,42,23,
1926-12-02,32,21,
1926-12-03,57,30,
1926-12-04,48,28,
1926-12-05,30,23,
1926-12-06,30,15,
1926-12-07,40,25,
1926-12-08,40,31,
1926-12-09,33,29,
1926-12-10,37,29,
1926-12-11,38,28,
1926-12-12,52,35,
1926-12-13,54,14,
1926-12-14,14,2,
1926-12-15,11,-1,
1926-12-16,27,8,
1926-12-17,28,16,
1926-12-18,28,11,
1926-12-19,38,19,
1926-12-20,44,34,
1926-12-21,38,31,
1926-12-22,34,30,
1926-12-23,36,29,
1926-12-24,38,22,
1926-12-25,27,14,
1926-12-26,26,13,
1926-12-27,27,14,
1926-12-28,30,25,
1926-12-29,26,11,
1926-12-30,35,5,
1926-12-31,37,28,
1927-01-01,29,21,
1927-01-02,45,19,
1927-01-03,42,30,
1927-01-04,45,32,
1927-01-05,40,30,
1927-01-06,38,28,
1927-01-07,31,20,
1927-01-08,30,27,
1927-01-09,32,20,
1927-01-10,23,15,
1927-01-11,20,11,
1927-01-12,29,14,
1927-01-13,32,28,
1927-01-14,29,-3,
1927-01-15,3,-16,
1927-01-16,24,-8,
1927-01-17,37,15,
1927-01-18,32,24,
1927-01-19,32,22,
1927-01-20,34,13,
1927-01-21,35,26,
1927-01-22,27,13,
1927-01-23,27,19,
1927-01-24,32,13,
1927-01-25,36,10,
1927-01-26,35,6,
1927-01-27,30,0,
1927-01-28,36,29,
1927-01-29,44,31,
1927-01-30,44,31,
1927-01-31,43,26,
1927-02-01,44,33,
1927-02-02,40,26,
1927-02-03,59,34,
1927-02-04,48,33,
1927-02-05,59,43,
1927-02-06,49,39,
1927-02-07,47,27,
1927-02-08,46,38,
1927-02-09,38,28,
1927-02-10,32,21,
1927-02-11,40,21,
1927-02-12,46,28,
1927-02-13,37,31,
1927-02-14,42,32,
1927-02-15,49,26,
1927-02-16,59,44,
1927-02-17,51,33,
1927-02-18,40,23,
1927-02-19,38,16,
1927-02-20,38,25,
1927-02-21,50,25,
1927-02-22,58,36,
1927-02-23,60,37,
1927-02-24,57,34,
1927-02-25,51,32,
1927-02-26,37,28,
1927-02-27,30,21,
1927-02-28,37,24,
1927-03-01,34,27,
1927-03-02,41,20,
1927-03-03,41,21,
1927-03-04,46,21,
1927-03-05,43,32,
1927-03-06,46,37,
1927-03-07,48,36,
1927-03-08,49,32,
1927-03-09,51,31,
1927-03-10,62,32,
1927-03-11,59,40,
1927-03-12,58,53,
1927-03-13,59,40,
1927-03-14,52,40,
1927-03-15,64,34,
1927-03-16,70,42,
1927-03-17,60,45,
1927-03-18,63,45,
1927-03-19,57,44,
1927-03-20,47,40,
1927-03-21,41,31,
1927-03-22,42,30,
1927-03-23,42,33,
1927-03-24,48,36,
1927-03-25,51,32,
1927-03-26,48,35,
1927-03-27,48,30,
1927-03-28,51,31,
1927-03-29,55,34,
1927-03-30,64,44,
1927-03-31,58,42,
1927-04-01,54,40,
1927-04-02,44,32,
1927-04-03,52,38,
1927-04-04,64,37,
1927-04-05,62,43,
1927-04-06,68,44,
1927-04-07,62,34,
1927-04-08,48,40,
1927-04-09,52,42,
1927-04-10,58,42,
1927-04-11,56,38,
1927-04-12,64,48,
1927-04-13,59,43,
1927-04-14,51,38,
1927-04-15,73,48,
1927-04-16,70,54,
1927-04-17,77,53,
1927-04-18,74,62,
1927-04-19,74,59,
1927-04-20,63,44,
1927-04-21,57,37,
1927-04-22,45,29,
1927-04-23,44,29,
1927-04-24,50,30,
1927-04-25,55,34,
1927-04-26,72,50,
1927-04-27,70,59,
1927-04-28,72,44,
1927-04-29,68,53,
1927-04-30,59,39,
1927-05-01,66,38,
1927-05-02,75,48,
1927-05-03,69,58,
1927-05-04,64,43,
1927-05-05,66,48,
1927-05-06,67,48,
1927-05-07,75,53,
1927-05-08,81,56,
1927-05-09,79,60,
1927-05-10,67,52,
1927-05-11,52,44,
1927-05-12,64,42,
1927-05-13,57,44,
1927-05-14,60,48,
1927-05-15,54,42,
1927-05-16,65,40,
1927-05-17,67,43,
1927-05-18,71,54,
1927-05-19,64,48,
1927-05-20,72,45,
1927-05-21,84,60,
1927-05-22,77,66,
1927-05-23,80,64,
1927-05-24,75,63,
1927-05-25,74,57,
1927-05-26,68,54,
1927-05-27,58,43,
1927-05-28,76,49,
1927-05-29,73,56,
1927-05-30,70,57,
1927-05-31,74,57,
1927-06-01,71,52,
1927-06-02,65,52,
1927-06-03,66,54,
1927-06-04,74,61,
1927-06-05,70,53,
1927-06-06,68,48,
1927-06-07,73,56,
1927-06-08,80,56,
1927-06-09,82,63,
1927-06-10,83,69,
1927-06-11,82,58,
1927-06-12,69,54,
1927-06-13,64,50,
1927-06-14,70,52,
1927-06-15,67,46,
1927-06-16,72,52,
1927-06-17,74,56,
1927-06-18,76,55,
1927-06-19,80,57,
1927-06-20,81,60,
1927-06-21,80,62,
1927-06-22,78,63,
1927-06-23,69,58,
1927-06-24,78,47,
1927-06-25,89,68,
1927-06-26,76,52,
1927-06-27,77,51,
1927-06-28,87,57,
1927-06-29,92,67,
1927-06-30,94,72,
1927-07-01,90,72,
1927-07-02,83,69,
1927-07-03,77,59,
1927-07-04,79,51,
1927-07-05,81,60,
1927-07-06,93,66,
1927-07-07,85,64,
1927-07-08,81,53,
1927-07-09,85,58,
1927-07-10,86,63,
1927-07-11,90,61,
1927-07-12,93,70,
1927-07-13,90,69,
1927-07-14,76,69,
1927-07-15,84,66,
1927-07-16,84,67,
1927-07-17,82,70,
1927-07-18,85,62,
1927-07-19,80,64,
1927-07-20,83,62,
1927-07-21,85,65,
1927-07-22,72,63,
1927-07-23,79,54,
1927-07-24,81,58,
1927-07-25,82,60,
1927-07-26,85,61,
1927-07-27,89,62,
1927-07-28,93,70,
1927-07-29,84,69,
1927-07-30,76,59,
1927-07-31,82,56,
1927-08-01,82,64,
1927-08-02,70,53,
1927-08-03,76,51,
1927-08-04,79,54,
1927-08-05,84,62,
1927-08-06,84,63,
1927-08-07,88,65,
1927-08-08,80,67,
1927-08-09,73,57,
1927-08-10,80,52,
1927-08-11,83,57,
1927-08-12,80,64,
1927-08-13,75,64,
1927-08-14,81,65,
1927-08-15,78,58,
1927-08-16,78,51,
1927-08-17,72,59,
1927-08-18,70,60,
1927-08-19,70,54,
1927-08-20,71,52,
1927-08-21,76,53,
1927-08-22,79,54,
1927-08-23,72,56,
1927-08-24,70,47,
1927-08-25,74,51,
1927-08-26,75,54,
1927-08-27,76,51,
1927-08-28,78,54,
1927-08-29,80,61,
1927-08-30,84,64,
1927-08-31,82,58,
1927-09-01,80,64,
1927-09-02,86,58,
1927-09-03,90,64,
1927-09-04,85,58,
1927-09-05,85,61,
1927-09-06,88,64,
1927-09-07,85,67,
1927-09-08,85,66,
1927-09-09,84,69,
1927-09-10,90,72,
1927-09-11,82,64,
1927-09-12,90,66,
1927-09-13,94,70,
1927-09-14,91,72,
1927-09-15,94,71,
1927-09-16,94,70,
1927-09-17,93,72,
1927-09-18,78,60,
1927-09-19,68,44,
1927-09-20,60,46,
1927-09-21,56,36,
1927-09-22,64,42,
1927-09-23,68,45,
1927-09-24,76,53,
1927-09-25,78,54,
1927-09-26,78,58,
1927-09-27,71,62,
1927-09-28,67,55,
1927-09-29,72,52,
1927-09-30,78,56,
1927-10-01,70,62,
1927-10-02,81,64,
1927-10-03,68,53,
1927-10-04,68,46,
1927-10-05,74,48,
1927-10-06,82,54,
1927-10-07,72,48,
1927-10-08,61,40,
1927-10-09,62,42,
1927-10-10,65,37,
1927-10-11,71,48,
1927-10-12,63,46,
1927-10-13,47,42,
1927-10-14,57,40,
1927-10-15,68,40,
1927-10-16,60,45,
1927-10-17,56,37,
1927-10-18,53,36,
1927-10-19,63,35,
1927-10-20,74,47,
1927-10-21,65,45,
1927-10-22,82,48,
1927-10-23,74,53,
1927-10-24,76,46,
1927-10-25,79,49,
1927-10-26,81,51,
1927-10-27,82,53,
1927-10-28,84,56,
1927-10-29,79,54,
1927-10-30,80,55,
1927-10-31,70,58,
1927-11-01,76,52,
1927-11-02,69,38,
1927-11-03,57,37,
1927-11-04,53,32,
1927-11-05,45,30,
1927-11-06,38,20,
1927-11-07,36,29,
1927-11-08,38,30,
1927-11-09,39,35,
1927-11-10,64,37,
1927-11-11,72,44,
1927-11-12,45,29,
1927-11-13,49,27,
1927-11-14,70,39,
1927-11-15,63,42,
1927-11-16,42,31,
1927-11-17,32,27,
1927-11-18,30,24,
1927-11-19,34,23,
1927-11-20,50,30,
1927-11-21,61,46,
1927-11-22,67,54,
1927-11-23,62,42,
1927-11-24,50,37,
1927-11-25,54,31,
1927-11-26,69,42,
1927-11-27,65,48,
1927-11-28,64,48,
1927-11-29,70,43,
1927-11-30,64,24,
1927-12-01,32,14,
1927-12-02,29,19,
1927-12-03,31,21,
1927-12-04,37,24,
1927-12-05,37,18,
1927-12-06,42,26,
1927-12-07,54,13,
1927-12-08,13,2,
1927-12-09,25,8,
1927-12-10,33,22,
1927-12-11,38,32,
1927-12-12,52,32,
1927-12-13,61,50,
1927-12-14,52,31,
1927-12-15,49,22,
1927-12-16,23,13,
1927-12-17,21,13,
1927-12-18,16,6,
1927-12-19,21,4,
1927-12-20,36,13,
1927-12-21,38,16,
1927-12-22,37,19,
1927-12-23,32,16,
1927-12-24,33,19,
1927-12-25,40,18,
1927-12-26,45,21,
1927-12-27,43,21,
1927-12-28,42,36,
1927-12-29,46,41,
1927-12-30,44,28,
1927-12-31,28,0,
1928-01-01,2,-9,
1928-01-02,3,-11,
1928-01-03,15,-8,
1928-01-04,24,5,
1928-01-05,35,11,
1928-01-06,44,31,
1928-01-07,42,36,
1928-01-08,38,31,
1928-01-09,44,28,
1928-01-10,51,31,
1928-01-11,50,36,
1928-01-12,49,31,
1928-01-13,47,38,
1928-01-14,63,36,
1928-01-15,54,34,
1928-01-16,52,31,
1928-01-17,42,32,
1928-01-18,41,29,
1928-01-19,45,33,
1928-01-20,33,10,
1928-01-21,26,9,
1928-01-22,40,23,
1928-01-23,43,22,
1928-01-24,40,27,
1928-01-25,30,16,
1928-01-26,30,9,
1928-01-27,21,11,
1928-01-28,13,-1,
1928-01-29,24,12,
1928-01-30,27,13,
1928-01-31,25,14,
1928-02-01,31,13,
1928-02-02,40,10,
1928-02-03,51,31,
1928-02-04,48,38,
1928-02-05,49,34,
1928-02-06,40,31,
1928-02-07,56,39,
1928-02-08,44,35,
1928-02-09,37,29,
1928-02-10,45,30,
1928-02-11,45,32,
1928-02-12,48,29,
1928-02-13,42,35,
1928-02-14,44,34,
1928-02-15,36,30,
1928-02-16,34,27,
1928-02-17,38,25,
1928-02-18,30,11,
1928-02-19,38,11,
1928-02-20,37,18,
1928-02-21,30,14,
1928-02-22,40,30,
1928-02-23,38,18,
1928-02-24,24,5,
1928-02-25,21,7,
1928-02-26,36,8,
1928-02-27,42,26,
1928-02-28,51,28,
1928-02-29,41,32,
1928-03-01,38,24,
1928-03-02,48,27,
1928-03-03,41,25,
1928-03-04,43,31,
1928-03-05,32,15,
1928-03-06,40,22,
1928-03-07,50,33,
1928-03-08,48,29,
1928-03-09,46,35,
1928-03-10,40,29,
1928-03-11,52,30,
1928-03-12,63,35,
1928-03-13,59,36,
1928-03-14,47,30,
1928-03-15,44,30,
1928-03-16,34,27,
1928-03-17,36,22,
1928-03-18,38,26,
1928-03-19,45,28,
1928-03-20,43,26,
1928-03-21,56,29,
1928-03-22,71,43,
1928-03-23,79,39,
1928-03-24,69,50,
1928-03-25,71,52,
1928-03-26,69,33,
1928-03-27,39,20,
1928-03-28,48,30,
1928-03-29,40,31,
1928-03-30,38,27,
1928-03-31,50,26,
1928-04-01,69,36,
1928-04-02,75,44,
1928-04-03,76,54,
1928-04-04,67,58,
1928-04-05,66,56,
1928-04-06,64,56,
1928-04-07,59,30,
1928-04-08,39,28,
1928-04-09,35,22,
1928-04-10,44,27,
1928-04-11,57,30,
1928-04-12,58,37,
1928-04-13,52,36,
1928-04-14,44,27,
1928-04-15,40,26,
1928-04-16,56,28,
1928-04-17,51,36,
1928-04-18,70,37,
1928-04-19,64,34,
1928-04-20,55,30,
1928-04-21,51,42,
1928-04-22,51,40,
1928-04-23,60,32,
1928-04-24,54,39,
1928-04-25,55,30,
1928-04-26,54,32,
1928-04-27,49,28,
1928-04-28,64,32,
1928-04-29,71,38,
1928-04-30,68,48,
1928-05-01,73,48,
1928-05-02,81,45,
1928-05-03,85,57,
1928-05-04,80,60,
1928-05-05,71,44,
1928-05-06,69,43,
1928-05-07,66,36,
1928-05-08,74,38,
1928-05-09,84,52,
1928-05-10,89,57,
1928-05-11,67,55,
1928-05-12,61,34,
1928-05-13,66,36,
1928-05-14,76,43,
1928-05-15,68,56,
1928-05-16,68,59,
1928-05-17,74,60,
1928-05-18,76,60,
1928-05-19,76,57,
1928-05-20,77,56,
1928-05-21,76,55,
1928-05-22,80,54,
1928-05-23,74,54,
1928-05-24,79,42,
1928-05-25,76,60,
1928-05-26,66,49,
1928-05-27,66,47,
1928-05-28,66,43,
1928-05-29,68,52,
1928-05-30,75,53,
1928-05-31,75,46,
1928-06-01,77,59,
1928-06-02,71,52,
1928-06-03,66,52,
1928-06-04,55,49,
1928-06-05,67,52,
1928-06-06,58,49,
1928-06-07,76,50,
1928-06-08,76,56,
1928-06-09,72,59,
1928-06-10,66,44,
1928-06-11,75,51,
1928-06-12,83,64,
1928-06-13,78,64,
1928-06-14,81,55,
1928-06-15,77,54,
1928-06-16,79,50,
1928-06-17,82,64,
1928-06-18,82,62,
1928-06-19,84,65,
1928-06-20,76,64,
1928-06-21,82,66,
1928-06-22,82,64,
1928-06-23,73,57,
1928-06-24,72,56,
1928-06-25,64,54,
1928-06-26,68,54,
1928-06-27,76,52,
1928-06-28,76,60,
1928-06-29,72,60,
1928-06-30,80,57,
1928-07-01,83,62,
1928-07-02,88,66,
1928-07-03,90,68,
1928-07-04,86,66,
1928-07-05,84,66,
1928-07-06,86,64,
1928-07-07,92,72,
1928-07-08,90,73,
1928-07-09,84,70,
1928-07-10,91,64,
1928-07-11,85,68,
1928-07-12,78,61,
1928-07-13,80,62,
1928-07-14,80,56,
1928-07-15,85,60,
1928-07-16,86,61,
1928-07-17,87,62,
1928-07-18,90,68,
1928-07-19,90,70,
1928-07-20,92,72,
1928-07-21,90,69,
1928-07-22,86,70,
1928-07-23,84,64,
1928-07-24,86,62,
1928-07-25,86,67,
1928-07-26,86,65,
1928-07-27,86,66,
1928-07-28,74,62,
1928-07-29,78,52,
1928-07-30,81,55,
1928-07-31,72,64,
1928-08-01,85,64,
1928-08-02,91,71,
1928-08-03,89,73,
1928-08-04,83,68,
1928-08-05,78,69,
1928-08-06,81,62,
1928-08-07,86,68,
1928-08-08,92,69,
1928-08-09,90,72,
1928-08-10,90,70,
1928-08-11,78,62,
1928-08-12,78,54,
1928-08-13,85,56,
1928-08-14,87,58,
1928-08-15,90,62,
1928-08-16,92,64,
1928-08-17,82,70,
1928-08-18,84,68,
1928-08-19,85,58,
1928-08-20,88,63,
1928-08-21,80,66,
1928-08-22,79,57,
1928-08-23,81,62,
1928-08-24,71,64,
1928-08-25,77,58,
1928-08-26,80,58,
1928-08-27,88,64,
1928-08-28,91,71,
1928-08-29,88,65,
1928-08-30,82,65,
1928-08-31,73,56,
1928-09-01,78,54,
1928-09-02,80,55,
1928-09-03,66,50,
1928-09-04,72,46,
1928-09-05,72,51,
1928-09-06,76,50,
1928-09-07,80,54,
1928-09-08,86,57,
1928-09-09,93,62,
1928-09-10,86,63,
1928-09-11,80,64,
1928-09-12,82,63,
1928-09-13,86,69,
1928-09-14,88,66,
1928-09-15,80,59,
1928-09-16,84,55,
1928-09-17,74,54,
1928-09-18,68,46,
1928-09-19,70,44,
1928-09-20,74,42,
1928-09-21,68,53,
1928-09-22,73,45,
1928-09-23,64,41,
1928-09-24,59,33,
1928-09-25,54,36,
1928-09-26,58,30,
1928-09-27,66,47,
1928-09-28,56,38,
1928-09-29,54,46,
1928-09-30,69,40,
1928-10-01,67,47,
1928-10-02,74,52,
1928-10-03,71,56,
1928-10-04,79,65,
1928-10-05,75,58,
1928-10-06,78,49,
1928-10-07,73,51,
1928-10-08,74,57,
1928-10-09,78,56,
1928-10-10,81,50,
1928-10-11,85,60,
1928-10-12,84,61,
1928-10-13,76,57,
1928-10-14,78,51,
1928-10-15,72,54,
1928-10-16,68,63,
1928-10-17,67,62,
1928-10-18,64,52,
1928-10-19,54,44,
1928-10-20,60,40,
1928-10-21,68,42,
1928-10-22,60,46,
1928-10-23,60,36,
1928-10-24,61,39,
1928-10-25,56,37,
1928-10-26,54,33,
1928-10-27,60,43,
1928-10-28,50,35,
1928-10-29,45,29,
1928-10-30,46,27,
1928-10-31,54,28,
1928-11-01,51,39,
1928-11-02,52,46,
1928-11-03,52,41,
1928-11-04,52,30,
1928-11-05,58,34,
1928-11-06,58,40,
1928-11-07,55,40,
1928-11-08,55,35,
1928-11-09,44,34,
1928-11-10,41,35,
1928-11-11,60,32,
1928-11-12,52,39,
1928-11-13,52,30,
1928-11-14,56,41,
1928-11-15,67,55,
1928-11-16,62,58,
1928-11-17,64,50,
1928-11-18,51,37,
1928-11-19,39,34,
1928-11-20,34,30,
1928-11-21,50,29,
1928-11-22,44,32,
1928-11-23,43,22,
1928-11-24,44,32,
1928-11-25,35,18,
1928-11-26,40,17,
1928-11-27,41,28,
1928-11-28,40,32,
1928-11-29,41,37,
1928-11-30,50,33,
1928-12-01,45,28,
1928-12-02,52,26,
1928-12-03,48,33,
1928-12-04,35,30,
1928-12-05,30,10,
1928-12-06,39,18,
1928-12-07,33,21,
1928-12-08,30,11,
1928-12-09,38,18,
1928-12-10,48,21,
1928-12-11,53,29,
1928-12-12,48,38,
1928-12-13,50,42,
1928-12-14,51,45,
1928-12-15,49,43,
1928-12-16,47,42,
1928-12-17,47,29,
1928-12-18,38,24,
1928-12-19,34,24,
1928-12-20,30,14,
1928-12-21,20,6,
1928-12-22,30,13,
1928-12-23,35,20,
1928-12-24,45,23,
1928-12-25,44,26,
1928-12-26,48,32,
1928-12-27,42,30,
1928-12-28,52,30,
1928-12-29,40,28,
1928-12-30,32,23,
1928-12-31,38,24,
1929-01-01,36,12,
1929-01-02,17,-4,
1929-01-03,33,13,
1929-01-04,34,10,
1929-01-05,42,24,
1929-01-06,26,4,
1929-01-07,25,-3,
1929-01-08,34,1,
1929-01-09,40,29,
1929-01-10,38,21,
1929-01-11,31,12,
1929-01-12,24,3,
1929-01-13,24,-3,
1929-01-14,16,-4,
1929-01-15,16,-6,
1929-01-16,24,5,
1929-01-17,43,24,
1929-01-18,54,38,
1929-01-19,38,21,
1929-01-20,31,10,
1929-01-21,32,21,
1929-01-22,52,26,
1929-01-23,37,11,
1929-01-24,34,19,
1929-01-25,34,6,
1929-01-26,23,6,
1929-01-27,23,18,
1929-01-28,28,13,
1929-01-29,27,14,
1929-01-30,27,15,
1929-01-31,25,4,
1929-02-01,14,-8,
1929-02-02,22,8,
1929-02-03,26,11,
1929-02-04,29,17,
1929-02-05,28,21,
1929-02-06,33,27,
1929-02-07,32,28,
1929-02-08,32,19,
1929-02-09,20,-1,
1929-02-10,20,-4,
1929-02-11,18,12,
1929-02-12,24,1,
1929-02-13,29,17,
1929-02-14,31,6,
1929-02-15,34,14,
1929-02-16,40,20,
1929-02-17,47,29,
1929-02-18,39,13,
1929-02-19,17,6,
1929-02-20,19,-6,
1929-02-21,34,13,
1929-02-22,31,4,
1929-02-23,42,16,
1929-02-24,50,34,
1929-02-25,44,35,
1929-02-26,52,33,
1929-02-27,41,28,
1929-02-28,44,28,
1929-03-01,40,29,
1929-03-02,43,26,
1929-03-03,47,37,
1929-03-04,45,33,
1929-03-05,43,28,
1929-03-06,64,34,
1929-03-07,37,19,
1929-03-08,40,22,
1929-03-09,37,20,
1929-03-10,41,15,
1929-03-11,55,34,
1929-03-12,67,42,
1929-03-13,62,51,
1929-03-14,68,46,
1929-03-15,62,47,
1929-03-16,47,32,
1929-03-17,48,31,
1929-03-18,61,35,
1929-03-19,52,40,
1929-03-20,60,34,
1929-03-21,66,46,
1929-03-22,64,48,
1929-03-23,74,58,
1929-03-24,82,43,
1929-03-25,74,48,
1929-03-26,56,40,
1929-03-27,61,37,
1929-03-28,56,41,
1929-03-29,52,38,
1929-03-30,62,43,
1929-03-31,71,48,
1929-04-01,71,30,
1929-04-02,61,31,
1929-04-03,74,46,
1929-04-04,81,57,
1929-04-05,80,64,
1929-04-06,81,64,
1929-04-07,77,63,
1929-04-08,65,50,
1929-04-09,52,43,
1929-04-10,49,41,
1929-04-11,54,42,
1929-04-12,56,37,
1929-04-13,57,41,
1929-04-14,53,44,
1929-04-15,54,40,
1929-04-16,55,34,
1929-04-17,56,38,
1929-04-18,58,39,
1929-04-19,68,38,
1929-04-20,68,47,
1929-04-21,50,44,
1929-04-22,61,36,
1929-04-23,62,39,
1929-04-24,68,50,
1929-04-25,63,52,
1929-04-26,66,40,
1929-04-27,70,48,
1929-04-28,64,52,
1929-04-29,62,39,
1929-04-30,74,46,
1929-05-01,67,46,
1929-05-02,47,32,
1929-05-03,52,35,
1929-05-04,54,40,
1929-05-05,58,35,
1929-05-06,54,46,
1929-05-07,63,37,
1929-05-08,62,45,
1929-05-09,63,44,
1929-05-10,68,42,
1929-05-11,79,57,
1929-05-12,70,56,
1929-05-13,60,52,
1929-05-14,70,54,
1929-05-15,80,56,
1929-05-16,76,38,
1929-05-17,67,40,
1929-05-18,62,45,
1929-05-19,56,36,
1929-05-20,56,39,
1929-05-21,65,37,
1929-05-22,69,46,
1929-05-23,74,53,
1929-05-24,70,57,
1929-05-25,79,51,
1929-05-26,80,62,
1929-05-27,78,66,
1929-05-28,81,67,
1929-05-29,86,65,
1929-05-30,86,70,
1929-05-31,81,66,
1929-06-01,74,56,
1929-06-02,57,46,
1929-06-03,64,40,
1929-06-04,70,46,
1929-06-05,77,55,
1929-06-06,78,52,
1929-06-07,72,63,
1929-06-08,71,55,
1929-06-09,74,46,
1929-06-10,80,52,
1929-06-11,85,60,
1929-06-12,76,60,
1929-06-13,72,61,
1929-06-14,74,54,
1929-06-15,82,56,
1929-06-16,86,68,
1929-06-17,86,66,
1929-06-18,89,70,
1929-06-19,86,70,
1929-06-20,84,64,
1929-06-21,84,54,
1929-06-22,82,62,
1929-06-23,86,66,
1929-06-24,75,59,
1929-06-25,77,58,
1929-06-26,82,59,
1929-06-27,82,62,
1929-06-28,79,66,
1929-06-29,85,58,
1929-06-30,93,70,
1929-07-01,77,66,
1929-07-02,77,60,
1929-07-03,80,58,
1929-07-04,88,63,
1929-07-05,84,66,
1929-07-06,78,64,
1929-07-07,81,68,
1929-07-08,82,67,
1929-07-09,82,68,
1929-07-10,80,62,
1929-07-11,80,66,
1929-07-12,88,70,
1929-07-13,86,72,
1929-07-14,84,70,
1929-07-15,78,66,
1929-07-16,84,59,
1929-07-17,89,62,
1929-07-18,89,70,
1929-07-19,76,56,
1929-07-20,76,50,
1929-07-21,84,56,
1929-07-22,88,64,
1929-07-23,92,68,
1929-07-24,88,72,
1929-07-25,84,70,
1929-07-26,90,71,
1929-07-27,92,72,
1929-07-28,93,72,
1929-07-29,88,66,
1929-07-30,90,66,
1929-07-31,90,68,
1929-08-01,86,68,
1929-08-02,78,63,
1929-08-03,80,63,
1929-08-04,76,55,
1929-08-05,72,55,
1929-08-06,76,56,
1929-08-07,80,62,
1929-08-08,84,61,
1929-08-09,80,64,
1929-08-10,85,68,
1929-08-11,87,67,
1929-08-12,85,66,
1929-08-13,86,65,
1929-08-14,79,54,
1929-08-15,74,54,
1929-08-16,78,51,
1929-08-17,83,53,
1929-08-18,86,65,
1929-08-19,76,53,
1929-08-20,78,51,
1929-08-21,85,58,
1929-08-22,92,72,
1929-08-23,84,68,
1929-08-24,84,58,
1929-08-25,84,60,
1929-08-26,86,64,
1929-08-27,77,62,
1929-08-28,75,51,
1929-08-29,77,54,
1929-08-30,84,58,
1929-08-31,82,61,
1929-09-01,87,57,
1929-09-02,90,63,
1929-09-03,89,63,
1929-09-04,88,64,
1929-09-05,76,62,
1929-09-06,71,60,
1929-09-07,78,59,
1929-09-08,79,62,
1929-09-09,86,65,
1929-09-10,76,50,
1929-09-11,71,49,
1929-09-12,65,50,
1929-09-13,76,58,
1929-09-14,67,44,
1929-09-15,76,42,
1929-09-16,81,51,
1929-09-17,69,49,
1929-09-18,60,36,
1929-09-19,51,40,
1929-09-20,61,47,
1929-09-21,72,46,
1929-09-22,76,45,
1929-09-23,81,47,
1929-09-24,81,58,
1929-09-25,74,66,
1929-09-26,76,65,
1929-09-27,80,58,
1929-09-28,88,60,
1929-09-29,75,59,
1929-09-30,66,53,
1929-10-01,68,40,
1929-10-02,64,38,
1929-10-03,65,45,
1929-10-04,55,37,
1929-10-05,69,45,
1929-10-06,69,45,
1929-10-07,70,47,
1929-10-08,68,39,
1929-10-09,58,46,
1929-10-10,56,46,
1929-10-11,66,51,
1929-10-12,67,54,
1929-10-13,65,41,
1929-10-14,70,42,
1929-10-15,78,45,
1929-10-16,77,53,
1929-10-17,62,42,
1929-10-18,68,39,
1929-10-19,76,42,
1929-10-20,68,54,
1929-10-21,58,47,
1929-10-22,51,35,
1929-10-23,37,31,
1929-10-24,42,31,
1929-10-25,58,30,
1929-10-26,68,40,
1929-10-27,65,46,
1929-10-28,53,38,
1929-10-29,56,41,
1929-10-30,62,49,
1929-10-31,64,60,
1929-11-01,64,46,
1929-11-02,53,36,
1929-11-03,50,36,
1929-11-04,44,32,
1929-11-05,49,26,
1929-11-06,53,30,
1929-11-07,48,32,
1929-11-08,51,30,
1929-11-09,55,30,
1929-11-10,59,41,
1929-11-11,56,34,
1929-11-12,50,42,
1929-11-13,49,45,
1929-11-14,46,43,
1929-11-15,46,33,
1929-11-16,47,32,
1929-11-17,47,41,
1929-11-18,44,37,
1929-11-19,39,34,
1929-11-20,36,26,
1929-11-21,29,19,
1929-11-22,26,10,
1929-11-23,38,16,
1929-11-24,34,17,
1929-11-25,48,24,
1929-11-26,51,24,
1929-11-27,44,31,
1929-11-28,34,20,
1929-11-29,22,1,
1929-11-30,18,-2,
1929-12-01,28,13,
1929-12-02,28,1,
1929-12-03,14,-8,
1929-12-04,28,3,
1929-12-05,46,26,
1929-12-06,48,36,
1929-12-07,39,29,
1929-12-08,35,25,
1929-12-09,33,28,
1929-12-10,40,32,
1929-12-11,38,34,
1929-12-12,62,35,
1929-12-13,62,46,
1929-12-14,52,34,
1929-12-15,42,34,
1929-12-16,44,36,
1929-12-17,45,37,
1929-12-18,38,17,
1929-12-19,21,10,
1929-12-20,14,3,
1929-12-21,18,3,
1929-12-22,22,0,
1929-12-23,22,8,
1929-12-24,32,3,
1929-12-25,33,22,
1929-12-26,42,21,
1929-12-27,39,32,
1929-12-28,33,20,
1929-12-29,38,20,
1929-12-30,46,21,
1929-12-31,46,31,
1930-01-01,54,38,
1930-01-02,42,32,
1930-01-03,36,20,
1930-01-04,42,20,
1930-01-05,48,27,
1930-01-06,50,39,
1930-01-07,53,21,
1930-01-08,30,24,
1930-01-09,32,23,
1930-01-10,26,14,
1930-01-11,32,21,
1930-01-12,36,31,
1930-01-13,37,32,
1930-01-14,38,24,
1930-01-15,25,10,
1930-01-16,15,7,
1930-01-17,12,-5,
1930-01-18,5,-21,
1930-01-19,18,-7,
1930-01-20,20,14,
1930-01-21,20,4,
1930-01-22,5,-11,
1930-01-23,12,-11,
1930-01-24,22,3,
1930-01-25,23,6,
1930-01-26,26,2,
1930-01-27,31,24,
1930-01-28,30,6,
1930-01-29,21,-2,
1930-01-30,28,2,
1930-01-31,28,4,
1930-02-01,37,22,
1930-02-02,40,26,
1930-02-03,40,27,
1930-02-04,38,32,
1930-02-05,33,28,
1930-02-06,46,30,
1930-02-07,38,32,
1930-02-08,38,23,
1930-02-09,40,34,
1930-02-10,35,26,
1930-02-11,47,24,
1930-02-12,52,38,
1930-02-13,41,24,
1930-02-14,35,20,
1930-02-15,28,7,
1930-02-16,32,11,
1930-02-17,45,26,
1930-02-18,56,32,
1930-02-19,68,41,
1930-02-20,66,41,
1930-02-21,67,43,
1930-02-22,58,48,
1930-02-23,62,41,
1930-02-24,70,51,
1930-02-25,66,55,
1930-02-26,57,33,
1930-02-27,45,28,
1930-02-28,47,31,
1930-03-01,47,27,
1930-03-02,28,14,
1930-03-03,31,16,
1930-03-04,44,20,
1930-03-05,47,29,
1930-03-06,54,28,
1930-03-07,52,35,
1930-03-08,44,27,
1930-03-09,55,29,
1930-03-10,60,34,
1930-03-11,48,32,
1930-03-12,58,29,
1930-03-13,55,37,
1930-03-14,44,28,
1930-03-15,64,29,
1930-03-16,71,42,
1930-03-17,62,46,
1930-03-18,47,32,
1930-03-19,44,26,
1930-03-20,58,34,
1930-03-21,45,27,
1930-03-22,43,24,
1930-03-23,60,31,
1930-03-24,55,37,
1930-03-25,38,21,
1930-03-26,35,21,
1930-03-27,34,27,
1930-03-28,42,22,
1930-03-29,38,27,
1930-03-30,43,26,
1930-03-31,59,29,
1930-04-01,52,37,
1930-04-02,52,29,
1930-04-03,64,38,
1930-04-04,64,36,
1930-04-05,69,41,
1930-04-06,68,46,
1930-04-07,60,41,
1930-04-08,58,31,
1930-04-09,69,34,
1930-04-10,86,47,
1930-04-11,91,58,
1930-04-12,89,52,
1930-04-13,84,53,
1930-04-14,73,56,
1930-04-15,66,49,
1930-04-16,72,48,
1930-04-17,66,49,
1930-04-18,66,45,
1930-04-19,61,38,
1930-04-20,56,46,
1930-04-21,60,45,
1930-04-22,56,37,
1930-04-23,52,36,
1930-04-24,49,31,
1930-04-25,57,31,
1930-04-26,62,32,
1930-04-27,56,45,
1930-04-28,68,48,
1930-04-29,80,54,
1930-04-30,78,59,
1930-05-01,80,62,
1930-05-02,74,60,
1930-05-03,78,58,
1930-05-04,82,54,
1930-05-05,78,61,
1930-05-06,83,61,
1930-05-07,77,66,
1930-05-08,84,56,
1930-05-09,84,59,
1930-05-10,80,63,
1930-05-11,78,65,
1930-05-12,76,55,
1930-05-13,76,54,
1930-05-14,68,52,
1930-05-15,62,49,
1930-05-16,67,43,
1930-05-17,62,45,
1930-05-18,54,46,
1930-05-19,58,50,
1930-05-20,70,52,
1930-05-21,81,54,
1930-05-22,83,57,
1930-05-23,76,52,
1930-05-24,68,46,
1930-05-25,73,43,
1930-05-26,79,46,
1930-05-27,82,53,
1930-05-28,78,49,
1930-05-29,66,40,
1930-05-30,65,39,
1930-05-31,75,45,
1930-06-01,80,50,
1930-06-02,85,52,
1930-06-03,87,57,
1930-06-04,88,59,
1930-06-05,87,64,
1930-06-06,68,58,
1930-06-07,62,49,
1930-06-08,72,46,
1930-06-09,76,48,
1930-06-10,78,49,
1930-06-11,73,56,
1930-06-12,81,57,
1930-06-13,87,63,
1930-06-14,89,62,
1930-06-15,83,66,
1930-06-16,81,54,
1930-06-17,75,57,
1930-06-18,76,51,
1930-06-19,82,55,
1930-06-20,88,57,
1930-06-21,93,68,
1930-06-22,93,66,
1930-06-23,99,69,
1930-06-24,91,NA,
1930-06-25,85,NA,
1930-06-26,83,66,
1930-06-27,86,62,
1930-06-28,84,58,
1930-06-29,93,62,
1930-06-30,86,63,
1930-07-01,77,60,
1930-07-02,74,50,
1930-07-03,78,54,
1930-07-04,84,59,
1930-07-05,81,68,
1930-07-06,93,71,
1930-07-07,91,67,
1930-07-08,94,65,
1930-07-09,97,73,
1930-07-10,92,71,
1930-07-11,96,72,
1930-07-12,100,70,
1930-07-13,93,67,
1930-07-14,73,55,
1930-07-15,78,50,
1930-07-16,84,52,
1930-07-17,92,61,
1930-07-18,98,65,
1930-07-19,100,75,
1930-07-20,98,74,
1930-07-21,99,76,
1930-07-22,85,71,
1930-07-23,87,61,
1930-07-24,91,63,
1930-07-25,99,69,
1930-07-26,101,71,
1930-07-27,103,77,
1930-07-28,105,79,
1930-07-29,93,66,
1930-07-30,92,61,
1930-07-31,87,59,
1930-08-01,91,59,
1930-08-02,96,60,
1930-08-03,100,70,
1930-08-04,94,78,
1930-08-05,94,74,
1930-08-06,94,72,
1930-08-07,98,74,
1930-08-08,96,74,
1930-08-09,100,70,
1930-08-10,82,67,
1930-08-11,88,53,
1930-08-12,78,57,
1930-08-13,82,56,
1930-08-14,83,59,
1930-08-15,92,62,
1930-08-16,88,70,
1930-08-17,88,69,
1930-08-18,78,59,
1930-08-19,82,57,
1930-08-20,79,57,
1930-08-21,80,56,
1930-08-22,82,56,
1930-08-23,84,56,
1930-08-24,88,58,
1930-08-25,90,62,
1930-08-26,89,65,
1930-08-27,92,64,
1930-08-28,90,67,
1930-08-29,81,67,
1930-08-30,88,66,
1930-08-31,81,68,
1930-09-01,84,68,
1930-09-02,82,70,
1930-09-03,83,57,
1930-09-04,80,58,
1930-09-05,83,61,
1930-09-06,86,61,
1930-09-07,79,67,
1930-09-08,77,61,
1930-09-09,79,55,
1930-09-10,82,59,
1930-09-11,87,58,
1930-09-12,87,67,
1930-09-13,89,68,
1930-09-14,82,64,
1930-09-15,70,64,
1930-09-16,81,57,
1930-09-17,75,49,
1930-09-18,80,50,
1930-09-19,85,56,
1930-09-20,74,55,
1930-09-21,79,48,
1930-09-22,90,65,
1930-09-23,86,64,
1930-09-24,77,69,
1930-09-25,80,68,
1930-09-26,74,52,
1930-09-27,72,43,
1930-09-28,66,40,
1930-09-29,77,45,
1930-09-30,68,42,
1930-10-01,64,39,
1930-10-02,70,42,
1930-10-03,78,54,
1930-10-04,72,53,
1930-10-05,69,46,
1930-10-06,70,52,
1930-10-07,63,55,
1930-10-08,70,59,
1930-10-09,77,60,
1930-10-10,82,58,
1930-10-11,81,58,
1930-10-12,83,59,
1930-10-13,82,56,
1930-10-14,79,55,
1930-10-15,68,55,
1930-10-16,71,52,
1930-10-17,52,33,
1930-10-18,44,28,
1930-10-19,41,30,
1930-10-20,42,21,
1930-10-21,43,25,
1930-10-22,46,28,
1930-10-23,48,38,
1930-10-24,58,33,
1930-10-25,53,30,
1930-10-26,65,34,
1930-10-27,66,53,
1930-10-28,60,43,
1930-10-29,55,31,
1930-10-30,50,31,
1930-10-31,40,26,
1930-11-01,48,21,
1930-11-02,58,38,
1930-11-03,49,34,
1930-11-04,55,31,
1930-11-05,45,32,
1930-11-06,40,19,
1930-11-07,48,22,
1930-11-08,62,30,
1930-11-09,64,36,
1930-11-10,53,42,
1930-11-11,57,49,
1930-11-12,52,48,
1930-11-13,57,45,
1930-11-14,62,49,
1930-11-15,63,57,
1930-11-16,62,49,
1930-11-17,64,40,
1930-11-18,72,43,
1930-11-19,77,50,
1930-11-20,66,58,
1930-11-21,63,36,
1930-11-22,49,28,
1930-11-23,54,32,
1930-11-24,49,27,
1930-11-25,29,20,
1930-11-26,30,7,
1930-11-27,16,-1,
1930-11-28,17,-2,
1930-11-29,40,12,
1930-11-30,44,34,
1930-12-01,36,14,
1930-12-02,31,10,
1930-12-03,50,27,
1930-12-04,48,34,
1930-12-05,45,39,
1930-12-06,41,35,
1930-12-07,41,29,
1930-12-08,37,31,
1930-12-09,54,30,
1930-12-10,52,35,
1930-12-11,49,34,
1930-12-12,39,32,
1930-12-13,36,32,
1930-12-14,36,32,
1930-12-15,34,20,
1930-12-16,27,10,
1930-12-17,32,14,
1930-12-18,32,24,
1930-12-19,33,29,
1930-12-20,41,20,
1930-12-21,29,18,
1930-12-22,30,18,
1930-12-23,29,20,
1930-12-24,34,9,
1930-12-25,43,27,
1930-12-26,37,29,
1930-12-27,39,24,
1930-12-28,36,25,
1930-12-29,35,20,
1930-12-30,27,10,
1930-12-31,38,18,
1931-01-01,33,3,
1931-01-02,47,17,
1931-01-03,50,30,
1931-01-04,50,31,
1931-01-05,44,31,
1931-01-06,33,29,
1931-01-07,32,27,
1931-01-08,33,27,
1931-01-09,38,25,
1931-01-10,32,23,
1931-01-11,34,29,
1931-01-12,34,22,
1931-01-13,30,14,
1931-01-14,28,13,
1931-01-15,28,5,
1931-01-16,40,22,
1931-01-17,41,25,
1931-01-18,39,32,
1931-01-19,37,28,
1931-01-20,32,20,
1931-01-21,25,9,
1931-01-22,42,19,
1931-01-23,44,21,
1931-01-24,60,35,
1931-01-25,53,37,
1931-01-26,46,30,
1931-01-27,51,30,
1931-01-28,44,33,
1931-01-29,43,34,
1931-01-30,56,32,
1931-01-31,46,31,
1931-02-01,42,25,
1931-02-02,51,30,
1931-02-03,60,31,
1931-02-04,50,28,
1931-02-05,52,28,
1931-02-06,46,32,
1931-02-07,51,42,
1931-02-08,44,34,
1931-02-09,39,27,
1931-02-10,32,18,
1931-02-11,35,23,
1931-02-12,54,33,
1931-02-13,45,30,
1931-02-14,31,12,
1931-02-15,43,20,
1931-02-16,38,34,
1931-02-17,43,35,
1931-02-18,42,35,
1931-02-19,40,35,
1931-02-20,38,32,
1931-02-21,42,31,
1931-02-22,41,31,
1931-02-23,44,37,
1931-02-24,44,27,
1931-02-25,53,28,
1931-02-26,46,28,
1931-02-27,54,29,
1931-02-28,58,35,
1931-03-01,37,30,
1931-03-02,40,23,
1931-03-03,40,26,
1931-03-04,39,22,
1931-03-05,36,26,
1931-03-06,33,28,
1931-03-07,35,27,
1931-03-08,34,26,
1931-03-09,34,22,
1931-03-10,35,20,
1931-03-11,36,20,
1931-03-12,46,25,
1931-03-13,49,35,
1931-03-14,44,31,
1931-03-15,38,33,
1931-03-16,36,31,
1931-03-17,45,30,
1931-03-18,45,35,
1931-03-19,40,33,
1931-03-20,46,30,
1931-03-21,50,33,
1931-03-22,55,33,
1931-03-23,57,32,
1931-03-24,51,37,
1931-03-25,47,37,
1931-03-26,42,29,
1931-03-27,46,37,
1931-03-28,51,30,
1931-03-29,40,28,
1931-03-30,46,28,
1931-03-31,46,29,
1931-04-01,50,33,
1931-04-02,48,27,
1931-04-03,45,40,
1931-04-04,55,33,
1931-04-05,55,35,
1931-04-06,54,29,
1931-04-07,64,33,
1931-04-08,80,44,
1931-04-09,75,51,
1931-04-10,64,44,
1931-04-11,67,43,
1931-04-12,76,46,
1931-04-13,79,48,
1931-04-14,78,58,
1931-04-15,78,55,
1931-04-16,77,57,
1931-04-17,77,55,
1931-04-18,75,46,
1931-04-19,77,53,
1931-04-20,71,58,
1931-04-21,61,42,
1931-04-22,49,37,
1931-04-23,47,34,
1931-04-24,46,40,
1931-04-25,50,43,
1931-04-26,47,37,
1931-04-27,48,34,
1931-04-28,67,34,
1931-04-29,62,43,
1931-04-30,64,35,
1931-05-01,70,43,
1931-05-02,66,52,
1931-05-03,64,36,
1931-05-04,74,40,
1931-05-05,78,48,
1931-05-06,65,39,
1931-05-07,50,35,
1931-05-08,62,43,
1931-05-09,55,46,
1931-05-10,53,45,
1931-05-11,53,46,
1931-05-12,61,42,
1931-05-13,65,43,
1931-05-14,75,47,
1931-05-15,78,53,
1931-05-16,84,56,
1931-05-17,77,47,
1931-05-18,82,64,
1931-05-19,74,52,
1931-05-20,58,48,
1931-05-21,62,42,
1931-05-22,58,45,
1931-05-23,64,39,
1931-05-24,70,45,
1931-05-25,81,62,
1931-05-26,77,51,
1931-05-27,84,54,
1931-05-28,88,63,
1931-05-29,81,65,
1931-05-30,75,56,
1931-05-31,69,49,
1931-06-01,71,44,
1931-06-02,72,51,
1931-06-03,86,57,
1931-06-04,89,67,
1931-06-05,73,62,
1931-06-06,74,60,
1931-06-07,62,54,
1931-06-08,68,46,
1931-06-09,74,51,
1931-06-10,72,60,
1931-06-11,84,60,
1931-06-12,85,66,
1931-06-13,80,64,
1931-06-14,86,65,
1931-06-15,85,62,
1931-06-16,80,55,
1931-06-17,82,55,
1931-06-18,90,62,
1931-06-19,95,69,
1931-06-20,94,73,
1931-06-21,88,69,
1931-06-22,87,66,
1931-06-23,83,67,
1931-06-24,93,68,
1931-06-25,95,70,
1931-06-26,98,75,
1931-06-27,99,76,
1931-06-28,99,78,
1931-06-29,97,77,
1931-06-30,98,68,
1931-07-01,96,69,
1931-07-02,96,75,
1931-07-03,80,70,
1931-07-04,83,68,
1931-07-05,81,69,
1931-07-06,84,59,
1931-07-07,86,64,
1931-07-08,82,60,
1931-07-09,85,62,
1931-07-10,82,57,
1931-07-11,82,55,
1931-07-12,86,66,
1931-07-13,92,68,
1931-07-14,96,68,
1931-07-15,96,74,
1931-07-16,96,75,
1931-07-17,96,76,
1931-07-18,95,75,
1931-07-19,84,73,
1931-07-20,85,68,
1931-07-21,88,72,
1931-07-22,90,68,
1931-07-23,84,68,
1931-07-24,81,58,
1931-07-25,87,60,
1931-07-26,87,63,
1931-07-27,91,62,
1931-07-28,94,71,
1931-07-29,97,75,
1931-07-30,96,75,
1931-07-31,97,74,
1931-08-01,94,72,
1931-08-02,93,75,
1931-08-03,88,68,
1931-08-04,90,68,
1931-08-05,91,68,
1931-08-06,91,72,
1931-08-07,96,70,
1931-08-08,95,73,
1931-08-09,95,73,
1931-08-10,83,64,
1931-08-11,76,58,
1931-08-12,75,52,
1931-08-13,80,55,
1931-08-14,82,55,
1931-08-15,86,59,
1931-08-16,90,63,
1931-08-17,92,70,
1931-08-18,80,69,
1931-08-19,77,68,
1931-08-20,82,65,
1931-08-21,80,59,
1931-08-22,83,55,
1931-08-23,86,57,
1931-08-24,87,63,
1931-08-25,84,65,
1931-08-26,82,60,
1931-08-27,85,60,
1931-08-28,77,63,
1931-08-29,81,51,
1931-08-30,83,59,
1931-08-31,85,60,
1931-09-01,74,69,
1931-09-02,74,63,
1931-09-03,80,55,
1931-09-04,84,58,
1931-09-05,86,59,
1931-09-06,85,62,
1931-09-07,86,59,
1931-09-08,90,61,
1931-09-09,91,64,
1931-09-10,94,67,
1931-09-11,94,67,
1931-09-12,90,69,
1931-09-13,90,67,
1931-09-14,81,71,
1931-09-15,86,67,
1931-09-16,91,71,
1931-09-17,87,72,
1931-09-18,77,58,
1931-09-19,87,61,
1931-09-20,90,72,
1931-09-21,90,71,
1931-09-22,88,65,
1931-09-23,82,69,
1931-09-24,75,52,
1931-09-25,76,59,
1931-09-26,67,53,
1931-09-27,66,47,
1931-09-28,69,43,
1931-09-29,71,47,
1931-09-30,76,47,
1931-10-01,74,57,
1931-10-02,79,58,
1931-10-03,82,56,
1931-10-04,82,59,
1931-10-05,86,64,
1931-10-06,82,64,
1931-10-07,81,64,
1931-10-08,68,56,
1931-10-09,65,44,
1931-10-10,76,52,
1931-10-11,73,52,
1931-10-12,54,44,
1931-10-13,60,48,
1931-10-14,66,57,
1931-10-15,63,52,
1931-10-16,65,46,
1931-10-17,57,38,
1931-10-18,60,38,
1931-10-19,65,37,
1931-10-20,75,43,
1931-10-21,76,51,
1931-10-22,71,48,
1931-10-23,75,57,
1931-10-24,77,60,
1931-10-25,67,47,
1931-10-26,60,42,
1931-10-27,67,52,
1931-10-28,62,40,
1931-10-29,50,39,
1931-10-30,46,39,
1931-10-31,49,41,
1931-11-01,51,33,
1931-11-02,58,40,
1931-11-03,67,43,
1931-11-04,58,37,
1931-11-05,54,35,
1931-11-06,51,29,
1931-11-07,63,34,
1931-11-08,74,41,
1931-11-09,72,51,
1931-11-10,60,49,
1931-11-11,66,49,
1931-11-12,69,60,
1931-11-13,60,44,
1931-11-14,73,52,
1931-11-15,70,55,
1931-11-16,74,55,
1931-11-17,65,58,
1931-11-18,60,48,
1931-11-19,64,47,
1931-11-20,64,55,
1931-11-21,62,45,
1931-11-22,68,49,
1931-11-23,70,58,
1931-11-24,64,34,
1931-11-25,36,26,
1931-11-26,33,25,
1931-11-27,33,30,
1931-11-28,30,21,
1931-11-29,35,30,
1931-11-30,41,34,
1931-12-01,38,28,
1931-12-02,40,22,
1931-12-03,42,26,
1931-12-04,39,35,
1931-12-05,39,32,
1931-12-06,38,32,
1931-12-07,34,25,
1931-12-08,31,23,
1931-12-09,37,29,
1931-12-10,48,34,
1931-12-11,61,46,
1931-12-12,49,32,
1931-12-13,44,39,
1931-12-14,41,28,
1931-12-15,42,26,
1931-12-16,47,28,
1931-12-17,52,29,
1931-12-18,56,31,
1931-12-19,50,45,
1931-12-20,48,38,
1931-12-21,56,40,
1931-12-22,57,43,
1931-12-23,55,40,
1931-12-24,58,39,
1931-12-25,43,32,
1931-12-26,43,27,
1931-12-27,50,30,
1931-12-28,44,31,
1931-12-29,44,37,
1931-12-30,41,38,
1931-12-31,43,35,
1932-01-01,43,37,
1932-01-02,38,33,
1932-01-03,35,28,
1932-01-04,35,24,
1932-01-05,49,34,
1932-01-06,52,30,
1932-01-07,42,24,
1932-01-08,34,24,
1932-01-09,24,22,
1932-01-10,37,19,
1932-01-11,42,29,
1932-01-12,55,36,
1932-01-13,58,46,
1932-01-14,56,37,
1932-01-15,65,31,
1932-01-16,38,30,
1932-01-17,48,38,
1932-01-18,40,29,
1932-01-19,43,24,
1932-01-20,47,38,
1932-01-21,50,42,
1932-01-22,50,36,
1932-01-23,40,31,
1932-01-24,32,21,
1932-01-25,43,27,
1932-01-26,37,32,
1932-01-27,36,31,
1932-01-28,54,30,
1932-01-29,50,25,
1932-01-30,25,7,
1932-01-31,20,8,
1932-02-01,37,12,
1932-02-02,43,34,
1932-02-03,42,28,
1932-02-04,31,23,
1932-02-05,38,19,
1932-02-06,47,30,
1932-02-07,40,30,
1932-02-08,41,26,
1932-02-09,47,27,
1932-02-10,68,44,
1932-02-11,65,43,
1932-02-12,47,32,
1932-02-13,40,23,
1932-02-14,34,29,
1932-02-15,35,27,
1932-02-16,45,35,
1932-02-17,51,29,
1932-02-18,40,19,
1932-02-19,36,28,
1932-02-20,39,21,
1932-02-21,45,34,
1932-02-22,40,28,
1932-02-23,35,20,
1932-02-24,48,28,
1932-02-25,66,30,
1932-02-26,64,39,
1932-02-27,57,40,
1932-02-28,57,33,
1932-02-29,60,39,
1932-03-01,51,38,
1932-03-02,46,36,
1932-03-03,43,38,
1932-03-04,47,35,
1932-03-05,44,15,
1932-03-06,16,6,
1932-03-07,18,5,
1932-03-08,15,8,
1932-03-09,21,5,
1932-03-10,25,6,
1932-03-11,28,12,
1932-03-12,25,15,
1932-03-13,33,13,
1932-03-14,28,12,
1932-03-15,41,18,
1932-03-16,60,30,
1932-03-17,51,33,
1932-03-18,47,24,
1932-03-19,50,31,
1932-03-20,38,24,
1932-03-21,33,30,
1932-03-22,35,24,
1932-03-23,39,25,
1932-03-24,53,25,
1932-03-25,66,42,
1932-03-26,58,40,
1932-03-27,46,33,
1932-03-28,56,33,
1932-03-29,69,35,
1932-03-30,61,40,
1932-03-31,44,30,
1932-04-01,59,30,
1932-04-02,81,50,
1932-04-03,66,34,
1932-04-04,72,33,
1932-04-05,70,49,
1932-04-06,74,49,
1932-04-07,69,49,
1932-04-08,56,39,
1932-04-09,63,34,
1932-04-10,53,40,
1932-04-11,56,40,
1932-04-12,49,32,
1932-04-13,49,28,
1932-04-14,56,31,
1932-04-15,65,32,
1932-04-16,61,46,
1932-04-17,59,42,
1932-04-18,62,31,
1932-04-19,66,38,
1932-04-20,74,48,
1932-04-21,70,55,
1932-04-22,77,51,
1932-04-23,71,54,
1932-04-24,60,48,
1932-04-25,71,46,
1932-04-26,54,38,
1932-04-27,58,32,
1932-04-28,66,37,
1932-04-29,61,48,
1932-04-30,67,52,
1932-05-01,60,45,
1932-05-02,67,39,
1932-05-03,61,45,
1932-05-04,81,53,
1932-05-05,81,58,
1932-05-06,79,62,
1932-05-07,75,61,
1932-05-08,77,59,
1932-05-09,71,56,
1932-05-10,64,52,
1932-05-11,57,48,
1932-05-12,61,48,
1932-05-13,76,43,
1932-05-14,87,56,
1932-05-15,85,60,
1932-05-16,75,49,
1932-05-17,68,44,
1932-05-18,69,45,
1932-05-19,75,45,
1932-05-20,82,51,
1932-05-21,86,61,
1932-05-22,72,54,
1932-05-23,78,40,
1932-05-24,87,52,
1932-05-25,85,67,
1932-05-26,77,67,
1932-05-27,70,55,
1932-05-28,65,47,
1932-05-29,74,44,
1932-05-30,76,52,
1932-05-31,84,58,
1932-06-01,77,59,
1932-06-02,83,62,
1932-06-03,83,61,
1932-06-04,84,62,
1932-06-05,87,65,
1932-06-06,84,68,
1932-06-07,86,67,
1932-06-08,75,57,
1932-06-09,78,48,
1932-06-10,81,56,
1932-06-11,81,55,
1932-06-12,84,58,
1932-06-13,87,61,
1932-06-14,85,62,
1932-06-15,76,64,
1932-06-16,80,62,
1932-06-17,87,65,
1932-06-18,86,65,
1932-06-19,83,64,
1932-06-20,81,63,
1932-06-21,82,63,
1932-06-22,88,65,
1932-06-23,84,69,
1932-06-24,83,53,
1932-06-25,92,65,
1932-06-26,87,70,
1932-06-27,83,70,
1932-06-28,81,59,
1932-06-29,86,62,
1932-06-30,91,69,
1932-07-01,85,66,
1932-07-02,77,52,
1932-07-03,80,58,
1932-07-04,77,66,
1932-07-05,79,60,
1932-07-06,86,63,
1932-07-07,85,72,
1932-07-08,84,58,
1932-07-09,84,61,
1932-07-10,88,67,
1932-07-11,85,65,
1932-07-12,89,60,
1932-07-13,95,69,
1932-07-14,96,75,
1932-07-15,98,75,
1932-07-16,94,74,
1932-07-17,93,72,
1932-07-18,93,65,
1932-07-19,95,69,
1932-07-20,97,69,
1932-07-21,95,76,
1932-07-22,95,73,
1932-07-23,86,70,
1932-07-24,86,57,
1932-07-25,92,63,
1932-07-26,88,70,
1932-07-27,85,69,
1932-07-28,88,68,
1932-07-29,80,61,
1932-07-30,81,55,
1932-07-31,84,58,
1932-08-01,77,63,
1932-08-02,86,65,
1932-08-03,84,65,
1932-08-04,86,60,
1932-08-05,88,65,
1932-08-06,87,62,
1932-08-07,83,64,
1932-08-08,84,59,
1932-08-09,85,60,
1932-08-10,89,66,
1932-08-11,83,64,
1932-08-12,79,61,
1932-08-13,75,64,
1932-08-14,82,65,
1932-08-15,86,63,
1932-08-16,90,70,
1932-08-17,82,72,
1932-08-18,76,62,
1932-08-19,76,51,
1932-08-20,80,52,
1932-08-21,83,54,
1932-08-22,87,56,
1932-08-23,88,60,
1932-08-24,90,61,
1932-08-25,88,68,
1932-08-26,85,66,
1932-08-27,81,63,
1932-08-28,92,64,
1932-08-29,94,74,
1932-08-30,95,72,
1932-08-31,94,70,
1932-09-01,81,64,
1932-09-02,79,63,
1932-09-03,76,63,
1932-09-04,84,64,
1932-09-05,86,55,
1932-09-06,75,52,
1932-09-07,75,47,
1932-09-08,78,49,
1932-09-09,81,51,
1932-09-10,86,58,
1932-09-11,82,61,
1932-09-12,85,60,
1932-09-13,80,64,
1932-09-14,81,59,
1932-09-15,89,57,
1932-09-16,77,54,
1932-09-17,76,48,
1932-09-18,69,49,
1932-09-19,82,63,
1932-09-20,72,63,
1932-09-21,78,58,
1932-09-22,76,60,
1932-09-23,71,53,
1932-09-24,67,44,
1932-09-25,67,44,
1932-09-26,67,54,
1932-09-27,68,54,
1932-09-28,71,40,
1932-09-29,68,44,
1932-09-30,72,43,
1932-10-01,75,49,
1932-10-02,80,53,
1932-10-03,78,61,
1932-10-04,71,46,
1932-10-05,47,42,
1932-10-06,56,35,
1932-10-07,67,35,
1932-10-08,73,44,
1932-10-09,74,47,
1932-10-10,66,39,
1932-10-11,52,31,
1932-10-12,51,39,
1932-10-13,62,46,
1932-10-14,74,42,
1932-10-15,76,51,
1932-10-16,74,52,
1932-10-17,70,53,
1932-10-18,64,56,
1932-10-19,77,58,
1932-10-20,66,43,
1932-10-21,61,36,
1932-10-22,72,43,
1932-10-23,69,51,
1932-10-24,72,46,
1932-10-25,67,50,
1932-10-26,57,39,
1932-10-27,48,40,
1932-10-28,58,31,
1932-10-29,55,39,
1932-10-30,45,28,
1932-10-31,44,38,
1932-11-01,43,29,
1932-11-02,56,33,
1932-11-03,56,36,
1932-11-04,62,40,
1932-11-05,59,40,
1932-11-06,54,42,
1932-11-07,62,45,
1932-11-08,60,36,
1932-11-09,40,32,
1932-11-10,33,31,
1932-11-11,32,25,
1932-11-12,32,19,
1932-11-13,48,20,
1932-11-14,58,36,
1932-11-15,47,27,
1932-11-16,35,23,
1932-11-17,30,18,
1932-11-18,30,18,
1932-11-19,30,15,
1932-11-20,40,8,
1932-11-21,37,17,
1932-11-22,36,13,
1932-11-23,39,34,
1932-11-24,40,24,
1932-11-25,49,26,
1932-11-26,41,25,
1932-11-27,32,19,
1932-11-28,42,21,
1932-11-29,48,29,
1932-11-30,51,30,
1932-12-01,57,33,
1932-12-02,59,44,
1932-12-03,58,49,
1932-12-04,54,34,
1932-12-05,56,34,
1932-12-06,62,47,
1932-12-07,53,19,
1932-12-08,20,10,
1932-12-09,14,8,
1932-12-10,20,12,
1932-12-11,24,18,
1932-12-12,24,2,
1932-12-13,18,1,
1932-12-14,27,7,
1932-12-15,17,-3,
1932-12-16,4,-9,
1932-12-17,21,3,
1932-12-18,22,2,
1932-12-19,33,13,
1932-12-20,29,22,
1932-12-21,39,28,
1932-12-22,35,22,
1932-12-23,48,35,
1932-12-24,58,45,
1932-12-25,54,34,
1932-12-26,39,28,
1932-12-27,43,24,
1932-12-28,47,27,
1932-12-29,48,28,
1932-12-30,41,33,
1932-12-31,33,16,
1933-01-01,30,11,
1933-01-02,40,23,
1933-01-03,48,28,
1933-01-04,43,35,
1933-01-05,43,24,
1933-01-06,53,31,
1933-01-07,47,35,
1933-01-08,44,29,
1933-01-09,37,30,
1933-01-10,52,30,
1933-01-11,49,21,
1933-01-12,34,16,
1933-01-13,40,23,
1933-01-14,34,23,
1933-01-15,56,24,
1933-01-16,55,39,
1933-01-17,49,31,
1933-01-18,57,32,
1933-01-19,57,36,
1933-01-20,45,26,
1933-01-21,57,41,
1933-01-22,59,49,
1933-01-23,49,33,
1933-01-24,53,33,
1933-01-25,48,43,
1933-01-26,46,35,
1933-01-27,43,29,
1933-01-28,30,23,
1933-01-29,33,27,
1933-01-30,45,29,
1933-01-31,44,28,
1933-02-01,49,37,
1933-02-02,37,25,
1933-02-03,40,20,
1933-02-04,32,14,
1933-02-05,18,-2,
1933-02-06,32,14,
1933-02-07,34,8,
1933-02-08,8,-7,
1933-02-09,0,-13,
1933-02-10,22,0,
1933-02-11,21,5,
1933-02-12,32,4,
1933-02-13,40,22,
1933-02-14,36,21,
1933-02-15,31,12,
1933-02-16,42,24,
1933-02-17,39,28,
1933-02-18,42,24,
1933-02-19,42,32,
1933-02-20,45,31,
1933-02-21,39,24,
1933-02-22,58,35,
1933-02-23,60,35,
1933-02-24,60,39,
1933-02-25,57,41,
1933-02-26,42,31,
1933-02-27,46,26,
1933-02-28,52,30,
1933-03-01,47,30,
1933-03-02,39,25,
1933-03-03,39,31,
1933-03-04,36,32,
1933-03-05,45,25,
1933-03-06,47,30,
1933-03-07,47,38,
1933-03-08,50,35,
1933-03-09,37,23,
1933-03-10,27,9,
1933-03-11,44,20,
1933-03-12,59,29,
1933-03-13,76,49,
1933-03-14,64,39,
1933-03-15,40,26,
1933-03-16,46,28,
1933-03-17,62,33,
1933-03-18,62,49,
1933-03-19,52,36,
1933-03-20,38,27,
1933-03-21,30,24,
1933-03-22,40,25,
1933-03-23,39,29,
1933-03-24,40,31,
1933-03-25,38,33,
1933-03-26,49,31,
1933-03-27,58,38,
1933-03-28,52,30,
1933-03-29,57,33,
1933-03-30,62,44,
1933-03-31,64,56,
1933-04-01,58,45,
1933-04-02,55,41,
1933-04-03,50,40,
1933-04-04,56,31,
1933-04-05,58,48,
1933-04-06,52,38,
1933-04-07,48,33,
1933-04-08,74,34,
1933-04-09,75,52,
1933-04-10,72,56,
1933-04-11,64,38,
1933-04-12,63,33,
1933-04-13,66,41,
1933-04-14,64,39,
1933-04-15,49,38,
1933-04-16,51,45,
1933-04-17,50,45,
1933-04-18,61,46,
1933-04-19,62,40,
1933-04-20,58,49,
1933-04-21,66,44,
1933-04-22,58,40,
1933-04-23,61,32,
1933-04-24,NA,41,
1933-04-25,61,41,
1933-04-26,56,35,
1933-04-27,59,32,
1933-04-28,76,40,
1933-04-29,75,54,
1933-04-30,78,56,
1933-05-01,80,60,
1933-05-02,65,45,
1933-05-03,50,41,
1933-05-04,58,37,
1933-05-05,62,45,
1933-05-06,57,48,
1933-05-07,71,44,
1933-05-08,72,52,
1933-05-09,74,53,
1933-05-10,55,44,
1933-05-11,75,52,
1933-05-12,73,61,
1933-05-13,69,59,
1933-05-14,72,52,
1933-05-15,65,53,
1933-05-16,73,53,
1933-05-17,75,55,
1933-05-18,76,60,
1933-05-19,78,64,
1933-05-20,84,66,
1933-05-21,77,62,
1933-05-22,76,59,
1933-05-23,83,59,
1933-05-24,80,66,
1933-05-25,78,61,
1933-05-26,78,65,
1933-05-27,79,58,
1933-05-28,77,56,
1933-05-29,73,54,
1933-05-30,75,54,
1933-05-31,80,56,
1933-06-01,80,57,
1933-06-02,84,61,
1933-06-03,86,62,
1933-06-04,87,63,
1933-06-05,93,69,
1933-06-06,96,73,
1933-06-07,100,72,
1933-06-08,94,70,
1933-06-09,93,67,
1933-06-10,97,64,
1933-06-11,99,71,
1933-06-12,88,59,
1933-06-13,72,48,
1933-06-14,69,45,
1933-06-15,80,49,
1933-06-16,90,60,
1933-06-17,94,65,
1933-06-18,95,65,
1933-06-19,96,68,
1933-06-20,96,65,
1933-06-21,98,70,
1933-06-22,91,69,
1933-06-23,91,64,
1933-06-24,96,69,
1933-06-25,86,69,
1933-06-26,97,69,
1933-06-27,95,70,
1933-06-28,94,71,
1933-06-29,93,65,
1933-06-30,98,74,
1933-07-01,99,77,
1933-07-02,94,72,
1933-07-03,84,59,
1933-07-04,84,59,
1933-07-05,87,58,
1933-07-06,92,63,
1933-07-07,92,67,
1933-07-08,86,74,
1933-07-09,86,70,
1933-07-10,92,68,
1933-07-11,89,65,
1933-07-12,89,63,
1933-07-13,91,63,
1933-07-14,97,66,
1933-07-15,88,66,
1933-07-16,82,62,
1933-07-17,88,56,
1933-07-18,89,66,
1933-07-19,91,62,
1933-07-20,95,69,
1933-07-21,98,73,
1933-07-22,99,71,
1933-07-23,97,73,
1933-07-24,82,71,
1933-07-25,81,65,
1933-07-26,83,62,
1933-07-27,87,62,
1933-07-28,88,63,
1933-07-29,92,70,
1933-07-30,94,71,
1933-07-31,95,76,
1933-08-01,92,70,
1933-08-02,92,70,
1933-08-03,76,66,
1933-08-04,77,56,
1933-08-05,82,56,
1933-08-06,86,59,
1933-08-07,79,68,
1933-08-08,91,71,
1933-08-09,80,62,
1933-08-10,81,69,
1933-08-11,89,65,
1933-08-12,90,64,
1933-08-13,82,62,
1933-08-14,82,55,
1933-08-15,85,62,
1933-08-16,84,62,
1933-08-17,84,65,
1933-08-18,78,61,
1933-08-19,78,53,
1933-08-20,83,59,
1933-08-21,84,61,
1933-08-22,87,64,
1933-08-23,86,59,
1933-08-24,89,59,
1933-08-25,89,63,
1933-08-26,89,66,
1933-08-27,88,61,
1933-08-28,79,61,
1933-08-29,77,55,
1933-08-30,80,61,
1933-08-31,82,57,
1933-09-01,85,58,
1933-09-02,76,66,
1933-09-03,84,66,
1933-09-04,89,67,
1933-09-05,89,62,
1933-09-06,90,69,
1933-09-07,93,68,
1933-09-08,94,68,
1933-09-09,97,67,
1933-09-10,91,70,
1933-09-11,94,67,
1933-09-12,77,63,
1933-09-13,76,63,
1933-09-14,74,59,
1933-09-15,69,59,
1933-09-16,89,60,
1933-09-17,88,58,
1933-09-18,88,56,
1933-09-19,87,68,
1933-09-20,77,53,
1933-09-21,78,48,
1933-09-22,73,57,
1933-09-23,80,64,
1933-09-24,88,65,
1933-09-25,82,68,
1933-09-26,77,65,
1933-09-27,73,55,
1933-09-28,71,52,
1933-09-29,73,50,
1933-09-30,86,55,
1933-10-01,80,55,
1933-10-02,67,45,
1933-10-03,68,44,
1933-10-04,77,48,
1933-10-05,63,42,
1933-10-06,68,42,
1933-10-07,62,44,
1933-10-08,50,43,
1933-10-09,53,44,
1933-10-10,68,41,
1933-10-11,73,49,
1933-10-12,64,49,
1933-10-13,59,36,
1933-10-14,68,39,
1933-10-15,76,48,
1933-10-16,67,52,
1933-10-17,55,39,
1933-10-18,58,36,
1933-10-19,52,41,
1933-10-20,61,39,
1933-10-21,76,53,
1933-10-22,53,40,
1933-10-23,51,35,
1933-10-24,59,38,
1933-10-25,45,31,
1933-10-26,54,33,
1933-10-27,47,34,
1933-10-28,57,37,
1933-10-29,72,45,
1933-10-30,78,53,
1933-10-31,78,54,
1933-11-01,78,56,
1933-11-02,74,49,
1933-11-03,49,34,
1933-11-04,48,32,
1933-11-05,48,34,
1933-11-06,40,34,
1933-11-07,39,30,
1933-11-08,42,22,
1933-11-09,42,25,
1933-11-10,29,19,
1933-11-11,54,25,
1933-11-12,65,28,
1933-11-13,58,25,
1933-11-14,42,27,
1933-11-15,28,14,
1933-11-16,26,12,
1933-11-17,49,18,
1933-11-18,48,28,
1933-11-19,56,31,
1933-11-20,66,36,
1933-11-21,53,40,
1933-11-22,42,29,
1933-11-23,37,33,
1933-11-24,41,32,
1933-11-25,54,32,
1933-11-26,49,29,
1933-11-27,55,23,
1933-11-28,56,32,
1933-11-29,69,48,
1933-11-30,63,43,
1933-12-01,47,36,
1933-12-02,57,43,
1933-12-03,57,44,
1933-12-04,58,43,
1933-12-05,50,40,
1933-12-06,40,26,
1933-12-07,48,26,
1933-12-08,38,27,
1933-12-09,32,22,
1933-12-10,45,28,
1933-12-11,37,14,
1933-12-12,25,15,
1933-12-13,32,22,
1933-12-14,36,25,
1933-12-15,60,35,
1933-12-16,49,25,
1933-12-17,50,33,
1933-12-18,38,28,
1933-12-19,47,32,
1933-12-20,47,35,
1933-12-21,39,30,
1933-12-22,56,33,
1933-12-23,64,34,
1933-12-24,53,23,
1933-12-25,23,14,
1933-12-26,23,2,
1933-12-27,10,-2,
1933-12-28,24,9,
1933-12-29,24,9,
1933-12-30,46,24,
1933-12-31,51,40,
1934-01-01,49,26,
1934-01-02,30,24,
1934-01-03,32,27,
1934-01-04,44,31,
1934-01-05,44,36,
1934-01-06,41,35,
1934-01-07,38,32,
1934-01-08,35,25,
1934-01-09,26,22,
1934-01-10,32,25,
1934-01-11,45,24,
1934-01-12,46,34,
1934-01-13,42,28,
1934-01-14,34,26,
1934-01-15,41,27,
1934-01-16,39,27,
1934-01-17,32,21,
1934-01-18,47,28,
1934-01-19,44,27,
1934-01-20,50,30,
1934-01-21,51,32,
1934-01-22,50,44,
1934-01-23,48,30,
1934-01-24,58,33,
1934-01-25,51,25,
1934-01-26,40,23,
1934-01-27,52,32,
1934-01-28,48,6,
1934-01-29,6,-2,
1934-01-30,17,-1,
1934-01-31,32,17,
1934-02-01,31,23,
1934-02-02,39,20,
1934-02-03,43,22,
1934-02-04,42,28,
1934-02-05,41,24,
1934-02-06,37,25,
1934-02-07,34,27,
1934-02-08,28,12,
1934-02-09,18,-2,
1934-02-10,32,5,
1934-02-11,37,25,
1934-02-12,46,26,
1934-02-13,37,24,
1934-02-14,61,24,
1934-02-15,51,31,
1934-02-16,34,21,
1934-02-17,44,17,
1934-02-18,43,19,
1934-02-19,20,6,
1934-02-20,26,0,
1934-02-21,38,22,
1934-02-22,35,18,
1934-02-23,22,14,
1934-02-24,17,4,
1934-02-25,17,10,
1934-02-26,17,4,
1934-02-27,14,-10,
1934-02-28,31,1,
1934-03-01,41,20,
1934-03-02,43,34,
1934-03-03,46,34,
1934-03-04,54,38,
1934-03-05,47,37,
1934-03-06,38,32,
1934-03-07,35,26,
1934-03-08,32,22,
1934-03-09,25,16,
1934-03-10,19,4,
1934-03-11,28,5,
1934-03-12,51,19,
1934-03-13,66,40,
1934-03-14,49,25,
1934-03-15,50,30,
1934-03-16,57,34,
1934-03-17,69,33,
1934-03-18,33,16,
1934-03-19,36,11,
1934-03-20,53,27,
1934-03-21,61,39,
1934-03-22,39,22,
1934-03-23,32,19,
1934-03-24,37,26,
1934-03-25,43,22,
1934-03-26,39,33,
1934-03-27,33,21,
1934-03-28,40,15,
1934-03-29,58,32,
1934-03-30,66,41,
1934-03-31,58,30,
1934-04-01,64,32,
1934-04-02,69,42,
1934-04-03,76,54,
1934-04-04,69,46,
1934-04-05,68,47,
1934-04-06,65,47,
1934-04-07,60,38,
1934-04-08,67,43,
1934-04-09,73,49,
1934-04-10,69,51,
1934-04-11,64,38,
1934-04-12,48,34,
1934-04-13,45,29,
1934-04-14,61,34,
1934-04-15,57,45,
1934-04-16,60,38,
1934-04-17,67,43,
1934-04-18,74,53,
1934-04-19,68,45,
1934-04-20,49,40,
1934-04-21,50,30,
1934-04-22,65,41,
1934-04-23,75,40,
1934-04-24,58,37,
1934-04-25,56,32,
1934-04-26,58,42,
1934-04-27,52,33,
1934-04-28,60,32,
1934-04-29,72,39,
1934-04-30,73,46,
1934-05-01,73,47,
1934-05-02,78,55,
1934-05-03,81,55,
1934-05-04,82,58,
1934-05-05,78,60,
1934-05-06,84,55,
1934-05-07,82,63,
1934-05-08,82,54,
1934-05-09,90,59,
1934-05-10,83,62,
1934-05-11,74,52,
1934-05-12,71,43,
1934-05-13,74,58,
1934-05-14,64,53,
1934-05-15,70,50,
1934-05-16,76,42,
1934-05-17,85,50,
1934-05-18,88,55,
1934-05-19,88,60,
1934-05-20,88,64,
1934-05-21,91,67,
1934-05-22,84,60,
1934-05-23,79,49,
1934-05-24,74,53,
1934-05-25,68,37,
1934-05-26,71,41,
1934-05-27,77,45,
1934-05-28,83,49,
1934-05-29,96,58,
1934-05-30,93,59,
1934-05-31,97,63,
1934-06-01,101,70,
1934-06-02,103,74,
1934-06-03,94,70,
1934-06-04,93,72,
1934-06-05,91,68,
1934-06-06,93,66,
1934-06-07,86,53,
1934-06-08,92,64,
1934-06-09,87,66,
1934-06-10,81,66,
1934-06-11,84,58,
1934-06-12,79,57,
1934-06-13,81,56,
1934-06-14,85,59,
1934-06-15,89,66,
1934-06-16,90,60,
1934-06-17,90,62,
1934-06-18,81,67,
1934-06-19,88,61,
1934-06-20,92,65,
1934-06-21,93,70,
1934-06-22,87,65,
1934-06-23,95,67,
1934-06-24,86,66,
1934-06-25,93,70,
1934-06-26,97,74,
1934-06-27,101,73,
1934-06-28,101,76,
1934-06-29,100,76,
1934-06-30,88,72,
1934-07-01,94,68,
1934-07-02,99,67,
1934-07-03,97,72,
1934-07-04,95,71,
1934-07-05,98,74,
1934-07-06,90,77,
1934-07-07,83,60,
1934-07-08,84,54,
1934-07-09,86,60,
1934-07-10,94,67,
1934-07-11,88,68,
1934-07-12,88,69,
1934-07-13,85,71,
1934-07-14,86,66,
1934-07-15,95,74,
1934-07-16,90,68,
1934-07-17,87,66,
1934-07-18,93,71,
1934-07-19,91,71,
1934-07-20,100,75,
1934-07-21,102,78,
1934-07-22,100,77,
1934-07-23,103,74,
1934-07-24,103,74,
1934-07-25,104,78,
1934-07-26,95,76,
1934-07-27,87,67,
1934-07-28,89,62,
1934-07-29,92,61,
1934-07-30,84,63,
1934-07-31,85,58,
1934-08-01,86,69,
1934-08-02,92,71,
1934-08-03,88,65,
1934-08-04,93,64,
1934-08-05,85,69,
1934-08-06,83,72,
1934-08-07,96,72,
1934-08-08,94,75,
1934-08-09,99,77,
1934-08-10,95,76,
1934-08-11,91,64,
1934-08-12,88,70,
1934-08-13,90,73,
1934-08-14,85,65,
1934-08-15,84,67,
1934-08-16,83,67,
1934-08-17,85,67,
1934-08-18,88,68,
1934-08-19,83,70,
1934-08-20,72,57,
1934-08-21,78,55,
1934-08-22,83,66,
1934-08-23,73,61,
1934-08-24,72,55,
1934-08-25,73,55,
1934-08-26,82,53,
1934-08-27,77,58,
1934-08-28,73,55,
1934-08-29,72,44,
1934-08-30,76,47,
1934-08-31,80,56,
1934-09-01,84,68,
1934-09-02,71,67,
1934-09-03,70,60,
1934-09-04,69,51,
1934-09-05,78,55,
1934-09-06,68,58,
1934-09-07,61,54,
1934-09-08,66,56,
1934-09-09,74,51,
1934-09-10,79,54,
1934-09-11,81,62,
1934-09-12,79,65,
1934-09-13,82,61,
1934-09-14,80,67,
1934-09-15,72,55,
1934-09-16,65,44,
1934-09-17,69,43,
1934-09-18,72,48,
1934-09-19,77,51,
1934-09-20,87,59,
1934-09-21,78,66,
1934-09-22,68,52,
1934-09-23,71,55,
1934-09-24,78,52,
1934-09-25,86,62,
1934-09-26,83,62,
1934-09-27,62,42,
1934-09-28,61,44,
1934-09-29,64,55,
1934-09-30,64,51,
1934-10-01,66,44,
1934-10-02,74,45,
1934-10-03,73,53,
1934-10-04,70,53,
1934-10-05,75,52,
1934-10-06,70,58,
1934-10-07,71,44,
1934-10-08,77,48,
1934-10-09,79,49,
1934-10-10,80,55,
1934-10-11,81,52,
1934-10-12,69,53,
1934-10-13,67,45,
1934-10-14,67,38,
1934-10-15,73,42,
1934-10-16,75,51,
1934-10-17,72,61,
1934-10-18,62,48,
1934-10-19,57,43,
1934-10-20,70,52,
1934-10-21,71,55,
1934-10-22,75,49,
1934-10-23,76,48,
1934-10-24,75,55,
1934-10-25,64,52,
1934-10-26,70,41,
1934-10-27,62,43,
1934-10-28,48,29,
1934-10-29,48,36,
1934-10-30,52,31,
1934-10-31,60,35,
1934-11-01,42,28,
1934-11-02,51,25,
1934-11-03,63,45,
1934-11-04,58,45,
1934-11-05,59,45,
1934-11-06,60,34,
1934-11-07,64,47,
1934-11-08,52,37,
1934-11-09,57,32,
1934-11-10,52,39,
1934-11-11,43,33,
1934-11-12,45,28,
1934-11-13,55,36,
1934-11-14,42,29,
1934-11-15,51,24,
1934-11-16,64,35,
1934-11-17,62,40,
1934-11-18,65,49,
1934-11-19,69,59,
1934-11-20,62,56,
1934-11-21,61,59,
1934-11-22,60,37,
1934-11-23,38,29,
1934-11-24,42,27,
1934-11-25,46,32,
1934-11-26,49,35,
1934-11-27,50,35,
1934-11-28,54,41,
1934-11-29,48,38,
1934-11-30,57,35,
1934-12-01,39,32,
1934-12-02,50,28,
1934-12-03,41,30,
1934-12-04,34,25,
1934-12-05,37,22,
1934-12-06,36,25,
1934-12-07,25,19,
1934-12-08,23,18,
1934-12-09,23,20,
1934-12-10,22,14,
1934-12-11,24,10,
1934-12-12,35,12,
1934-12-13,39,26,
1934-12-14,33,22,
1934-12-15,38,24,
1934-12-16,41,33,
1934-12-17,34,30,
1934-12-18,35,25,
1934-12-19,33,26,
1934-12-20,29,22,
1934-12-21,36,23,
1934-12-22,31,22,
1934-12-23,36,25,
1934-12-24,32,12,
1934-12-25,33,24,
1934-12-26,31,0,
1934-12-27,36,-1,
1934-12-28,38,28,
1934-12-29,38,25,
1934-12-30,35,20,
1934-12-31,34,26,
1935-01-01,34,5,
1935-01-02,43,17,
1935-01-03,37,16,
1935-01-04,30,8,
1935-01-05,43,20,
1935-01-06,45,38,
1935-01-07,NA,38,
1935-01-08,52,45,
1935-01-09,51,40,
1935-01-10,43,33,
1935-01-11,44,33,
1935-01-12,39,29,
1935-01-13,46,28,
1935-01-14,28,13,
1935-01-15,31,24,
1935-01-16,40,24,
1935-01-17,53,27,
1935-01-18,33,23,
1935-01-19,38,33,
1935-01-20,41,37,
1935-01-21,40,3,
1935-01-22,19,2,
1935-01-23,16,1,
1935-01-24,14,-3,
1935-01-25,29,12,
1935-01-26,30,24,
1935-01-27,25,13,
1935-01-28,35,17,
1935-01-29,33,26,
1935-01-30,35,18,
1935-01-31,40,24,
1935-02-01,39,33,
1935-02-02,35,28,
1935-02-03,42,34,
1935-02-04,38,29,
1935-02-05,36,28,
1935-02-06,28,13,
1935-02-07,29,14,
1935-02-08,37,29,
1935-02-09,33,31,
1935-02-10,33,25,
1935-02-11,34,30,
1935-02-12,44,27,
1935-02-13,39,35,
1935-02-14,60,37,
1935-02-15,52,34,
1935-02-16,34,29,
1935-02-17,31,27,
1935-02-18,49,30,
1935-02-19,42,32,
1935-02-20,37,29,
1935-02-21,56,25,
1935-02-22,45,26,
1935-02-23,43,21,
1935-02-24,54,34,
1935-02-25,51,19,
1935-02-26,21,13,
1935-02-27,25,10,
1935-02-28,43,20,
1935-03-01,55,33,
1935-03-02,65,37,
1935-03-03,56,35,
1935-03-04,66,44,
1935-03-05,62,50,
1935-03-06,52,34,
1935-03-07,39,28,
1935-03-08,30,22,
1935-03-09,44,27,
1935-03-10,51,44,
1935-03-11,51,32,
1935-03-12,34,26,
1935-03-13,46,30,
1935-03-14,49,27,
1935-03-15,74,42,
1935-03-16,63,40,
1935-03-17,41,27,
1935-03-18,47,27,
1935-03-19,56,40,
1935-03-20,74,50,
1935-03-21,67,50,
1935-03-22,74,49,
1935-03-23,72,59,
1935-03-24,62,40,
1935-03-25,57,47,
1935-03-26,61,37,
1935-03-27,65,35,
1935-03-28,52,32,
1935-03-29,62,39,
1935-03-30,55,38,
1935-03-31,49,34,
1935-04-01,47,39,
1935-04-02,47,38,
1935-04-03,48,32,
1935-04-04,57,32,
1935-04-05,53,46,
1935-04-06,48,37,
1935-04-07,44,35,
1935-04-08,39,33,
1935-04-09,44,36,
1935-04-10,53,39,
1935-04-11,53,45,
1935-04-12,45,39,
1935-04-13,55,32,
1935-04-14,62,36,
1935-04-15,57,29,
1935-04-16,47,29,
1935-04-17,46,31,
1935-04-18,49,39,
1935-04-19,60,45,
1935-04-20,63,39,
1935-04-21,64,36,
1935-04-22,64,36,
1935-04-23,70,44,
1935-04-24,78,50,
1935-04-25,79,54,
1935-04-26,84,53,
1935-04-27,76,57,
1935-04-28,73,48,
1935-04-29,68,50,
1935-04-30,59,37,
1935-05-01,55,44,
1935-05-02,63,45,
1935-05-03,59,39,
1935-05-04,46,35,
1935-05-05,51,41,
1935-05-06,50,45,
1935-05-07,53,45,
1935-05-08,69,45,
1935-05-09,70,55,
1935-05-10,71,46,
1935-05-11,72,50,
1935-05-12,79,60,
1935-05-13,76,59,
1935-05-14,59,42,
1935-05-15,60,43,
1935-05-16,55,43,
1935-05-17,67,39,
1935-05-18,68,43,
1935-05-19,62,53,
1935-05-20,56,49,
1935-05-21,74,47,
1935-05-22,66,52,
1935-05-23,58,46,
1935-05-24,65,39,
1935-05-25,71,43,
1935-05-26,73,48,
1935-05-27,68,55,
1935-05-28,75,63,
1935-05-29,75,54,
1935-05-30,74,59,
1935-05-31,74,50,
1935-06-01,79,57,
1935-06-02,78,65,
1935-06-03,78,60,
1935-06-04,72,52,
1935-06-05,66,51,
1935-06-06,68,48,
1935-06-07,66,50,
1935-06-08,71,48,
1935-06-09,75,49,
1935-06-10,75,57,
1935-06-11,78,62,
1935-06-12,83,57,
1935-06-13,87,63,
1935-06-14,81,69,
1935-06-15,88,69,
1935-06-16,79,67,
1935-06-17,80,69,
1935-06-18,76,61,
1935-06-19,63,51,
1935-06-20,69,51,
1935-06-21,70,58,
1935-06-22,73,54,
1935-06-23,75,54,
1935-06-24,76,54,
1935-06-25,81,59,
1935-06-26,78,64,
1935-06-27,83,58,
1935-06-28,84,64,
1935-06-29,86,66,
1935-06-30,88,66,
1935-07-01,88,71,
1935-07-02,85,69,
1935-07-03,85,69,
1935-07-04,90,71,
1935-07-05,91,72,
1935-07-06,92,75,
1935-07-07,85,70,
1935-07-08,79,62,
1935-07-09,84,60,
1935-07-10,88,63,
1935-07-11,91,70,
1935-07-12,85,70,
1935-07-13,85,65,
1935-07-14,87,63,
1935-07-15,83,66,
1935-07-16,82,57,
1935-07-17,88,60,
1935-07-18,94,67,
1935-07-19,92,70,
1935-07-20,79,71,
1935-07-21,87,69,
1935-07-22,86,73,
1935-07-23,82,70,
1935-07-24,86,69,
1935-07-25,89,65,
1935-07-26,89,70,
1935-07-27,88,69,
1935-07-28,92,74,
1935-07-29,89,67,
1935-07-30,94,65,
1935-07-31,95,76,
1935-08-01,96,74,
1935-08-02,96,76,
1935-08-03,88,74,
1935-08-04,91,69,
1935-08-05,91,70,
1935-08-06,94,72,
1935-08-07,86,76,
1935-08-08,84,66,
1935-08-09,88,68,
1935-08-10,89,70,
1935-08-11,92,70,
1935-08-12,92,72,
1935-08-13,80,66,
1935-08-14,79,65,
1935-08-15,82,68,
1935-08-16,87,68,
1935-08-17,78,68,
1935-08-18,86,68,
1935-08-19,86,70,
1935-08-20,86,70,
1935-08-21,83,62,
1935-08-22,78,58,
1935-08-23,78,58,
1935-08-24,79,54,
1935-08-25,86,58,
1935-08-26,86,65,
1935-08-27,79,65,
1935-08-28,72,48,
1935-08-29,70,54,
1935-08-30,70,50,
1935-08-31,65,48,
1935-09-01,65,58,
1935-09-02,59,56,
1935-09-03,69,58,
1935-09-04,69,55,
1935-09-05,71,50,
1935-09-06,74,48,
1935-09-07,78,52,
1935-09-08,77,55,
1935-09-09,75,56,
1935-09-10,76,51,
1935-09-11,78,51,
1935-09-12,79,55,
1935-09-13,84,57,
1935-09-14,86,62,
1935-09-15,90,63,
1935-09-16,88,64,
1935-09-17,89,63,
1935-09-18,91,60,
1935-09-19,89,64,
1935-09-20,89,63,
1935-09-21,78,65,
1935-09-22,84,50,
1935-09-23,82,54,
1935-09-24,90,59,
1935-09-25,85,60,
1935-09-26,77,51,
1935-09-27,56,45,
1935-09-28,65,38,
1935-09-29,61,42,
1935-09-30,75,42,
1935-10-01,68,42,
1935-10-02,63,37,
1935-10-03,59,42,
1935-10-04,51,29,
1935-10-05,53,38,
1935-10-06,51,27,
1935-10-07,55,30,
1935-10-08,59,40,
1935-10-09,62,49,
1935-10-10,59,49,
1935-10-11,53,48,
1935-10-12,78,46,
1935-10-13,83,56,
1935-10-14,79,59,
1935-10-15,73,50,
1935-10-16,79,46,
1935-10-17,80,56,
1935-10-18,69,55,
1935-10-19,76,45,
1935-10-20,75,54,
1935-10-21,65,54,
1935-10-22,55,43,
1935-10-23,52,41,
1935-10-24,62,32,
1935-10-25,65,38,
1935-10-26,67,46,
1935-10-27,59,50,
1935-10-28,54,49,
1935-10-29,63,52,
1935-10-30,72,46,
1935-10-31,79,56,
1935-11-01,68,36,
1935-11-02,44,34,
1935-11-03,72,44,
1935-11-04,66,53,
1935-11-05,56,33,
1935-11-06,47,24,
1935-11-07,57,35,
1935-11-08,62,38,
1935-11-09,49,40,
1935-11-10,59,48,
1935-11-11,58,41,
1935-11-12,41,36,
1935-11-13,42,40,
1935-11-14,40,37,
1935-11-15,39,36,
1935-11-16,39,37,
1935-11-17,43,37,
1935-11-18,44,38,
1935-11-19,47,41,
1935-11-20,45,28,
1935-11-21,43,28,
1935-11-22,29,17,
1935-11-23,36,18,
1935-11-24,39,23,
1935-11-25,43,34,
1935-11-26,46,36,
1935-11-27,54,41,
1935-11-28,44,23,
1935-11-29,24,16,
1935-11-30,38,17,
1935-12-01,32,22,
1935-12-02,29,14,
1935-12-03,33,21,
1935-12-04,32,14,
1935-12-05,39,18,
1935-12-06,43,32,
1935-12-07,46,35,
1935-12-08,49,40,
1935-12-09,52,31,
1935-12-10,42,23,
1935-12-11,32,18,
1935-12-12,33,27,
1935-12-13,38,31,
1935-12-14,37,31,
1935-12-15,35,33,
1935-12-16,35,29,
1935-12-17,41,27,
1935-12-18,32,25,
1935-12-19,29,16,
1935-12-20,16,5,
1935-12-21,21,4,
1935-12-22,26,14,
1935-12-23,30,25,
1935-12-24,25,12,
1935-12-25,21,-5,
1935-12-26,19,-5,
1935-12-27,10,-9,
1935-12-28,20,9,
1935-12-29,22,10,
1935-12-30,24,0,
1935-12-31,31,22,
1936-01-01,36,25,
1936-01-02,36,33,
1936-01-03,37,33,
1936-01-04,37,21,
1936-01-05,33,16,
1936-01-06,36,32,
1936-01-07,33,31,
1936-01-08,33,31,
1936-01-09,33,28,
1936-01-10,35,23,
1936-01-11,40,31,
1936-01-12,55,28,
1936-01-13,49,19,
1936-01-14,52,28,
1936-01-15,41,26,
1936-01-16,29,22,
1936-01-17,29,18,
1936-01-18,30,24,
1936-01-19,24,10,
1936-01-20,26,-3,
1936-01-21,34,8,
1936-01-22,24,-17,
1936-01-23,-3,-21,
1936-01-24,3,-12,
1936-01-25,13,1,
1936-01-26,6,-9,
1936-01-27,2,-12,
1936-01-28,11,-9,
1936-01-29,19,7,
1936-01-30,7,-13,
1936-01-31,6,-10,
1936-02-01,18,-2,
1936-02-02,22,3,
1936-02-03,34,17,
1936-02-04,34,4,
1936-02-05,6,-9,
1936-02-06,19,0,
1936-02-07,32,9,
1936-02-08,33,0,
1936-02-09,7,-7,
1936-02-10,10,-5,
1936-02-11,11,-7,
1936-02-12,31,6,
1936-02-13,38,27,
1936-02-14,35,4,
1936-02-15,20,-3,
1936-02-16,19,6,
1936-02-17,16,2,
1936-02-18,2,-11,
1936-02-19,12,-3,
1936-02-20,24,4,
1936-02-21,31,11,
1936-02-22,32,13,
1936-02-23,45,30,
1936-02-24,60,42,
1936-02-25,53,42,
1936-02-26,48,35,
1936-02-27,38,19,
1936-02-28,45,24,
1936-02-29,39,32,
1936-03-01,42,27,
1936-03-02,39,33,
1936-03-03,62,30,
1936-03-04,53,33,
1936-03-05,41,26,
1936-03-06,33,18,
1936-03-07,54,27,
1936-03-08,51,45,
1936-03-09,58,33,
1936-03-10,64,39,
1936-03-11,56,38,
1936-03-12,38,27,
1936-03-13,46,21,
1936-03-14,49,35,
1936-03-15,49,36,
1936-03-16,45,34,
1936-03-17,47,28,
1936-03-18,51,26,
1936-03-19,58,30,
1936-03-20,49,32,
1936-03-21,48,35,
1936-03-22,56,34,
1936-03-23,72,52,
1936-03-24,62,50,
1936-03-25,57,34,
1936-03-26,58,41,
1936-03-27,60,36,
1936-03-28,67,38,
1936-03-29,65,48,
1936-03-30,53,37,
1936-03-31,38,23,
1936-04-01,36,32,
1936-04-02,33,26,
1936-04-03,31,20,
1936-04-04,38,22,
1936-04-05,51,36,
1936-04-06,46,30,
1936-04-07,38,25,
1936-04-08,49,22,
1936-04-09,50,36,
1936-04-10,48,40,
1936-04-11,65,38,
1936-04-12,59,38,
1936-04-13,67,41,
1936-04-14,77,50,
1936-04-15,77,49,
1936-04-16,59,37,
1936-04-17,48,33,
1936-04-18,53,31,
1936-04-19,65,32,
1936-04-20,84,43,
1936-04-21,79,32,
1936-04-22,47,26,
1936-04-23,55,29,
1936-04-24,61,42,
1936-04-25,77,43,
1936-04-26,69,45,
1936-04-27,71,46,
1936-04-28,75,48,
1936-04-29,70,61,
1936-04-30,75,55,
1936-05-01,76,61,
1936-05-02,64,57,
1936-05-03,57,46,
1936-05-04,60,45,
1936-05-05,73,48,
1936-05-06,84,58,
1936-05-07,85,60,
1936-05-08,83,60,
1936-05-09,84,62,
1936-05-10,81,65,
1936-05-11,78,62,
1936-05-12,75,62,
1936-05-13,71,53,
1936-05-14,62,38,
1936-05-15,73,44,
1936-05-16,80,53,
1936-05-17,84,55,
1936-05-18,78,60,
1936-05-19,76,52,
1936-05-20,73,48,
1936-05-21,79,50,
1936-05-22,85,57,
1936-05-23,84,60,
1936-05-24,81,66,
1936-05-25,76,60,
1936-05-26,82,57,
1936-05-27,81,64,
1936-05-28,72,52,
1936-05-29,67,44,
1936-05-30,72,45,
1936-05-31,83,50,
1936-06-01,87,63,
1936-06-02,89,61,
1936-06-03,74,48,
1936-06-04,75,50,
1936-06-05,78,53,
1936-06-06,88,61,
1936-06-07,82,65,
1936-06-08,86,53,
1936-06-09,90,62,
1936-06-10,78,64,
1936-06-11,75,48,
1936-06-12,79,47,
1936-06-13,83,53,
1936-06-14,89,57,
1936-06-15,84,62,
1936-06-16,91,52,
1936-06-17,95,67,
1936-06-18,86,58,
1936-06-19,93,50,
1936-06-20,94,68,
1936-06-21,78,58,
1936-06-22,78,55,
1936-06-23,78,48,
1936-06-24,83,51,
1936-06-25,86,59,
1936-06-26,91,66,
1936-06-27,89,69,
1936-06-28,93,68,
1936-06-29,101,60,
1936-06-30,95,69,
1936-07-01,88,63,
1936-07-02,92,67,
1936-07-03,91,64,
1936-07-04,100,72,
1936-07-05,102,73,
1936-07-06,105,79,
1936-07-07,104,78,
1936-07-08,104,80,
1936-07-09,99,72,
1936-07-10,104,76,
1936-07-11,105,79,
1936-07-12,106,79,
1936-07-13,105,75,
1936-07-14,108,79,
1936-07-15,107,77,
1936-07-16,98,74,
1936-07-17,100,68,
1936-07-18,92,71,
1936-07-19,86,66,
1936-07-20,83,61,
1936-07-21,84,61,
1936-07-22,92,63,
1936-07-23,97,73,
1936-07-24,92,67,
1936-07-25,90,66,
1936-07-26,99,76,
1936-07-27,101,75,
1936-07-28,93,70,
1936-07-29,85,65,
1936-07-30,78,53,
1936-07-31,82,53,
1936-08-01,87,59,
1936-08-02,88,64,
1936-08-03,87,68,
1936-08-04,86,69,
1936-08-05,77,63,
1936-08-06,82,57,
1936-08-07,85,63,
1936-08-08,88,61,
1936-08-09,93,68,
1936-08-10,87,67,
1936-08-11,89,64,
1936-08-12,93,65,
1936-08-13,97,71,
1936-08-14,90,71,
1936-08-15,95,77,
1936-08-16,95,72,
1936-08-17,89,68,
1936-08-18,101,72,
1936-08-19,95,80,
1936-08-20,95,70,
1936-08-21,99,79,
1936-08-22,99,76,
1936-08-23,96,74,
1936-08-24,96,71,
1936-08-25,95,74,
1936-08-26,98,66,
1936-08-27,88,71,
1936-08-28,89,69,
1936-08-29,76,60,
1936-08-30,77,57,
1936-08-31,83,55,
1936-09-01,84,62,
1936-09-02,73,63,
1936-09-03,78,63,
1936-09-04,81,59,
1936-09-05,83,59,
1936-09-06,88,70,
1936-09-07,90,67,
1936-09-08,89,67,
1936-09-09,88,62,
1936-09-10,91,65,
1936-09-11,94,68,
1936-09-12,90,68,
1936-09-13,91,69,
1936-09-14,91,71,
1936-09-15,90,70,
1936-09-16,81,62,
1936-09-17,67,54,
1936-09-18,74,51,
1936-09-19,70,50,
1936-09-20,85,57,
1936-09-21,89,64,
1936-09-22,90,65,
1936-09-23,78,66,
1936-09-24,69,52,
1936-09-25,66,43,
1936-09-26,74,54,
1936-09-27,73,59,
1936-09-28,59,47,
1936-09-29,62,49,
1936-09-30,58,48,
1936-10-01,63,47,
1936-10-02,64,41,
1936-10-03,68,43,
1936-10-04,71,49,
1936-10-05,77,55,
1936-10-06,76,61,
1936-10-07,68,58,
1936-10-08,67,57,
1936-10-09,71,62,
1936-10-10,66,49,
1936-10-11,62,46,
1936-10-12,71,44,
1936-10-13,75,49,
1936-10-14,74,49,
1936-10-15,74,49,
1936-10-16,77,56,
1936-10-17,64,46,
1936-10-18,69,37,
1936-10-19,78,48,
1936-10-20,80,55,
1936-10-21,70,45,
1936-10-22,47,42,
1936-10-23,48,36,
1936-10-24,55,31,
1936-10-25,53,39,
1936-10-26,54,34,
1936-10-27,41,26,
1936-10-28,50,28,
1936-10-29,62,39,
1936-10-30,53,33,
1936-10-31,53,39,
1936-11-01,65,53,
1936-11-02,66,60,
1936-11-03,62,30,
1936-11-04,37,28,
1936-11-05,45,25,
1936-11-06,48,29,
1936-11-07,53,33,
1936-11-08,43,32,
1936-11-09,47,26,
1936-11-10,45,28,
1936-11-11,52,27,
1936-11-12,59,33,
1936-11-13,50,37,
1936-11-14,55,34,
1936-11-15,48,29,
1936-11-16,46,22,
1936-11-17,58,30,
1936-11-18,48,30,
1936-11-19,38,20,
1936-11-20,64,32,
1936-11-21,51,36,
1936-11-22,50,25,
1936-11-23,39,30,
1936-11-24,41,25,
1936-11-25,38,22,
1936-11-26,26,20,
1936-11-27,30,20,
1936-11-28,51,26,
1936-11-29,39,22,
1936-11-30,32,20,
1936-12-01,33,18,
1936-12-02,41,28,
1936-12-03,36,31,
1936-12-04,36,20,
1936-12-05,34,22,
1936-12-06,45,13,
1936-12-07,21,5,
1936-12-08,42,19,
1936-12-09,45,30,
1936-12-10,38,24,
1936-12-11,28,16,
1936-12-12,38,17,
1936-12-13,44,23,
1936-12-14,50,27,
1936-12-15,52,28,
1936-12-16,53,34,
1936-12-17,43,30,
1936-12-18,32,27,
1936-12-19,31,22,
1936-12-20,36,20,
1936-12-21,38,20,
1936-12-22,35,19,
1936-12-23,43,27,
1936-12-24,50,32,
1936-12-25,57,39,
1936-12-26,52,45,
1936-12-27,56,38,
1936-12-28,38,31,
1936-12-29,48,36,
1936-12-30,60,44,
1936-12-31,45,28,
1937-01-01,40,28,
1937-01-02,51,28,
1937-01-03,28,16,
1937-01-04,39,19,
1937-01-05,36,24,
1937-01-06,42,30,
1937-01-07,46,32,
1937-01-08,57,32,
1937-01-09,32,14,
1937-01-10,28,19,
1937-01-11,26,23,
1937-01-12,33,24,
1937-01-13,45,25,
1937-01-14,52,30,
1937-01-15,30,13,
1937-01-16,32,10,
1937-01-17,39,28,
1937-01-18,36,20,
1937-01-19,33,18,
1937-01-20,47,26,
1937-01-21,42,16,
1937-01-22,16,7,
1937-01-23,19,-2,
1937-01-24,30,10,
1937-01-25,30,14,
1937-01-26,23,7,
1937-01-27,37,13,
1937-01-28,46,29,
1937-01-29,36,28,
1937-01-30,39,32,
1937-01-31,39,17,
1937-02-01,22,14,
1937-02-02,27,9,
1937-02-03,31,18,
1937-02-04,30,14,
1937-02-05,29,10,
1937-02-06,35,24,
1937-02-07,36,20,
1937-02-08,58,26,
1937-02-09,26,14,
1937-02-10,22,5,
1937-02-11,41,17,
1937-02-12,49,34,
1937-02-13,44,34,
1937-02-14,36,27,
1937-02-15,49,31,
1937-02-16,34,25,
1937-02-17,33,8,
1937-02-18,35,32,
1937-02-19,47,32,
1937-02-20,50,42,
1937-02-21,53,22,
1937-02-22,29,22,
1937-02-23,34,19,
1937-02-24,30,16,
1937-02-25,26,9,
1937-02-26,35,17,
1937-02-27,31,26,
1937-02-28,35,20,
1937-03-01,38,26,
1937-03-02,53,28,
1937-03-03,61,33,
1937-03-04,52,42,
1937-03-05,45,30,
1937-03-06,66,38,
1937-03-07,65,37,
1937-03-08,58,33,
1937-03-09,35,19,
1937-03-10,29,20,
1937-03-11,36,19,
1937-03-12,41,28,
1937-03-13,35,27,
1937-03-14,30,24,
1937-03-15,33,20,
1937-03-16,38,26,
1937-03-17,44,24,
1937-03-18,52,36,
1937-03-19,54,33,
1937-03-20,48,35,
1937-03-21,50,30,
1937-03-22,51,33,
1937-03-23,59,35,
1937-03-24,61,40,
1937-03-25,40,23,
1937-03-26,28,19,
1937-03-27,31,19,
1937-03-28,42,28,
1937-03-29,48,27,
1937-03-30,49,30,
1937-03-31,50,30,
1937-04-01,56,35,
1937-04-02,44,32,
1937-04-03,49,34,
1937-04-04,59,43,
1937-04-05,53,34,
1937-04-06,44,35,
1937-04-07,48,33,
1937-04-08,48,39,
1937-04-09,47,31,
1937-04-10,48,30,
1937-04-11,54,29,
1937-04-12,57,34,
1937-04-13,72,44,
1937-04-14,71,56,
1937-04-15,68,41,
1937-04-16,56,32,
1937-04-17,82,49,
1937-04-18,71,48,
1937-04-19,72,48,
1937-04-20,66,50,
1937-04-21,58,52,
1937-04-22,65,39,
1937-04-23,79,54,
1937-04-24,71,49,
1937-04-25,49,38,
1937-04-26,48,36,
1937-04-27,55,41,
1937-04-28,61,45,
1937-04-29,70,48,
1937-04-30,70,53,
1937-05-01,69,53,
1937-05-02,65,53,
1937-05-03,67,53,
1937-05-04,68,53,
1937-05-05,68,49,
1937-05-06,68,41,
1937-05-07,62,41,
1937-05-08,70,46,
1937-05-09,64,52,
1937-05-10,64,40,
1937-05-11,72,44,
1937-05-12,76,63,
1937-05-13,70,52,
1937-05-14,54,42,
1937-05-15,64,42,
1937-05-16,76,51,
1937-05-17,75,47,
1937-05-18,67,53,
1937-05-19,66,43,
1937-05-20,71,45,
1937-05-21,85,57,
1937-05-22,75,60,
1937-05-23,75,50,
1937-05-24,77,50,
1937-05-25,82,55,
1937-05-26,82,67,
1937-05-27,85,65,
1937-05-28,83,55,
1937-05-29,88,63,
1937-05-30,92,65,
1937-05-31,91,68,
1937-06-01,89,70,
1937-06-02,85,56,
1937-06-03,78,64,
1937-06-04,84,55,
1937-06-05,78,68,
1937-06-06,72,60,
1937-06-07,74,54,
1937-06-08,80,53,
1937-06-09,70,53,
1937-06-10,67,51,
1937-06-11,70,46,
1937-06-12,77,53,
1937-06-13,81,60,
1937-06-14,82,65,
1937-06-15,77,60,
1937-06-16,73,64,
1937-06-17,77,64,
1937-06-18,71,59,
1937-06-19,79,57,
1937-06-20,92,66,
1937-06-21,87,75,
1937-06-22,86,62,
1937-06-23,87,61,
1937-06-24,94,69,
1937-06-25,95,70,
1937-06-26,86,67,
1937-06-27,80,65,
1937-06-28,83,61,
1937-06-29,79,64,
1937-06-30,69,50,
1937-07-01,76,49,
1937-07-02,83,56,
1937-07-03,84,63,
1937-07-04,83,63,
1937-07-05,85,65,
1937-07-06,89,65,
1937-07-07,90,67,
1937-07-08,90,71,
1937-07-09,90,69,
1937-07-10,91,70,
1937-07-11,86,71,
1937-07-12,84,68,
1937-07-13,82,68,
1937-07-14,88,68,
1937-07-15,88,73,
1937-07-16,89,72,
1937-07-17,82,68,
1937-07-18,78,58,
1937-07-19,78,62,
1937-07-20,80,58,
1937-07-21,82,60,
1937-07-22,85,60,
1937-07-23,87,65,
1937-07-24,88,67,
1937-07-25,80,67,
1937-07-26,76,58,
1937-07-27,80,54,
1937-07-28,85,58,
1937-07-29,88,66,
1937-07-30,88,66,
1937-07-31,86,62,
1937-08-01,84,62,
1937-08-02,85,63,
1937-08-03,87,65,
1937-08-04,83,68,
1937-08-05,80,69,
1937-08-06,85,68,
1937-08-07,91,65,
1937-08-08,82,72,
1937-08-09,88,68,
1937-08-10,90,66,
1937-08-11,91,70,
1937-08-12,82,65,
1937-08-13,83,56,
1937-08-14,84,63,
1937-08-15,87,64,
1937-08-16,94,65,
1937-08-17,95,72,
1937-08-18,91,68,
1937-08-19,92,71,
1937-08-20,90,67,
1937-08-21,82,70,
1937-08-22,76,66,
1937-08-23,83,65,
1937-08-24,85,64,
1937-08-25,86,64,
1937-08-26,87,62,
1937-08-27,89,67,
1937-08-28,90,65,
1937-08-29,91,66,
1937-08-30,91,68,
1937-08-31,87,69,
1937-09-01,92,72,
1937-09-02,91,72,
1937-09-03,89,70,
1937-09-04,87,70,
1937-09-05,73,61,
1937-09-06,78,54,
1937-09-07,80,54,
1937-09-08,85,60,
1937-09-09,88,59,
1937-09-10,83,65,
1937-09-11,75,58,
1937-09-12,71,55,
1937-09-13,67,45,
1937-09-14,76,46,
1937-09-15,72,54,
1937-09-16,64,43,
1937-09-17,68,39,
1937-09-18,77,45,
1937-09-19,70,50,
1937-09-20,72,42,
1937-09-21,83,47,
1937-09-22,89,55,
1937-09-23,90,59,
1937-09-24,83,65,
1937-09-25,68,53,
1937-09-26,60,40,
1937-09-27,59,38,
1937-09-28,65,40,
1937-09-29,75,50,
1937-09-30,83,53,
1937-10-01,85,57,
1937-10-02,76,55,
1937-10-03,70,58,
1937-10-04,67,63,
1937-10-05,84,64,
1937-10-06,75,58,
1937-10-07,61,44,
1937-10-08,58,36,
1937-10-09,53,45,
1937-10-10,67,42,
1937-10-11,71,50,
1937-10-12,65,47,
1937-10-13,52,36,
1937-10-14,46,28,
1937-10-15,50,26,
1937-10-16,57,40,
1937-10-17,53,45,
1937-10-18,60,53,
1937-10-19,61,44,
1937-10-20,58,44,
1937-10-21,49,35,
1937-10-22,43,36,
1937-10-23,39,30,
1937-10-24,41,30,
1937-10-25,66,28,
1937-10-26,58,39,
1937-10-27,55,35,
1937-10-28,62,32,
1937-10-29,80,42,
1937-10-30,69,49,
1937-10-31,61,41,
1937-11-01,76,42,
1937-11-02,69,41,
1937-11-03,44,25,
1937-11-04,48,23,
1937-11-05,53,33,
1937-11-06,58,28,
1937-11-07,66,42,
1937-11-08,61,46,
1937-11-09,63,37,
1937-11-10,67,40,
1937-11-11,51,34,
1937-11-12,61,33,
1937-11-13,55,45,
1937-11-14,47,36,
1937-11-15,38,33,
1937-11-16,34,30,
1937-11-17,33,26,
1937-11-18,30,22,
1937-11-19,30,18,
1937-11-20,24,15,
1937-11-21,27,9,
1937-11-22,30,10,
1937-11-23,34,9,
1937-11-24,46,20,
1937-11-25,56,30,
1937-11-26,54,41,
1937-11-27,53,42,
1937-11-28,54,18,
1937-11-29,29,16,
1937-11-30,31,10,
1937-12-01,36,17,
1937-12-02,37,17,
1937-12-03,36,25,
1937-12-04,37,29,
1937-12-05,30,11,
1937-12-06,21,8,
1937-12-07,24,10,
1937-12-08,24,7,
1937-12-09,20,6,
1937-12-10,23,8,
1937-12-11,21,7,
1937-12-12,25,20,
1937-12-13,25,23,
1937-12-14,27,23,
1937-12-15,35,27,
1937-12-16,35,31,
1937-12-17,35,29,
1937-12-18,33,25,
1937-12-19,30,27,
1937-12-20,32,27,
1937-12-21,39,26,
1937-12-22,39,32,
1937-12-23,35,20,
1937-12-24,41,32,
1937-12-25,36,26,
1937-12-26,38,24,
1937-12-27,39,32,
1937-12-28,39,31,
1937-12-29,37,30,
1937-12-30,41,32,
1937-12-31,55,38,
1938-01-01,40,28,
1938-01-02,31,16,
1938-01-03,39,20,
1938-01-04,42,19,
1938-01-05,47,25,
1938-01-06,36,21,
1938-01-07,21,11,
1938-01-08,16,5,
1938-01-09,31,8,
1938-01-10,31,21,
1938-01-11,36,21,
1938-01-12,35,26,
1938-01-13,33,15,
1938-01-14,37,29,
1938-01-15,37,24,
1938-01-16,43,32,
1938-01-17,39,32,
1938-01-18,34,30,
1938-01-19,34,26,
1938-01-20,39,30,
1938-01-21,42,35,
1938-01-22,40,35,
1938-01-23,39,26,
1938-01-24,54,33,
1938-01-25,33,6,
1938-01-26,12,3,
1938-01-27,19,5,
1938-01-28,26,3,
1938-01-29,47,25,
1938-01-30,47,19,
1938-01-31,19,3,
1938-02-01,31,11,
1938-02-02,42,29,
1938-02-03,42,31,
1938-02-04,48,28,
1938-02-05,62,42,
1938-02-06,56,39,
1938-02-07,44,31,
1938-02-08,57,34,
1938-02-09,61,50,
1938-02-10,50,29,
1938-02-11,47,32,
1938-02-12,68,42,
1938-02-13,67,46,
1938-02-14,46,28,
1938-02-15,30,22,
1938-02-16,35,27,
1938-02-17,55,34,
1938-02-18,53,33,
1938-02-19,33,30,
1938-02-20,31,26,
1938-02-21,29,26,
1938-02-22,35,29,
1938-02-23,35,31,
1938-02-24,32,28,
1938-02-25,35,24,
1938-02-26,37,31,
1938-02-27,47,33,
1938-02-28,35,23,
1938-03-01,52,27,
1938-03-02,54,38,
1938-03-03,50,30,
1938-03-04,38,29,
1938-03-05,58,29,
1938-03-06,37,27,
1938-03-07,49,26,
1938-03-08,50,29,
1938-03-09,43,32,
1938-03-10,48,31,
1938-03-11,51,37,
1938-03-12,65,39,
1938-03-13,59,48,
1938-03-14,55,40,
1938-03-15,54,37,
1938-03-16,53,39,
1938-03-17,45,36,
1938-03-18,65,33,
1938-03-19,60,48,
1938-03-20,69,48,
1938-03-21,76,47,
1938-03-22,74,60,
1938-03-23,68,42,
1938-03-24,56,33,
1938-03-25,55,42,
1938-03-26,54,42,
1938-03-27,58,32,
1938-03-28,64,40,
1938-03-29,74,52,
1938-03-30,67,52,
1938-03-31,66,42,
1938-04-01,46,33,
1938-04-02,39,30,
1938-04-03,55,26,
1938-04-04,50,30,
1938-04-05,51,31,
1938-04-06,47,33,
1938-04-07,36,30,
1938-04-08,36,34,
1938-04-09,46,30,
1938-04-10,55,32,
1938-04-11,64,38,
1938-04-12,69,48,
1938-04-13,77,50,
1938-04-14,73,50,
1938-04-15,77,57,
1938-04-16,69,59,
1938-04-17,73,56,
1938-04-18,73,53,
1938-04-19,81,53,
1938-04-20,76,52,
1938-04-21,65,41,
1938-04-22,58,37,
1938-04-23,63,34,
1938-04-24,75,48,
1938-04-25,72,50,
1938-04-26,82,53,
1938-04-27,81,57,
1938-04-28,72,55,
1938-04-29,66,50,
1938-04-30,68,52,
1938-05-01,75,44,
1938-05-02,85,50,
1938-05-03,85,61,
1938-05-04,84,60,
1938-05-05,74,54,
1938-05-06,70,47,
1938-05-07,64,50,
1938-05-08,58,46,
1938-05-09,56,38,
1938-05-10,68,43,
1938-05-11,62,41,
1938-05-12,59,34,
1938-05-13,68,35,
1938-05-14,60,46,
1938-05-15,66,47,
1938-05-16,70,44,
1938-05-17,72,54,
1938-05-18,81,61,
1938-05-19,84,65,
1938-05-20,83,64,
1938-05-21,71,56,
1938-05-22,69,50,
1938-05-23,67,60,
1938-05-24,62,45,
1938-05-25,73,47,
1938-05-26,76,56,
1938-05-27,76,60,
1938-05-28,78,60,
1938-05-29,75,56,
1938-05-30,77,59,
1938-05-31,79,61,
1938-06-01,78,66,
1938-06-02,78,60,
1938-06-03,79,58,
1938-06-04,81,62,
1938-06-05,80,55,
1938-06-06,84,61,
1938-06-07,75,61,
1938-06-08,75,53,
1938-06-09,72,60,
1938-06-10,79,66,
1938-06-11,78,62,
1938-06-12,75,60,
1938-06-13,77,56,
1938-06-14,77,61,
1938-06-15,84,62,
1938-06-16,79,63,
1938-06-17,79,61,
1938-06-18,83,55,
1938-06-19,82,63,
1938-06-20,84,57,
1938-06-21,87,62,
1938-06-22,85,64,
1938-06-23,92,64,
1938-06-24,82,72,
1938-06-25,90,69,
1938-06-26,71,60,
1938-06-27,72,52,
1938-06-28,73,51,
1938-06-29,74,52,
1938-06-30,79,60,
1938-07-01,90,70,
1938-07-02,80,68,
1938-07-03,82,69,
1938-07-04,82,63,
1938-07-05,82,63,
1938-07-06,87,65,
1938-07-07,90,68,
1938-07-08,86,68,
1938-07-09,90,66,
1938-07-10,90,68,
1938-07-11,96,74,
1938-07-12,92,70,
1938-07-13,86,70,
1938-07-14,85,68,
1938-07-15,84,62,
1938-07-16,88,64,
1938-07-17,80,67,
1938-07-18,82,64,
1938-07-19,86,64,
1938-07-20,87,66,
1938-07-21,80,63,
1938-07-22,84,60,
1938-07-23,85,62,
1938-07-24,88,62,
1938-07-25,91,62,
1938-07-26,89,69,
1938-07-27,87,68,
1938-07-28,87,67,
1938-07-29,84,65,
1938-07-30,83,64,
1938-07-31,81,69,
1938-08-01,85,64,
1938-08-02,88,67,
1938-08-03,88,70,
1938-08-04,90,75,
1938-08-05,88,70,
1938-08-06,88,70,
1938-08-07,90,69,
1938-08-08,89,70,
1938-08-09,92,67,
1938-08-10,92,74,
1938-08-11,85,73,
1938-08-12,79,60,
1938-08-13,85,60,
1938-08-14,90,69,
1938-08-15,83,71,
1938-08-16,84,70,
1938-08-17,80,63,
1938-08-18,83,59,
1938-08-19,85,62,
1938-08-20,89,66,
1938-08-21,83,68,
1938-08-22,85,63,
1938-08-23,95,71,
1938-08-24,85,68,
1938-08-25,81,55,
1938-08-26,87,63,
1938-08-27,80,57,
1938-08-28,73,63,
1938-08-29,81,59,
1938-08-30,84,61,
1938-08-31,86,64,
1938-09-01,79,60,
1938-09-02,78,58,
1938-09-03,80,61,
1938-09-04,89,60,
1938-09-05,88,64,
1938-09-06,89,67,
1938-09-07,90,70,
1938-09-08,83,68,
1938-09-09,89,65,
1938-09-10,87,70,
1938-09-11,84,69,
1938-09-12,89,70,
1938-09-13,82,71,
1938-09-14,81,69,
1938-09-15,71,57,
1938-09-16,64,52,
1938-09-17,69,53,
1938-09-18,63,51,
1938-09-19,56,39,
1938-09-20,63,48,
1938-09-21,66,45,
1938-09-22,79,49,
1938-09-23,86,50,
1938-09-24,87,59,
1938-09-25,88,57,
1938-09-26,84,61,
1938-09-27,77,62,
1938-09-28,78,47,
1938-09-29,74,53,
1938-09-30,73,49,
1938-10-01,72,49,
1938-10-02,75,44,
1938-10-03,76,49,
1938-10-04,81,53,
1938-10-05,84,61,
1938-10-06,67,54,
1938-10-07,70,39,
1938-10-08,88,52,
1938-10-09,86,55,
1938-10-10,86,58,
1938-10-11,84,55,
1938-10-12,78,54,
1938-10-13,74,57,
1938-10-14,79,49,
1938-10-15,86,55,
1938-10-16,83,59,
1938-10-17,85,52,
1938-10-18,84,55,
1938-10-19,69,48,
1938-10-20,58,40,
1938-10-21,66,40,
1938-10-22,62,44,
1938-10-23,45,38,
1938-10-24,55,30,
1938-10-25,68,36,
1938-10-26,69,47,
1938-10-27,62,42,
1938-10-28,64,35,
1938-10-29,65,39,
1938-10-30,61,38,
1938-10-31,68,36,
1938-11-01,76,45,
1938-11-02,76,54,
1938-11-03,75,57,
1938-11-04,69,52,
1938-11-05,61,44,
1938-11-06,70,47,
1938-11-07,61,42,
1938-11-08,42,30,
1938-11-09,53,26,
1938-11-10,58,31,
1938-11-11,66,41,
1938-11-12,68,49,
1938-11-13,62,39,
1938-11-14,49,28,
1938-11-15,48,31,
1938-11-16,57,31,
1938-11-17,58,35,
1938-11-18,52,42,
1938-11-19,47,30,
1938-11-20,60,34,
1938-11-21,60,38,
1938-11-22,49,30,
1938-11-23,31,26,
1938-11-24,31,21,
1938-11-25,29,11,
1938-11-26,29,17,
1938-11-27,26,14,
1938-11-28,40,16,
1938-11-29,52,30,
1938-11-30,54,31,
1938-12-01,44,30,
1938-12-02,51,40,
1938-12-03,48,36,
1938-12-04,55,34,
1938-12-05,46,33,
1938-12-06,42,32,
1938-12-07,42,32,
1938-12-08,42,30,
1938-12-09,38,31,
1938-12-10,38,23,
1938-12-11,41,32,
1938-12-12,36,25,
1938-12-13,38,19,
1938-12-14,38,25,
1938-12-15,36,17,
1938-12-16,39,26,
1938-12-17,34,18,
1938-12-18,37,13,
1938-12-19,36,19,
1938-12-20,41,30,
1938-12-21,34,24,
1938-12-22,31,19,
1938-12-23,34,30,
1938-12-24,35,27,
1938-12-25,33,23,
1938-12-26,37,27,
1938-12-27,32,8,
1938-12-28,25,8,
1938-12-29,36,22,
1938-12-30,23,8,
1938-12-31,44,11,
1939-01-01,49,26,
1939-01-02,51,33,
1939-01-03,55,38,
1939-01-04,54,32,
1939-01-05,52,35,
1939-01-06,50,29,
1939-01-07,51,36,
1939-01-08,58,30,
1939-01-09,59,41,
1939-01-10,58,35,
1939-01-11,38,30,
1939-01-12,37,26,
1939-01-13,35,30,
1939-01-14,33,27,
1939-01-15,33,29,
1939-01-16,32,27,
1939-01-17,33,28,
1939-01-18,31,24,
1939-01-19,29,16,
1939-01-20,40,20,
1939-01-21,50,27,
1939-01-22,43,14,
1939-01-23,24,10,
1939-01-24,33,20,
1939-01-25,26,13,
1939-01-26,29,23,
1939-01-27,33,14,
1939-01-28,34,27,
1939-01-29,36,33,
1939-01-30,35,26,
1939-01-31,31,18,
1939-02-01,43,29,
1939-02-02,44,24,
1939-02-03,24,19,
1939-02-04,33,13,
1939-02-05,44,21,
1939-02-06,39,32,
1939-02-07,39,26,
1939-02-08,39,25,
1939-02-09,47,23,
1939-02-10,60,12,
1939-02-11,25,8,
1939-02-12,45,20,
1939-02-13,52,30,
1939-02-14,43,28,
1939-02-15,32,17,
1939-02-16,33,12,
1939-02-17,37,23,
1939-02-18,53,28,
1939-02-19,57,45,
1939-02-20,49,24,
1939-02-21,24,14,
1939-02-22,18,8,
1939-02-23,35,4,
1939-02-24,38,15,
1939-02-25,25,20,
1939-02-26,36,23,
1939-02-27,38,24,
1939-02-28,42,31,
1939-03-01,32,21,
1939-03-02,40,20,
1939-03-03,48,29,
1939-03-04,48,35,
1939-03-05,49,38,
1939-03-06,45,27,
1939-03-07,37,23,
1939-03-08,59,28,
1939-03-09,51,31,
1939-03-10,48,32,
1939-03-11,54,44,
1939-03-12,44,33,
1939-03-13,53,30,
1939-03-14,63,37,
1939-03-15,56,24,
1939-03-16,33,19,
1939-03-17,30,14,
1939-03-18,28,18,
1939-03-19,58,22,
1939-03-20,50,36,
1939-03-21,62,27,
1939-03-22,65,38,
1939-03-23,81,46,
1939-03-24,79,54,
1939-03-25,78,55,
1939-03-26,65,53,
1939-03-27,59,37,
1939-03-28,44,28,
1939-03-29,41,33,
1939-03-30,40,33,
1939-03-31,62,33,
1939-04-01,53,41,
1939-04-02,57,33,
1939-04-03,55,30,
1939-04-04,56,34,
1939-04-05,50,38,
1939-04-06,39,30,
1939-04-07,45,22,
1939-04-08,45,31,
1939-04-09,62,31,
1939-04-10,56,39,
1939-04-11,47,31,
1939-04-12,38,21,
1939-04-13,49,24,
1939-04-14,57,34,
1939-04-15,61,45,
1939-04-16,56,43,
1939-04-17,62,49,
1939-04-18,52,34,
1939-04-19,42,37,
1939-04-20,54,33,
1939-04-21,50,40,
1939-04-22,63,36,
1939-04-23,73,45,
1939-04-24,79,50,
1939-04-25,77,55,
1939-04-26,75,54,
1939-04-27,71,53,
1939-04-28,60,45,
1939-04-29,67,37,
1939-04-30,74,43,
1939-05-01,65,37,
1939-05-02,61,37,
1939-05-03,63,35,
1939-05-04,68,42,
1939-05-05,82,52,
1939-05-06,81,55,
1939-05-07,81,57,
1939-05-08,71,58,
1939-05-09,73,55,
1939-05-10,77,53,
1939-05-11,67,49,
1939-05-12,65,40,
1939-05-13,69,48,
1939-05-14,72,49,
1939-05-15,67,53,
1939-05-16,75,40,
1939-05-17,86,55,
1939-05-18,82,48,
1939-05-19,80,62,
1939-05-20,78,63,
1939-05-21,76,61,
1939-05-22,84,60,
1939-05-23,88,60,
1939-05-24,89,57,
1939-05-25,89,68,
1939-05-26,89,67,
1939-05-27,83,69,
1939-05-28,78,64,
1939-05-29,77,55,
1939-05-30,87,57,
1939-05-31,87,63,
1939-06-01,78,66,
1939-06-02,86,68,
1939-06-03,78,68,
1939-06-04,78,54,
1939-06-05,85,57,
1939-06-06,90,67,
1939-06-07,90,69,
1939-06-08,85,65,
1939-06-09,83,65,
1939-06-10,79,63,
1939-06-11,67,55,
1939-06-12,64,54,
1939-06-13,66,52,
1939-06-14,73,51,
1939-06-15,85,63,
1939-06-16,89,68,
1939-06-17,88,71,
1939-06-18,89,70,
1939-06-19,85,71,
1939-06-20,74,67,
1939-06-21,87,69,
1939-06-22,82,69,
1939-06-23,80,59,
1939-06-24,84,62,
1939-06-25,84,64,
1939-06-26,87,65,
1939-06-27,89,69,
1939-06-28,87,67,
1939-06-29,85,69,
1939-06-30,79,65,
1939-07-01,83,60,
1939-07-02,83,60,
1939-07-03,83,64,
1939-07-04,87,70,
1939-07-05,90,72,
1939-07-06,85,67,
1939-07-07,94,72,
1939-07-08,90,75,
1939-07-09,86,63,
1939-07-10,83,68,
1939-07-11,83,56,
1939-07-12,88,64,
1939-07-13,98,73,
1939-07-14,87,65,
1939-07-15,80,64,
1939-07-16,80,56,
1939-07-17,86,62,
1939-07-18,84,68,
1939-07-19,74,65,
1939-07-20,81,61,
1939-07-21,84,60,
1939-07-22,88,64,
1939-07-23,85,68,
1939-07-24,88,67,
1939-07-25,83,68,
1939-07-26,90,70,
1939-07-27,93,70,
1939-07-28,85,71,
1939-07-29,79,63,
1939-07-30,84,61,
1939-07-31,86,61,
1939-08-01,91,62,
1939-08-02,83,68,
1939-08-03,85,68,
1939-08-04,83,60,
1939-08-05,85,61,
1939-08-06,84,61,
1939-08-07,85,66,
1939-08-08,84,72,
1939-08-09,78,58,
1939-08-10,81,55,
1939-08-11,89,62,
1939-08-12,84,64,
1939-08-13,87,68,
1939-08-14,87,64,
1939-08-15,90,65,
1939-08-16,90,68,
1939-08-17,87,67,
1939-08-18,78,62,
1939-08-19,77,63,
1939-08-20,85,61,
1939-08-21,76,54,
1939-08-22,81,55,
1939-08-23,79,60,
1939-08-24,85,58,
1939-08-25,81,62,
1939-08-26,81,56,
1939-08-27,79,55,
1939-08-28,83,57,
1939-08-29,84,61,
1939-08-30,85,61,
1939-08-31,86,60,
1939-09-01,89,60,
1939-09-02,90,66,
1939-09-03,87,69,
1939-09-04,88,71,
1939-09-05,82,54,
1939-09-06,89,56,
1939-09-07,98,70,
1939-09-08,91,73,
1939-09-09,89,60,
1939-09-10,78,61,
1939-09-11,80,50,
1939-09-12,95,61,
1939-09-13,98,71,
1939-09-14,99,72,
1939-09-15,98,68,
1939-09-16,98,71,
1939-09-17,79,62,
1939-09-18,75,49,
1939-09-19,80,49,
1939-09-20,80,55,
1939-09-21,76,49,
1939-09-22,81,47,
1939-09-23,87,47,
1939-09-24,89,58,
1939-09-25,90,58,
1939-09-26,62,48,
1939-09-27,74,47,
1939-09-28,92,50,
1939-09-29,78,52,
1939-09-30,58,41,
1939-10-01,65,34,
1939-10-02,71,37,
1939-10-03,77,42,
1939-10-04,83,48,
1939-10-05,79,61,
1939-10-06,88,52,
1939-10-07,84,59,
1939-10-08,89,69,
1939-10-09,84,62,
1939-10-10,72,54,
1939-10-11,68,41,
1939-10-12,58,40,
1939-10-13,59,38,
1939-10-14,50,31,
1939-10-15,60,32,
1939-10-16,73,38,
1939-10-17,54,36,
1939-10-18,72,34,
1939-10-19,76,54,
1939-10-20,81,44,
1939-10-21,75,47,
1939-10-22,67,50,
1939-10-23,69,41,
1939-10-24,69,43,
1939-10-25,73,60,
1939-10-26,75,64,
1939-10-27,73,45,
1939-10-28,45,31,
1939-10-29,59,29,
1939-10-30,47,36,
1939-10-31,45,28,
1939-11-01,47,33,
1939-11-02,45,28,
1939-11-03,43,26,
1939-11-04,46,29,
1939-11-05,46,27,
1939-11-06,54,28,
1939-11-07,60,41,
1939-11-08,51,33,
1939-11-09,62,33,
1939-11-10,60,38,
1939-11-11,48,26,
1939-11-12,51,33,
1939-11-13,53,27,
1939-11-14,61,32,
1939-11-15,63,34,
1939-11-16,64,39,
1939-11-17,64,41,
1939-11-18,60,49,
1939-11-19,56,41,
1939-11-20,41,33,
1939-11-21,37,31,
1939-11-22,40,33,
1939-11-23,45,27,
1939-11-24,43,36,
1939-11-25,43,36,
1939-11-26,41,31,
1939-11-27,45,27,
1939-11-28,47,25,
1939-11-29,46,26,
1939-11-30,47,39,
1939-12-01,48,40,
1939-12-02,46,30,
1939-12-03,37,28,
1939-12-04,37,28,
1939-12-05,50,30,
1939-12-06,50,28,
1939-12-07,56,37,
1939-12-08,52,27,
1939-12-09,61,31,
1939-12-10,59,42,
1939-12-11,44,30,
1939-12-12,53,33,
1939-12-13,42,24,
1939-12-14,41,18,
1939-12-15,46,31,
1939-12-16,58,36,
1939-12-17,58,35,
1939-12-18,59,39,
1939-12-19,54,37,
1939-12-20,37,27,
1939-12-21,34,22,
1939-12-22,38,18,
1939-12-23,36,28,
1939-12-24,36,21,
1939-12-25,44,19,
1939-12-26,35,27,
1939-12-27,31,22,
1939-12-28,25,13,
1939-12-29,26,6,
1939-12-30,23,7,
1939-12-31,19,-5,
1940-01-01,17,0,
1940-01-02,10,-4,
1940-01-03,16,-3,
1940-01-04,22,7,
1940-01-05,11,-11,
1940-01-06,18,-7,
1940-01-07,23,11,
1940-01-08,28,18,
1940-01-09,25,13,
1940-01-10,32,18,
1940-01-11,35,31,
1940-01-12,34,24,
1940-01-13,35,25,
1940-01-14,38,23,
1940-01-15,25,13,
1940-01-16,20,8,
1940-01-17,16,6,
1940-01-18,6,-12,
1940-01-19,7,-13,
1940-01-20,12,5,
1940-01-21,15,1,
1940-01-22,23,5,
1940-01-23,24,13,
1940-01-24,22,2,
1940-01-25,6,-8,
1940-01-26,11,-6,
1940-01-27,17,-3,
1940-01-28,25,0,
1940-01-29,26,21,
1940-01-30,30,19,
1940-01-31,34,25,
1940-02-01,37,28,
1940-02-02,34,19,
1940-02-03,34,14,
1940-02-04,34,29,
1940-02-05,34,32,
1940-02-06,34,28,
1940-02-07,30,24,
1940-02-08,37,27,
1940-02-09,35,28,
1940-02-10,31,26,
1940-02-11,46,22,
1940-02-12,41,32,
1940-02-13,33,27,
1940-02-14,28,18,
1940-02-15,42,20,
1940-02-16,45,30,
1940-02-17,42,28,
1940-02-18,37,33,
1940-02-19,35,33,
1940-02-20,36,32,
1940-02-21,37,30,
1940-02-22,32,21,
1940-02-23,35,22,
1940-02-24,33,21,
1940-02-25,23,3,
1940-02-26,36,14,
1940-02-27,40,32,
1940-02-28,37,30,
1940-02-29,42,25,
1940-03-01,49,31,
1940-03-02,44,34,
1940-03-03,49,36,
1940-03-04,38,33,
1940-03-05,37,30,
1940-03-06,38,29,
1940-03-07,41,26,
1940-03-08,39,27,
1940-03-09,41,23,
1940-03-10,40,26,
1940-03-11,38,22,
1940-03-12,33,24,
1940-03-13,35,28,
1940-03-14,29,21,
1940-03-15,38,18,
1940-03-16,48,28,
1940-03-17,73,35,
1940-03-18,60,40,
1940-03-19,52,31,
1940-03-20,48,32,
1940-03-21,42,28,
1940-03-22,31,18,
1940-03-23,29,11,
1940-03-24,25,15,
1940-03-25,33,12,
1940-03-26,38,24,
1940-03-27,52,35,
1940-03-28,61,42,
1940-03-29,66,53,
1940-03-30,70,48,
1940-03-31,70,47,
1940-04-01,63,41,
1940-04-02,80,46,
1940-04-03,75,60,
1940-04-04,60,41,
1940-04-05,54,34,
1940-04-06,57,26,
1940-04-07,54,42,
1940-04-08,54,39,
1940-04-09,52,40,
1940-04-10,56,37,
1940-04-11,53,29,
1940-04-12,34,22,
1940-04-13,44,27,
1940-04-14,60,30,
1940-04-15,70,46,
1940-04-16,65,47,
1940-04-17,68,43,
1940-04-18,50,36,
1940-04-19,46,36,
1940-04-20,55,34,
1940-04-21,60,32,
1940-04-22,63,43,
1940-04-23,56,45,
1940-04-24,59,36,
1940-04-25,60,44,
1940-04-26,56,39,
1940-04-27,62,37,
1940-04-28,73,40,
1940-04-29,68,56,
1940-04-30,73,53,
1940-05-01,57,33,
1940-05-02,44,33,
1940-05-03,45,35,
1940-05-04,60,32,
1940-05-05,74,47,
1940-05-06,80,61,
1940-05-07,85,54,
1940-05-08,75,51,
1940-05-09,68,42,
1940-05-10,62,49,
1940-05-11,69,37,
1940-05-12,77,48,
1940-05-13,85,59,
1940-05-14,82,62,
1940-05-15,62,42,
1940-05-16,56,42,
1940-05-17,68,43,
1940-05-18,72,53,
1940-05-19,69,55,
1940-05-20,79,52,
1940-05-21,81,59,
1940-05-22,74,59,
1940-05-23,71,52,
1940-05-24,72,54,
1940-05-25,61,50,
1940-05-26,57,51,
1940-05-27,67,49,
1940-05-28,67,49,
1940-05-29,69,49,
1940-05-30,68,47,
1940-05-31,67,55,
1940-06-01,79,51,
1940-06-02,83,58,
1940-06-03,85,59,
1940-06-04,86,60,
1940-06-05,91,66,
1940-06-06,92,67,
1940-06-07,85,67,
1940-06-08,85,64,
1940-06-09,87,64,
1940-06-10,82,68,
1940-06-11,85,66,
1940-06-12,80,65,
1940-06-13,81,60,
1940-06-14,79,65,
1940-06-15,88,65,
1940-06-16,87,66,
1940-06-17,87,70,
1940-06-18,87,71,
1940-06-19,80,66,
1940-06-20,72,54,
1940-06-21,76,46,
1940-06-22,86,59,
1940-06-23,86,71,
1940-06-24,77,60,
1940-06-25,78,55,
1940-06-26,80,54,
1940-06-27,86,63,
1940-06-28,83,68,
1940-06-29,76,58,
1940-06-30,83,55,
1940-07-01,84,63,
1940-07-02,78,55,
1940-07-03,76,49,
1940-07-04,80,48,
1940-07-05,84,57,
1940-07-06,84,60,
1940-07-07,86,62,
1940-07-08,87,63,
1940-07-09,87,66,
1940-07-10,95,69,
1940-07-11,89,72,
1940-07-12,80,58,
1940-07-13,74,49,
1940-07-14,81,58,
1940-07-15,88,62,
1940-07-16,84,59,
1940-07-17,82,51,
1940-07-18,86,59,
1940-07-19,90,68,
1940-07-20,90,65,
1940-07-21,92,66,
1940-07-22,92,68,
1940-07-23,93,71,
1940-07-24,97,73,
1940-07-25,99,75,
1940-07-26,96,76,
1940-07-27,93,72,
1940-07-28,97,73,
1940-07-29,98,75,
1940-07-30,97,72,
1940-07-31,90,71,
1940-08-01,92,62,
1940-08-02,93,64,
1940-08-03,97,65,
1940-08-04,89,72,
1940-08-05,94,71,
1940-08-06,86,67,
1940-08-07,88,53,
1940-08-08,85,63,
1940-08-09,89,69,
1940-08-10,87,69,
1940-08-11,88,70,
1940-08-12,92,71,
1940-08-13,93,71,
1940-08-14,96,69,
1940-08-15,92,69,
1940-08-16,96,70,
1940-08-17,96,71,
1940-08-18,80,67,
1940-08-19,72,57,
1940-08-20,73,55,
1940-08-21,77,51,
1940-08-22,80,54,
1940-08-23,72,53,
1940-08-24,70,49,
1940-08-25,81,57,
1940-08-26,90,67,
1940-08-27,83,67,
1940-08-28,85,65,
1940-08-29,82,67,
1940-08-30,82,66,
1940-08-31,76,61,
1940-09-01,77,56,
1940-09-02,77,53,
1940-09-03,82,55,
1940-09-04,83,58,
1940-09-05,85,60,
1940-09-06,86,61,
1940-09-07,88,65,
1940-09-08,91,67,
1940-09-09,79,62,
1940-09-10,67,50,
1940-09-11,65,42,
1940-09-12,68,47,
1940-09-13,77,44,
1940-09-14,76,51,
1940-09-15,74,48,
1940-09-16,75,48,
1940-09-17,82,52,
1940-09-18,88,57,
1940-09-19,92,61,
1940-09-20,93,68,
1940-09-21,94,62,
1940-09-22,86,61,
1940-09-23,81,63,
1940-09-24,77,56,
1940-09-25,60,44,
1940-09-26,63,35,
1940-09-27,68,37,
1940-09-28,76,42,
1940-09-29,79,48,
1940-09-30,75,46,
1940-10-01,72,46,
1940-10-02,77,44,
1940-10-03,78,46,
1940-10-04,74,51,
1940-10-05,84,60,
1940-10-06,86,62,
1940-10-07,67,53,
1940-10-08,66,41,
1940-10-09,70,41,
1940-10-10,75,46,
1940-10-11,67,55,
1940-10-12,78,51,
1940-10-13,77,54,
1940-10-14,74,54,
1940-10-15,60,41,
1940-10-16,60,35,
1940-10-17,65,42,
1940-10-18,56,38,
1940-10-19,69,45,
1940-10-20,61,40,
1940-10-21,64,41,
1940-10-22,75,44,
1940-10-23,78,56,
1940-10-24,71,49,
1940-10-25,82,51,
1940-10-26,82,52,
1940-10-27,82,57,
1940-10-28,75,58,
1940-10-29,67,54,
1940-10-30,67,42,
1940-10-31,67,41,
1940-11-01,60,48,
1940-11-02,67,40,
1940-11-03,74,40,
1940-11-04,68,45,
1940-11-05,63,44,
1940-11-06,48,39,
1940-11-07,50,30,
1940-11-08,49,27,
1940-11-09,48,34,
1940-11-10,51,41,
1940-11-11,61,28,
1940-11-12,32,18,
1940-11-13,26,14,
1940-11-14,27,12,
1940-11-15,31,16,
1940-11-16,42,19,
1940-11-17,53,29,
1940-11-18,53,27,
1940-11-19,61,34,
1940-11-20,55,41,
1940-11-21,60,41,
1940-11-22,53,35,
1940-11-23,43,37,
1940-11-24,40,32,
1940-11-25,41,28,
1940-11-26,37,30,
1940-11-27,32,24,
1940-11-28,31,12,
1940-11-29,38,28,
1940-11-30,58,29,
1940-12-01,35,23,
1940-12-02,33,18,
1940-12-03,19,2,
1940-12-04,42,14,
1940-12-05,38,23,
1940-12-06,52,26,
1940-12-07,50,32,
1940-12-08,47,28,
1940-12-09,58,29,
1940-12-10,53,31,
1940-12-11,33,30,
1940-12-12,36,32,
1940-12-13,35,29,
1940-12-14,33,23,
1940-12-15,44,30,
1940-12-16,54,26,
1940-12-17,32,26,
1940-12-18,38,25,
1940-12-19,43,32,
1940-12-20,47,33,
1940-12-21,42,27,
1940-12-22,50,32,
1940-12-23,42,30,
1940-12-24,57,31,
1940-12-25,49,42,
1940-12-26,52,42,
1940-12-27,42,37,
1940-12-28,41,36,
1940-12-29,40,35,
1940-12-30,36,32,
1940-12-31,40,33,
1941-01-01,49,39,
1941-01-02,52,34,
1941-01-03,40,23,
1941-01-04,33,11,
1941-01-05,18,4,
1941-01-06,26,8,
1941-01-07,31,21,
1941-01-08,39,30,
1941-01-09,35,29,
1941-01-10,43,21,
1941-01-11,38,27,
1941-01-12,52,26,
1941-01-13,43,28,
1941-01-14,32,25,
1941-01-15,36,29,
1941-01-16,41,34,
1941-01-17,41,33,
1941-01-18,33,11,
1941-01-19,20,3,
1941-01-20,36,18,
1941-01-21,48,28,
1941-01-22,47,33,
1941-01-23,33,28,
1941-01-24,31,23,
1941-01-25,31,17,
1941-01-26,33,27,
1941-01-27,31,25,
1941-01-28,28,24,
1941-01-29,26,23,
1941-01-30,38,25,
1941-01-31,37,21,
1941-02-01,44,26,
1941-02-02,37,30,
1941-02-03,34,27,
1941-02-04,32,21,
1941-02-05,36,26,
1941-02-06,42,22,
1941-02-07,25,16,
1941-02-08,20,10,
1941-02-09,35,14,
1941-02-10,41,23,
1941-02-11,45,28,
1941-02-12,57,32,
1941-02-13,47,39,
1941-02-14,39,27,
1941-02-15,38,22,
1941-02-16,33,23,
1941-02-17,34,21,
1941-02-18,21,6,
1941-02-19,18,1,
1941-02-20,27,5,
1941-02-21,31,12,
1941-02-22,29,10,
1941-02-23,39,17,
1941-02-24,36,22,
1941-02-25,35,26,
1941-02-26,30,19,
1941-02-27,31,21,
1941-02-28,29,15,
1941-03-01,37,16,
1941-03-02,53,29,
1941-03-03,55,33,
1941-03-04,33,19,
1941-03-05,38,20,
1941-03-06,34,28,
1941-03-07,37,25,
1941-03-08,42,23,
1941-03-09,43,30,
1941-03-10,45,33,
1941-03-11,35,29,
1941-03-12,38,29,
1941-03-13,39,30,
1941-03-14,45,25,
1941-03-15,39,32,
1941-03-16,42,16,
1941-03-17,21,8,
1941-03-18,33,7,
1941-03-19,58,30,
1941-03-20,65,39,
1941-03-21,57,29,
1941-03-22,56,27,
1941-03-23,59,32,
1941-03-24,52,32,
1941-03-25,47,26,
1941-03-26,49,32,
1941-03-27,46,30,
1941-03-28,43,35,
1941-03-29,49,28,
1941-03-30,56,28,
1941-03-31,50,44,
1941-04-01,52,41,
1941-04-02,54,37,
1941-04-03,52,41,
1941-04-04,50,44,
1941-04-05,47,39,
1941-04-06,52,40,
1941-04-07,62,39,
1941-04-08,70,40,
1941-04-09,64,49,
1941-04-10,64,48,
1941-04-11,72,45,
1941-04-12,82,54,
1941-04-13,84,55,
1941-04-14,80,60,
1941-04-15,65,58,
1941-04-16,70,58,
1941-04-17,74,48,
1941-04-18,78,57,
1941-04-19,73,58,
1941-04-20,69,45,
1941-04-21,55,40,
1941-04-22,60,35,
1941-04-23,68,43,
1941-04-24,57,34,
1941-04-25,61,34,
1941-04-26,68,39,
1941-04-27,75,49,
1941-04-28,76,50,
1941-04-29,80,51,
1941-04-30,80,56,
1941-05-01,72,59,
1941-05-02,80,53,
1941-05-03,75,52,
1941-05-04,83,48,
1941-05-05,81,58,
1941-05-06,67,60,
1941-05-07,72,56,
1941-05-08,69,50,
1941-05-09,54,43,
1941-05-10,65,43,
1941-05-11,65,46,
1941-05-12,68,42,
1941-05-13,73,42,
1941-05-14,66,50,
1941-05-15,82,62,
1941-05-16,80,63,
1941-05-17,70,50,
1941-05-18,71,40,
1941-05-19,80,50,
1941-05-20,88,59,
1941-05-21,90,65,
1941-05-22,90,66,
1941-05-23,74,57,
1941-05-24,70,46,
1941-05-25,79,47,
1941-05-26,86,53,
1941-05-27,87,67,
1941-05-28,89,68,
1941-05-29,89,69,
1941-05-30,86,71,
1941-05-31,90,67,
1941-06-01,78,68,
1941-06-02,76,63,
1941-06-03,77,63,
1941-06-04,77,58,
1941-06-05,82,54,
1941-06-06,82,59,
1941-06-07,85,68,
1941-06-08,86,58,
1941-06-09,79,60,
1941-06-10,74,60,
1941-06-11,80,63,
1941-06-12,75,61,
1941-06-13,70,58,
1941-06-14,70,58,
1941-06-15,69,54,
1941-06-16,76,53,
1941-06-17,80,50,
1941-06-18,84,60,
1941-06-19,86,62,
1941-06-20,91,64,
1941-06-21,93,67,
1941-06-22,92,69,
1941-06-23,91,68,
1941-06-24,87,65,
1941-06-25,89,66,
1941-06-26,95,65,
1941-06-27,94,72,
1941-06-28,88,70,
1941-06-29,91,70,
1941-06-30,92,70,
1941-07-01,91,68,
1941-07-02,86,66,
1941-07-03,69,60,
1941-07-04,77,54,
1941-07-05,80,55,
1941-07-06,85,63,
1941-07-07,89,68,
1941-07-08,83,61,
1941-07-09,86,58,
1941-07-10,82,69,
1941-07-11,88,67,
1941-07-12,80,60,
1941-07-13,80,57,
1941-07-14,85,61,
1941-07-15,88,62,
1941-07-16,83,66,
1941-07-17,83,57,
1941-07-18,85,65,
1941-07-19,83,56,
1941-07-20,78,54,
1941-07-21,89,57,
1941-07-22,92,69,
1941-07-23,86,68,
1941-07-24,82,68,
1941-07-25,87,68,
1941-07-26,92,71,
1941-07-27,94,74,
1941-07-28,94,74,
1941-07-29,96,74,
1941-07-30,93,74,
1941-07-31,95,72,
1941-08-01,93,68,
1941-08-02,90,67,
1941-08-03,89,66,
1941-08-04,94,65,
1941-08-05,86,67,
1941-08-06,86,67,
1941-08-07,90,63,
1941-08-08,95,69,
1941-08-09,95,74,
1941-08-10,92,64,
1941-08-11,99,73,
1941-08-12,88,66,
1941-08-13,75,51,
1941-08-14,80,55,
1941-08-15,85,70,
1941-08-16,83,64,
1941-08-17,73,59,
1941-08-18,74,58,
1941-08-19,77,56,
1941-08-20,82,54,
1941-08-21,81,58,
1941-08-22,84,61,
1941-08-23,85,59,
1941-08-24,88,62,
1941-08-25,89,65,
1941-08-26,82,65,
1941-08-27,73,59,
1941-08-28,77,54,
1941-08-29,87,58,
1941-08-30,90,69,
1941-08-31,92,73,
1941-09-01,84,72,
1941-09-02,79,62,
1941-09-03,85,68,
1941-09-04,86,72,
1941-09-05,83,70,
1941-09-06,86,63,
1941-09-07,83,66,
1941-09-08,89,70,
1941-09-09,88,67,
1941-09-10,77,52,
1941-09-11,74,51,
1941-09-12,73,50,
1941-09-13,83,49,
1941-09-14,83,62,
1941-09-15,86,66,
1941-09-16,83,66,
1941-09-17,80,63,
1941-09-18,82,52,
1941-09-19,82,54,
1941-09-20,89,55,
1941-09-21,90,57,
1941-09-22,90,57,
1941-09-23,87,60,
1941-09-24,87,59,
1941-09-25,75,52,
1941-09-26,65,40,
1941-09-27,75,45,
1941-09-28,69,51,
1941-09-29,57,44,
1941-09-30,69,50,
1941-10-01,65,49,
1941-10-02,73,54,
1941-10-03,76,65,
1941-10-04,76,65,
1941-10-05,84,65,
1941-10-06,81,67,
1941-10-07,73,57,
1941-10-08,71,47,
1941-10-09,59,49,
1941-10-10,65,43,
1941-10-11,69,39,
1941-10-12,76,47,
1941-10-13,74,50,
1941-10-14,70,59,
1941-10-15,67,46,
1941-10-16,60,44,
1941-10-17,63,48,
1941-10-18,66,59,
1941-10-19,72,56,
1941-10-20,75,54,
1941-10-21,75,60,
1941-10-22,77,57,
1941-10-23,70,50,
1941-10-24,60,39,
1941-10-25,66,41,
1941-10-26,61,46,
1941-10-27,59,40,
1941-10-28,46,27,
1941-10-29,48,31,
1941-10-30,49,43,
1941-10-31,63,46,
1941-11-01,65,39,
1941-11-02,54,30,
1941-11-03,60,40,
1941-11-04,62,45,
1941-11-05,53,44,
1941-11-06,45,39,
1941-11-07,41,33,
1941-11-08,34,31,
1941-11-09,32,28,
1941-11-10,34,28,
1941-11-11,38,29,
1941-11-12,52,32,
1941-11-13,60,34,
1941-11-14,59,44,
1941-11-15,60,39,
1941-11-16,63,43,
1941-11-17,72,44,
1941-11-18,68,47,
1941-11-19,69,55,
1941-11-20,63,36,
1941-11-21,43,28,
1941-11-22,41,28,
1941-11-23,33,26,
1941-11-24,28,13,
1941-11-25,39,19,
1941-11-26,53,31,
1941-11-27,58,37,
1941-11-28,64,29,
1941-11-29,64,41,
1941-11-30,60,44,
1941-12-01,62,48,
1941-12-02,54,48,
1941-12-03,55,46,
1941-12-04,57,47,
1941-12-05,53,39,
1941-12-06,39,25,
1941-12-07,40,21,
1941-12-08,42,33,
1941-12-09,38,23,
1941-12-10,31,16,
1941-12-11,27,15,
1941-12-12,33,25,
1941-12-13,33,26,
1941-12-14,30,17,
1941-12-15,36,15,
1941-12-16,40,34,
1941-12-17,50,33,
1941-12-18,58,38,
1941-12-19,55,33,
1941-12-20,52,29,
1941-12-21,61,33,
1941-12-22,52,46,
1941-12-23,60,48,
1941-12-24,50,38,
1941-12-25,40,37,
1941-12-26,43,35,
1941-12-27,35,28,
1941-12-28,30,19,
1941-12-29,27,16,
1941-12-30,33,22,
1941-12-31,35,30,
1942-01-01,46,23,
1942-01-02,23,11,
1942-01-03,23,11,
1942-01-04,17,-2,
1942-01-05,12,-2,
1942-01-06,24,1,
1942-01-07,12,-5,
1942-01-08,13,-9,
1942-01-09,20,5,
1942-01-10,15,-10,
1942-01-11,29,11,
1942-01-12,45,22,
1942-01-13,43,22,
1942-01-14,45,29,
1942-01-15,48,20,
1942-01-16,43,25,
1942-01-17,52,25,
1942-01-18,48,36,
1942-01-19,39,32,
1942-01-20,41,26,
1942-01-21,39,26,
1942-01-22,42,28,
1942-01-23,56,30,
1942-01-24,56,34,
1942-01-25,47,33,
1942-01-26,48,27,
1942-01-27,41,30,
1942-01-28,38,33,
1942-01-29,41,29,
1942-01-30,40,33,
1942-01-31,40,25,
1942-02-01,26,17,
1942-02-02,26,9,
1942-02-03,33,17,
1942-02-04,43,26,
1942-02-05,44,33,
1942-02-06,41,33,
1942-02-07,33,28,
1942-02-08,31,24,
1942-02-09,31,23,
1942-02-10,32,24,
1942-02-11,32,22,
1942-02-12,31,21,
1942-02-13,34,22,
1942-02-14,45,24,
1942-02-15,42,35,
1942-02-16,44,33,
1942-02-17,33,18,
1942-02-18,18,7,
1942-02-19,22,2,
1942-02-20,24,5,
1942-02-21,31,13,
1942-02-22,35,23,
1942-02-23,31,24,
1942-02-24,29,21,
1942-02-25,32,23,
1942-02-26,33,25,
1942-02-27,36,28,
1942-02-28,38,24,
1942-03-01,42,23,
1942-03-02,37,31,
1942-03-03,41,31,
1942-03-04,51,27,
1942-03-05,51,30,
1942-03-06,52,29,
1942-03-07,55,44,
1942-03-08,51,32,
1942-03-09,42,28,
1942-03-10,55,30,
1942-03-11,50,38,
1942-03-12,46,33,
1942-03-13,43,40,
1942-03-14,44,34,
1942-03-15,68,39,
1942-03-16,74,56,
1942-03-17,64,37,
1942-03-18,42,36,
1942-03-19,52,30,
1942-03-20,66,40,
1942-03-21,56,34,
1942-03-22,57,34,
1942-03-23,63,33,
1942-03-24,71,38,
1942-03-25,73,49,
1942-03-26,64,51,
1942-03-27,53,31,
1942-03-28,37,22,
1942-03-29,33,27,
1942-03-30,38,26,
1942-03-31,46,28,
1942-04-01,57,30,
1942-04-02,72,41,
1942-04-03,62,41,
1942-04-04,77,42,
1942-04-05,79,56,
1942-04-06,66,55,
1942-04-07,60,39,
1942-04-08,41,34,
1942-04-09,42,35,
1942-04-10,56,35,
1942-04-11,48,31,
1942-04-12,53,35,
1942-04-13,52,38,
1942-04-14,71,45,
1942-04-15,77,50,
1942-04-16,78,52,
1942-04-17,73,53,
1942-04-18,58,35,
1942-04-19,57,34,
1942-04-20,65,31,
1942-04-21,66,39,
1942-04-22,72,38,
1942-04-23,77,46,
1942-04-24,80,52,
1942-04-25,79,54,
1942-04-26,68,57,
1942-04-27,79,50,
1942-04-28,76,56,
1942-04-29,83,57,
1942-04-30,85,64,
1942-05-01,80,68,
1942-05-02,81,53,
1942-05-03,69,50,
1942-05-04,55,41,
1942-05-05,64,39,
1942-05-06,66,50,
1942-05-07,50,42,
1942-05-08,68,47,
1942-05-09,72,46,
1942-05-10,70,50,
1942-05-11,78,54,
1942-05-12,79,59,
1942-05-13,82,63,
1942-05-14,76,61,
1942-05-15,61,39,
1942-05-16,65,39,
1942-05-17,69,54,
1942-05-18,70,58,
1942-05-19,66,48,
1942-05-20,68,53,
1942-05-21,67,48,
1942-05-22,68,43,
1942-05-23,70,46,
1942-05-24,74,46,
1942-05-25,77,52,
1942-05-26,69,55,
1942-05-27,78,59,
1942-05-28,88,58,
1942-05-29,91,67,
1942-05-30,91,68,
1942-05-31,85,68,
1942-06-01,92,66,
1942-06-02,89,66,
1942-06-03,92,65,
1942-06-04,93,66,
1942-06-05,92,66,
1942-06-06,90,68,
1942-06-07,82,65,
1942-06-08,72,64,
1942-06-09,88,65,
1942-06-10,80,68,
1942-06-11,79,66,
1942-06-12,85,70,
1942-06-13,82,55,
1942-06-14,66,45,
1942-06-15,63,46,
1942-06-16,67,52,
1942-06-17,74,53,
1942-06-18,72,61,
1942-06-19,80,60,
1942-06-20,86,66,
1942-06-21,81,67,
1942-06-22,80,63,
1942-06-23,77,52,
1942-06-24,80,49,
1942-06-25,76,57,
1942-06-26,76,60,
1942-06-27,84,63,
1942-06-28,88,69,
1942-06-29,92,70,
1942-06-30,87,68,
1942-07-01,83,64,
1942-07-02,78,55,
1942-07-03,81,56,
1942-07-04,84,62,
1942-07-05,86,70,
1942-07-06,84,63,
1942-07-07,78,54,
1942-07-08,82,65,
1942-07-09,81,68,
1942-07-10,85,66,
1942-07-11,89,68,
1942-07-12,86,69,
1942-07-13,91,71,
1942-07-14,89,69,
1942-07-15,84,64,
1942-07-16,93,68,
1942-07-17,94,73,
1942-07-18,91,75,
1942-07-19,88,74,
1942-07-20,88,69,
1942-07-21,88,69,
1942-07-22,82,61,
1942-07-23,83,59,
1942-07-24,85,63,
1942-07-25,88,65,
1942-07-26,88,66,
1942-07-27,88,67,
1942-07-28,89,66,
1942-07-29,89,70,
1942-07-30,91,68,
1942-07-31,93,75,
1942-08-01,90,72,
1942-08-02,91,75,
1942-08-03,83,70,
1942-08-04,80,61,
1942-08-05,84,58,
1942-08-06,82,58,
1942-08-07,76,65,
1942-08-08,83,62,
1942-08-09,82,64,
1942-08-10,85,61,
1942-08-11,78,59,
1942-08-12,79,52,
1942-08-13,84,55,
1942-08-14,87,65,
1942-08-15,74,69,
1942-08-16,77,63,
1942-08-17,80,56,
1942-08-18,81,56,
1942-08-19,82,60,
1942-08-20,87,63,
1942-08-21,86,63,
1942-08-22,89,71,
1942-08-23,84,57,
1942-08-24,70,48,
1942-08-25,75,46,
1942-08-26,78,57,
1942-08-27,87,70,
1942-08-28,86,70,
1942-08-29,88,69,
1942-08-30,88,70,
1942-08-31,87,69,
1942-09-01,84,64,
1942-09-02,89,64,
1942-09-03,80,67,
1942-09-04,78,62,
1942-09-05,77,59,
1942-09-06,78,62,
1942-09-07,79,64,
1942-09-08,75,68,
1942-09-09,81,68,
1942-09-10,83,64,
1942-09-11,87,63,
1942-09-12,85,63,
1942-09-13,85,60,
1942-09-14,92,66,
1942-09-15,87,63,
1942-09-16,87,65,
1942-09-17,84,67,
1942-09-18,89,68,
1942-09-19,82,58,
1942-09-20,66,48,
1942-09-21,68,43,
1942-09-22,64,46,
1942-09-23,65,45,
1942-09-24,60,36,
1942-09-25,48,35,
1942-09-26,49,36,
1942-09-27,52,36,
1942-09-28,55,29,
1942-09-29,64,35,
1942-09-30,84,43,
1942-10-01,80,52,
1942-10-02,81,53,
1942-10-03,78,53,
1942-10-04,70,60,
1942-10-05,63,53,
1942-10-06,74,44,
1942-10-07,80,47,
1942-10-08,82,52,
1942-10-09,71,56,
1942-10-10,69,48,
1942-10-11,72,43,
1942-10-12,73,45,
1942-10-13,72,47,
1942-10-14,67,54,
1942-10-15,62,54,
1942-10-16,62,53,
1942-10-17,69,53,
1942-10-18,71,47,
1942-10-19,70,44,
1942-10-20,72,44,
1942-10-21,62,48,
1942-10-22,51,40,
1942-10-23,53,27,
1942-10-24,54,29,
1942-10-25,51,38,
1942-10-26,38,21,
1942-10-27,46,26,
1942-10-28,66,31,
1942-10-29,59,49,
1942-10-30,65,58,
1942-10-31,61,44,
1942-11-01,54,33,
1942-11-02,54,37,
1942-11-03,46,27,
1942-11-04,53,30,
1942-11-05,52,45,
1942-11-06,50,32,
1942-11-07,48,35,
1942-11-08,56,39,
1942-11-09,72,49,
1942-11-10,67,35,
1942-11-11,45,25,
1942-11-12,59,30,
1942-11-13,53,36,
1942-11-14,46,24,
1942-11-15,64,34,
1942-11-16,68,46,
1942-11-17,66,54,
1942-11-18,56,38,
1942-11-19,74,54,
1942-11-20,72,60,
1942-11-21,65,44,
1942-11-22,44,33,
1942-11-23,41,36,
1942-11-24,42,35,
1942-11-25,56,34,
1942-11-26,52,23,
1942-11-27,35,18,
1942-11-28,40,29,
1942-11-29,33,27,
1942-11-30,31,20,
1942-12-01,31,20,
1942-12-02,20,0,
1942-12-03,16,-3,
1942-12-04,23,5,
1942-12-05,27,15,
1942-12-06,30,21,
1942-12-07,26,14,
1942-12-08,30,3,
1942-12-09,34,12,
1942-12-10,35,27,
1942-12-11,36,13,
1942-12-12,27,6,
1942-12-13,15,-6,
1942-12-14,32,-2,
1942-12-15,30,12,
1942-12-16,29,10,
1942-12-17,41,11,
1942-12-18,37,25,
1942-12-19,28,15,
1942-12-20,20,12,
1942-12-21,30,5,
1942-12-22,35,29,
1942-12-23,37,32,
1942-12-24,38,30,
1942-12-25,37,31,
1942-12-26,59,35,
1942-12-27,59,38,
1942-12-28,39,34,
1942-12-29,38,35,
1942-12-30,36,31,
1942-12-31,42,27,
1943-01-01,39,36,
1943-01-02,40,34,
1943-01-03,48,34,
1943-01-04,34,22,
1943-01-05,28,11,
1943-01-06,33,18,
1943-01-07,33,31,
1943-01-08,33,23,
1943-01-09,29,22,
1943-01-10,33,23,
1943-01-11,35,21,
1943-01-12,28,15,
1943-01-13,22,8,
1943-01-14,41,13,
1943-01-15,40,26,
1943-01-16,46,32,
1943-01-17,32,26,
1943-01-18,28,19,
1943-01-19,19,-4,
1943-01-20,22,-4,
1943-01-21,39,16,
1943-01-22,48,26,
1943-01-23,43,32,
1943-01-24,56,32,
1943-01-25,37,6,
1943-01-26,23,5,
1943-01-27,34,11,
1943-01-28,39,15,
1943-01-29,36,31,
1943-01-30,42,31,
1943-01-31,42,29,
1943-02-01,30,13,
1943-02-02,44,21,
1943-02-03,54,34,
1943-02-04,53,33,
1943-02-05,54,31,
1943-02-06,51,22,
1943-02-07,42,22,
1943-02-08,51,29,
1943-02-09,65,38,
1943-02-10,57,24,
1943-02-11,28,14,
1943-02-12,29,21,
1943-02-13,22,7,
1943-02-14,11,-3,
1943-02-15,15,2,
1943-02-16,22,-4,
1943-02-17,38,20,
1943-02-18,50,20,
1943-02-19,61,33,
1943-02-20,61,43,
1943-02-21,53,30,
1943-02-22,58,32,
1943-02-23,63,37,
1943-02-24,48,34,
1943-02-25,35,25,
1943-02-26,30,18,
1943-02-27,54,16,
1943-02-28,45,28,
1943-03-01,31,21,
1943-03-02,21,8,
1943-03-03,19,0,
1943-03-04,42,12,
1943-03-05,37,17,
1943-03-06,28,17,
1943-03-07,20,-3,
1943-03-08,23,-3,
1943-03-09,51,19,
1943-03-10,45,30,
1943-03-11,38,24,
1943-03-12,46,24,
1943-03-13,55,29,
1943-03-14,63,35,
1943-03-15,60,44,
1943-03-16,63,32,
1943-03-17,46,29,
1943-03-18,43,29,
1943-03-19,51,31,
1943-03-20,36,22,
1943-03-21,42,28,
1943-03-22,42,28,
1943-03-23,50,25,
1943-03-24,59,36,
1943-03-25,62,44,
1943-03-26,67,43,
1943-03-27,54,32,
1943-03-28,46,31,
1943-03-29,63,29,
1943-03-30,77,47,
1943-03-31,77,52,
1943-04-01,70,40,
1943-04-02,66,32,
1943-04-03,49,23,
1943-04-04,72,36,
1943-04-05,61,38,
1943-04-06,54,32,
1943-04-07,69,41,
1943-04-08,77,40,
1943-04-09,75,52,
1943-04-10,58,45,
1943-04-11,56,31,
1943-04-12,55,42,
1943-04-13,50,29,
1943-04-14,39,25,
1943-04-15,52,26,
1943-04-16,65,44,
1943-04-17,58,32,
1943-04-18,60,31,
1943-04-19,57,34,
1943-04-20,44,33,
1943-04-21,62,31,
1943-04-22,62,37,
1943-04-23,54,48,
1943-04-24,70,40,
1943-04-25,67,53,
1943-04-26,68,42,
1943-04-27,77,55,
1943-04-28,65,42,
1943-04-29,60,43,
1943-04-30,64,51,
1943-05-01,55,32,
1943-05-02,73,45,
1943-05-03,72,44,
1943-05-04,70,42,
1943-05-05,86,49,
1943-05-06,83,65,
1943-05-07,65,51,
1943-05-08,56,42,
1943-05-09,56,40,
1943-05-10,67,54,
1943-05-11,66,50,
1943-05-12,69,42,
1943-05-13,64,44,
1943-05-14,63,40,
1943-05-15,67,50,
1943-05-16,73,58,
1943-05-17,72,55,
1943-05-18,69,59,
1943-05-19,68,52,
1943-05-20,67,55,
1943-05-21,71,48,
1943-05-22,77,54,
1943-05-23,72,61,
1943-05-24,66,56,
1943-05-25,65,50,
1943-05-26,72,50,
1943-05-27,74,51,
1943-05-28,81,54,
1943-05-29,85,60,
1943-05-30,81,67,
1943-05-31,82,67,
1943-06-01,86,71,
1943-06-02,85,71,
1943-06-03,83,69,
1943-06-04,83,65,
1943-06-05,78,64,
1943-06-06,84,66,
1943-06-07,70,55,
1943-06-08,64,54,
1943-06-09,78,52,
1943-06-10,77,64,
1943-06-11,84,60,
1943-06-12,90,67,
1943-06-13,92,74,
1943-06-14,91,71,
1943-06-15,87,72,
1943-06-16,86,62,
1943-06-17,82,67,
1943-06-18,86,60,
1943-06-19,88,64,
1943-06-20,87,63,
1943-06-21,91,63,
1943-06-22,90,67,
1943-06-23,91,70,
1943-06-24,91,73,
1943-06-25,90,71,
1943-06-26,90,71,
1943-06-27,90,73,
1943-06-28,90,72,
1943-06-29,81,56,
1943-06-30,70,46,
1943-07-01,77,56,
1943-07-02,86,56,
1943-07-03,93,66,
1943-07-04,90,72,
1943-07-05,89,68,
1943-07-06,85,65,
1943-07-07,80,62,
1943-07-08,83,57,
1943-07-09,87,61,
1943-07-10,88,63,
1943-07-11,85,63,
1943-07-12,93,69,
1943-07-13,93,71,
1943-07-14,90,72,
1943-07-15,91,60,
1943-07-16,94,70,
1943-07-17,89,73,
1943-07-18,88,62,
1943-07-19,91,67,
1943-07-20,92,69,
1943-07-21,93,72,
1943-07-22,90,65,
1943-07-23,85,59,
1943-07-24,87,67,
1943-07-25,95,67,
1943-07-26,93,69,
1943-07-27,96,72,
1943-07-28,93,70,
1943-07-29,89,70,
1943-07-30,89,61,
1943-07-31,87,61,
1943-08-01,92,66,
1943-08-02,90,68,
1943-08-03,89,68,
1943-08-04,89,74,
1943-08-05,83,68,
1943-08-06,81,59,
1943-08-07,87,64,
1943-08-08,85,64,
1943-08-09,91,71,
1943-08-10,87,70,
1943-08-11,89,66,
1943-08-12,92,72,
1943-08-13,93,75,
1943-08-14,90,69,
1943-08-15,89,59,
1943-08-16,81,71,
1943-08-17,75,54,
1943-08-18,75,52,
1943-08-19,78,52,
1943-08-20,74,57,
1943-08-21,86,63,
1943-08-22,85,66,
1943-08-23,89,69,
1943-08-24,94,69,
1943-08-25,88,75,
1943-08-26,90,71,
1943-08-27,87,70,
1943-08-28,76,56,
1943-08-29,83,56,
1943-08-30,92,63,
1943-08-31,96,70,
1943-09-01,92,67,
1943-09-02,85,62,
1943-09-03,89,63,
1943-09-04,83,69,
1943-09-05,89,68,
1943-09-06,82,68,
1943-09-07,80,49,
1943-09-08,75,52,
1943-09-09,65,43,
1943-09-10,75,43,
1943-09-11,67,49,
1943-09-12,57,52,
1943-09-13,64,55,
1943-09-14,69,NA,
1943-09-15,75,52,
1943-09-16,67,48,
1943-09-17,62,40,
1943-09-18,70,41,
1943-09-19,77,48,
1943-09-20,70,54,
1943-09-21,73,44,
1943-09-22,80,53,
1943-09-23,70,49,
1943-09-24,68,39,
1943-09-25,62,42,
1943-09-26,68,40,
1943-09-27,78,41,
1943-09-28,80,49,
1943-09-29,82,52,
1943-09-30,84,54,
1943-10-01,84,56,
1943-10-02,73,57,
1943-10-03,68,43,
1943-10-04,63,40,
1943-10-05,71,39,
1943-10-06,78,45,
1943-10-07,78,50,
1943-10-08,78,48,
1943-10-09,79,49,
1943-10-10,81,46,
1943-10-11,81,49,
1943-10-12,78,53,
1943-10-13,73,55,
1943-10-14,63,41,
1943-10-15,58,36,
1943-10-16,46,35,
1943-10-17,50,31,
1943-10-18,69,37,
1943-10-19,69,43,
1943-10-20,79,46,
1943-10-21,68,56,
1943-10-22,65,41,
1943-10-23,57,42,
1943-10-24,54,43,
1943-10-25,54,42,
1943-10-26,46,36,
1943-10-27,52,34,
1943-10-28,57,41,
1943-10-29,67,35,
1943-10-30,60,46,
1943-10-31,70,52,
1943-11-01,62,49,
1943-11-02,54,38,
1943-11-03,48,30,
1943-11-04,56,30,
1943-11-05,51,41,
1943-11-06,47,35,
1943-11-07,61,40,
1943-11-08,41,29,
1943-11-09,34,26,
1943-11-10,35,30,
1943-11-11,39,20,
1943-11-12,48,28,
1943-11-13,40,24,
1943-11-14,35,27,
1943-11-15,43,34,
1943-11-16,37,24,
1943-11-17,46,20,
1943-11-18,65,33,
1943-11-19,59,38,
1943-11-20,53,29,
1943-11-21,45,37,
1943-11-22,44,30,
1943-11-23,41,25,
1943-11-24,49,24,
1943-11-25,56,27,
1943-11-26,45,33,
1943-11-27,39,27,
1943-11-28,42,20,
1943-11-29,34,30,
1943-11-30,46,23,
1943-12-01,44,27,
1943-12-02,47,32,
1943-12-03,42,28,
1943-12-04,54,28,
1943-12-05,60,32,
1943-12-06,50,38,
1943-12-07,40,33,
1943-12-08,47,36,
1943-12-09,43,36,
1943-12-10,39,30,
1943-12-11,30,13,
1943-12-12,38,25,
1943-12-13,28,8,
1943-12-14,17,7,
1943-12-15,10,-3,
1943-12-16,20,0,
1943-12-17,29,5,
1943-12-18,36,22,
1943-12-19,40,21,
1943-12-20,37,20,
1943-12-21,40,27,
1943-12-22,32,14,
1943-12-23,17,1,
1943-12-24,29,4,
1943-12-25,39,20,
1943-12-26,37,30,
1943-12-27,37,33,
1943-12-28,37,27,
1943-12-29,29,18,
1943-12-30,29,11,
1943-12-31,27,21,
1944-01-01,30,18,
1944-01-02,34,20,
1944-01-03,48,31,
1944-01-04,41,28,
1944-01-05,35,28,
1944-01-06,36,19,
1944-01-07,31,10,
1944-01-08,37,17,
1944-01-09,30,11,
1944-01-10,43,19,
1944-01-11,32,19,
1944-01-12,25,8,
1944-01-13,28,6,
1944-01-14,42,13,
1944-01-15,46,18,
1944-01-16,40,26,
1944-01-17,43,25,
1944-01-18,44,24,
1944-01-19,47,29,
1944-01-20,37,23,
1944-01-21,48,30,
1944-01-22,42,30,
1944-01-23,46,25,
1944-01-24,42,30,
1944-01-25,62,39,
1944-01-26,60,39,
1944-01-27,62,49,
1944-01-28,58,35,
1944-01-29,42,27,
1944-01-30,50,27,
1944-01-31,43,33,
1944-02-01,39,23,
1944-02-02,41,32,
1944-02-03,41,34,
1944-02-04,49,27,
1944-02-05,56,36,
1944-02-06,38,24,
1944-02-07,48,30,
1944-02-08,37,25,
1944-02-09,40,25,
1944-02-10,32,23,
1944-02-11,25,15,
1944-02-12,15,-10,
1944-02-13,25,-9,
1944-02-14,30,21,
1944-02-15,30,10,
1944-02-16,38,16,
1944-02-17,35,27,
1944-02-18,34,14,
1944-02-19,37,7,
1944-02-20,34,18,
1944-02-21,42,21,
1944-02-22,63,36,
1944-02-23,55,32,
1944-02-24,56,31,
1944-02-25,52,37,
1944-02-26,64,48,
1944-02-27,49,35,
1944-02-28,38,31,
1944-02-29,34,28,
1944-03-01,40,25,
1944-03-02,48,29,
1944-03-03,50,36,
1944-03-04,48,30,
1944-03-05,35,27,
1944-03-06,45,29,
1944-03-07,32,21,
1944-03-08,22,13,
1944-03-09,29,14,
1944-03-10,41,14,
1944-03-11,53,33,
1944-03-12,46,35,
1944-03-13,35,23,
1944-03-14,67,34,
1944-03-15,63,49,
1944-03-16,50,38,
1944-03-17,45,32,
1944-03-18,42,28,
1944-03-19,30,21,
1944-03-20,42,21,
1944-03-21,46,23,
1944-03-22,53,33,
1944-03-23,50,40,
1944-03-24,65,32,
1944-03-25,58,33,
1944-03-26,38,27,
1944-03-27,46,29,
1944-03-28,45,31,
1944-03-29,41,27,
1944-03-30,33,23,
1944-03-31,46,25,
1944-04-01,59,38,
1944-04-02,45,27,
1944-04-03,45,26,
1944-04-04,40,24,
1944-04-05,50,23,
1944-04-06,62,31,
1944-04-07,63,43,
1944-04-08,60,44,
1944-04-09,62,53,
1944-04-10,59,40,
1944-04-11,62,42,
1944-04-12,53,33,
1944-04-13,59,36,
1944-04-14,65,44,
1944-04-15,58,45,
1944-04-16,45,34,
1944-04-17,51,34,
1944-04-18,54,42,
1944-04-19,63,38,
1944-04-20,66,49,
1944-04-21,64,42,
1944-04-22,65,52,
1944-04-23,72,58,
1944-04-24,70,44,
1944-04-25,65,40,
1944-04-26,63,47,
1944-04-27,64,43,
1944-04-28,61,36,
1944-04-29,70,41,
1944-04-30,70,51,
1944-05-01,70,58,
1944-05-02,74,59,
1944-05-03,72,60,
1944-05-04,65,44,
1944-05-05,54,33,
1944-05-06,50,29,
1944-05-07,57,36,
1944-05-08,56,46,
1944-05-09,56,49,
1944-05-10,72,47,
1944-05-11,80,56,
1944-05-12,84,61,
1944-05-13,80,64,
1944-05-14,84,55,
1944-05-15,87,60,
1944-05-16,87,64,
1944-05-17,89,65,
1944-05-18,87,59,
1944-05-19,86,55,
1944-05-20,84,64,
1944-05-21,78,66,
1944-05-22,80,63,
1944-05-23,79,60,
1944-05-24,80,60,
1944-05-25,85,65,
1944-05-26,88,67,
1944-05-27,89,65,
1944-05-28,85,64,
1944-05-29,83,66,
1944-05-30,85,68,
1944-05-31,86,65,
1944-06-01,90,69,
1944-06-02,91,71,
1944-06-03,86,66,
1944-06-04,88,68,
1944-06-05,87,71,
1944-06-06,86,52,
1944-06-07,74,44,
1944-06-08,76,57,
1944-06-09,80,61,
1944-06-10,79,62,
1944-06-11,88,58,
1944-06-12,92,67,
1944-06-13,89,69,
1944-06-14,90,66,
1944-06-15,93,67,
1944-06-16,91,66,
1944-06-17,95,74,
1944-06-18,94,72,
1944-06-19,90,60,
1944-06-20,77,52,
1944-06-21,80,55,
1944-06-22,90,66,
1944-06-23,93,75,
1944-06-24,85,63,
1944-06-25,91,62,
1944-06-26,87,67,
1944-06-27,97,70,
1944-06-28,98,72,
1944-06-29,95,67,
1944-06-30,82,61,
1944-07-01,85,54,
1944-07-02,85,60,
1944-07-03,87,63,
1944-07-04,90,62,
1944-07-05,93,65,
1944-07-06,92,66,
1944-07-07,90,62,
1944-07-08,93,67,
1944-07-09,92,69,
1944-07-10,96,69,
1944-07-11,93,69,
1944-07-12,82,71,
1944-07-13,83,59,
1944-07-14,88,61,
1944-07-15,93,62,
1944-07-16,91,62,
1944-07-17,83,65,
1944-07-18,87,64,
1944-07-19,88,64,
1944-07-20,83,63,
1944-07-21,82,49,
1944-07-22,86,59,
1944-07-23,90,58,
1944-07-24,88,66,
1944-07-25,92,66,
1944-07-26,86,69,
1944-07-27,88,64,
1944-07-28,80,65,
1944-07-29,87,60,
1944-07-30,85,64,
1944-07-31,90,60,
1944-08-01,92,68,
1944-08-02,93,67,
1944-08-03,94,70,
1944-08-04,93,72,
1944-08-05,91,73,
1944-08-06,89,66,
1944-08-07,85,63,
1944-08-08,88,62,
1944-08-09,93,63,
1944-08-10,95,69,
1944-08-11,95,73,
1944-08-12,91,74,
1944-08-13,94,63,
1944-08-14,95,68,
1944-08-15,91,70,
1944-08-16,90,69,
1944-08-17,80,68,
1944-08-18,77,56,
1944-08-19,79,53,
1944-08-20,85,57,
1944-08-21,80,65,
1944-08-22,82,65,
1944-08-23,82,65,
1944-08-24,76,50,
1944-08-25,75,53,
1944-08-26,69,57,
1944-08-27,72,56,
1944-08-28,66,58,
1944-08-29,81,52,
1944-08-30,78,59,
1944-08-31,76,62,
1944-09-01,81,57,
1944-09-02,84,60,
1944-09-03,90,64,
1944-09-04,87,71,
1944-09-05,80,62,
1944-09-06,75,62,
1944-09-07,72,47,
1944-09-08,76,51,
1944-09-09,79,53,
1944-09-10,81,53,
1944-09-11,82,59,
1944-09-12,72,57,
1944-09-13,70,52,
1944-09-14,72,53,
1944-09-15,77,52,
1944-09-16,83,56,
1944-09-17,83,64,
1944-09-18,85,62,
1944-09-19,87,61,
1944-09-20,82,65,
1944-09-21,81,60,
1944-09-22,72,49,
1944-09-23,64,53,
1944-09-24,67,46,
1944-09-25,74,44,
1944-09-26,79,54,
1944-09-27,81,62,
1944-09-28,67,58,
1944-09-29,66,53,
1944-09-30,70,55,
1944-10-01,79,50,
1944-10-02,72,57,
1944-10-03,64,54,
1944-10-04,73,54,
1944-10-05,79,65,
1944-10-06,85,63,
1944-10-07,79,52,
1944-10-08,62,45,
1944-10-09,52,43,
1944-10-10,49,38,
1944-10-11,59,38,
1944-10-12,63,35,
1944-10-13,68,41,
1944-10-14,70,44,
1944-10-15,58,34,
1944-10-16,65,33,
1944-10-17,71,35,
1944-10-18,75,39,
1944-10-19,68,47,
1944-10-20,62,40,
1944-10-21,64,39,
1944-10-22,59,33,
1944-10-23,71,35,
1944-10-24,72,49,
1944-10-25,72,47,
1944-10-26,63,39,
1944-10-27,59,35,
1944-10-28,72,40,
1944-10-29,62,37,
1944-10-30,67,38,
1944-10-31,77,45,
1944-11-01,74,54,
1944-11-02,73,57,
1944-11-03,64,47,
1944-11-04,49,39,
1944-11-05,49,33,
1944-11-06,41,30,
1944-11-07,62,39,
1944-11-08,58,50,
1944-11-09,58,44,
1944-11-10,49,40,
1944-11-11,52,45,
1944-11-12,62,36,
1944-11-13,67,45,
1944-11-14,68,53,
1944-11-15,60,37,
1944-11-16,46,42,
1944-11-17,45,34,
1944-11-18,41,35,
1944-11-19,40,34,
1944-11-20,47,33,
1944-11-21,42,33,
1944-11-22,40,33,
1944-11-23,37,34,
1944-11-24,40,26,
1944-11-25,37,30,
1944-11-26,47,35,
1944-11-27,46,33,
1944-11-28,36,30,
1944-11-29,36,31,
1944-11-30,32,18,
1944-12-01,28,18,
1944-12-02,32,13,
1944-12-03,48,20,
1944-12-04,40,26,
1944-12-05,40,29,
1944-12-06,35,30,
1944-12-07,37,31,
1944-12-08,35,26,
1944-12-09,31,27,
1944-12-10,33,26,
1944-12-11,32,24,
1944-12-12,29,17,
1944-12-13,25,12,
1944-12-14,21,2,
1944-12-15,37,11,
1944-12-16,35,15,
1944-12-17,35,15,
1944-12-18,30,12,
1944-12-19,29,11,
1944-12-20,40,15,
1944-12-21,35,9,
1944-12-22,26,1,
1944-12-23,26,18,
1944-12-24,32,16,
1944-12-25,32,15,
1944-12-26,20,-5,
1944-12-27,25,7,
1944-12-28,20,8,
1944-12-29,28,14,
1944-12-30,32,26,
1944-12-31,33,30,
1945-01-01,32,1,
1945-01-02,12,-5,
1945-01-03,29,11,
1945-01-04,29,5,
1945-01-05,24,18,
1945-01-06,30,19,
1945-01-07,30,18,
1945-01-08,29,20,
1945-01-09,27,-3,
1945-01-10,22,1,
1945-01-11,33,7,
1945-01-12,40,31,
1945-01-13,34,29,
1945-01-14,35,32,
1945-01-15,33,27,
1945-01-16,31,22,
1945-01-17,29,17,
1945-01-18,34,23,
1945-01-19,34,28,
1945-01-20,34,22,
1945-01-21,33,23,
1945-01-22,33,28,
1945-01-23,36,16,
1945-01-24,35,16,
1945-01-25,35,19,
1945-01-26,35,20,
1945-01-27,29,20,
1945-01-28,27,16,
1945-01-29,24,9,
1945-01-30,21,7,
1945-01-31,14,-2,
1945-02-01,16,-1,
1945-02-02,24,12,
1945-02-03,30,19,
1945-02-04,34,28,
1945-02-05,32,25,
1945-02-06,32,28,
1945-02-07,34,29,
1945-02-08,34,25,
1945-02-09,47,24,
1945-02-10,41,33,
1945-02-11,43,27,
1945-02-12,45,29,
1945-02-13,44,33,
1945-02-14,54,33,
1945-02-15,66,39,
1945-02-16,44,30,
1945-02-17,32,20,
1945-02-18,29,11,
1945-02-19,32,13,
1945-02-20,35,28,
1945-02-21,55,32,
1945-02-22,55,29,
1945-02-23,39,26,
1945-02-24,56,29,
1945-02-25,54,37,
1945-02-26,52,20,
1945-02-27,32,20,
1945-02-28,35,26,
1945-03-01,44,24,
1945-03-02,47,37,
1945-03-03,58,35,
1945-03-04,52,28,
1945-03-05,60,44,
1945-03-06,60,30,
1945-03-07,36,24,
1945-03-08,41,25,
1945-03-09,55,28,
1945-03-10,53,32,
1945-03-11,56,32,
1945-03-12,56,41,
1945-03-13,59,35,
1945-03-14,69,37,
1945-03-15,70,50,
1945-03-16,78,46,
1945-03-17,79,57,
1945-03-18,71,45,
1945-03-19,66,57,
1945-03-20,61,40,
1945-03-21,53,36,
1945-03-22,62,33,
1945-03-23,72,42,
1945-03-24,75,54,
1945-03-25,69,57,
1945-03-26,70,52,
1945-03-27,78,49,
1945-03-28,76,53,
1945-03-29,73,46,
1945-03-30,55,44,
1945-03-31,64,42,
1945-04-01,60,45,
1945-04-02,64,49,
1945-04-03,59,40,
1945-04-04,63,38,
1945-04-05,47,30,
1945-04-06,55,31,
1945-04-07,65,38,
1945-04-08,69,43,
1945-04-09,72,48,
1945-04-10,76,52,
1945-04-11,77,55,
1945-04-12,73,59,
1945-04-13,73,57,
1945-04-14,69,44,
1945-04-15,49,39,
1945-04-16,67,48,
1945-04-17,55,39,
1945-04-18,50,36,
1945-04-19,58,32,
1945-04-20,66,47,
1945-04-21,63,50,
1945-04-22,64,36,
1945-04-23,63,47,
1945-04-24,60,47,
1945-04-25,50,39,
1945-04-26,50,38,
1945-04-27,59,38,
1945-04-28,55,38,
1945-04-29,63,37,
1945-04-30,66,44,
1945-05-01,59,34,
1945-05-02,57,46,
1945-05-03,49,39,
1945-05-04,55,42,
1945-05-05,65,40,
1945-05-06,71,43,
1945-05-07,68,48,
1945-05-08,55,43,
1945-05-09,52,35,
1945-05-10,53,37,
1945-05-11,62,35,
1945-05-12,75,50,
1945-05-13,72,49,
1945-05-14,72,53,
1945-05-15,53,41,
1945-05-16,50,45,
1945-05-17,52,46,
1945-05-18,64,43,
1945-05-19,66,45,
1945-05-20,76,52,
1945-05-21,82,62,
1945-05-22,73,51,
1945-05-23,75,49,
1945-05-24,75,55,
1945-05-25,72,58,
1945-05-26,84,53,
1945-05-27,80,60,
1945-05-28,79,65,
1945-05-29,74,56,
1945-05-30,79,49,
1945-05-31,78,56,
1945-06-01,81,64,
1945-06-02,77,54,
1945-06-03,54,45,
1945-06-04,64,37,
1945-06-05,63,40,
1945-06-06,65,49,
1945-06-07,62,52,
1945-06-08,77,53,
1945-06-09,75,57,
1945-06-10,77,64,
1945-06-11,77,62,
1945-06-12,76,57,
1945-06-13,79,63,
1945-06-14,80,67,
1945-06-15,82,65,
1945-06-16,78,63,
1945-06-17,68,60,
1945-06-18,76,54,
1945-06-19,76,55,
1945-06-20,77,59,
1945-06-21,80,57,
1945-06-22,83,56,
1945-06-23,87,61,
1945-06-24,89,65,
1945-06-25,84,65,
1945-06-26,78,52,
1945-06-27,86,65,
1945-06-28,90,74,
1945-06-29,88,73,
1945-06-30,87,66,
1945-07-01,77,65,
1945-07-02,73,53,
1945-07-03,77,51,
1945-07-04,84,56,
1945-07-05,85,69,
1945-07-06,83,60,
1945-07-07,85,61,
1945-07-08,85,61,
1945-07-09,86,65,
1945-07-10,83,57,
1945-07-11,78,50,
1945-07-12,84,55,
1945-07-13,88,64,
1945-07-14,75,64,
1945-07-15,79,53,
1945-07-16,77,51,
1945-07-17,78,51,
1945-07-18,85,61,
1945-07-19,88,60,
1945-07-20,91,67,
1945-07-21,90,70,
1945-07-22,96,72,
1945-07-23,96,67,
1945-07-24,96,73,
1945-07-25,94,77,
1945-07-26,89,63,
1945-07-27,84,62,
1945-07-28,82,65,
1945-07-29,82,61,
1945-07-30,87,64,
1945-07-31,92,71,
1945-08-01,94,74,
1945-08-02,91,69,
1945-08-03,87,67,
1945-08-04,80,57,
1945-08-05,88,66,
1945-08-06,87,68,
1945-08-07,82,62,
1945-08-08,80,56,
1945-08-09,81,56,
1945-08-10,83,62,
1945-08-11,80,66,
1945-08-12,82,65,
1945-08-13,85,68,
1945-08-14,83,74,
1945-08-15,79,60,
1945-08-16,78,58,
1945-08-17,83,59,
1945-08-18,86,65,
1945-08-19,86,65,
1945-08-20,88,65,
1945-08-21,90,67,
1945-08-22,75,61,
1945-08-23,74,54,
1945-08-24,77,53,
1945-08-25,75,59,
1945-08-26,75,47,
1945-08-27,83,54,
1945-08-28,86,58,
1945-08-29,88,65,
1945-08-30,92,68,
1945-08-31,92,66,
1945-09-01,86,70,
1945-09-02,79,58,
1945-09-03,79,53,
1945-09-04,87,58,
1945-09-05,89,62,
1945-09-06,89,64,
1945-09-07,86,68,
1945-09-08,78,69,
1945-09-09,89,64,
1945-09-10,85,66,
1945-09-11,70,48,
1945-09-12,66,52,
1945-09-13,60,52,
1945-09-14,61,53,
1945-09-15,73,52,
1945-09-16,67,51,
1945-09-17,74,50,
1945-09-18,75,55,
1945-09-19,84,55,
1945-09-20,76,58,
1945-09-21,73,48,
1945-09-22,76,58,
1945-09-23,86,66,
1945-09-24,81,65,
1945-09-25,74,62,
1945-09-26,70,54,
1945-09-27,73,64,
1945-09-28,82,57,
1945-09-29,59,46,
1945-09-30,54,44,
1945-10-01,63,50,
1945-10-02,63,46,
1945-10-03,62,37,
1945-10-04,68,39,
1945-10-05,66,50,
1945-10-06,71,57,
1945-10-07,71,45,
1945-10-08,62,43,
1945-10-09,50,33,
1945-10-10,56,31,
1945-10-11,72,39,
1945-10-12,69,46,
1945-10-13,59,38,
1945-10-14,53,41,
1945-10-15,57,32,
1945-10-16,67,37,
1945-10-17,75,40,
1945-10-18,73,47,
1945-10-19,61,51,
1945-10-20,66,38,
1945-10-21,69,47,
1945-10-22,62,44,
1945-10-23,52,36,
1945-10-24,50,40,
1945-10-25,60,35,
1945-10-26,55,34,
1945-10-27,71,36,
1945-10-28,75,48,
1945-10-29,72,48,
1945-10-30,73,49,
1945-10-31,68,41,
1945-11-01,70,46,
1945-11-02,69,46,
1945-11-03,47,30,
1945-11-04,42,22,
1945-11-05,67,36,
1945-11-06,64,48,
1945-11-07,72,57,
1945-11-08,72,54,
1945-11-09,54,32,
1945-11-10,45,33,
1945-11-11,45,33,
1945-11-12,67,44,
1945-11-13,66,43,
1945-11-14,43,31,
1945-11-15,44,23,
1945-11-16,54,33,
1945-11-17,59,43,
1945-11-18,53,33,
1945-11-19,46,33,
1945-11-20,43,27,
1945-11-21,45,25,
1945-11-22,25,17,
1945-11-23,29,17,
1945-11-24,45,18,
1945-11-25,40,23,
1945-11-26,44,25,
1945-11-27,43,33,
1945-11-28,36,32,
1945-11-29,37,33,
1945-11-30,36,30,
1945-12-01,37,32,
1945-12-02,44,32,
1945-12-03,38,32,
1945-12-04,34,27,
1945-12-05,42,23,
1945-12-06,44,28,
1945-12-07,50,29,
1945-12-08,56,30,
1945-12-09,47,21,
1945-12-10,21,12,
1945-12-11,20,9,
1945-12-12,26,10,
1945-12-13,30,22,
1945-12-14,25,12,
1945-12-15,12,-1,
1945-12-16,12,-2,
1945-12-17,14,-3,
1945-12-18,14,3,
1945-12-19,17,5,
1945-12-20,21,-8,
1945-12-21,18,-2,
1945-12-22,16,7,
1945-12-23,21,14,
1945-12-24,35,18,
1945-12-25,37,18,
1945-12-26,29,22,
1945-12-27,28,13,
1945-12-28,36,25,
1945-12-29,40,30,
1945-12-30,38,32,
1945-12-31,33,19,
1946-01-01,20,7,
1946-01-02,31,12,
1946-01-03,36,25,
1946-01-04,45,33,
1946-01-05,56,42,
1946-01-06,57,48,
1946-01-07,50,29,
1946-01-08,39,28,
1946-01-09,51,36,
1946-01-10,38,28,
1946-01-11,34,27,
1946-01-12,34,20,
1946-01-13,23,9,
1946-01-14,40,19,
1946-01-15,34,22,
1946-01-16,31,14,
1946-01-17,41,19,
1946-01-18,48,28,
1946-01-19,41,25,
1946-01-20,30,22,
1946-01-21,26,8,
1946-01-22,15,-4,
1946-01-23,35,10,
1946-01-24,33,17,
1946-01-25,45,11,
1946-01-26,35,7,
1946-01-27,28,1,
1946-01-28,42,20,
1946-01-29,37,24,
1946-01-30,50,30,
1946-01-31,32,12,
1946-02-01,44,15,
1946-02-02,34,16,
1946-02-03,39,15,
1946-02-04,43,32,
1946-02-05,56,40,
1946-02-06,55,26,
1946-02-07,33,17,
1946-02-08,55,24,
1946-02-09,45,23,
1946-02-10,33,20,
1946-02-11,43,21,
1946-02-12,44,28,
1946-02-13,41,32,
1946-02-14,33,12,
1946-02-15,26,0,
1946-02-16,50,24,
1946-02-17,41,23,
1946-02-18,44,25,
1946-02-19,40,33,
1946-02-20,36,23,
1946-02-21,38,28,
1946-02-22,49,33,
1946-02-23,43,30,
1946-02-24,36,28,
1946-02-25,50,25,
1946-02-26,55,34,
1946-02-27,35,28,
1946-02-28,48,21,
1946-03-01,60,34,
1946-03-02,61,29,
1946-03-03,69,33,
1946-03-04,61,43,
1946-03-05,69,45,
1946-03-06,63,49,
1946-03-07,54,35,
1946-03-08,54,34,
1946-03-09,42,22,
1946-03-10,37,29,
1946-03-11,50,22,
1946-03-12,65,38,
1946-03-13,68,45,
1946-03-14,61,51,
1946-03-15,66,46,
1946-03-16,66,49,
1946-03-17,66,49,
1946-03-18,58,47,
1946-03-19,50,41,
1946-03-20,61,38,
1946-03-21,65,41,
1946-03-22,69,51,
1946-03-23,59,41,
1946-03-24,59,43,
1946-03-25,65,44,
1946-03-26,71,54,
1946-03-27,74,46,
1946-03-28,77,52,
1946-03-29,76,51,
1946-03-30,68,41,
1946-03-31,67,37,
1946-04-01,83,54,
1946-04-02,80,59,
1946-04-03,82,47,
1946-04-04,73,43,
1946-04-05,60,33,
1946-04-06,57,49,
1946-04-07,63,33,
1946-04-08,63,49,
1946-04-09,55,34,
1946-04-10,50,34,
1946-04-11,46,33,
1946-04-12,54,27,
1946-04-13,66,37,
1946-04-14,71,45,
1946-04-15,65,51,
1946-04-16,55,33,
1946-04-17,65,34,
1946-04-18,71,47,
1946-04-19,78,43,
1946-04-20,72,47,
1946-04-21,83,44,
1946-04-22,82,58,
1946-04-23,74,59,
1946-04-24,72,47,
1946-04-25,68,49,
1946-04-26,55,36,
1946-04-27,58,29,
1946-04-28,53,42,
1946-04-29,66,46,
1946-04-30,65,48,
1946-05-01,62,50,
1946-05-02,63,56,
1946-05-03,62,48,
1946-05-04,51,43,
1946-05-05,68,43,
1946-05-06,67,55,
1946-05-07,60,44,
1946-05-08,63,41,
1946-05-09,74,46,
1946-05-10,63,55,
1946-05-11,61,44,
1946-05-12,58,38,
1946-05-13,58,38,
1946-05-14,70,51,
1946-05-15,79,57,
1946-05-16,68,50,
1946-05-17,59,47,
1946-05-18,68,53,
1946-05-19,70,52,
1946-05-20,67,51,
1946-05-21,68,45,
1946-05-22,72,49,
1946-05-23,75,52,
1946-05-24,78,62,
1946-05-25,72,58,
1946-05-26,63,49,
1946-05-27,76,50,
1946-05-28,75,48,
1946-05-29,76,48,
1946-05-30,80,54,
1946-05-31,76,63,
1946-06-01,70,53,
1946-06-02,63,48,
1946-06-03,68,43,
1946-06-04,74,44,
1946-06-05,76,48,
1946-06-06,80,58,
1946-06-07,88,54,
1946-06-08,87,67,
1946-06-09,85,58,
1946-06-10,88,55,
1946-06-11,89,69,
1946-06-12,87,65,
1946-06-13,81,65,
1946-06-14,80,51,
1946-06-15,77,59,
1946-06-16,93,69,
1946-06-17,90,72,
1946-06-18,87,68,
1946-06-19,74,56,
1946-06-20,73,58,
1946-06-21,74,54,
1946-06-22,85,55,
1946-06-23,88,64,
1946-06-24,87,65,
1946-06-25,83,63,
1946-06-26,88,67,
1946-06-27,90,67,
1946-06-28,90,68,
1946-06-29,91,68,
1946-06-30,88,71,
1946-07-01,81,69,
1946-07-02,79,53,
1946-07-03,80,55,
1946-07-04,84,57,
1946-07-05,88,64,
1946-07-06,89,64,
1946-07-07,93,67,
1946-07-08,90,73,
1946-07-09,93,69,
1946-07-10,85,70,
1946-07-11,86,71,
1946-07-12,83,61,
1946-07-13,87,58,
1946-07-14,90,63,
1946-07-15,88,68,
1946-07-16,84,60,
1946-07-17,81,70,
1946-07-18,97,69,
1946-07-19,99,67,
1946-07-20,82,69,
1946-07-21,84,63,
1946-07-22,84,60,
1946-07-23,86,59,
1946-07-24,89,71,
1946-07-25,82,61,
1946-07-26,78,54,
1946-07-27,79,56,
1946-07-28,86,60,
1946-07-29,89,61,
1946-07-30,89,65,
1946-07-31,85,64,
1946-08-01,87,59,
1946-08-02,85,67,
1946-08-03,86,67,
1946-08-04,90,67,
1946-08-05,86,67,
1946-08-06,78,64,
1946-08-07,83,64,
1946-08-08,82,64,
1946-08-09,91,69,
1946-08-10,82,60,
1946-08-11,76,57,
1946-08-12,77,54,
1946-08-13,70,57,
1946-08-14,72,59,
1946-08-15,84,67,
1946-08-16,87,69,
1946-08-17,87,58,
1946-08-18,87,67,
1946-08-19,79,57,
1946-08-20,80,57,
1946-08-21,82,62,
1946-08-22,83,60,
1946-08-23,80,51,
1946-08-24,75,51,
1946-08-25,79,51,
1946-08-26,78,52,
1946-08-27,78,52,
1946-08-28,78,55,
1946-08-29,78,56,
1946-08-30,73,45,
1946-08-31,78,49,
1946-09-01,75,58,
1946-09-02,72,46,
1946-09-03,74,51,
1946-09-04,78,50,
1946-09-05,82,55,
1946-09-06,89,62,
1946-09-07,89,66,
1946-09-08,89,64,
1946-09-09,87,66,
1946-09-10,78,68,
1946-09-11,81,52,
1946-09-12,73,50,
1946-09-13,69,47,
1946-09-14,80,53,
1946-09-15,82,56,
1946-09-16,82,60,
1946-09-17,82,53,
1946-09-18,83,52,
1946-09-19,83,58,
1946-09-20,75,58,
1946-09-21,79,44,
1946-09-22,80,57,
1946-09-23,73,58,
1946-09-24,74,42,
1946-09-25,75,45,
1946-09-26,89,51,
1946-09-27,86,57,
1946-09-28,87,58,
1946-09-29,71,52,
1946-09-30,64,41,
1946-10-01,66,38,
1946-10-02,73,40,
1946-10-03,80,45,
1946-10-04,82,49,
1946-10-05,85,52,
1946-10-06,87,53,
1946-10-07,86,53,
1946-10-08,82,55,
1946-10-09,83,48,
1946-10-10,84,55,
1946-10-11,72,49,
1946-10-12,54,32,
1946-10-13,70,35,
1946-10-14,74,49,
1946-10-15,75,44,
1946-10-16,68,50,
1946-10-17,60,57,
1946-10-18,62,47,
1946-10-19,57,38,
1946-10-20,65,40,
1946-10-21,66,42,
1946-10-22,71,44,
1946-10-23,78,50,
1946-10-24,72,55,
1946-10-25,64,44,
1946-10-26,74,44,
1946-10-27,73,46,
1946-10-28,77,53,
1946-10-29,78,63,
1946-10-30,78,61,
1946-10-31,70,48,
1946-11-01,60,51,
1946-11-02,64,58,
1946-11-03,65,52,
1946-11-04,65,43,
1946-11-05,55,36,
1946-11-06,54,39,
1946-11-07,59,47,
1946-11-08,48,43,
1946-11-09,46,40,
1946-11-10,57,42,
1946-11-11,44,38,
1946-11-12,49,38,
1946-11-13,51,32,
1946-11-14,59,34,
1946-11-15,63,38,
1946-11-16,56,40,
1946-11-17,40,24,
1946-11-18,47,24,
1946-11-19,58,30,
1946-11-20,58,32,
1946-11-21,62,40,
1946-11-22,40,24,
1946-11-23,50,22,
1946-11-24,57,41,
1946-11-25,57,36,
1946-11-26,45,34,
1946-11-27,47,31,
1946-11-28,54,25,
1946-11-29,53,32,
1946-11-30,62,33,
1946-12-01,52,23,
1946-12-02,31,14,
1946-12-03,43,26,
1946-12-04,57,25,
1946-12-05,58,37,
1946-12-06,61,35,
1946-12-07,65,40,
1946-12-08,65,51,
1946-12-09,58,53,
1946-12-10,58,43,
1946-12-11,47,30,
1946-12-12,60,33,
1946-12-13,34,25,
1946-12-14,38,21,
1946-12-15,33,22,
1946-12-16,52,30,
1946-12-17,52,18,
1946-12-18,24,13,
1946-12-19,34,14,
1946-12-20,32,27,
1946-12-21,34,29,
1946-12-22,38,23,
1946-12-23,44,33,
1946-12-24,40,23,
1946-12-25,44,20,
1946-12-26,40,30,
1946-12-27,60,30,
1946-12-28,63,33,
1946-12-29,34,15,
1946-12-30,24,10,
1946-12-31,20,8,
1947-01-01,25,6,
1947-01-02,30,23,
1947-01-03,29,14,
1947-01-04,17,9,
1947-01-05,23,5,
1947-01-06,28,19,
1947-01-07,37,24,
1947-01-08,37,25,
1947-01-09,32,21,
1947-01-10,44,23,
1947-01-11,43,35,
1947-01-12,39,28,
1947-01-13,47,33,
1947-01-14,56,39,
1947-01-15,44,34,
1947-01-16,40,28,
1947-01-17,38,24,
1947-01-18,48,26,
1947-01-19,46,31,
1947-01-20,39,28,
1947-01-21,28,4,
1947-01-22,28,6,
1947-01-23,51,18,
1947-01-24,56,38,
1947-01-25,48,29,
1947-01-26,50,30,
1947-01-27,59,38,
1947-01-28,45,28,
1947-01-29,40,33,
1947-01-30,57,30,
1947-01-31,30,21,
1947-02-01,28,18,
1947-02-02,33,8,
1947-02-03,46,27,
1947-02-04,30,3,
1947-02-05,21,3,
1947-02-06,22,13,
1947-02-07,15,0,
1947-02-08,15,-1,
1947-02-09,16,3,
1947-02-10,26,7,
1947-02-11,35,10,
1947-02-12,43,30,
1947-02-13,47,25,
1947-02-14,55,33,
1947-02-15,50,33,
1947-02-16,45,31,
1947-02-17,38,29,
1947-02-18,35,22,
1947-02-19,28,10,
1947-02-20,35,14,
1947-02-21,29,20,
1947-02-22,28,18,
1947-02-23,23,10,
1947-02-24,28,10,
1947-02-25,30,22,
1947-02-26,33,23,
1947-02-27,30,15,
1947-02-28,35,18,
1947-03-01,29,23,
1947-03-02,30,19,
1947-03-03,29,13,
1947-03-04,34,16,
1947-03-05,38,25,
1947-03-06,40,28,
1947-03-07,35,29,
1947-03-08,38,20,
1947-03-09,38,21,
1947-03-10,42,21,
1947-03-11,47,26,
1947-03-12,58,31,
1947-03-13,51,41,
1947-03-14,51,27,
1947-03-15,28,19,
1947-03-16,34,19,
1947-03-17,38,23,
1947-03-18,40,23,
1947-03-19,45,26,
1947-03-20,44,31,
1947-03-21,40,32,
1947-03-22,52,25,
1947-03-23,64,44,
1947-03-24,55,33,
1947-03-25,33,26,
1947-03-26,32,18,
1947-03-27,38,28,
1947-03-28,48,28,
1947-03-29,48,35,
1947-03-30,46,25,
1947-03-31,57,34,
1947-04-01,60,46,
1947-04-02,55,39,
1947-04-03,57,39,
1947-04-04,58,46,
1947-04-05,72,55,
1947-04-06,64,44,
1947-04-07,53,35,
1947-04-08,49,40,
1947-04-09,56,34,
1947-04-10,78,48,
1947-04-11,59,46,
1947-04-12,50,38,
1947-04-13,51,30,
1947-04-14,67,38,
1947-04-15,60,43,
1947-04-16,48,38,
1947-04-17,57,32,
1947-04-18,69,37,
1947-04-19,63,44,
1947-04-20,49,38,
1947-04-21,59,34,
1947-04-22,58,44,
1947-04-23,77,52,
1947-04-24,70,43,
1947-04-25,59,41,
1947-04-26,68,38,
1947-04-27,65,44,
1947-04-28,66,33,
1947-04-29,64,51,
1947-04-30,73,57,
1947-05-01,71,53,
1947-05-02,59,44,
1947-05-03,61,43,
1947-05-04,69,50,
1947-05-05,61,42,
1947-05-06,62,45,
1947-05-07,59,37,
1947-05-08,54,36,
1947-05-09,56,31,
1947-05-10,62,36,
1947-05-11,73,41,
1947-05-12,80,55,
1947-05-13,75,62,
1947-05-14,77,54,
1947-05-15,85,55,
1947-05-16,69,62,
1947-05-17,77,56,
1947-05-18,71,58,
1947-05-19,76,57,
1947-05-20,71,54,
1947-05-21,69,47,
1947-05-22,73,50,
1947-05-23,76,56,
1947-05-24,68,51,
1947-05-25,69,49,
1947-05-26,72,55,
1947-05-27,67,49,
1947-05-28,65,55,
1947-05-29,72,39,
1947-05-30,63,40,
1947-05-31,74,47,
1947-06-01,74,59,
1947-06-02,70,51,
1947-06-03,68,41,
1947-06-04,76,51,
1947-06-05,83,63,
1947-06-06,79,66,
1947-06-07,82,63,
1947-06-08,79,62,
1947-06-09,89,62,
1947-06-10,88,70,
1947-06-11,83,62,
1947-06-12,74,52,
1947-06-13,80,62,
1947-06-14,71,52,
1947-06-15,70,52,
1947-06-16,77,50,
1947-06-17,76,58,
1947-06-18,67,58,
1947-06-19,65,52,
1947-06-20,75,57,
1947-06-21,79,58,
1947-06-22,78,64,
1947-06-23,75,62,
1947-06-24,81,63,
1947-06-25,74,61,
1947-06-26,83,63,
1947-06-27,82,68,
1947-06-28,91,64,
1947-06-29,88,66,
1947-06-30,85,67,
1947-07-01,80,69,
1947-07-02,79,57,
1947-07-03,82,53,
1947-07-04,84,61,
1947-07-05,80,63,
1947-07-06,83,64,
1947-07-07,78,56,
1947-07-08,81,55,
1947-07-09,78,55,
1947-07-10,81,62,
1947-07-11,84,59,
1947-07-12,89,65,
1947-07-13,90,67,
1947-07-14,89,70,
1947-07-15,88,66,
1947-07-16,84,65,
1947-07-17,89,66,
1947-07-18,89,66,
1947-07-19,85,58,
1947-07-20,75,53,
1947-07-21,73,54,
1947-07-22,73,48,
1947-07-23,79,48,
1947-07-24,79,55,
1947-07-25,85,60,
1947-07-26,87,69,
1947-07-27,91,67,
1947-07-28,88,66,
1947-07-29,90,62,
1947-07-30,95,67,
1947-07-31,92,75,
1947-08-01,83,52,
1947-08-02,95,67,
1947-08-03,98,76,
1947-08-04,99,74,
1947-08-05,99,73,
1947-08-06,99,74,
1947-08-07,97,73,
1947-08-08,88,62,
1947-08-09,89,62,
1947-08-10,90,61,
1947-08-11,92,68,
1947-08-12,91,70,
1947-08-13,92,71,
1947-08-14,94,74,
1947-08-15,90,71,
1947-08-16,85,66,
1947-08-17,93,71,
1947-08-18,93,72,
1947-08-19,94,73,
1947-08-20,95,74,
1947-08-21,94,74,
1947-08-22,97,76,
1947-08-23,98,74,
1947-08-24,96,74,
1947-08-25,92,72,
1947-08-26,80,67,
1947-08-27,85,63,
1947-08-28,91,66,
1947-08-29,86,69,
1947-08-30,92,70,
1947-08-31,88,70,
1947-09-01,85,68,
1947-09-02,88,60,
1947-09-03,91,63,
1947-09-04,86,70,
1947-09-05,80,70,
1947-09-06,87,63,
1947-09-07,87,65,
1947-09-08,90,67,
1947-09-09,83,68,
1947-09-10,88,69,
1947-09-11,93,69,
1947-09-12,81,67,
1947-09-13,77,59,
1947-09-14,87,56,
1947-09-15,80,53,
1947-09-16,73,46,
1947-09-17,81,50,
1947-09-18,89,63,
1947-09-19,88,63,
1947-09-20,89,66,
1947-09-21,81,57,
1947-09-22,58,45,
1947-09-23,66,36,
1947-09-24,77,44,
1947-09-25,66,49,
1947-09-26,62,40,
1947-09-27,63,39,
1947-09-28,72,46,
1947-09-29,68,52,
1947-09-30,55,39,
1947-10-01,58,38,
1947-10-02,73,46,
1947-10-03,83,52,
1947-10-04,72,60,
1947-10-05,74,52,
1947-10-06,82,52,
1947-10-07,83,55,
1947-10-08,72,54,
1947-10-09,71,45,
1947-10-10,72,41,
1947-10-11,79,51,
1947-10-12,84,57,
1947-10-13,80,62,
1947-10-14,85,50,
1947-10-15,85,55,
1947-10-16,84,57,
1947-10-17,73,60,
1947-10-18,76,61,
1947-10-19,78,57,
1947-10-20,80,50,
1947-10-21,83,52,
1947-10-22,84,56,
1947-10-23,84,52,
1947-10-24,78,53,
1947-10-25,78,55,
1947-10-26,69,61,
1947-10-27,65,53,
1947-10-28,54,47,
1947-10-29,55,46,
1947-10-30,61,40,
1947-10-31,60,43,
1947-11-01,56,50,
1947-11-02,56,42,
1947-11-03,53,44,
1947-11-04,61,48,
1947-11-05,55,46,
1947-11-06,54,33,
1947-11-07,53,36,
1947-11-08,42,31,
1947-11-09,45,28,
1947-11-10,48,34,
1947-11-11,48,31,
1947-11-12,43,27,
1947-11-13,33,20,
1947-11-14,40,29,
1947-11-15,46,37,
1947-11-16,40,35,
1947-11-17,40,27,
1947-11-18,39,31,
1947-11-19,48,33,
1947-11-20,50,36,
1947-11-21,50,37,
1947-11-22,50,33,
1947-11-23,34,23,
1947-11-24,35,25,
1947-11-25,32,25,
1947-11-26,31,20,
1947-11-27,35,27,
1947-11-28,32,18,
1947-11-29,38,13,
1947-11-30,29,5,
1947-12-01,43,20,
1947-12-02,51,30,
1947-12-03,48,39,
1947-12-04,48,38,
1947-12-05,48,34,
1947-12-06,41,27,
1947-12-07,55,40,
1947-12-08,55,27,
1947-12-09,32,18,
1947-12-10,31,26,
1947-12-11,30,26,
1947-12-12,27,23,
1947-12-13,30,24,
1947-12-14,43,22,
1947-12-15,37,30,
1947-12-16,32,14,
1947-12-17,38,19,
1947-12-18,43,30,
1947-12-19,36,24,
1947-12-20,34,26,
1947-12-21,40,24,
1947-12-22,36,24,
1947-12-23,36,28,
1947-12-24,30,22,
1947-12-25,34,19,
1947-12-26,33,20,
1947-12-27,47,26,
1947-12-28,40,24,
1947-12-29,44,20,
1947-12-30,54,37,
1947-12-31,54,32,
1948-01-01,38,33,
1948-01-02,33,27,
1948-01-03,33,28,
1948-01-04,33,28,
1948-01-05,36,26,
1948-01-06,35,24,
1948-01-07,45,26,
1948-01-08,52,32,
1948-01-09,50,34,
1948-01-10,35,28,
1948-01-11,36,28,
1948-01-12,45,32,
1948-01-13,32,14,
1948-01-14,15,3,
1948-01-15,38,9,
1948-01-16,37,7,
1948-01-17,13,-3,
1948-01-18,19,1,
1948-01-19,33,NA,
1948-01-20,41,14,
1948-01-21,33,16,
1948-01-22,26,1,
1948-01-23,16,-2,
1948-01-24,19,5,
1948-01-25,26,8,
1948-01-26,21,11,
1948-01-27,17,3,
1948-01-28,19,-2,
1948-01-29,30,1,
1948-01-30,28,15,
1948-01-31,23,12,
1948-02-01,33,9,
1948-02-02,42,18,
1948-02-03,30,10,
1948-02-04,28,15,
1948-02-05,18,8,
1948-02-06,28,1,
1948-02-07,31,18,
1948-02-08,28,3,
1948-02-09,18,0,
1948-02-10,29,7,
1948-02-11,35,24,
1948-02-12,33,24,
1948-02-13,34,29,
1948-02-14,31,15,
1948-02-15,39,10,
1948-02-16,49,33,
1948-02-17,55,32,
1948-02-18,63,39,
1948-02-19,56,27,
1948-02-20,28,14,
1948-02-21,27,18,
1948-02-22,36,17,
1948-02-23,45,27,
1948-02-24,45,33,
1948-02-25,45,42,
1948-02-26,55,38,
1948-02-27,60,39,
1948-02-28,53,38,
1948-02-29,39,29,
1948-03-01,34,28,
1948-03-02,40,30,
1948-03-03,34,27,
1948-03-04,36,22,
1948-03-05,35,18,
1948-03-06,38,31,
1948-03-07,38,30,
1948-03-08,35,25,
1948-03-09,38,23,
1948-03-10,29,19,
1948-03-11,22,9,
1948-03-12,22,4,
1948-03-13,40,11,
1948-03-14,53,26,
1948-03-15,55,45,
1948-03-16,55,38,
1948-03-17,51,34,
1948-03-18,62,35,
1948-03-19,68,53,
1948-03-20,75,44,
1948-03-21,70,58,
1948-03-22,58,44,
1948-03-23,48,40,
1948-03-24,59,32,
1948-03-25,64,39,
1948-03-26,70,51,
1948-03-27,59,31,
1948-03-28,41,27,
1948-03-29,56,27,
1948-03-30,55,33,
1948-03-31,55,48,
1948-04-01,50,38,
1948-04-02,48,35,
1948-04-03,57,32,
1948-04-04,69,40,
1948-04-05,73,40,
1948-04-06,63,46,
1948-04-07,76,45,
1948-04-08,75,46,
1948-04-09,51,30,
1948-04-10,58,41,
1948-04-11,68,52,
1948-04-12,64,37,
1948-04-13,40,35,
1948-04-14,58,39,
1948-04-15,62,37,
1948-04-16,68,46,
1948-04-17,66,32,
1948-04-18,74,40,
1948-04-19,79,60,
1948-04-20,78,62,
1948-04-21,62,41,
1948-04-22,67,42,
1948-04-23,81,55,
1948-04-24,81,61,
1948-04-25,82,58,
1948-04-26,77,62,
1948-04-27,81,58,
1948-04-28,68,50,
1948-04-29,64,42,
1948-04-30,63,42,
1948-05-01,68,50,
1948-05-02,66,49,
1948-05-03,65,43,
1948-05-04,67,48,
1948-05-05,68,46,
1948-05-06,62,53,
1948-05-07,62,42,
1948-05-08,66,43,
1948-05-09,74,57,
1948-05-10,82,65,
1948-05-11,67,52,
1948-05-12,58,47,
1948-05-13,59,48,
1948-05-14,67,46,
1948-05-15,68,56,
1948-05-16,77,55,
1948-05-17,70,50,
1948-05-18,72,53,
1948-05-19,73,40,
1948-05-20,81,49,
1948-05-21,83,62,
1948-05-22,77,46,
1948-05-23,80,56,
1948-05-24,75,43,
1948-05-25,72,42,
1948-05-26,77,48,
1948-05-27,81,54,
1948-05-28,86,57,
1948-05-29,75,48,
1948-05-30,75,50,
1948-05-31,79,55,
1948-06-01,86,54,
1948-06-02,88,55,
1948-06-03,91,60,
1948-06-04,90,67,
1948-06-05,87,66,
1948-06-06,78,62,
1948-06-07,85,59,
1948-06-08,78,55,
1948-06-09,82,54,
1948-06-10,86,61,
1948-06-11,92,67,
1948-06-12,84,63,
1948-06-13,84,55,
1948-06-14,81,56,
1948-06-15,76,62,
1948-06-16,77,51,
1948-06-17,79,51,
1948-06-18,89,66,
1948-06-19,85,68,
1948-06-20,78,50,
1948-06-21,86,64,
1948-06-22,88,67,
1948-06-23,88,73,
1948-06-24,84,69,
1948-06-25,83,65,
1948-06-26,87,66,
1948-06-27,85,67,
1948-06-28,86,66,
1948-06-29,78,67,
1948-06-30,78,60,
1948-07-01,78,52,
1948-07-02,86,57,
1948-07-03,87,62,
1948-07-04,89,63,
1948-07-05,83,63,
1948-07-06,96,66,
1948-07-07,85,59,
1948-07-08,85,62,
1948-07-09,90,62,
1948-07-10,89,69,
1948-07-11,91,67,
1948-07-12,91,68,
1948-07-13,90,69,
1948-07-14,76,69,
1948-07-15,85,67,
1948-07-16,88,69,
1948-07-17,89,68,
1948-07-18,87,66,
1948-07-19,83,67,
1948-07-20,85,66,
1948-07-21,88,71,
1948-07-22,84,68,
1948-07-23,78,62,
1948-07-24,79,55,
1948-07-25,81,58,
1948-07-26,85,68,
1948-07-27,89,64,
1948-07-28,88,66,
1948-07-29,89,66,
1948-07-30,83,76,
1948-07-31,81,60,
1948-08-01,84,59,
1948-08-02,81,53,
1948-08-03,81,59,
1948-08-04,73,59,
1948-08-05,76,52,
1948-08-06,77,49,
1948-08-07,80,59,
1948-08-08,82,63,
1948-08-09,83,61,
1948-08-10,87,63,
1948-08-11,86,65,
1948-08-12,90,65,
1948-08-13,90,66,
1948-08-14,80,57,
1948-08-15,83,58,
1948-08-16,84,59,
1948-08-17,89,62,
1948-08-18,86,62,
1948-08-19,82,59,
1948-08-20,84,56,
1948-08-21,89,61,
1948-08-22,91,68,
1948-08-23,93,66,
1948-08-24,95,66,
1948-08-25,96,67,
1948-08-26,96,68,
1948-08-27,95,70,
1948-08-28,93,68,
1948-08-29,95,72,
1948-08-30,91,65,
1948-08-31,81,59,
1948-09-01,77,53,
1948-09-02,86,57,
1948-09-03,82,66,
1948-09-04,85,59,
1948-09-05,79,64,
1948-09-06,78,65,
1948-09-07,88,64,
1948-09-08,80,62,
1948-09-09,76,53,
1948-09-10,77,58,
1948-09-11,86,56,
1948-09-12,89,57,
1948-09-13,90,61,
1948-09-14,80,55,
1948-09-15,86,48,
1948-09-16,87,51,
1948-09-17,90,59,
1948-09-18,90,60,
1948-09-19,94,69,
1948-09-20,94,69,
1948-09-21,81,66,
1948-09-22,71,56,
1948-09-23,67,44,
1948-09-24,68,NA,
1948-09-25,69,46,
1948-09-26,71,48,
1948-09-27,75,45,
1948-09-28,75,50,
1948-09-29,68,55,
1948-09-30,69,56,
1948-10-01,80,55,
1948-10-02,68,50,
1948-10-03,61,42,
1948-10-04,65,38,
1948-10-05,64,49,
1948-10-06,69,49,
1948-10-07,61,48,
1948-10-08,56,43,
1948-10-09,67,43,
1948-10-10,60,45,
1948-10-11,57,41,
1948-10-12,63,45,
1948-10-13,72,42,
1948-10-14,66,38,
1948-10-15,70,39,
1948-10-16,64,46,
1948-10-17,49,33,
1948-10-18,50,22,
1948-10-19,62,35,
1948-10-20,59,33,
1948-10-21,52,39,
1948-10-22,65,43,
1948-10-23,60,42,
1948-10-24,61,35,
1948-10-25,62,39,
1948-10-26,68,35,
1948-10-27,69,39,
1948-10-28,70,42,
1948-10-29,73,40,
1948-10-30,73,47,
1948-10-31,63,54,
1948-11-01,65,49,
1948-11-02,62,51,
1948-11-03,60,55,
1948-11-04,72,54,
1948-11-05,65,54,
1948-11-06,55,45,
1948-11-07,56,34,
1948-11-08,61,37,
1948-11-09,54,37,
1948-11-10,44,29,
1948-11-11,56,30,
1948-11-12,48,37,
1948-11-13,44,32,
1948-11-14,57,29,
1948-11-15,60,30,
1948-11-16,60,40,
1948-11-17,56,33,
1948-11-18,60,36,
1948-11-19,62,40,
1948-11-20,46,32,
1948-11-21,49,30,
1948-11-22,41,33,
1948-11-23,33,29,
1948-11-24,45,22,
1948-11-25,57,25,
1948-11-26,53,35,
1948-11-27,51,24,
1948-11-28,42,34,
1948-11-29,44,25,
1948-11-30,50,26,
1948-12-01,43,22,
1948-12-02,52,24,
1948-12-03,57,28,
1948-12-04,58,29,
1948-12-05,61,36,
1948-12-06,45,29,
1948-12-07,38,30,
1948-12-08,31,19,
1948-12-09,33,19,
1948-12-10,29,10,
1948-12-11,43,11,
1948-12-12,55,39,
1948-12-13,62,32,
1948-12-14,63,40,
1948-12-15,70,56,
1948-12-16,62,33,
1948-12-17,38,22,
1948-12-18,32,25,
1948-12-19,34,27,
1948-12-20,40,26,
1948-12-21,45,30,
1948-12-22,36,22,
1948-12-23,28,23,
1948-12-24,28,22,
1948-12-25,27,14,
1948-12-26,25,8,
1948-12-27,36,13,
1948-12-28,43,18,
1948-12-29,36,32,
1948-12-30,33,23,
1948-12-31,38,19,
1949-01-01,32,18,
1949-01-02,37,25,
1949-01-03,44,33,
1949-01-04,52,35,
1949-01-05,46,26,
1949-01-06,43,24,
1949-01-07,53,28,
1949-01-08,53,34,
1949-01-09,49,35,
1949-01-10,36,32,
1949-01-11,32,30,
1949-01-12,31,28,
1949-01-13,33,25,
1949-01-14,38,25,
1949-01-15,64,30,
1949-01-16,59,28,
1949-01-17,28,15,
1949-01-18,36,20,
1949-01-19,34,14,
1949-01-20,29,7,
1949-01-21,36,26,
1949-01-22,32,15,
1949-01-23,41,29,
1949-01-24,41,28,
1949-01-25,32,22,
1949-01-26,31,24,
1949-01-27,46,28,
1949-01-28,42,15,
1949-01-29,15,0,
1949-01-30,14,-3,
1949-01-31,24,8,
1949-02-01,34,12,
1949-02-02,29,9,
1949-02-03,35,22,
1949-02-04,34,22,
1949-02-05,31,10,
1949-02-06,36,18,
1949-02-07,36,12,
1949-02-08,51,31,
1949-02-09,37,19,
1949-02-10,30,21,
1949-02-11,42,17,
1949-02-12,53,36,
1949-02-13,46,30,
1949-02-14,35,23,
1949-02-15,34,24,
1949-02-16,41,25,
1949-02-17,44,19,
1949-02-18,58,34,
1949-02-19,55,33,
1949-02-20,40,33,
1949-02-21,43,32,
1949-02-22,42,34,
1949-02-23,43,31,
1949-02-24,46,33,
1949-02-25,33,28,
1949-02-26,44,26,
1949-02-27,41,30,
1949-02-28,30,18,
1949-03-01,36,14,
1949-03-02,46,16,
1949-03-03,39,33,
1949-03-04,61,31,
1949-03-05,64,38,
1949-03-06,49,30,
1949-03-07,43,20,
1949-03-08,54,35,
1949-03-09,47,33,
1949-03-10,35,28,
1949-03-11,31,21,
1949-03-12,36,22,
1949-03-13,44,24,
1949-03-14,39,28,
1949-03-15,30,14,
1949-03-16,37,22,
1949-03-17,39,25,
1949-03-18,38,23,
1949-03-19,37,17,
1949-03-20,59,27,
1949-03-21,70,42,
1949-03-22,61,39,
1949-03-23,42,32,
1949-03-24,69,37,
1949-03-25,65,50,
1949-03-26,64,47,
1949-03-27,63,47,
1949-03-28,69,44,
1949-03-29,71,42,
1949-03-30,62,44,
1949-03-31,61,42,
1949-04-01,44,36,
1949-04-02,53,31,
1949-04-03,54,34,
1949-04-04,58,31,
1949-04-05,58,38,
1949-04-06,60,34,
1949-04-07,64,44,
1949-04-08,57,38,
1949-04-09,58,31,
1949-04-10,52,35,
1949-04-11,67,42,
1949-04-12,72,43,
1949-04-13,76,51,
1949-04-14,71,46,
1949-04-15,47,31,
1949-04-16,47,27,
1949-04-17,61,37,
1949-04-18,44,34,
1949-04-19,58,33,
1949-04-20,64,36,
1949-04-21,73,41,
1949-04-22,71,55,
1949-04-23,69,46,
1949-04-24,62,36,
1949-04-25,76,38,
1949-04-26,72,57,
1949-04-27,71,51,
1949-04-28,66,43,
1949-04-29,76,42,
1949-04-30,67,53,
1949-05-01,76,57,
1949-05-02,80,49,
1949-05-03,87,55,
1949-05-04,89,60,
1949-05-05,91,64,
1949-05-06,91,63,
1949-05-07,86,48,
1949-05-08,75,46,
1949-05-09,74,58,
1949-05-10,69,46,
1949-05-11,72,38,
1949-05-12,85,53,
1949-05-13,84,54,
1949-05-14,86,62,
1949-05-15,84,60,
1949-05-16,79,62,
1949-05-17,86,64,
1949-05-18,82,62,
1949-05-19,77,58,
1949-05-20,59,45,
1949-05-21,72,54,
1949-05-22,70,59,
1949-05-23,73,55,
1949-05-24,67,54,
1949-05-25,67,40,
1949-05-26,64,45,
1949-05-27,73,48,
1949-05-28,71,47,
1949-05-29,73,46,
1949-05-30,77,52,
1949-05-31,86,58,
1949-06-01,88,62,
1949-06-02,84,65,
1949-06-03,90,67,
1949-06-04,89,64,
1949-06-05,84,63,
1949-06-06,87,57,
1949-06-07,78,56,
1949-06-08,75,48,
1949-06-09,80,50,
1949-06-10,80,58,
1949-06-11,81,67,
1949-06-12,83,68,
1949-06-13,79,70,
1949-06-14,79,69,
1949-06-15,77,60,
1949-06-16,73,57,
1949-06-17,81,65,
1949-06-18,88,65,
1949-06-19,89,67,
1949-06-20,86,68,
1949-06-21,86,70,
1949-06-22,85,65,
1949-06-23,87,66,
1949-06-24,92,67,
1949-06-25,91,72,
1949-06-26,88,73,
1949-06-27,90,69,
1949-06-28,95,72,
1949-06-29,88,69,
1949-06-30,93,71,
1949-07-01,97,72,
1949-07-02,97,73,
1949-07-03,91,73,
1949-07-04,94,72,
1949-07-05,93,75,
1949-07-06,91,73,
1949-07-07,89,72,
1949-07-08,90,73,
1949-07-09,87,75,
1949-07-10,84,71,
1949-07-11,84,60,
1949-07-12,85,65,
1949-07-13,87,62,
1949-07-14,89,63,
1949-07-15,84,66,
1949-07-16,87,63,
1949-07-17,88,61,
1949-07-18,87,67,
1949-07-19,89,70,
1949-07-20,86,74,
1949-07-21,89,72,
1949-07-22,86,72,
1949-07-23,84,69,
1949-07-24,90,70,
1949-07-25,87,71,
1949-07-26,84,73,
1949-07-27,90,71,
1949-07-28,92,72,
1949-07-29,91,74,
1949-07-30,84,71,
1949-07-31,76,57,
1949-08-01,82,56,
1949-08-02,80,66,
1949-08-03,83,64,
1949-08-04,82,61,
1949-08-05,83,60,
1949-08-06,88,63,
1949-08-07,91,68,
1949-08-08,94,70,
1949-08-09,93,70,
1949-08-10,93,72,
1949-08-11,92,73,
1949-08-12,83,70,
1949-08-13,83,72,
1949-08-14,85,69,
1949-08-15,84,72,
1949-08-16,86,71,
1949-08-17,86,69,
1949-08-18,84,68,
1949-08-19,NA,68,
1949-08-20,74,53,
1949-08-21,77,52,
1949-08-22,83,53,
1949-08-23,86,55,
1949-08-24,88,59,
1949-08-25,90,64,
1949-08-26,89,65,
1949-08-27,82,67,
1949-08-28,79,65,
1949-08-29,83,56,
1949-08-30,86,58,
1949-08-31,81,58,
1949-09-01,72,48,
1949-09-02,79,48,
1949-09-03,85,52,
1949-09-04,86,66,
1949-09-05,77,66,
1949-09-06,78,56,
1949-09-07,82,63,
1949-09-08,74,50,
1949-09-09,75,50,
1949-09-10,80,48,
1949-09-11,75,58,
1949-09-12,68,65,
1949-09-13,68,60,
1949-09-14,63,42,
1949-09-15,69,50,
1949-09-16,69,47,
1949-09-17,73,57,
1949-09-18,80,58,
1949-09-19,75,53,
1949-09-20,77,46,
1949-09-21,68,56,
1949-09-22,76,47,
1949-09-23,66,45,
1949-09-24,72,38,
1949-09-25,73,43,
1949-09-26,79,45,
1949-09-27,79,57,
1949-09-28,68,48,
1949-09-29,61,36,
1949-09-30,71,34,
1949-10-01,78,39,
1949-10-02,70,53,
1949-10-03,67,63,
1949-10-04,75,63,
1949-10-05,70,58,
1949-10-06,66,61,
1949-10-07,84,57,
1949-10-08,86,62,
1949-10-09,86,66,
1949-10-10,83,68,
1949-10-11,72,59,
1949-10-12,66,45,
1949-10-13,69,39,
1949-10-14,72,45,
1949-10-15,63,48,
1949-10-16,70,43,
1949-10-17,73,53,
1949-10-18,74,53,
1949-10-19,73,57,
1949-10-20,70,57,
1949-10-21,70,61,
1949-10-22,65,38,
1949-10-23,63,44,
1949-10-24,57,40,
1949-10-25,59,33,
1949-10-26,52,32,
1949-10-27,59,31,
1949-10-28,68,34,
1949-10-29,69,40,
1949-10-30,59,41,
1949-10-31,47,33,
1949-11-01,52,24,
1949-11-02,46,38,
1949-11-03,44,31,
1949-11-04,56,31,
1949-11-05,51,29,
1949-11-06,59,32,
1949-11-07,69,39,
1949-11-08,69,39,
1949-11-09,70,40,
1949-11-10,74,51,
1949-11-11,75,51,
1949-11-12,69,57,
1949-11-13,61,46,
1949-11-14,55,35,
1949-11-15,45,34,
1949-11-16,46,29,
1949-11-17,42,32,
1949-11-18,39,28,
1949-11-19,59,29,
1949-11-20,52,39,
1949-11-21,39,29,
1949-11-22,38,19,
1949-11-23,45,34,
1949-11-24,44,30,
1949-11-25,36,26,
1949-11-26,41,20,
1949-11-27,40,34,
1949-11-28,60,32,
1949-11-29,60,38,
1949-11-30,50,32,
1949-12-01,47,31,
1949-12-02,39,20,
1949-12-03,52,28,
1949-12-04,45,34,
1949-12-05,44,24,
1949-12-06,48,25,
1949-12-07,46,27,
1949-12-08,32,22,
1949-12-09,28,15,
1949-12-10,42,26,
1949-12-11,64,42,
1949-12-12,62,27,
1949-12-13,32,18,
1949-12-14,27,15,
1949-12-15,28,6,
1949-12-16,38,18,
1949-12-17,40,28,
1949-12-18,41,37,
1949-12-19,48,38,
1949-12-20,61,48,
1949-12-21,60,46,
1949-12-22,52,26,
1949-12-23,39,11,
1949-12-24,38,24,
1949-12-25,43,32,
1949-12-26,44,36,
1949-12-27,40,34,
1949-12-28,48,27,
1949-12-29,51,30,
1949-12-30,54,32,
1949-12-31,49,38,
1950-01-01,50,44,
1950-01-02,60,47,
1950-01-03,60,40,
1950-01-04,50,10,
1950-01-05,22,9,
1950-01-06,29,22,
1950-01-07,32,18,
1950-01-08,36,19,
1950-01-09,45,30,
1950-01-10,53,29,
1950-01-11,32,21,
1950-01-12,40,27,
1950-01-13,61,39,
1950-01-14,50,22,
1950-01-15,59,28,
1950-01-16,30,13,
1950-01-17,43,23,
1950-01-18,39,14,
1950-01-19,27,10,
1950-01-20,34,16,
1950-01-21,44,26,
1950-01-22,42,35,
1950-01-23,46,38,
1950-01-24,68,37,
1950-01-25,69,50,
1950-01-26,50,23,
1950-01-27,34,15,
1950-01-28,43,25,
1950-01-29,46,20,
1950-01-30,23,15,
1950-01-31,27,21,
1950-02-01,31,21,
1950-02-02,32,23,
1950-02-03,37,15,
1950-02-04,44,25,
1950-02-05,42,29,
1950-02-06,43,38,
1950-02-07,41,32,
1950-02-08,38,31,
1950-02-09,42,34,
1950-02-10,50,33,
1950-02-11,47,28,
1950-02-12,41,35,
1950-02-13,39,32,
1950-02-14,37,31,
1950-02-15,31,27,
1950-02-16,35,18,
1950-02-17,39,19,
1950-02-18,38,22,
1950-02-19,34,14,
1950-02-20,34,16,
1950-02-21,40,31,
1950-02-22,40,22,
1950-02-23,38,16,
1950-02-24,34,14,
1950-02-25,18,7,
1950-02-26,22,-4,
1950-02-27,34,1,
1950-02-28,45,33,
1950-03-01,NA,20,
1950-03-02,21,5,
1950-03-03,34,13,
1950-03-04,50,17,
1950-03-05,61,36,
1950-03-06,60,36,
1950-03-07,54,40,
1950-03-08,50,18,
1950-03-09,30,15,
1950-03-10,42,23,
1950-03-11,43,33,
1950-03-12,35,22,
1950-03-13,30,21,
1950-03-14,40,14,
1950-03-15,40,28,
1950-03-16,40,29,
1950-03-17,48,34,
1950-03-18,34,23,
1950-03-19,36,27,
1950-03-20,40,34,
1950-03-21,46,35,
1950-03-22,42,33,
1950-03-23,53,33,
1950-03-24,51,39,
1950-03-25,55,33,
1950-03-26,73,43,
1950-03-27,59,50,
1950-03-28,50,34,
1950-03-29,39,29,
1950-03-30,46,24,
1950-03-31,57,33,
1950-04-01,50,35,
1950-04-02,54,34,
1950-04-03,55,46,
1950-04-04,48,36,
1950-04-05,39,31,
1950-04-06,41,27,
1950-04-07,55,31,
1950-04-08,45,36,
1950-04-09,40,33,
1950-04-10,69,39,
1950-04-11,55,36,
1950-04-12,42,30,
1950-04-13,38,21,
1950-04-14,48,26,
1950-04-15,55,28,
1950-04-16,65,34,
1950-04-17,67,44,
1950-04-18,65,45,
1950-04-19,55,44,
1950-04-20,50,36,
1950-04-21,59,31,
1950-04-22,77,40,
1950-04-23,74,60,
1950-04-24,72,53,
1950-04-25,64,45,
1950-04-26,57,36,
1950-04-27,53,36,
1950-04-28,50,35,
1950-04-29,52,43,
1950-04-30,52,42,
1950-05-01,59,41,
1950-05-02,66,44,
1950-05-03,76,55,
1950-05-04,80,64,
1950-05-05,80,67,
1950-05-06,77,49,
1950-05-07,72,54,
1950-05-08,68,42,
1950-05-09,75,58,
1950-05-10,69,50,
1950-05-11,60,52,
1950-05-12,74,46,
1950-05-13,79,50,
1950-05-14,79,52,
1950-05-15,81,56,
1950-05-16,77,44,
1950-05-17,80,53,
1950-05-18,83,50,
1950-05-19,76,53,
1950-05-20,76,53,
1950-05-21,78,52,
1950-05-22,71,53,
1950-05-23,89,55,
1950-05-24,91,63,
1950-05-25,90,66,
1950-05-26,78,52,
1950-05-27,70,50,
1950-05-28,65,54,
1950-05-29,79,55,
1950-05-30,79,62,
1950-05-31,77,62,
1950-06-01,79,52,
1950-06-02,85,61,
1950-06-03,73,57,
1950-06-04,75,47,
1950-06-05,79,53,
1950-06-06,83,58,
1950-06-07,86,61,
1950-06-08,87,63,
1950-06-09,84,69,
1950-06-10,82,66,
1950-06-11,78,54,
1950-06-12,79,57,
1950-06-13,81,63,
1950-06-14,85,69,
1950-06-15,88,65,
1950-06-16,89,69,
1950-06-17,76,48,
1950-06-18,66,57,
1950-06-19,68,56,
1950-06-20,70,55,
1950-06-21,84,58,
1950-06-22,86,64,
1950-06-23,87,73,
1950-06-24,86,74,
1950-06-25,91,70,
1950-06-26,90,75,
1950-06-27,84,59,
1950-06-28,71,58,
1950-06-29,76,55,
1950-06-30,81,55,
1950-07-01,84,54,
1950-07-02,81,66,
1950-07-03,78,64,
1950-07-04,86,65,
1950-07-05,83,60,
1950-07-06,80,57,
1950-07-07,81,52,
1950-07-08,84,58,
1950-07-09,85,61,
1950-07-10,86,64,
1950-07-11,89,62,
1950-07-12,90,66,
1950-07-13,87,65,
1950-07-14,78,50,
1950-07-15,85,56,
1950-07-16,83,67,
1950-07-17,86,70,
1950-07-18,85,66,
1950-07-19,84,69,
1950-07-20,81,61,
1950-07-21,77,59,
1950-07-22,80,60,
1950-07-23,84,64,
1950-07-24,84,66,
1950-07-25,80,59,
1950-07-26,82,67,
1950-07-27,84,64,
1950-07-28,86,64,
1950-07-29,87,63,
1950-07-30,88,66,
1950-07-31,83,70,
1950-08-01,81,69,
1950-08-02,72,62,
1950-08-03,76,51,
1950-08-04,81,56,
1950-08-05,82,60,
1950-08-06,84,54,
1950-08-07,85,59,
1950-08-08,77,64,
1950-08-09,81,61,
1950-08-10,87,61,
1950-08-11,77,64,
1950-08-12,71,55,
1950-08-13,77,58,
1950-08-14,78,62,
1950-08-15,83,65,
1950-08-16,89,63,
1950-08-17,88,65,
1950-08-18,80,64,
1950-08-19,80,58,
1950-08-20,70,48,
1950-08-21,73,44,
1950-08-22,78,51,
1950-08-23,83,54,
1950-08-24,83,59,
1950-08-25,83,59,
1950-08-26,84,61,
1950-08-27,87,66,
1950-08-28,78,66,
1950-08-29,84,64,
1950-08-30,80,60,
1950-08-31,76,65,
1950-09-01,74,67,
1950-09-02,77,67,
1950-09-03,83,64,
1950-09-04,72,55,
1950-09-05,71,48,
1950-09-06,74,48,
1950-09-07,77,50,
1950-09-08,77,61,
1950-09-09,82,62,
1950-09-10,71,65,
1950-09-11,80,65,
1950-09-12,69,63,
1950-09-13,71,55,
1950-09-14,65,52,
1950-09-15,75,49,
1950-09-16,77,50,
1950-09-17,77,56,
1950-09-18,83,54,
1950-09-19,84,68,
1950-09-20,74,66,
1950-09-21,85,64,
1950-09-22,73,58,
1950-09-23,72,54,
1950-09-24,55,37,
1950-09-25,69,38,
1950-09-26,72,41,
1950-09-27,64,59,
1950-09-28,73,60,
1950-09-29,80,60,
1950-09-30,77,59,
1950-10-01,82,61,
1950-10-02,77,62,
1950-10-03,67,45,
1950-10-04,57,39,
1950-10-05,63,34,
1950-10-06,70,49,
1950-10-07,65,56,
1950-10-08,57,52,
1950-10-09,68,51,
1950-10-10,72,45,
1950-10-11,74,53,
1950-10-12,68,46,
1950-10-13,66,43,
1950-10-14,81,53,
1950-10-15,74,48,
1950-10-16,83,53,
1950-10-17,87,54,
1950-10-18,84,53,
1950-10-19,86,52,
1950-10-20,67,50,
1950-10-21,74,43,
1950-10-22,69,51,
1950-10-23,61,49,
1950-10-24,56,42,
1950-10-25,60,37,
1950-10-26,51,39,
1950-10-27,78,50,
1950-10-28,76,50,
1950-10-29,77,49,
1950-10-30,84,52,
1950-10-31,83,60,
1950-11-01,80,61,
1950-11-02,65,40,
1950-11-03,47,37,
1950-11-04,44,34,
1950-11-05,52,25,
1950-11-06,62,42,
1950-11-07,54,38,
1950-11-08,47,42,
1950-11-09,46,32,
1950-11-10,32,25,
1950-11-11,33,16,
1950-11-12,43,23,
1950-11-13,47,29,
1950-11-14,55,29,
1950-11-15,59,48,
1950-11-16,64,37,
1950-11-17,44,27,
1950-11-18,53,31,
1950-11-19,53,42,
1950-11-20,51,23,
1950-11-21,39,18,
1950-11-22,35,25,
1950-11-23,33,8,
1950-11-24,9,-3,
1950-11-25,16,-5,
1950-11-26,29,16,
1950-11-27,30,20,
1950-11-28,34,19,
1950-11-29,34,23,
1950-11-30,40,27,
1950-12-01,34,27,
1950-12-02,64,34,
1950-12-03,56,23,
1950-12-04,34,19,
1950-12-05,34,29,
1950-12-06,33,18,
1950-12-07,18,6,
1950-12-08,24,10,
1950-12-09,29,4,
1950-12-10,25,17,
1950-12-11,24,12,
1950-12-12,28,19,
1950-12-13,27,14,
1950-12-14,31,NA,
1950-12-15,23,13,
1950-12-16,20,5,
1950-12-17,19,0,
1950-12-18,20,0,
1950-12-19,20,-1,
1950-12-20,25,9,
1950-12-21,28,3,
1950-12-22,35,23,
1950-12-23,41,14,
1950-12-24,39,20,
1950-12-25,20,14,
1950-12-26,22,7,
1950-12-27,19,-1,
1950-12-28,30,4,
1950-12-29,30,17,
1950-12-30,27,18,
1950-12-31,34,14,
1951-01-01,38,25,
1951-01-02,45,35,
1951-01-03,45,30,
1951-01-04,33,26,
1951-01-05,43,27,
1951-01-06,39,25,
1951-01-07,25,13,
1951-01-08,24,8,
1951-01-09,43,17,
1951-01-10,39,31,
1951-01-11,37,18,
1951-01-12,41,26,
1951-01-13,35,30,
1951-01-14,34,32,
1951-01-15,33,27,
1951-01-16,38,19,
1951-01-17,48,35,
1951-01-18,59,36,
1951-01-19,57,34,
1951-01-20,57,29,
1951-01-21,29,13,
1951-01-22,36,14,
1951-01-23,39,31,
1951-01-24,35,17,
1951-01-25,25,10,
1951-01-26,29,8,
1951-01-27,34,21,
1951-01-28,27,15,
1951-01-29,15,-6,
1951-01-30,12,-10,
1951-01-31,NA,NA,
1951-02-01,4,-2,
1951-02-02,13,-18,
1951-02-03,22,3,
1951-02-04,38,20,
1951-02-05,34,27,
1951-02-06,36,28,
1951-02-07,32,3,
1951-02-08,10,2,
1951-02-09,18,-4,
1951-02-10,34,7,
1951-02-11,39,31,
1951-02-12,48,39,
1951-02-13,45,25,
1951-02-14,25,17,
1951-02-15,32,22,
1951-02-16,40,32,
1951-02-17,43,31,
1951-02-18,44,35,
1951-02-19,45,42,
1951-02-20,43,36,
1951-02-21,39,32,
1951-02-22,37,29,
1951-02-23,48,27,
1951-02-24,55,31,
1951-02-25,62,42,
1951-02-26,57,47,
1951-02-27,57,39,
1951-02-28,50,29,
1951-03-01,50,31,
1951-03-02,48,33,
1951-03-03,60,36,
1951-03-04,48,26,
1951-03-05,58,31,
1951-03-06,71,44,
1951-03-07,63,37,
1951-03-08,49,32,
1951-03-09,36,20,
1951-03-10,35,28,
1951-03-11,35,29,
1951-03-12,33,29,
1951-03-13,34,29,
1951-03-14,37,27,
1951-03-15,36,31,
1951-03-16,37,20,
1951-03-17,35,27,
1951-03-18,40,31,
1951-03-19,31,20,
1951-03-20,33,21,
1951-03-21,30,13,
1951-03-22,57,20,
1951-03-23,67,37,
1951-03-24,40,24,
1951-03-25,38,26,
1951-03-26,48,22,
1951-03-27,54,36,
1951-03-28,57,46,
1951-03-29,62,51,
1951-03-30,56,34,
1951-03-31,47,30,
1951-04-01,37,30,
1951-04-02,44,31,
1951-04-03,43,33,
1951-04-04,58,32,
1951-04-05,64,32,
1951-04-06,59,46,
1951-04-07,57,44,
1951-04-08,51,33,
1951-04-09,46,37,
1951-04-10,54,38,
1951-04-11,49,40,
1951-04-12,40,32,
1951-04-13,42,36,
1951-04-14,57,34,
1951-04-15,51,41,
1951-04-16,41,32,
1951-04-17,52,29,
1951-04-18,66,38,
1951-04-19,55,34,
1951-04-20,60,35,
1951-04-21,60,42,
1951-04-22,58,43,
1951-04-23,61,33,
1951-04-24,62,43,
1951-04-25,75,53,
1951-04-26,61,40,
1951-04-27,75,44,
1951-04-28,82,52,
1951-04-29,78,62,
1951-04-30,82,61,
1951-05-01,84,62,
1951-05-02,80,62,
1951-05-03,80,55,
1951-05-04,69,49,
1951-05-05,65,45,
1951-05-06,59,45,
1951-05-07,66,40,
1951-05-08,73,47,
1951-05-09,71,50,
1951-05-10,65,53,
1951-05-11,58,42,
1951-05-12,73,44,
1951-05-13,76,44,
1951-05-14,81,52,
1951-05-15,83,55,
1951-05-16,86,60,
1951-05-17,89,59,
1951-05-18,88,62,
1951-05-19,90,63,
1951-05-20,81,60,
1951-05-21,84,61,
1951-05-22,72,64,
1951-05-23,70,42,
1951-05-24,79,44,
1951-05-25,82,54,
1951-05-26,72,57,
1951-05-27,65,51,
1951-05-28,70,54,
1951-05-29,74,50,
1951-05-30,79,55,
1951-05-31,80,59,
1951-06-01,95,65,
1951-06-02,92,65,
1951-06-03,72,63,
1951-06-04,63,55,
1951-06-05,68,42,
1951-06-06,74,50,
1951-06-07,70,59,
1951-06-08,72,60,
1951-06-09,76,57,
1951-06-10,74,55,
1951-06-11,81,55,
1951-06-12,78,61,
1951-06-13,79,60,
1951-06-14,77,53,
1951-06-15,82,58,
1951-06-16,71,63,
1951-06-17,83,64,
1951-06-18,86,62,
1951-06-19,85,68,
1951-06-20,79,65,
1951-06-21,78,63,
1951-06-22,76,61,
1951-06-23,76,58,
1951-06-24,82,63,
1951-06-25,82,56,
1951-06-26,84,62,
1951-06-27,84,64,
1951-06-28,76,62,
1951-06-29,72,55,
1951-06-30,69,60,
1951-07-01,75,55,
1951-07-02,79,55,
1951-07-03,83,62,
1951-07-04,77,68,
1951-07-05,74,54,
1951-07-06,81,53,
1951-07-07,86,60,
1951-07-08,90,73,
1951-07-09,86,64,
1951-07-10,84,68,
1951-07-11,81,67,
1951-07-12,73,68,
1951-07-13,80,61,
1951-07-14,82,61,
1951-07-15,87,63,
1951-07-16,88,66,
1951-07-17,85,68,
1951-07-18,88,66,
1951-07-19,83,69,
1951-07-20,82,59,
1951-07-21,90,67,
1951-07-22,85,73,
1951-07-23,77,67,
1951-07-24,83,65,
1951-07-25,87,64,
1951-07-26,89,67,
1951-07-27,91,71,
1951-07-28,84,64,
1951-07-29,84,64,
1951-07-30,87,63,
1951-07-31,88,70,
1951-08-01,84,64,
1951-08-02,88,62,
1951-08-03,88,68,
1951-08-04,78,52,
1951-08-05,79,56,
1951-08-06,84,60,
1951-08-07,82,66,
1951-08-08,84,65,
1951-08-09,80,63,
1951-08-10,83,58,
1951-08-11,82,61,
1951-08-12,85,65,
1951-08-13,88,61,
1951-08-14,88,64,
1951-08-15,82,68,
1951-08-16,76,61,
1951-08-17,79,58,
1951-08-18,80,57,
1951-08-19,83,55,
1951-08-20,81,63,
1951-08-21,78,64,
1951-08-22,77,54,
1951-08-23,76,50,
1951-08-24,79,49,
1951-08-25,80,58,
1951-08-26,75,61,
1951-08-27,74,66,
1951-08-28,83,66,
1951-08-29,84,69,
1951-08-30,94,73,
1951-08-31,94,73,
1951-09-01,NA,63,
1951-09-02,68,62,
1951-09-03,66,60,
1951-09-04,67,50,
1951-09-05,70,53,
1951-09-06,72,62,
1951-09-07,68,52,
1951-09-08,73,46,
1951-09-09,75,51,
1951-09-10,78,62,
1951-09-11,84,57,
1951-09-12,88,62,
1951-09-13,75,53,
1951-09-14,78,53,
1951-09-15,68,48,
1951-09-16,69,49,
1951-09-17,73,45,
1951-09-18,80,50,
1951-09-19,80,55,
1951-09-20,82,54,
1951-09-21,84,55,
1951-09-22,72,52,
1951-09-23,72,45,
1951-09-24,64,54,
1951-09-25,69,59,
1951-09-26,80,55,
1951-09-27,74,53,
1951-09-28,58,37,
1951-09-29,63,36,
1951-09-30,64,52,
1951-10-01,83,56,
1951-10-02,80,59,
1951-10-03,84,62,
1951-10-04,88,61,
1951-10-05,81,61,
1951-10-06,61,52,
1951-10-07,55,47,
1951-10-08,57,40,
1951-10-09,60,36,
1951-10-10,64,40,
1951-10-11,69,37,
1951-10-12,75,44,
1951-10-13,70,45,
1951-10-14,74,47,
1951-10-15,78,50,
1951-10-16,80,50,
1951-10-17,81,52,
1951-10-18,79,49,
1951-10-19,56,41,
1951-10-20,63,34,
1951-10-21,78,42,
1951-10-22,70,58,
1951-10-23,58,48,
1951-10-24,55,39,
1951-10-25,64,35,
1951-10-26,69,43,
1951-10-27,60,44,
1951-10-28,57,40,
1951-10-29,56,37,
1951-10-30,60,39,
1951-10-31,54,31,
1951-11-01,44,29,
1951-11-02,37,20,
1951-11-03,32,11,
1951-11-04,29,15,
1951-11-05,33,23,
1951-11-06,31,24,
1951-11-07,32,26,
1951-11-08,32,10,
1951-11-09,39,23,
1951-11-10,47,29,
1951-11-11,55,30,
1951-11-12,52,45,
1951-11-13,66,47,
1951-11-14,55,41,
1951-11-15,44,33,
1951-11-16,39,29,
1951-11-17,32,24,
1951-11-18,29,21,
1951-11-19,32,18,
1951-11-20,40,20,
1951-11-21,52,26,
1951-11-22,55,43,
1951-11-23,49,29,
1951-11-24,31,22,
1951-11-25,37,25,
1951-11-26,39,31,
1951-11-27,38,23,
1951-11-28,51,27,
1951-11-29,55,30,
1951-11-30,59,36,
1951-12-01,60,32,
1951-12-02,63,41,
1951-12-03,58,48,
1951-12-04,57,39,
1951-12-05,48,40,
1951-12-06,62,42,
1951-12-07,60,43,
1951-12-08,44,33,
1951-12-09,35,31,
1951-12-10,35,22,
1951-12-11,36,29,
1951-12-12,30,13,
1951-12-13,24,12,
1951-12-14,21,17,
1951-12-15,17,-5,
1951-12-16,6,-11,
1951-12-17,31,6,
1951-12-18,28,9,
1951-12-19,23,4,
1951-12-20,34,23,
1951-12-21,33,5,
1951-12-22,25,3,
1951-12-23,33,17,
1951-12-24,25,-1,
1951-12-25,34,19,
1951-12-26,27,17,
1951-12-27,25,4,
1951-12-28,36,19,
1951-12-29,40,31,
1951-12-30,38,35,
1951-12-31,64,37,
1952-01-01,NA,21,
1952-01-02,25,19,
1952-01-03,24,11,
1952-01-04,32,19,
1952-01-05,27,19,
1952-01-06,27,21,
1952-01-07,31,24,
1952-01-08,43,28,
1952-01-09,35,27,
1952-01-10,34,20,
1952-01-11,34,23,
1952-01-12,43,28,
1952-01-13,49,37,
1952-01-14,61,36,
1952-01-15,56,37,
1952-01-16,47,32,
1952-01-17,68,38,
1952-01-18,45,28,
1952-01-19,60,37,
1952-01-20,38,25,
1952-01-21,31,20,
1952-01-22,36,21,
1952-01-23,21,12,
1952-01-24,24,6,
1952-01-25,39,24,
1952-01-26,46,36,
1952-01-27,36,30,
1952-01-28,30,10,
1952-01-29,16,2,
1952-01-30,29,6,
1952-01-31,48,21,
1952-02-01,47,37,
1952-02-02,41,29,
1952-02-03,46,37,
1952-02-04,42,30,
1952-02-05,44,29,
1952-02-06,38,26,
1952-02-07,42,25,
1952-02-08,51,30,
1952-02-09,44,24,
1952-02-10,59,30,
1952-02-11,45,32,
1952-02-12,45,29,
1952-02-13,43,33,
1952-02-14,34,25,
1952-02-15,30,25,
1952-02-16,38,26,
1952-02-17,42,23,
1952-02-18,45,26,
1952-02-19,43,33,
1952-02-20,46,30,
1952-02-21,32,25,
1952-02-22,38,21,
1952-02-23,36,29,
1952-02-24,42,32,
1952-02-25,40,22,
1952-02-26,47,23,
1952-02-27,53,26,
1952-02-28,54,36,
1952-02-29,36,31,
1952-03-01,38,18,
1952-03-02,33,25,
1952-03-03,38,33,
1952-03-04,38,18,
1952-03-05,28,10,
1952-03-06,34,17,
1952-03-07,40,20,
1952-03-08,40,28,
1952-03-09,62,36,
1952-03-10,53,44,
1952-03-11,48,33,
1952-03-12,54,29,
1952-03-13,48,35,
1952-03-14,39,31,
1952-03-15,42,26,
1952-03-16,45,25,
1952-03-17,52,27,
1952-03-18,46,40,
1952-03-19,48,38,
1952-03-20,62,35,
1952-03-21,52,36,
1952-03-22,51,37,
1952-03-23,37,25,
1952-03-24,46,22,
1952-03-25,52,29,
1952-03-26,45,24,
1952-03-27,45,27,
1952-03-28,56,28,
1952-03-29,62,33,
1952-03-30,70,42,
1952-03-31,65,49,
1952-04-01,60,43,
1952-04-02,50,36,
1952-04-03,57,31,
1952-04-04,49,34,
1952-04-05,44,32,
1952-04-06,52,32,
1952-04-07,58,33,
1952-04-08,66,34,
1952-04-09,78,46,
1952-04-10,65,35,
1952-04-11,48,29,
1952-04-12,56,39,
1952-04-13,58,40,
1952-04-14,40,37,
1952-04-15,56,34,
1952-04-16,65,34,
1952-04-17,71,45,
1952-04-18,75,48,
1952-04-19,78,50,
1952-04-20,79,55,
1952-04-21,73,57,
1952-04-22,73,57,
1952-04-23,67,45,
1952-04-24,51,40,
1952-04-25,68,39,
1952-04-26,73,41,
1952-04-27,79,47,
1952-04-28,86,60,
1952-04-29,84,54,
1952-04-30,84,50,
1952-05-01,88,56,
1952-05-02,84,62,
1952-05-03,81,49,
1952-05-04,88,58,
1952-05-05,92,65,
1952-05-06,78,59,
1952-05-07,64,52,
1952-05-08,65,50,
1952-05-09,58,50,
1952-05-10,62,49,
1952-05-11,53,41,
1952-05-12,56,44,
1952-05-13,71,43,
1952-05-14,71,48,
1952-05-15,71,53,
1952-05-16,65,50,
1952-05-17,53,47,
1952-05-18,61,41,
1952-05-19,57,50,
1952-05-20,60,50,
1952-05-21,73,47,
1952-05-22,78,57,
1952-05-23,82,61,
1952-05-24,77,63,
1952-05-25,72,60,
1952-05-26,79,54,
1952-05-27,79,60,
1952-05-28,73,51,
1952-05-29,66,44,
1952-05-30,76,48,
1952-05-31,82,53,
1952-06-01,77,51,
1952-06-02,79,59,
1952-06-03,84,63,
1952-06-04,76,53,
1952-06-05,85,60,
1952-06-06,90,65,
1952-06-07,94,69,
1952-06-08,91,72,
1952-06-09,83,64,
1952-06-10,87,64,
1952-06-11,80,60,
1952-06-12,88,60,
1952-06-13,94,71,
1952-06-14,88,68,
1952-06-15,93,71,
1952-06-16,93,73,
1952-06-17,85,70,
1952-06-18,90,60,
1952-06-19,81,69,
1952-06-20,NA,56,
1952-06-21,83,62,
1952-06-22,85,66,
1952-06-23,92,70,
1952-06-24,93,73,
1952-06-25,94,74,
1952-06-26,94,75,
1952-06-27,90,68,
1952-06-28,98,74,
1952-06-29,99,77,
1952-06-30,91,73,
1952-07-01,90,64,
1952-07-02,96,69,
1952-07-03,84,70,
1952-07-04,87,61,
1952-07-05,87,63,
1952-07-06,90,60,
1952-07-07,94,70,
1952-07-08,83,63,
1952-07-09,81,55,
1952-07-10,85,57,
1952-07-11,91,62,
1952-07-12,91,67,
1952-07-13,93,66,
1952-07-14,82,70,
1952-07-15,81,66,
1952-07-16,86,67,
1952-07-17,82,70,
1952-07-18,88,70,
1952-07-19,91,73,
1952-07-20,90,73,
1952-07-21,92,75,
1952-07-22,93,76,
1952-07-23,87,73,
1952-07-24,82,57,
1952-07-25,89,60,
1952-07-26,99,68,
1952-07-27,95,71,
1952-07-28,97,76,
1952-07-29,82,67,
1952-07-30,88,62,
1952-07-31,81,57,
1952-08-01,86,56,
1952-08-02,92,62,
1952-08-03,89,67,
1952-08-04,82,70,
1952-08-05,76,58,
1952-08-06,80,58,
1952-08-07,82,56,
1952-08-08,89,62,
1952-08-09,83,70,
1952-08-10,83,61,
1952-08-11,71,64,
1952-08-12,80,63,
1952-08-13,86,57,
1952-08-14,86,67,
1952-08-15,84,68,
1952-08-16,84,66,
1952-08-17,86,65,
1952-08-18,78,68,
1952-08-19,84,58,
1952-08-20,83,63,
1952-08-21,84,68,
1952-08-22,74,53,
1952-08-23,73,50,
1952-08-24,78,50,
1952-08-25,82,53,
1952-08-26,88,62,
1952-08-27,89,62,
1952-08-28,90,62,
1952-08-29,92,62,
1952-08-30,82,64,
1952-08-31,90,66,
1952-09-01,81,63,
1952-09-02,70,51,
1952-09-03,69,43,
1952-09-04,76,46,
1952-09-05,82,51,
1952-09-06,91,58,
1952-09-07,76,59,
1952-09-08,83,53,
1952-09-09,91,58,
1952-09-10,90,60,
1952-09-11,93,61,
1952-09-12,92,60,
1952-09-13,90,67,
1952-09-14,87,69,
1952-09-15,82,51,
1952-09-16,86,54,
1952-09-17,80,62,
1952-09-18,75,57,
1952-09-19,71,46,
1952-09-20,67,44,
1952-09-21,70,52,
1952-09-22,68,47,
1952-09-23,69,40,
1952-09-24,75,44,
1952-09-25,79,49,
1952-09-26,77,52,
1952-09-27,80,43,
1952-09-28,88,52,
1952-09-29,92,60,
1952-09-30,90,53,
1952-10-01,83,64,
1952-10-02,65,46,
1952-10-03,65,32,
1952-10-04,73,46,
1952-10-05,60,44,
1952-10-06,51,30,
1952-10-07,52,30,
1952-10-08,59,27,
1952-10-09,68,33,
1952-10-10,63,35,
1952-10-11,71,36,
1952-10-12,81,45,
1952-10-13,72,48,
1952-10-14,58,45,
1952-10-15,56,39,
1952-10-16,60,30,
1952-10-17,61,44,
1952-10-18,56,28,
1952-10-19,63,40,
1952-10-20,52,29,
1952-10-21,53,24,
1952-10-22,62,26,
1952-10-23,73,38,
1952-10-24,75,39,
1952-10-25,78,42,
1952-10-26,80,48,
1952-10-27,71,46,
1952-10-28,46,30,
1952-10-29,50,22,
1952-10-30,65,30,
1952-10-31,68,46,
1952-11-01,74,36,
1952-11-02,72,49,
1952-11-03,50,38,
1952-11-04,60,30,
1952-11-05,69,31,
1952-11-06,51,36,
1952-11-07,52,28,
1952-11-08,53,37,
1952-11-09,46,40,
1952-11-10,46,29,
1952-11-11,47,27,
1952-11-12,57,30,
1952-11-13,64,33,
1952-11-14,60,38,
1952-11-15,68,40,
1952-11-16,72,49,
1952-11-17,75,59,
1952-11-18,66,45,
1952-11-19,45,36,
1952-11-20,43,34,
1952-11-21,46,26,
1952-11-22,44,32,
1952-11-23,50,29,
1952-11-24,48,33,
1952-11-25,59,41,
1952-11-26,59,31,
1952-11-27,31,19,
1952-11-28,29,12,
1952-11-29,30,19,
1952-11-30,31,24,
1952-12-01,30,18,
1952-12-02,32,27,
1952-12-03,35,27,
1952-12-04,37,31,
1952-12-05,45,33,
1952-12-06,44,23,
1952-12-07,57,36,
1952-12-08,61,43,
1952-12-09,61,47,
1952-12-10,51,33,
1952-12-11,41,28,
1952-12-12,36,27,
1952-12-13,28,21,
1952-12-14,25,16,
1952-12-15,36,22,
1952-12-16,49,23,
1952-12-17,53,30,
1952-12-18,41,27,
1952-12-19,38,30,
1952-12-20,47,35,
1952-12-21,38,33,
1952-12-22,41,37,
1952-12-23,41,36,
1952-12-24,37,31,
1952-12-25,31,24,
1952-12-26,28,21,
1952-12-27,30,19,
1952-12-28,37,15,
1952-12-29,45,25,
1952-12-30,39,24,
1952-12-31,37,28,
1953-01-01,40,32,
1953-01-02,37,31,
1953-01-03,31,21,
1953-01-04,30,16,
1953-01-05,31,16,
1953-01-06,21,6,
1953-01-07,27,15,
1953-01-08,34,27,
1953-01-09,33,31,
1953-01-10,36,31,
1953-01-11,34,24,
1953-01-12,42,17,
1953-01-13,56,36,
1953-01-14,55,43,
1953-01-15,59,33,
1953-01-16,33,16,
1953-01-17,33,26,
1953-01-18,38,28,
1953-01-19,37,31,
1953-01-20,38,32,
1953-01-21,44,31,
1953-01-22,39,31,
1953-01-23,41,35,
1953-01-24,35,26,
1953-01-25,31,25,
1953-01-26,42,24,
1953-01-27,47,31,
1953-01-28,35,18,
1953-01-29,39,16,
1953-01-30,56,36,
1953-01-31,55,35,
1953-02-01,35,14,
1953-02-02,55,21,
1953-02-03,35,22,
1953-02-04,49,22,
1953-02-05,51,34,
1953-02-06,47,32,
1953-02-07,45,27,
1953-02-08,40,26,
1953-02-09,47,27,
1953-02-10,51,36,
1953-02-11,50,35,
1953-02-12,36,31,
1953-02-13,41,26,
1953-02-14,47,29,
1953-02-15,39,21,
1953-02-16,31,18,
1953-02-17,31,7,
1953-02-18,57,23,
1953-02-19,49,34,
1953-02-20,58,45,
1953-02-21,45,17,
1953-02-22,39,13,
1953-02-23,52,30,
1953-02-24,48,33,
1953-02-25,42,31,
1953-02-26,54,31,
1953-02-27,49,36,
1953-02-28,47,23,
1953-03-01,43,22,
1953-03-02,32,24,
1953-03-03,37,32,
1953-03-04,36,22,
1953-03-05,39,24,
1953-03-06,37,28,
1953-03-07,32,21,
1953-03-08,33,18,
1953-03-09,47,21,
1953-03-10,59,34,
1953-03-11,54,43,
1953-03-12,55,49,
1953-03-13,60,40,
1953-03-14,70,37,
1953-03-15,63,39,
1953-03-16,52,31,
1953-03-17,64,38,
1953-03-18,64,49,
1953-03-19,52,36,
1953-03-20,54,34,
1953-03-21,73,46,
1953-03-22,60,49,
1953-03-23,61,45,
1953-03-24,52,33,
1953-03-25,40,28,
1953-03-26,48,29,
1953-03-27,58,33,
1953-03-28,56,35,
1953-03-29,55,33,
1953-03-30,47,35,
1953-03-31,54,41,
1953-04-01,51,41,
1953-04-02,56,41,
1953-04-03,53,40,
1953-04-04,54,34,
1953-04-05,51,34,
1953-04-06,55,38,
1953-04-07,56,35,
1953-04-08,59,44,
1953-04-09,79,47,
1953-04-10,71,43,
1953-04-11,52,34,
1953-04-12,48,40,
1953-04-13,53,37,
1953-04-14,59,31,
1953-04-15,56,38,
1953-04-16,54,32,
1953-04-17,48,30,
1953-04-18,44,30,
1953-04-19,39,26,
1953-04-20,55,31,
1953-04-21,63,33,
1953-04-22,82,47,
1953-04-23,77,50,
1953-04-24,73,48,
1953-04-25,68,49,
1953-04-26,49,38,
1953-04-27,57,40,
1953-04-28,58,44,
1953-04-29,74,45,
1953-04-30,72,57,
1953-05-01,79,50,
1953-05-02,64,45,
1953-05-03,73,43,
1953-05-04,65,47,
1953-05-05,69,48,
1953-05-06,65,45,
1953-05-07,70,51,
1953-05-08,72,51,
1953-05-09,80,53,
1953-05-10,81,54,
1953-05-11,77,60,
1953-05-12,73,63,
1953-05-13,66,40,
1953-05-14,54,40,
1953-05-15,68,49,
1953-05-16,64,54,
1953-05-17,71,57,
1953-05-18,74,47,
1953-05-19,74,49,
1953-05-20,80,51,
1953-05-21,86,65,
1953-05-22,74,51,
1953-05-23,71,44,
1953-05-24,77,57,
1953-05-25,88,67,
1953-05-26,89,75,
1953-05-27,75,47,
1953-05-28,76,52,
1953-05-29,90,54,
1953-05-30,92,68,
1953-05-31,92,69,
1953-06-01,83,56,
1953-06-02,81,48,
1953-06-03,85,58,
1953-06-04,90,62,
1953-06-05,90,68,
1953-06-06,78,61,
1953-06-07,83,59,
1953-06-08,91,64,
1953-06-09,91,72,
1953-06-10,89,68,
1953-06-11,83,64,
1953-06-12,93,68,
1953-06-13,85,69,
1953-06-14,78,62,
1953-06-15,84,57,
1953-06-16,90,68,
1953-06-17,84,64,
1953-06-18,93,58,
1953-06-19,102,72,
1953-06-20,103,76,
1953-06-21,95,66,
1953-06-22,96,67,
1953-06-23,93,66,
1953-06-24,98,65,
1953-06-25,89,70,
1953-06-26,82,65,
1953-06-27,90,66,
1953-06-28,90,68,
1953-06-29,92,72,
1953-06-30,93,73,
1953-07-01,89,75,
1953-07-02,87,69,
1953-07-03,82,63,
1953-07-04,91,63,
1953-07-05,92,67,
1953-07-06,87,68,
1953-07-07,85,58,
1953-07-08,79,63,
1953-07-09,78,56,
1953-07-10,78,53,
1953-07-11,80,55,
1953-07-12,82,61,
1953-07-13,85,62,
1953-07-14,87,62,
1953-07-15,88,62,
1953-07-16,89,67,
1953-07-17,84,67,
1953-07-18,88,67,
1953-07-19,91,68,
1953-07-20,92,72,
1953-07-21,85,70,
1953-07-22,86,70,
1953-07-23,87,60,
1953-07-24,78,60,
1953-07-25,90,60,
1953-07-26,93,66,
1953-07-27,96,72,
1953-07-28,95,68,
1953-07-29,95,72,
1953-07-30,91,75,
1953-07-31,93,70,
1953-08-01,95,73,
1953-08-02,97,73,
1953-08-03,95,71,
1953-08-04,87,73,
1953-08-05,80,65,
1953-08-06,80,57,
1953-08-07,84,61,
1953-08-08,75,58,
1953-08-09,82,57,
1953-08-10,82,56,
1953-08-11,87,57,
1953-08-12,84,65,
1953-08-13,87,62,
1953-08-14,89,60,
1953-08-15,86,61,
1953-08-16,74,61,
1953-08-17,80,55,
1953-08-18,79,52,
1953-08-19,82,53,
1953-08-20,81,51,
1953-08-21,83,54,
1953-08-22,87,59,
1953-08-23,88,58,
1953-08-24,92,62,
1953-08-25,94,64,
1953-08-26,95,63,
1953-08-27,96,61,
1953-08-28,97,64,
1953-08-29,98,66,
1953-08-30,97,68,
1953-08-31,98,72,
1953-09-01,100,70,
1953-09-02,101,67,
1953-09-03,96,70,
1953-09-04,80,54,
1953-09-05,79,51,
1953-09-06,86,50,
1953-09-07,76,49,
1953-09-08,80,44,
1953-09-09,80,52,
1953-09-10,89,60,
1953-09-11,96,58,
1953-09-12,82,56,
1953-09-13,68,39,
1953-09-14,72,45,
1953-09-15,82,41,
1953-09-16,80,49,
1953-09-17,84,51,
1953-09-18,95,65,
1953-09-19,80,60,
1953-09-20,86,50,
1953-09-21,66,45,
1953-09-22,70,39,
1953-09-23,75,42,
1953-09-24,83,48,
1953-09-25,83,61,
1953-09-26,88,44,
1953-09-27,78,51,
1953-09-28,94,47,
1953-09-29,99,59,
1953-09-30,88,61,
1953-10-01,87,48,
1953-10-02,92,54,
1953-10-03,91,62,
1953-10-04,75,54,
1953-10-05,68,47,
1953-10-06,61,42,
1953-10-07,61,34,
1953-10-08,67,37,
1953-10-09,76,42,
1953-10-10,78,44,
1953-10-11,78,49,
1953-10-12,72,46,
1953-10-13,71,42,
1953-10-14,78,39,
1953-10-15,87,47,
1953-10-16,80,46,
1953-10-17,84,46,
1953-10-18,85,51,
1953-10-19,87,53,
1953-10-20,87,54,
1953-10-21,87,49,
1953-10-22,87,51,
1953-10-23,70,53,
1953-10-24,57,45,
1953-10-25,61,48,
1953-10-26,65,41,
1953-10-27,53,49,
1953-10-28,53,39,
1953-10-29,58,33,
1953-10-30,63,30,
1953-10-31,69,37,
1953-11-01,66,42,
1953-11-02,70,35,
1953-11-03,63,50,
1953-11-04,54,37,
1953-11-05,43,28,
1953-11-06,45,22,
1953-11-07,46,20,
1953-11-08,54,30,
1953-11-09,57,27,
1953-11-10,56,28,
1953-11-11,54,35,
1953-11-12,53,32,
1953-11-13,64,29,
1953-11-14,69,38,
1953-11-15,71,41,
1953-11-16,70,41,
1953-11-17,72,40,
1953-11-18,72,42,
1953-11-19,73,49,
1953-11-20,68,53,
1953-11-21,53,32,
1953-11-22,45,38,
1953-11-23,48,31,
1953-11-24,45,36,
1953-11-25,37,31,
1953-11-26,34,28,
1953-11-27,32,24,
1953-11-28,33,20,
1953-11-29,40,27,
1953-11-30,45,30,
1953-12-01,40,27,
1953-12-02,50,32,
1953-12-03,56,43,
1953-12-04,54,35,
1953-12-05,57,30,
1953-12-06,51,32,
1953-12-07,55,29,
1953-12-08,53,33,
1953-12-09,48,30,
1953-12-10,43,28,
1953-12-11,42,29,
1953-12-12,40,31,
1953-12-13,42,29,
1953-12-14,36,29,
1953-12-15,31,16,
1953-12-16,29,10,
1953-12-17,21,1,
1953-12-18,28,3,
1953-12-19,46,20,
1953-12-20,55,36,
1953-12-21,45,38,
1953-12-22,41,13,
1953-12-23,13,1,
1953-12-24,35,5,
1953-12-25,39,26,
1953-12-26,40,29,
1953-12-27,48,22,
1953-12-28,35,28,
1953-12-29,45,22,
1953-12-30,34,24,
1953-12-31,43,16,
1954-01-01,54,31,
1954-01-02,54,32,
1954-01-03,41,24,
1954-01-04,40,23,
1954-01-05,37,30,
1954-01-06,40,28,
1954-01-07,45,22,
1954-01-08,51,27,
1954-01-09,54,23,
1954-01-10,31,19,
1954-01-11,27,12,
1954-01-12,16,0,
1954-01-13,25,5,
1954-01-14,34,21,
1954-01-15,35,31,
1954-01-16,32,14,
1954-01-17,17,-1,
1954-01-18,33,12,
1954-01-19,45,32,
1954-01-20,57,33,
1954-01-21,33,18,
1954-01-22,27,13,
1954-01-23,38,16,
1954-01-24,36,30,
1954-01-25,47,34,
1954-01-26,54,31,
1954-01-27,34,24,
1954-01-28,34,21,
1954-01-29,45,30,
1954-01-30,38,25,
1954-01-31,40,23,
1954-02-01,48,33,
1954-02-02,42,33,
1954-02-03,40,31,
1954-02-04,40,30,
1954-02-05,43,31,
1954-02-06,38,22,
1954-02-07,40,18,
1954-02-08,51,30,
1954-02-09,52,28,
1954-02-10,55,33,
1954-02-11,42,25,
1954-02-12,31,10,
1954-02-13,55,25,
1954-02-14,67,41,
1954-02-15,68,55,
1954-02-16,62,35,
1954-02-17,51,30,
1954-02-18,53,31,
1954-02-19,60,33,
1954-02-20,61,42,
1954-02-21,54,35,
1954-02-22,50,28,
1954-02-23,47,39,
1954-02-24,55,32,
1954-02-25,47,31,
1954-02-26,42,19,
1954-02-27,42,34,
1954-02-28,42,31,
1954-03-01,45,24,
1954-03-02,48,33,
1954-03-03,34,18,
1954-03-04,25,10,
1954-03-05,28,7,
1954-03-06,43,12,
1954-03-07,49,30,
1954-03-08,50,31,
1954-03-09,56,34,
1954-03-10,45,29,
1954-03-11,47,33,
1954-03-12,40,33,
1954-03-13,45,30,
1954-03-14,32,20,
1954-03-15,41,23,
1954-03-16,48,25,
1954-03-17,53,31,
1954-03-18,63,34,
1954-03-19,55,43,
1954-03-20,44,31,
1954-03-21,44,23,
1954-03-22,46,29,
1954-03-23,47,36,
1954-03-24,51,39,
1954-03-25,68,46,
1954-03-26,50,34,
1954-03-27,59,33,
1954-03-28,70,44,
1954-03-29,46,31,
1954-03-30,38,25,
1954-03-31,39,27,
1954-04-01,50,22,
1954-04-02,62,33,
1954-04-03,48,23,
1954-04-04,56,26,
1954-04-05,71,41,
1954-04-06,74,56,
1954-04-07,80,58,
1954-04-08,63,35,
1954-04-09,63,30,
1954-04-10,72,53,
1954-04-11,67,51,
1954-04-12,60,38,
1954-04-13,70,38,
1954-04-14,73,51,
1954-04-15,75,60,
1954-04-16,63,43,
1954-04-17,65,37,
1954-04-18,63,49,
1954-04-19,70,47,
1954-04-20,80,51,
1954-04-21,79,54,
1954-04-22,70,51,
1954-04-23,65,46,
1954-04-24,82,50,
1954-04-25,86,60,
1954-04-26,84,62,
1954-04-27,77,55,
1954-04-28,55,44,
1954-04-29,69,48,
1954-04-30,80,59,
1954-05-01,78,57,
1954-05-02,75,64,
1954-05-03,69,38,
1954-05-04,54,30,
1954-05-05,59,39,
1954-05-06,59,37,
1954-05-07,58,40,
1954-05-08,56,40,
1954-05-09,55,38,
1954-05-10,60,39,
1954-05-11,71,41,
1954-05-12,66,40,
1954-05-13,69,38,
1954-05-14,74,44,
1954-05-15,80,49,
1954-05-16,70,58,
1954-05-17,74,52,
1954-05-18,70,43,
1954-05-19,61,44,
1954-05-20,66,36,
1954-05-21,72,38,
1954-05-22,78,53,
1954-05-23,79,53,
1954-05-24,86,59,
1954-05-25,74,57,
1954-05-26,68,59,
1954-05-27,77,57,
1954-05-28,79,61,
1954-05-29,77,55,
1954-05-30,80,50,
1954-05-31,90,63,
1954-06-01,71,59,
1954-06-02,64,56,
1954-06-03,65,54,
1954-06-04,66,49,
1954-06-05,75,49,
1954-06-06,82,58,
1954-06-07,86,63,
1954-06-08,79,63,
1954-06-09,88,64,
1954-06-10,90,66,
1954-06-11,94,70,
1954-06-12,92,70,
1954-06-13,94,68,
1954-06-14,95,67,
1954-06-15,93,71,
1954-06-16,90,70,
1954-06-17,92,68,
1954-06-18,93,72,
1954-06-19,96,70,
1954-06-20,97,75,
1954-06-21,96,72,
1954-06-22,89,73,
1954-06-23,86,62,
1954-06-24,94,62,
1954-06-25,99,62,
1954-06-26,102,77,
1954-06-27,92,70,
1954-06-28,90,57,
1954-06-29,98,67,
1954-06-30,90,66,
1954-07-01,93,65,
1954-07-02,93,67,
1954-07-03,93,71,
1954-07-04,94,67,
1954-07-05,89,67,
1954-07-06,93,62,
1954-07-07,86,67,
1954-07-08,81,53,
1954-07-09,83,59,
1954-07-10,88,64,
1954-07-11,94,66,
1954-07-12,104,70,
1954-07-13,98,74,
1954-07-14,109,74,
1954-07-15,86,64,
1954-07-16,85,55,
1954-07-17,93,63,
1954-07-18,103,73,
1954-07-19,96,72,
1954-07-20,101,75,
1954-07-21,94,69,
1954-07-22,83,69,
1954-07-23,84,62,
1954-07-24,86,64,
1954-07-25,86,59,
1954-07-26,88,58,
1954-07-27,90,65,
1954-07-28,95,64,
1954-07-29,91,68,
1954-07-30,96,70,
1954-07-31,92,75,
1954-08-01,79,63,
1954-08-02,84,66,
1954-08-03,83,61,
1954-08-04,92,63,
1954-08-05,84,68,
1954-08-06,82,59,
1954-08-07,82,62,
1954-08-08,76,65,
1954-08-09,83,61,
1954-08-10,80,60,
1954-08-11,73,56,
1954-08-12,75,55,
1954-08-13,78,57,
1954-08-14,92,68,
1954-08-15,91,69,
1954-08-16,88,72,
1954-08-17,80,65,
1954-08-18,92,66,
1954-08-19,85,66,
1954-08-20,79,64,
1954-08-21,81,61,
1954-08-22,89,63,
1954-08-23,93,70,
1954-08-24,92,71,
1954-08-25,93,70,
1954-08-26,84,68,
1954-08-27,77,66,
1954-08-28,88,69,
1954-08-29,90,68,
1954-08-30,79,62,
1954-08-31,77,52,
1954-09-01,83,55,
1954-09-02,95,60,
1954-09-03,84,59,
1954-09-04,100,62,
1954-09-05,101,68,
1954-09-06,100,69,
1954-09-07,89,69,
1954-09-08,80,51,
1954-09-09,85,52,
1954-09-10,72,58,
1954-09-11,74,48,
1954-09-12,78,45,
1954-09-13,87,53,
1954-09-14,93,64,
1954-09-15,83,59,
1954-09-16,87,58,
1954-09-17,92,61,
1954-09-18,92,66,
1954-09-19,85,67,
1954-09-20,83,56,
1954-09-21,67,52,
1954-09-22,71,44,
1954-09-23,74,44,
1954-09-24,82,49,
1954-09-25,83,57,
1954-09-26,87,52,
1954-09-27,90,55,
1954-09-28,82,59,
1954-09-29,88,69,
1954-09-30,78,68,
1954-10-01,86,63,
1954-10-02,84,65,
1954-10-03,93,71,
1954-10-04,83,71,
1954-10-05,75,55,
1954-10-06,64,48,
1954-10-07,59,37,
1954-10-08,74,44,
1954-10-09,82,57,
1954-10-10,86,63,
1954-10-11,77,63,
1954-10-12,77,61,
1954-10-13,77,54,
1954-10-14,70,49,
1954-10-15,50,39,
1954-10-16,50,41,
1954-10-17,60,38,
1954-10-18,56,36,
1954-10-19,54,33,
1954-10-20,60,33,
1954-10-21,66,36,
1954-10-22,69,38,
1954-10-23,72,43,
1954-10-24,70,41,
1954-10-25,63,47,
1954-10-26,67,50,
1954-10-27,60,40,
1954-10-28,50,35,
1954-10-29,45,35,
1954-10-30,39,31,
1954-10-31,42,31,
1954-11-01,36,28,
1954-11-02,34,23,
1954-11-03,46,25,
1954-11-04,45,33,
1954-11-05,45,30,
1954-11-06,57,34,
1954-11-07,61,33,
1954-11-08,69,40,
1954-11-09,60,39,
1954-11-10,60,40,
1954-11-11,69,38,
1954-11-12,58,41,
1954-11-13,68,37,
1954-11-14,55,43,
1954-11-15,61,30,
1954-11-16,70,41,
1954-11-17,69,40,
1954-11-18,66,53,
1954-11-19,57,43,
1954-11-20,46,36,
1954-11-21,41,36,
1954-11-22,46,31,
1954-11-23,42,27,
1954-11-24,41,33,
1954-11-25,34,32,
1954-11-26,38,30,
1954-11-27,53,33,
1954-11-28,46,34,
1954-11-29,37,28,
1954-11-30,40,23,
1954-12-01,39,32,
1954-12-02,35,23,
1954-12-03,45,27,
1954-12-04,52,26,
1954-12-05,42,29,
1954-12-06,33,18,
1954-12-07,36,19,
1954-12-08,38,22,
1954-12-09,38,28,
1954-12-10,36,23,
1954-12-11,44,25,
1954-12-12,38,34,
1954-12-13,36,30,
1954-12-14,36,25,
1954-12-15,33,29,
1954-12-16,36,23,
1954-12-17,41,31,
1954-12-18,34,27,
1954-12-19,31,20,
1954-12-20,25,16,
1954-12-21,33,22,
1954-12-22,31,19,
1954-12-23,47,29,
1954-12-24,44,29,
1954-12-25,47,27,
1954-12-26,56,35,
1954-12-27,50,46,
1954-12-28,48,31,
1954-12-29,36,30,
1954-12-30,36,24,
1954-12-31,45,26,
1955-01-01,50,33,
1955-01-02,45,28,
1955-01-03,47,37,
1955-01-04,51,46,
1955-01-05,58,41,
1955-01-06,41,31,
1955-01-07,38,23,
1955-01-08,46,31,
1955-01-09,42,32,
1955-01-10,35,29,
1955-01-11,36,21,
1955-01-12,33,28,
1955-01-13,30,16,
1955-01-14,31,16,
1955-01-15,34,24,
1955-01-16,43,24,
1955-01-17,37,24,
1955-01-18,30,26,
1955-01-19,32,23,
1955-01-20,32,17,
1955-01-21,36,26,
1955-01-22,30,19,
1955-01-23,26,12,
1955-01-24,32,18,
1955-01-25,27,6,
1955-01-26,36,10,
1955-01-27,14,-8,
1955-01-28,16,5,
1955-01-29,14,-5,
1955-01-30,21,-1,
1955-01-31,37,8,
1955-02-01,37,29,
1955-02-02,30,21,
1955-02-03,24,9,
1955-02-04,34,13,
1955-02-05,35,29,
1955-02-06,36,26,
1955-02-07,35,18,
1955-02-08,39,26,
1955-02-09,57,34,
1955-02-10,43,11,
1955-02-11,11,-9,
1955-02-12,12,-4,
1955-02-13,31,1,
1955-02-14,35,29,
1955-02-15,46,19,
1955-02-16,40,33,
1955-02-17,40,26,
1955-02-18,39,28,
1955-02-19,56,36,
1955-02-20,50,31,
1955-02-21,34,27,
1955-02-22,37,24,
1955-02-23,45,22,
1955-02-24,48,31,
1955-02-25,48,26,
1955-02-26,53,38,
1955-02-27,54,42,
1955-02-28,53,40,
1955-03-01,51,32,
1955-03-02,55,33,
1955-03-03,70,41,
1955-03-04,63,39,
1955-03-05,39,34,
1955-03-06,36,23,
1955-03-07,29,9,
1955-03-08,61,25,
1955-03-09,66,42,
1955-03-10,72,46,
1955-03-11,65,45,
1955-03-12,61,45,
1955-03-13,53,30,
1955-03-14,65,36,
1955-03-15,66,37,
1955-03-16,42,29,
1955-03-17,34,24,
1955-03-18,44,27,
1955-03-19,53,28,
1955-03-20,51,39,
1955-03-21,56,48,
1955-03-22,48,19,
1955-03-23,54,28,
1955-03-24,45,28,
1955-03-25,39,18,
1955-03-26,21,6,
1955-03-27,33,13,
1955-03-28,42,21,
1955-03-29,50,25,
1955-03-30,57,31,
1955-03-31,65,37,
1955-04-01,70,41,
1955-04-02,72,43,
1955-04-03,65,38,
1955-04-04,60,45,
1955-04-05,72,45,
1955-04-06,63,42,
1955-04-07,51,34,
1955-04-08,64,30,
1955-04-09,71,40,
1955-04-10,75,47,
1955-04-11,67,54,
1955-04-12,75,53,
1955-04-13,71,58,
1955-04-14,63,49,
1955-04-15,60,49,
1955-04-16,78,49,
1955-04-17,72,48,
1955-04-18,80,54,
1955-04-19,72,58,
1955-04-20,70,60,
1955-04-21,77,53,
1955-04-22,77,54,
1955-04-23,68,53,
1955-04-24,66,50,
1955-04-25,64,48,
1955-04-26,68,43,
1955-04-27,70,46,
1955-04-28,71,48,
1955-04-29,74,52,
1955-04-30,75,44,
1955-05-01,78,47,
1955-05-02,83,53,
1955-05-03,87,58,
1955-05-04,88,60,
1955-05-05,79,55,
1955-05-06,80,50,
1955-05-07,77,60,
1955-05-08,66,45,
1955-05-09,58,42,
1955-05-10,65,55,
1955-05-11,65,44,
1955-05-12,66,52,
1955-05-13,61,56,
1955-05-14,75,54,
1955-05-15,77,47,
1955-05-16,81,52,
1955-05-17,69,46,
1955-05-18,75,44,
1955-05-19,84,52,
1955-05-20,87,58,
1955-05-21,81,61,
1955-05-22,80,64,
1955-05-23,88,63,
1955-05-24,79,65,
1955-05-25,68,52,
1955-05-26,87,48,
1955-05-27,84,65,
1955-05-28,77,61,
1955-05-29,68,53,
1955-05-30,70,51,
1955-05-31,74,50,
1955-06-01,78,50,
1955-06-02,78,61,
1955-06-03,84,61,
1955-06-04,87,63,
1955-06-05,84,61,
1955-06-06,71,61,
1955-06-07,67,58,
1955-06-08,68,59,
1955-06-09,70,58,
1955-06-10,59,52,
1955-06-11,58,53,
1955-06-12,58,52,
1955-06-13,60,49,
1955-06-14,75,46,
1955-06-15,76,49,
1955-06-16,81,55,
1955-06-17,84,61,
1955-06-18,87,61,
1955-06-19,89,63,
1955-06-20,88,67,
1955-06-21,88,66,
1955-06-22,85,63,
1955-06-23,79,57,
1955-06-24,78,57,
1955-06-25,79,60,
1955-06-26,80,55,
1955-06-27,82,53,
1955-06-28,85,56,
1955-06-29,88,61,
1955-06-30,92,69,
1955-07-01,92,69,
1955-07-02,93,70,
1955-07-03,96,72,
1955-07-04,94,73,
1955-07-05,92,71,
1955-07-06,89,70,
1955-07-07,87,70,
1955-07-08,94,73,
1955-07-09,94,75,
1955-07-10,91,67,
1955-07-11,88,66,
1955-07-12,90,63,
1955-07-13,91,63,
1955-07-14,85,67,
1955-07-15,86,66,
1955-07-16,84,68,
1955-07-17,87,67,
1955-07-18,83,69,
1955-07-19,83,68,
1955-07-20,87,71,
1955-07-21,90,70,
1955-07-22,92,71,
1955-07-23,86,70,
1955-07-24,83,69,
1955-07-25,88,63,
1955-07-26,94,72,
1955-07-27,95,76,
1955-07-28,96,77,
1955-07-29,92,73,
1955-07-30,91,72,
1955-07-31,92,72,
1955-08-01,91,74,
1955-08-02,92,72,
1955-08-03,92,71,
1955-08-04,91,72,
1955-08-05,92,73,
1955-08-06,90,74,
1955-08-07,87,64,
1955-08-08,82,58,
1955-08-09,86,59,
1955-08-10,84,65,
1955-08-11,85,64,
1955-08-12,83,57,
1955-08-13,84,59,
1955-08-14,78,66,
1955-08-15,87,59,
1955-08-16,89,64,
1955-08-17,92,65,
1955-08-18,93,68,
1955-08-19,94,68,
1955-08-20,94,69,
1955-08-21,97,74,
1955-08-22,88,70,
1955-08-23,82,60,
1955-08-24,85,58,
1955-08-25,91,61,
1955-08-26,91,64,
1955-08-27,95,66,
1955-08-28,93,66,
1955-08-29,93,67,
1955-08-30,78,65,
1955-08-31,79,57,
1955-09-01,78,52,
1955-09-02,78,48,
1955-09-03,80,53,
1955-09-04,85,58,
1955-09-05,84,57,
1955-09-06,86,53,
1955-09-07,78,58,
1955-09-08,84,52,
1955-09-09,98,61,
1955-09-10,92,67,
1955-09-11,71,51,
1955-09-12,75,41,
1955-09-13,79,47,
1955-09-14,84,55,
1955-09-15,93,67,
1955-09-16,92,62,
1955-09-17,93,64,
1955-09-18,94,62,
1955-09-19,93,65,
1955-09-20,85,67,
1955-09-21,94,58,
1955-09-22,78,65,
1955-09-23,77,66,
1955-09-24,73,57,
1955-09-25,71,48,
1955-09-26,69,53,
1955-09-27,72,61,
1955-09-28,77,56,
1955-09-29,76,60,
1955-09-30,69,54,
1955-10-01,69,45,
1955-10-02,74,44,
1955-10-03,76,50,
1955-10-04,73,62,
1955-10-05,70,64,
1955-10-06,80,65,
1955-10-07,65,53,
1955-10-08,66,41,
1955-10-09,72,45,
1955-10-10,76,47,
1955-10-11,79,47,
1955-10-12,66,53,
1955-10-13,66,41,
1955-10-14,64,41,
1955-10-15,55,42,
1955-10-16,58,41,
1955-10-17,59,47,
1955-10-18,52,42,
1955-10-19,60,37,
1955-10-20,72,42,
1955-10-21,64,50,
1955-10-22,66,38,
1955-10-23,79,55,
1955-10-24,70,36,
1955-10-25,65,32,
1955-10-26,76,47,
1955-10-27,72,44,
1955-10-28,63,51,
1955-10-29,56,40,
1955-10-30,41,36,
1955-10-31,57,35,
1955-11-01,55,46,
1955-11-02,53,35,
1955-11-03,35,25,
1955-11-04,47,24,
1955-11-05,60,34,
1955-11-06,48,35,
1955-11-07,37,25,
1955-11-08,37,27,
1955-11-09,48,28,
1955-11-10,57,34,
1955-11-11,64,43,
1955-11-12,64,40,
1955-11-13,76,55,
1955-11-14,62,40,
1955-11-15,75,45,
1955-11-16,60,22,
1955-11-17,34,19,
1955-11-18,32,19,
1955-11-19,34,24,
1955-11-20,41,10,
1955-11-21,50,29,
1955-11-22,63,38,
1955-11-23,58,30,
1955-11-24,41,21,
1955-11-25,43,23,
1955-11-26,43,24,
1955-11-27,41,13,
1955-11-28,13,8,
1955-11-29,25,13,
1955-11-30,27,10,
1955-12-01,30,15,
1955-12-02,36,26,
1955-12-03,57,35,
1955-12-04,58,28,
1955-12-05,29,19,
1955-12-06,34,14,
1955-12-07,47,29,
1955-12-08,38,26,
1955-12-09,31,19,
1955-12-10,30,17,
1955-12-11,30,13,
1955-12-12,35,15,
1955-12-13,41,20,
1955-12-14,35,25,
1955-12-15,25,7,
1955-12-16,22,2,
1955-12-17,34,19,
1955-12-18,33,15,
1955-12-19,20,3,
1955-12-20,24,6,
1955-12-21,34,18,
1955-12-22,41,20,
1955-12-23,41,32,
1955-12-24,54,37,
1955-12-25,50,31,
1955-12-26,42,31,
1955-12-27,36,24,
1955-12-28,41,26,
1955-12-29,40,30,
1955-12-30,30,14,
1955-12-31,42,18,
1956-01-01,44,23,
1956-01-02,39,32,
1956-01-03,42,25,
1956-01-04,37,15,
1956-01-05,52,26,
1956-01-06,50,22,
1956-01-07,39,19,
1956-01-08,33,15,
1956-01-09,35,17,
1956-01-10,35,20,
1956-01-11,32,28,
1956-01-12,43,25,
1956-01-13,44,20,
1956-01-14,43,23,
1956-01-15,40,20,
1956-01-16,27,13,
1956-01-17,35,23,
1956-01-18,35,29,
1956-01-19,34,27,
1956-01-20,31,23,
1956-01-21,26,17,
1956-01-22,22,10,
1956-01-23,27,1,
1956-01-24,27,13,
1956-01-25,29,17,
1956-01-26,31,12,
1956-01-27,35,23,
1956-01-28,42,29,
1956-01-29,35,23,
1956-01-30,23,9,
1956-01-31,30,1,
1956-02-01,32,21,
1956-02-02,35,21,
1956-02-03,32,13,
1956-02-04,36,15,
1956-02-05,38,17,
1956-02-06,34,32,
1956-02-07,41,33,
1956-02-08,39,32,
1956-02-09,36,29,
1956-02-10,32,28,
1956-02-11,33,28,
1956-02-12,33,27,
1956-02-13,43,19,
1956-02-14,47,31,
1956-02-15,36,27,
1956-02-16,35,24,
1956-02-17,35,30,
1956-02-18,38,24,
1956-02-19,37,24,
1956-02-20,39,23,
1956-02-21,31,21,
1956-02-22,32,15,
1956-02-23,47,25,
1956-02-24,64,35,
1956-02-25,43,29,
1956-02-26,55,28,
1956-02-27,41,20,
1956-02-28,31,15,
1956-02-29,52,20,
1956-03-01,56,39,
1956-03-02,57,33,
1956-03-03,50,30,
1956-03-04,60,28,
1956-03-05,72,42,
1956-03-06,74,48,
1956-03-07,48,21,
1956-03-08,31,16,
1956-03-09,57,21,
1956-03-10,61,33,
1956-03-11,46,28,
1956-03-12,38,23,
1956-03-13,42,21,
1956-03-14,40,28,
1956-03-15,41,25,
1956-03-16,38,27,
1956-03-17,51,27,
1956-03-18,37,27,
1956-03-19,39,21,
1956-03-20,43,22,
1956-03-21,50,25,
1956-03-22,53,37,
1956-03-23,50,33,
1956-03-24,41,28,
1956-03-25,59,30,
1956-03-26,64,41,
1956-03-27,64,43,
1956-03-28,62,39,
1956-03-29,42,29,
1956-03-30,46,27,
1956-03-31,53,27,
1956-04-01,74,39,
1956-04-02,76,60,
1956-04-03,79,52,
1956-04-04,61,42,
1956-04-05,72,39,
1956-04-06,74,37,
1956-04-07,37,30,
1956-04-08,39,30,
1956-04-09,48,37,
1956-04-10,49,38,
1956-04-11,64,39,
1956-04-12,65,34,
1956-04-13,62,35,
1956-04-14,78,43,
1956-04-15,57,41,
1956-04-16,48,39,
1956-04-17,51,33,
1956-04-18,57,32,
1956-04-19,63,28,
1956-04-20,57,29,
1956-04-21,79,38,
1956-04-22,53,35,
1956-04-23,52,28,
1956-04-24,55,32,
1956-04-25,49,43,
1956-04-26,60,45,
1956-04-27,80,53,
1956-04-28,68,45,
1956-04-29,62,39,
1956-04-30,45,36,
1956-05-01,61,39,
1956-05-02,66,49,
1956-05-03,71,43,
1956-05-04,60,43,
1956-05-05,75,48,
1956-05-06,84,50,
1956-05-07,64,40,
1956-05-08,66,39,
1956-05-09,79,53,
1956-05-10,83,66,
1956-05-11,83,66,
1956-05-12,90,68,
1956-05-13,90,69,
1956-05-14,77,56,
1956-05-15,60,48,
1956-05-16,61,40,
1956-05-17,70,49,
1956-05-18,79,45,
1956-05-19,68,45,
1956-05-20,76,42,
1956-05-21,87,56,
1956-05-22,91,65,
1956-05-23,65,40,
1956-05-24,67,38,
1956-05-25,75,46,
1956-05-26,68,57,
1956-05-27,82,66,
1956-05-28,78,65,
1956-05-29,85,64,
1956-05-30,85,66,
1956-05-31,76,57,
1956-06-01,60,45,
1956-06-02,67,44,
1956-06-03,71,43,
1956-06-04,79,49,
1956-06-05,83,58,
1956-06-06,84,59,
1956-06-07,82,60,
1956-06-08,83,64,
1956-06-09,87,58,
1956-06-10,92,61,
1956-06-11,95,69,
1956-06-12,95,67,
1956-06-13,90,69,
1956-06-14,86,68,
1956-06-15,88,71,
1956-06-16,88,67,
1956-06-17,87,68,
1956-06-18,93,71,
1956-06-19,90,68,
1956-06-20,85,68,
1956-06-21,94,68,
1956-06-22,86,68,
1956-06-23,89,70,
1956-06-24,92,71,
1956-06-25,84,66,
1956-06-26,86,67,
1956-06-27,85,59,
1956-06-28,78,60,
1956-06-29,84,58,
1956-06-30,90,63,
1956-07-01,98,72,
1956-07-02,90,71,
1956-07-03,79,66,
1956-07-04,86,67,
1956-07-05,71,63,
1956-07-06,82,58,
1956-07-07,87,60,
1956-07-08,82,63,
1956-07-09,69,60,
1956-07-10,80,56,
1956-07-11,86,62,
1956-07-12,72,62,
1956-07-13,83,65,
1956-07-14,81,62,
1956-07-15,81,67,
1956-07-16,82,68,
1956-07-17,77,61,
1956-07-18,79,57,
1956-07-19,81,62,
1956-07-20,79,60,
1956-07-21,80,61,
1956-07-22,81,60,
1956-07-23,78,61,
1956-07-24,82,63,
1956-07-25,87,65,
1956-07-26,91,67,
1956-07-27,94,74,
1956-07-28,90,65,
1956-07-29,78,57,
1956-07-30,83,54,
1956-07-31,87,63,
1956-08-01,81,68,
1956-08-02,81,68,
1956-08-03,84,67,
1956-08-04,93,68,
1956-08-05,92,73,
1956-08-06,85,67,
1956-08-07,85,62,
1956-08-08,81,64,
1956-08-09,84,67,
1956-08-10,84,65,
1956-08-11,85,65,
1956-08-12,89,65,
1956-08-13,84,65,
1956-08-14,85,64,
1956-08-15,87,63,
1956-08-16,76,63,
1956-08-17,90,66,
1956-08-18,89,68,
1956-08-19,70,56,
1956-08-20,73,52,
1956-08-21,75,51,
1956-08-22,77,52,
1956-08-23,85,61,
1956-08-24,77,57,
1956-08-25,79,54,
1956-08-26,86,57,
1956-08-27,91,62,
1956-08-28,86,65,
1956-08-29,87,67,
1956-08-30,85,64,
1956-08-31,88,63,
1956-09-01,76,56,
1956-09-02,82,54,
1956-09-03,84,58,
1956-09-04,81,61,
1956-09-05,87,62,
1956-09-06,70,47,
1956-09-07,68,44,
1956-09-08,75,44,
1956-09-09,78,50,
1956-09-10,81,59,
1956-09-11,79,57,
1956-09-12,91,61,
1956-09-13,94,66,
1956-09-14,77,59,
1956-09-15,81,56,
1956-09-16,86,58,
1956-09-17,71,53,
1956-09-18,71,43,
1956-09-19,68,44,
1956-09-20,61,36,
1956-09-21,77,42,
1956-09-22,89,63,
1956-09-23,75,51,
1956-09-24,80,41,
1956-09-25,84,54,
1956-09-26,89,51,
1956-09-27,75,49,
1956-09-28,78,45,
1956-09-29,87,52,
1956-09-30,68,50,
1956-10-01,85,45,
1956-10-02,82,58,
1956-10-03,74,54,
1956-10-04,80,48,
1956-10-05,74,46,
1956-10-06,76,52,
1956-10-07,65,44,
1956-10-08,80,43,
1956-10-09,62,39,
1956-10-10,62,37,
1956-10-11,68,42,
1956-10-12,83,46,
1956-10-13,82,51,
1956-10-14,83,50,
1956-10-15,82,54,
1956-10-16,84,53,
1956-10-17,82,50,
1956-10-18,82,53,
1956-10-19,77,54,
1956-10-20,79,55,
1956-10-21,78,58,
1956-10-22,78,53,
1956-10-23,72,43,
1956-10-24,74,41,
1956-10-25,77,47,
1956-10-26,64,42,
1956-10-27,64,37,
1956-10-28,68,42,
1956-10-29,75,46,
1956-10-30,72,53,
1956-10-31,72,53,
1956-11-01,74,50,
1956-11-02,72,47,
1956-11-03,73,51,
1956-11-04,66,49,
1956-11-05,70,49,
1956-11-06,61,38,
1956-11-07,54,37,
1956-11-08,39,29,
1956-11-09,51,24,
1956-11-10,51,30,
1956-11-11,68,39,
1956-11-12,50,27,
1956-11-13,60,27,
1956-11-14,72,49,
1956-11-15,63,34,
1956-11-16,40,26,
1956-11-17,38,23,
1956-11-18,54,27,
1956-11-19,59,32,
1956-11-20,61,47,
1956-11-21,47,24,
1956-11-22,27,18,
1956-11-23,27,15,
1956-11-24,27,12,
1956-11-25,35,26,
1956-11-26,32,25,
1956-11-27,34,19,
1956-11-28,37,23,
1956-11-29,25,13,
1956-11-30,35,17,
1956-12-01,39,28,
1956-12-02,53,33,
1956-12-03,59,34,
1956-12-04,63,35,
1956-12-05,68,53,
1956-12-06,55,36,
1956-12-07,36,29,
1956-12-08,34,28,
1956-12-09,28,20,
1956-12-10,36,18,
1956-12-11,46,32,
1956-12-12,32,25,
1956-12-13,32,18,
1956-12-14,34,24,
1956-12-15,43,33,
1956-12-16,37,31,
1956-12-17,42,28,
1956-12-18,34,22,
1956-12-19,39,25,
1956-12-20,43,36,
1956-12-21,45,37,
1956-12-22,50,41,
1956-12-23,46,32,
1956-12-24,32,28,
1956-12-25,31,27,
1956-12-26,38,29,
1956-12-27,48,33,
1956-12-28,38,22,
1956-12-29,30,21,
1956-12-30,41,19,
1956-12-31,40,31,
1957-01-01,31,13,
1957-01-02,28,9,
1957-01-03,38,20,
1957-01-04,32,24,
1957-01-05,31,22,
1957-01-06,34,24,
1957-01-07,37,22,
1957-01-08,35,22,
1957-01-09,34,28,
1957-01-10,28,9,
1957-01-11,31,10,
1957-01-12,35,14,
1957-01-13,14,1,
1957-01-14,11,-6,
1957-01-15,17,8,
1957-01-16,9,-3,
1957-01-17,20,-2,
1957-01-18,23,4,
1957-01-19,39,12,
1957-01-20,38,34,
1957-01-21,53,36,
1957-01-22,55,19,
1957-01-23,24,11,
1957-01-24,26,11,
1957-01-25,29,14,
1957-01-26,15,6,
1957-01-27,22,11,
1957-01-28,31,19,
1957-01-29,31,16,
1957-01-30,24,7,
1957-01-31,31,24,
1957-02-01,34,19,
1957-02-02,40,19,
1957-02-03,36,32,
1957-02-04,34,23,
1957-02-05,36,29,
1957-02-06,39,32,
1957-02-07,37,33,
1957-02-08,45,32,
1957-02-09,50,36,
1957-02-10,38,34,
1957-02-11,38,31,
1957-02-12,49,33,
1957-02-13,50,29,
1957-02-14,37,26,
1957-02-15,38,26,
1957-02-16,38,27,
1957-02-17,38,17,
1957-02-18,46,27,
1957-02-19,30,19,
1957-02-20,36,15,
1957-02-21,46,24,
1957-02-22,48,33,
1957-02-23,46,34,
1957-02-24,64,44,
1957-02-25,66,51,
1957-02-26,54,30,
1957-02-27,35,26,
1957-02-28,43,22,
1957-03-01,49,30,
1957-03-02,35,22,
1957-03-03,37,17,
1957-03-04,45,21,
1957-03-05,47,27,
1957-03-06,50,31,
1957-03-07,37,25,
1957-03-08,40,20,
1957-03-09,35,25,
1957-03-10,49,25,
1957-03-11,61,44,
1957-03-12,59,36,
1957-03-13,70,39,
1957-03-14,62,36,
1957-03-15,45,29,
1957-03-16,55,26,
1957-03-17,56,35,
1957-03-18,51,40,
1957-03-19,47,33,
1957-03-20,47,30,
1957-03-21,44,31,
1957-03-22,54,38,
1957-03-23,59,33,
1957-03-24,48,38,
1957-03-25,38,30,
1957-03-26,39,32,
1957-03-27,43,33,
1957-03-28,53,36,
1957-03-29,53,32,
1957-03-30,56,33,
1957-03-31,60,39,
1957-04-01,55,49,
1957-04-02,49,38,
1957-04-03,39,32,
1957-04-04,57,37,
1957-04-05,47,34,
1957-04-06,52,34,
1957-04-07,46,33,
1957-04-08,38,31,
1957-04-09,53,31,
1957-04-10,55,35,
1957-04-11,46,27,
1957-04-12,38,23,
1957-04-13,45,26,
1957-04-14,49,28,
1957-04-15,54,33,
1957-04-16,52,42,
1957-04-17,61,50,
1957-04-18,73,54,
1957-04-19,79,59,
1957-04-20,74,63,
1957-04-21,74,50,
1957-04-22,76,48,
1957-04-23,81,62,
1957-04-24,80,64,
1957-04-25,77,62,
1957-04-26,80,60,
1957-04-27,65,54,
1957-04-28,64,54,
1957-04-29,74,51,
1957-04-30,79,49,
1957-05-01,82,55,
1957-05-02,71,49,
1957-05-03,56,36,
1957-05-04,56,33,
1957-05-05,63,37,
1957-05-06,72,43,
1957-05-07,76,50,
1957-05-08,78,54,
1957-05-09,76,59,
1957-05-10,77,61,
1957-05-11,64,56,
1957-05-12,71,54,
1957-05-13,76,63,
1957-05-14,79,62,
1957-05-15,74,43,
1957-05-16,60,43,
1957-05-17,74,51,
1957-05-18,74,62,
1957-05-19,65,50,
1957-05-20,59,48,
1957-05-21,76,54,
1957-05-22,78,63,
1957-05-23,65,52,
1957-05-24,72,49,
1957-05-25,79,57,
1957-05-26,75,56,
1957-05-27,62,54,
1957-05-28,70,48,
1957-05-29,78,54,
1957-05-30,81,55,
1957-05-31,78,64,
1957-06-01,73,54,
1957-06-02,69,50,
1957-06-03,79,46,
1957-06-04,84,53,
1957-06-05,88,59,
1957-06-06,88,65,
1957-06-07,76,61,
1957-06-08,73,57,
1957-06-09,83,61,
1957-06-10,85,67,
1957-06-11,84,69,
1957-06-12,83,65,
1957-06-13,79,64,
1957-06-14,82,66,
1957-06-15,85,66,
1957-06-16,90,72,
1957-06-17,91,73,
1957-06-18,85,63,
1957-06-19,82,56,
1957-06-20,84,59,
1957-06-21,84,62,
1957-06-22,87,66,
1957-06-23,83,65,
1957-06-24,78,60,
1957-06-25,84,57,
1957-06-26,83,64,
1957-06-27,81,65,
1957-06-28,77,65,
1957-06-29,85,62,
1957-06-30,85,65,
1957-07-01,86,62,
1957-07-02,88,67,
1957-07-03,83,68,
1957-07-04,92,66,
1957-07-05,82,61,
1957-07-06,91,62,
1957-07-07,94,66,
1957-07-08,90,67,
1957-07-09,87,66,
1957-07-10,87,57,
1957-07-11,90,64,
1957-07-12,90,68,
1957-07-13,83,66,
1957-07-14,86,74,
1957-07-15,87,70,
1957-07-16,85,67,
1957-07-17,87,72,
1957-07-18,87,66,
1957-07-19,91,67,
1957-07-20,91,74,
1957-07-21,89,73,
1957-07-22,90,70,
1957-07-23,80,63,
1957-07-24,78,58,
1957-07-25,79,58,
1957-07-26,81,61,
1957-07-27,85,68,
1957-07-28,87,71,
1957-07-29,84,73,
1957-07-30,89,70,
1957-07-31,89,70,
1957-08-01,91,72,
1957-08-02,92,71,
1957-08-03,92,72,
1957-08-04,79,62,
1957-08-05,73,57,
1957-08-06,77,50,
1957-08-07,82,54,
1957-08-08,88,62,
1957-08-09,88,67,
1957-08-10,91,70,
1957-08-11,88,71,
1957-08-12,87,71,
1957-08-13,86,67,
1957-08-14,89,69,
1957-08-15,93,70,
1957-08-16,79,64,
1957-08-17,80,62,
1957-08-18,80,61,
1957-08-19,80,56,
1957-08-20,82,56,
1957-08-21,82,62,
1957-08-22,84,58,
1957-08-23,85,59,
1957-08-24,75,65,
1957-08-25,79,61,
1957-08-26,86,56,
1957-08-27,77,64,
1957-08-28,85,66,
1957-08-29,89,67,
1957-08-30,90,67,
1957-08-31,91,68,
1957-09-01,91,71,
1957-09-02,84,66,
1957-09-03,85,59,
1957-09-04,71,53,
1957-09-05,72,48,
1957-09-06,69,50,
1957-09-07,72,53,
1957-09-08,75,50,
1957-09-09,68,55,
1957-09-10,77,60,
1957-09-11,80,59,
1957-09-12,74,64,
1957-09-13,81,58,
1957-09-14,81,55,
1957-09-15,76,61,
1957-09-16,75,51,
1957-09-17,76,49,
1957-09-18,83,53,
1957-09-19,78,64,
1957-09-20,78,66,
1957-09-21,76,61,
1957-09-22,72,53,
1957-09-23,70,46,
1957-09-24,72,40,
1957-09-25,83,54,
1957-09-26,68,52,
1957-09-27,63,46,
1957-09-28,66,38,
1957-09-29,71,39,
1957-09-30,78,44,
1957-10-01,77,51,
1957-10-02,74,48,
1957-10-03,70,47,
1957-10-04,68,43,
1957-10-05,69,42,
1957-10-06,69,44,
1957-10-07,71,41,
1957-10-08,74,44,
1957-10-09,62,46,
1957-10-10,63,42,
1957-10-11,60,40,
1957-10-12,62,37,
1957-10-13,68,40,
1957-10-14,71,49,
1957-10-15,67,56,
1957-10-16,64,58,
1957-10-17,61,47,
1957-10-18,56,38,
1957-10-19,57,42,
1957-10-20,63,35,
1957-10-21,61,42,
1957-10-22,60,50,
1957-10-23,66,56,
1957-10-24,57,42,
1957-10-25,46,33,
1957-10-26,43,30,
1957-10-27,46,28,
1957-10-28,54,29,
1957-10-29,55,32,
1957-10-30,58,39,
1957-10-31,58,36,
1957-11-01,63,39,
1957-11-02,56,48,
1957-11-03,53,49,
1957-11-04,53,40,
1957-11-05,46,34,
1957-11-06,50,29,
1957-11-07,54,40,
1957-11-08,51,31,
1957-11-09,35,24,
1957-11-10,45,20,
1957-11-11,49,28,
1957-11-12,51,30,
1957-11-13,53,43,
1957-11-14,54,44,
1957-11-15,59,38,
1957-11-16,55,40,
1957-11-17,45,37,
1957-11-18,61,33,
1957-11-19,40,31,
1957-11-20,44,33,
1957-11-21,40,29,
1957-11-22,35,22,
1957-11-23,44,24,
1957-11-24,45,28,
1957-11-25,45,25,
1957-11-26,53,30,
1957-11-27,62,40,
1957-11-28,46,30,
1957-11-29,43,23,
1957-11-30,27,14,
1957-12-01,50,24,
1957-12-02,40,28,
1957-12-03,31,25,
1957-12-04,30,16,
1957-12-05,50,15,
1957-12-06,53,47,
1957-12-07,50,32,
1957-12-08,36,31,
1957-12-09,33,27,
1957-12-10,40,12,
1957-12-11,14,4,
1957-12-12,25,3,
1957-12-13,46,25,
1957-12-14,48,31,
1957-12-15,47,25,
1957-12-16,45,35,
1957-12-17,37,35,
1957-12-18,55,37,
1957-12-19,59,41,
1957-12-20,50,37,
1957-12-21,54,34,
1957-12-22,57,35,
1957-12-23,55,38,
1957-12-24,44,29,
1957-12-25,48,34,
1957-12-26,40,25,
1957-12-27,38,26,
1957-12-28,39,31,
1957-12-29,40,28,
1957-12-30,46,31,
1957-12-31,38,17,
1958-01-01,17,9,
1958-01-02,26,8,
1958-01-03,24,5,
1958-01-04,30,9,
1958-01-05,33,15,
1958-01-06,39,17,
1958-01-07,20,10,
1958-01-08,24,10,
1958-01-09,42,16,
1958-01-10,47,29,
1958-01-11,41,24,
1958-01-12,43,22,
1958-01-13,50,26,
1958-01-14,47,27,
1958-01-15,41,27,
1958-01-16,33,30,
1958-01-17,35,27,
1958-01-18,34,22,
1958-01-19,36,20,
1958-01-20,34,31,
1958-01-21,40,28,
1958-01-22,31,27,
1958-01-23,36,23,
1958-01-24,34,30,
1958-01-25,35,27,
1958-01-26,35,29,
1958-01-27,29,26,
1958-01-28,29,25,
1958-01-29,31,24,
1958-01-30,31,23,
1958-01-31,31,19,
1958-02-01,26,16,
1958-02-02,21,14,
1958-02-03,32,10,
1958-02-04,37,12,
1958-02-05,39,32,
1958-02-06,34,18,
1958-02-07,23,9,
1958-02-08,16,3,
1958-02-09,12,0,
1958-02-10,19,1,
1958-02-11,15,1,
1958-02-12,18,3,
1958-02-13,30,8,
1958-02-14,28,19,
1958-02-15,25,1,
1958-02-16,8,-6,
1958-02-17,12,-6,
1958-02-18,18,-3,
1958-02-19,28,6,
1958-02-20,39,11,
1958-02-21,41,22,
1958-02-22,46,29,
1958-02-23,60,27,
1958-02-24,63,36,
1958-02-25,56,30,
1958-02-26,63,38,
1958-02-27,46,37,
1958-02-28,37,34,
1958-03-01,38,33,
1958-03-02,33,26,
1958-03-03,34,24,
1958-03-04,38,31,
1958-03-05,40,28,
1958-03-06,45,31,
1958-03-07,38,30,
1958-03-08,43,32,
1958-03-09,40,28,
1958-03-10,34,27,
1958-03-11,40,28,
1958-03-12,47,25,
1958-03-13,46,33,
1958-03-14,37,33,
1958-03-15,39,30,
1958-03-16,36,28,
1958-03-17,40,25,
1958-03-18,43,30,
1958-03-19,39,30,
1958-03-20,42,30,
1958-03-21,42,27,
1958-03-22,49,27,
1958-03-23,50,29,
1958-03-24,40,35,
1958-03-25,42,32,
1958-03-26,45,29,
1958-03-27,48,35,
1958-03-28,45,36,
1958-03-29,52,31,
1958-03-30,58,36,
1958-03-31,58,33,
1958-04-01,60,36,
1958-04-02,65,42,
1958-04-03,64,42,
1958-04-04,64,45,
1958-04-05,64,45,
1958-04-06,52,38,
1958-04-07,52,34,
1958-04-08,60,36,
1958-04-09,52,37,
1958-04-10,48,37,
1958-04-11,57,38,
1958-04-12,63,37,
1958-04-13,67,39,
1958-04-14,70,43,
1958-04-15,70,50,
1958-04-16,76,51,
1958-04-17,81,55,
1958-04-18,83,54,
1958-04-19,77,57,
1958-04-20,67,53,
1958-04-21,69,46,
1958-04-22,60,43,
1958-04-23,65,42,
1958-04-24,69,43,
1958-04-25,60,37,
1958-04-26,57,39,
1958-04-27,47,41,
1958-04-28,63,45,
1958-04-29,50,33,
1958-04-30,60,32,
1958-05-01,73,43,
1958-05-02,65,54,
1958-05-03,69,62,
1958-05-04,62,45,
1958-05-05,52,40,
1958-05-06,57,37,
1958-05-07,66,36,
1958-05-08,69,49,
1958-05-09,73,48,
1958-05-10,74,51,
1958-05-11,84,53,
1958-05-12,79,53,
1958-05-13,78,51,
1958-05-14,84,53,
1958-05-15,86,61,
1958-05-16,73,61,
1958-05-17,84,59,
1958-05-18,80,63,
1958-05-19,75,55,
1958-05-20,74,55,
1958-05-21,81,52,
1958-05-22,83,45,
1958-05-23,68,41,
1958-05-24,78,49,
1958-05-25,77,59,
1958-05-26,78,53,
1958-05-27,83,54,
1958-05-28,71,51,
1958-05-29,78,49,
1958-05-30,83,54,
1958-05-31,85,64,
1958-06-01,73,50,
1958-06-02,65,48,
1958-06-03,68,51,
1958-06-04,84,55,
1958-06-05,82,53,
1958-06-06,75,47,
1958-06-07,83,51,
1958-06-08,95,66,
1958-06-09,86,66,
1958-06-10,78,64,
1958-06-11,70,57,
1958-06-12,77,54,
1958-06-13,85,61,
1958-06-14,72,56,
1958-06-15,71,55,
1958-06-16,74,53,
1958-06-17,71,59,
1958-06-18,74,52,
1958-06-19,74,60,
1958-06-20,82,60,
1958-06-21,74,53,
1958-06-22,71,50,
1958-06-23,72,54,
1958-06-24,81,55,
1958-06-25,71,53,
1958-06-26,73,51,
1958-06-27,80,56,
1958-06-28,81,60,
1958-06-29,83,61,
1958-06-30,86,60,
1958-07-01,87,64,
1958-07-02,88,67,
1958-07-03,85,71,
1958-07-04,90,68,
1958-07-05,83,68,
1958-07-06,82,66,
1958-07-07,72,65,
1958-07-08,83,62,
1958-07-09,85,62,
1958-07-10,84,67,
1958-07-11,76,66,
1958-07-12,80,63,
1958-07-13,80,64,
1958-07-14,86,66,
1958-07-15,82,66,
1958-07-16,77,63,
1958-07-17,78,59,
1958-07-18,83,65,
1958-07-19,74,59,
1958-07-20,64,59,
1958-07-21,70,62,
1958-07-22,81,63,
1958-07-23,83,64,
1958-07-24,84,65,
1958-07-25,84,66,
1958-07-26,87,61,
1958-07-27,88,66,
1958-07-28,83,67,
1958-07-29,84,64,
1958-07-30,79,69,
1958-07-31,83,68,
1958-08-01,81,68,
1958-08-02,84,68,
1958-08-03,89,66,
1958-08-04,88,67,
1958-08-05,88,67,
1958-08-06,88,72,
1958-08-07,80,65,
1958-08-08,87,65,
1958-08-09,85,61,
1958-08-10,91,66,
1958-08-11,90,72,
1958-08-12,89,69,
1958-08-13,88,69,
1958-08-14,89,66,
1958-08-15,84,66,
1958-08-16,81,63,
1958-08-17,84,60,
1958-08-18,79,58,
1958-08-19,83,60,
1958-08-20,86,66,
1958-08-21,81,62,
1958-08-22,78,57,
1958-08-23,80,58,
1958-08-24,77,54,
1958-08-25,72,49,
1958-08-26,78,55,
1958-08-27,81,55,
1958-08-28,88,61,
1958-08-29,90,66,
1958-08-30,93,72,
1958-08-31,75,52,
1958-09-01,72,50,
1958-09-02,81,59,
1958-09-03,87,65,
1958-09-04,91,69,
1958-09-05,89,68,
1958-09-06,82,64,
1958-09-07,80,58,
1958-09-08,77,56,
1958-09-09,87,56,
1958-09-10,72,50,
1958-09-11,69,47,
1958-09-12,75,48,
1958-09-13,82,52,
1958-09-14,82,58,
1958-09-15,75,66,
1958-09-16,77,58,
1958-09-17,62,56,
1958-09-18,71,51,
1958-09-19,73,49,
1958-09-20,73,54,
1958-09-21,78,54,
1958-09-22,79,49,
1958-09-23,81,56,
1958-09-24,84,68,
1958-09-25,86,67,
1958-09-26,77,62,
1958-09-27,78,49,
1958-09-28,67,44,
1958-09-29,70,45,
1958-09-30,56,44,
1958-10-01,59,36,
1958-10-02,64,35,
1958-10-03,68,37,
1958-10-04,76,45,
1958-10-05,63,46,
1958-10-06,78,39,
1958-10-07,79,55,
1958-10-08,79,61,
1958-10-09,78,62,
1958-10-10,62,42,
1958-10-11,58,35,
1958-10-12,65,37,
1958-10-13,79,52,
1958-10-14,82,53,
1958-10-15,80,54,
1958-10-16,81,55,
1958-10-17,74,50,
1958-10-18,73,45,
1958-10-19,69,43,
1958-10-20,75,44,
1958-10-21,76,51,
1958-10-22,60,50,
1958-10-23,70,40,
1958-10-24,62,39,
1958-10-25,50,43,
1958-10-26,46,43,
1958-10-27,55,43,
1958-10-28,63,37,
1958-10-29,59,35,
1958-10-30,65,34,
1958-10-31,68,34,
1958-11-01,55,46,
1958-11-02,50,42,
1958-11-03,60,31,
1958-11-04,70,38,
1958-11-05,63,39,
1958-11-06,52,32,
1958-11-07,60,27,
1958-11-08,52,42,
1958-11-09,54,40,
1958-11-10,55,31,
1958-11-11,65,37,
1958-11-12,64,48,
1958-11-13,75,53,
1958-11-14,64,57,
1958-11-15,61,52,
1958-11-16,66,52,
1958-11-17,73,51,
1958-11-18,53,37,
1958-11-19,53,33,
1958-11-20,58,37,
1958-11-21,50,30,
1958-11-22,60,33,
1958-11-23,61,34,
1958-11-24,51,35,
1958-11-25,51,30,
1958-11-26,30,21,
1958-11-27,26,17,
1958-11-28,25,13,
1958-11-29,30,6,
1958-11-30,17,4,
1958-12-01,37,17,
1958-12-02,31,18,
1958-12-03,38,31,
1958-12-04,44,34,
1958-12-05,34,17,
1958-12-06,19,10,
1958-12-07,21,12,
1958-12-08,27,0,
1958-12-09,9,-6,
1958-12-10,19,-2,
1958-12-11,29,8,
1958-12-12,13,2,
1958-12-13,18,-1,
1958-12-14,20,1,
1958-12-15,18,-4,
1958-12-16,39,9,
1958-12-17,34,16,
1958-12-18,46,17,
1958-12-19,44,18,
1958-12-20,29,13,
1958-12-21,34,19,
1958-12-22,52,21,
1958-12-23,43,32,
1958-12-24,33,22,
1958-12-25,42,24,
1958-12-26,40,21,
1958-12-27,52,25,
1958-12-28,48,24,
1958-12-29,40,30,
1958-12-30,34,25,
1958-12-31,32,24,
1959-01-01,34,26,
1959-01-02,40,26,
1959-01-03,28,2,
1959-01-04,4,-6,
1959-01-05,12,-9,
1959-01-06,29,5,
1959-01-07,40,25,
1959-01-08,30,14,
1959-01-09,24,10,
1959-01-10,30,9,
1959-01-11,38,17,
1959-01-12,45,28,
1959-01-13,47,29,
1959-01-14,53,34,
1959-01-15,34,6,
1959-01-16,13,3,
1959-01-17,13,2,
1959-01-18,38,1,
1959-01-19,33,22,
1959-01-20,33,22,
1959-01-21,32,5,
1959-01-22,17,1,
1959-01-23,14,0,
1959-01-24,40,14,
1959-01-25,38,25,
1959-01-26,26,23,
1959-01-27,28,18,
1959-01-28,37,20,
1959-01-29,47,29,
1959-01-30,40,18,
1959-01-31,22,10,
1959-02-01,22,8,
1959-02-02,25,4,
1959-02-03,33,20,
1959-02-04,33,16,
1959-02-05,33,12,
1959-02-06,34,11,
1959-02-07,40,24,
1959-02-08,40,31,
1959-02-09,51,34,
1959-02-10,51,23,
1959-02-11,32,19,
1959-02-12,45,27,
1959-02-13,47,38,
1959-02-14,46,25,
1959-02-15,32,24,
1959-02-16,44,26,
1959-02-17,39,26,
1959-02-18,26,10,
1959-02-19,16,4,
1959-02-20,22,0,
1959-02-21,40,17,
1959-02-22,41,28,
1959-02-23,45,32,
1959-02-24,43,27,
1959-02-25,47,27,
1959-02-26,52,36,
1959-02-27,61,36,
1959-02-28,42,32,
1959-03-01,46,30,
1959-03-02,55,31,
1959-03-03,42,28,
1959-03-04,46,24,
1959-03-05,52,36,
1959-03-06,40,26,
1959-03-07,39,21,
1959-03-08,44,31,
1959-03-09,39,32,
1959-03-10,38,27,
1959-03-11,37,27,
1959-03-12,41,29,
1959-03-13,48,22,
1959-03-14,58,32,
1959-03-15,57,29,
1959-03-16,41,24,
1959-03-17,34,20,
1959-03-18,46,24,
1959-03-19,64,36,
1959-03-20,65,44,
1959-03-21,44,24,
1959-03-22,43,21,
1959-03-23,68,31,
1959-03-24,71,38,
1959-03-25,69,42,
1959-03-26,68,43,
1959-03-27,48,31,
1959-03-28,46,28,
1959-03-29,47,34,
1959-03-30,57,32,
1959-03-31,65,44,
1959-04-01,67,40,
1959-04-02,61,37,
1959-04-03,54,42,
1959-04-04,61,37,
1959-04-05,67,46,
1959-04-06,64,38,
1959-04-07,80,48,
1959-04-08,54,38,
1959-04-09,43,35,
1959-04-10,46,32,
1959-04-11,50,28,
1959-04-12,52,35,
1959-04-13,54,34,
1959-04-14,62,36,
1959-04-15,70,39,
1959-04-16,72,44,
1959-04-17,71,53,
1959-04-18,64,50,
1959-04-19,50,44,
1959-04-20,44,40,
1959-04-21,53,33,
1959-04-22,58,32,
1959-04-23,65,41,
1959-04-24,76,45,
1959-04-25,78,58,
1959-04-26,68,50,
1959-04-27,71,53,
1959-04-28,65,54,
1959-04-29,77,45,
1959-04-30,81,52,
1959-05-01,77,47,
1959-05-02,88,58,
1959-05-03,85,64,
1959-05-04,91,66,
1959-05-05,92,67,
1959-05-06,84,56,
1959-05-07,70,49,
1959-05-08,68,46,
1959-05-09,77,53,
1959-05-10,79,56,
1959-05-11,68,59,
1959-05-12,76,57,
1959-05-13,69,47,
1959-05-14,55,45,
1959-05-15,54,43,
1959-05-16,66,39,
1959-05-17,65,46,
1959-05-18,73,55,
1959-05-19,86,64,
1959-05-20,74,65,
1959-05-21,81,66,
1959-05-22,75,51,
1959-05-23,63,50,
1959-05-24,68,49,
1959-05-25,79,58,
1959-05-26,85,67,
1959-05-27,80,66,
1959-05-28,84,62,
1959-05-29,86,64,
1959-05-30,88,66,
1959-05-31,84,65,
1959-06-01,78,54,
1959-06-02,75,51,
1959-06-03,81,54,
1959-06-04,84,57,
1959-06-05,83,57,
1959-06-06,87,58,
1959-06-07,89,62,
1959-06-08,92,66,
1959-06-09,86,67,
1959-06-10,81,67,
1959-06-11,81,68,
1959-06-12,90,68,
1959-06-13,72,52,
1959-06-14,78,47,
1959-06-15,84,61,
1959-06-16,88,56,
1959-06-17,81,47,
1959-06-18,78,57,
1959-06-19,82,61,
1959-06-20,88,63,
1959-06-21,93,66,
1959-06-22,85,62,
1959-06-23,87,59,
1959-06-24,90,67,
1959-06-25,94,71,
1959-06-26,93,75,
1959-06-27,94,73,
1959-06-28,96,74,
1959-06-29,97,69,
1959-06-30,92,63,
1959-07-01,82,61,
1959-07-02,80,53,
1959-07-03,86,56,
1959-07-04,84,61,
1959-07-05,93,62,
1959-07-06,85,65,
1959-07-07,91,59,
1959-07-08,93,64,
1959-07-09,88,69,
1959-07-10,90,58,
1959-07-11,82,60,
1959-07-12,83,58,
1959-07-13,88,60,
1959-07-14,88,62,
1959-07-15,90,64,
1959-07-16,89,67,
1959-07-17,89,69,
1959-07-18,83,69,
1959-07-19,87,67,
1959-07-20,88,62,
1959-07-21,91,65,
1959-07-22,88,70,
1959-07-23,86,70,
1959-07-24,87,67,
1959-07-25,83,60,
1959-07-26,84,62,
1959-07-27,85,70,
1959-07-28,90,70,
1959-07-29,92,71,
1959-07-30,95,74,
1959-07-31,90,71,
1959-08-01,92,63,
1959-08-02,85,61,
1959-08-03,88,67,
1959-08-04,86,71,
1959-08-05,91,69,
1959-08-06,80,70,
1959-08-07,83,68,
1959-08-08,81,64,
1959-08-09,82,59,
1959-08-10,84,60,
1959-08-11,89,61,
1959-08-12,91,64,
1959-08-13,92,65,
1959-08-14,91,68,
1959-08-15,87,70,
1959-08-16,85,69,
1959-08-17,86,69,
1959-08-18,90,69,
1959-08-19,90,70,
1959-08-20,89,69,
1959-08-21,92,71,
1959-08-22,92,73,
1959-08-23,91,70,
1959-08-24,94,73,
1959-08-25,93,73,
1959-08-26,90,72,
1959-08-27,89,69,
1959-08-28,88,73,
1959-08-29,93,70,
1959-08-30,90,68,
1959-08-31,87,65,
1959-09-01,71,65,
1959-09-02,80,60,
1959-09-03,80,57,
1959-09-04,88,56,
1959-09-05,90,64,
1959-09-06,90,68,
1959-09-07,92,68,
1959-09-08,90,69,
1959-09-09,92,68,
1959-09-10,72,52,
1959-09-11,72,46,
1959-09-12,78,46,
1959-09-13,81,48,
1959-09-14,83,51,
1959-09-15,82,52,
1959-09-16,63,45,
1959-09-17,57,45,
1959-09-18,69,41,
1959-09-19,80,52,
1959-09-20,87,65,
1959-09-21,86,62,
1959-09-22,90,63,
1959-09-23,85,64,
1959-09-24,85,63,
1959-09-25,83,63,
1959-09-26,75,60,
1959-09-27,82,55,
1959-09-28,87,66,
1959-09-29,70,54,
1959-09-30,71,46,
1959-10-01,73,53,
1959-10-02,81,56,
1959-10-03,77,61,
1959-10-04,77,59,
1959-10-05,75,67,
1959-10-06,69,58,
1959-10-07,61,56,
1959-10-08,78,44,
1959-10-09,62,38,
1959-10-10,68,43,
1959-10-11,53,38,
1959-10-12,59,33,
1959-10-13,55,41,
1959-10-14,53,36,
1959-10-15,65,38,
1959-10-16,73,46,
1959-10-17,56,39,
1959-10-18,63,32,
1959-10-19,66,38,
1959-10-20,73,45,
1959-10-21,68,42,
1959-10-22,73,47,
1959-10-23,68,47,
1959-10-24,47,39,
1959-10-25,44,36,
1959-10-26,51,40,
1959-10-27,46,32,
1959-10-28,50,27,
1959-10-29,60,32,
1959-10-30,61,47,
1959-10-31,56,47,
1959-11-01,59,44,
1959-11-02,49,34,
1959-11-03,56,34,
1959-11-04,65,55,
1959-11-05,55,27,
1959-11-06,29,23,
1959-11-07,37,19,
1959-11-08,48,30,
1959-11-09,53,33,
1959-11-10,65,36,
1959-11-11,51,28,
1959-11-12,32,25,
1959-11-13,35,26,
1959-11-14,26,17,
1959-11-15,41,18,
1959-11-16,38,7,
1959-11-17,20,3,
1959-11-18,38,14,
1959-11-19,48,24,
1959-11-20,47,31,
1959-11-21,55,31,
1959-11-22,57,35,
1959-11-23,46,38,
1959-11-24,42,27,
1959-11-25,31,18,
1959-11-26,33,27,
1959-11-27,30,19,
1959-11-28,26,19,
1959-11-29,31,12,
1959-11-30,41,22,
1959-12-01,49,30,
1959-12-02,43,31,
1959-12-03,50,28,
1959-12-04,51,33,
1959-12-05,39,30,
1959-12-06,30,24,
1959-12-07,35,19,
1959-12-08,41,28,
1959-12-09,48,26,
1959-12-10,48,29,
1959-12-11,49,37,
1959-12-12,39,33,
1959-12-13,34,32,
1959-12-14,40,31,
1959-12-15,51,31,
1959-12-16,53,33,
1959-12-17,48,40,
1959-12-18,40,29,
1959-12-19,39,25,
1959-12-20,35,28,
1959-12-21,29,16,
1959-12-22,33,16,
1959-12-23,34,29,
1959-12-24,36,31,
1959-12-25,51,35,
1959-12-26,56,48,
1959-12-27,60,48,
1959-12-28,48,34,
1959-12-29,34,28,
1959-12-30,32,26,
1959-12-31,35,23,
1960-01-01,36,25,
1960-01-02,46,30,
1960-01-03,30,16,
1960-01-04,24,10,
1960-01-05,23,14,
1960-01-06,41,17,
1960-01-07,41,26,
1960-01-08,43,28,
1960-01-09,44,27,
1960-01-10,47,33,
1960-01-11,48,30,
1960-01-12,62,47,
1960-01-13,56,41,
1960-01-14,50,40,
1960-01-15,47,23,
1960-01-16,35,20,
1960-01-17,33,27,
1960-01-18,33,27,
1960-01-19,27,12,
1960-01-20,19,6,
1960-01-21,19,3,
1960-01-22,18,8,
1960-01-23,18,1,
1960-01-24,21,6,
1960-01-25,38,9,
1960-01-26,39,20,
1960-01-27,40,33,
1960-01-28,34,31,
1960-01-29,36,31,
1960-01-30,34,28,
1960-01-31,37,26,
1960-02-01,34,29,
1960-02-02,38,28,
1960-02-03,40,24,
1960-02-04,38,33,
1960-02-05,44,34,
1960-02-06,34,30,
1960-02-07,36,29,
1960-02-08,39,29,
1960-02-09,45,33,
1960-02-10,42,23,
1960-02-11,25,18,
1960-02-12,27,15,
1960-02-13,28,18,
1960-02-14,32,21,
1960-02-15,40,22,
1960-02-16,36,30,
1960-02-17,34,26,
1960-02-18,32,20,
1960-02-19,26,12,
1960-02-20,32,13,
1960-02-21,33,13,
1960-02-22,22,3,
1960-02-23,34,20,
1960-02-24,35,28,
1960-02-25,28,22,
1960-02-26,28,11,
1960-02-27,26,3,
1960-02-28,29,16,
1960-02-29,18,6,
1960-03-01,24,5,
1960-03-02,26,18,
1960-03-03,28,6,
1960-03-04,13,3,
1960-03-05,18,-2,
1960-03-06,19,5,
1960-03-07,22,12,
1960-03-08,28,8,
1960-03-09,23,16,
1960-03-10,30,10,
1960-03-11,25,15,
1960-03-12,28,7,
1960-03-13,33,17,
1960-03-14,32,20,
1960-03-15,34,17,
1960-03-16,35,24,
1960-03-17,31,23,
1960-03-18,32,15,
1960-03-19,38,23,
1960-03-20,30,18,
1960-03-21,30,14,
1960-03-22,33,20,
1960-03-23,34,13,
1960-03-24,30,15,
1960-03-25,29,9,
1960-03-26,36,24,
1960-03-27,59,33,
1960-03-28,70,44,
1960-03-29,71,51,
1960-03-30,61,38,
1960-03-31,44,36,
1960-04-01,67,40,
1960-04-02,63,38,
1960-04-03,44,34,
1960-04-04,45,36,
1960-04-05,47,34,
1960-04-06,64,32,
1960-04-07,58,37,
1960-04-08,49,30,
1960-04-09,42,26,
1960-04-10,50,26,
1960-04-11,65,39,
1960-04-12,72,42,
1960-04-13,75,51,
1960-04-14,77,56,
1960-04-15,75,54,
1960-04-16,72,58,
1960-04-17,62,39,
1960-04-18,55,34,
1960-04-19,66,40,
1960-04-20,78,46,
1960-04-21,71,56,
1960-04-22,82,52,
1960-04-23,84,61,
1960-04-24,84,63,
1960-04-25,84,60,
1960-04-26,65,51,
1960-04-27,70,44,
1960-04-28,71,44,
1960-04-29,63,51,
1960-04-30,66,40,
1960-05-01,59,35,
1960-05-02,68,41,
1960-05-03,74,45,
1960-05-04,78,51,
1960-05-05,73,58,
1960-05-06,69,49,
1960-05-07,52,39,
1960-05-08,43,37,
1960-05-09,44,38,
1960-05-10,43,38,
1960-05-11,47,39,
1960-05-12,63,38,
1960-05-13,70,43,
1960-05-14,79,47,
1960-05-15,84,55,
1960-05-16,74,62,
1960-05-17,67,53,
1960-05-18,70,48,
1960-05-19,75,60,
1960-05-20,78,61,
1960-05-21,64,52,
1960-05-22,75,57,
1960-05-23,79,56,
1960-05-24,77,56,
1960-05-25,80,59,
1960-05-26,75,57,
1960-05-27,65,53,
1960-05-28,67,56,
1960-05-29,76,57,
1960-05-30,74,58,
1960-05-31,81,57,
1960-06-01,81,58,
1960-06-02,79,63,
1960-06-03,88,61,
1960-06-04,93,64,
1960-06-05,76,58,
1960-06-06,73,54,
1960-06-07,72,53,
1960-06-08,76,51,
1960-06-09,81,52,
1960-06-10,86,58,
1960-06-11,88,69,
1960-06-12,75,66,
1960-06-13,71,57,
1960-06-14,62,54,
1960-06-15,81,53,
1960-06-16,85,61,
1960-06-17,70,52,
1960-06-18,77,50,
1960-06-19,82,64,
1960-06-20,79,60,
1960-06-21,81,61,
1960-06-22,88,69,
1960-06-23,77,64,
1960-06-24,74,59,
1960-06-25,78,56,
1960-06-26,80,58,
1960-06-27,81,65,
1960-06-28,83,66,
1960-06-29,84,68,
1960-06-30,79,66,
1960-07-01,80,65,
1960-07-02,86,63,
1960-07-03,83,65,
1960-07-04,77,59,
1960-07-05,82,56,
1960-07-06,81,62,
1960-07-07,82,58,
1960-07-08,85,61,
1960-07-09,83,60,
1960-07-10,83,64,
1960-07-11,85,68,
1960-07-12,89,67,
1960-07-13,81,60,
1960-07-14,76,57,
1960-07-15,79,54,
1960-07-16,81,60,
1960-07-17,82,61,
1960-07-18,84,60,
1960-07-19,86,65,
1960-07-20,85,65,
1960-07-21,88,64,
1960-07-22,90,67,
1960-07-23,91,71,
1960-07-24,91,67,
1960-07-25,90,70,
1960-07-26,85,65,
1960-07-27,88,63,
1960-07-28,88,64,
1960-07-29,89,67,
1960-07-30,82,62,
1960-07-31,NA,NA,
1960-08-01,85,57,
1960-08-02,92,64,
1960-08-03,92,67,
1960-08-04,84,67,
1960-08-05,84,64,
1960-08-06,87,68,
1960-08-07,86,69,
1960-08-08,86,67,
1960-08-09,84,68,
1960-08-10,79,60,
1960-08-11,79,56,
1960-08-12,81,57,
1960-08-13,84,60,
1960-08-14,85,62,
1960-08-15,80,60,
1960-08-16,82,56,
1960-08-17,85,60,
1960-08-18,92,66,
1960-08-19,80,66,
1960-08-20,82,66,
1960-08-21,84,65,
1960-08-22,85,64,
1960-08-23,85,63,
1960-08-24,86,63,
1960-08-25,88,66,
1960-08-26,87,65,
1960-08-27,89,68,
1960-08-28,89,66,
1960-08-29,89,70,
1960-08-30,88,69,
1960-08-31,93,67,
1960-09-01,96,69,
1960-09-02,96,72,
1960-09-03,93,73,
1960-09-04,96,70,
1960-09-05,95,73,
1960-09-06,97,71,
1960-09-07,97,70,
1960-09-08,97,68,
1960-09-09,78,61,
1960-09-10,72,54,
1960-09-11,79,52,
1960-09-12,71,53,
1960-09-13,76,48,
1960-09-14,81,52,
1960-09-15,80,59,
1960-09-16,85,60,
1960-09-17,83,63,
1960-09-18,83,62,
1960-09-19,71,59,
1960-09-20,70,58,
1960-09-21,72,54,
1960-09-22,87,59,
1960-09-23,87,62,
1960-09-24,85,65,
1960-09-25,76,60,
1960-09-26,78,59,
1960-09-27,77,57,
1960-09-28,78,51,
1960-09-29,78,51,
1960-09-30,66,45,
1960-10-01,72,42,
1960-10-02,75,51,
1960-10-03,66,47,
1960-10-04,75,46,
1960-10-05,80,55,
1960-10-06,78,49,
1960-10-07,71,43,
1960-10-08,68,47,
1960-10-09,76,51,
1960-10-10,80,47,
1960-10-11,81,53,
1960-10-12,82,51,
1960-10-13,80,54,
1960-10-14,79,55,
1960-10-15,68,58,
1960-10-16,67,49,
1960-10-17,74,45,
1960-10-18,64,46,
1960-10-19,49,31,
1960-10-20,48,28,
1960-10-21,50,32,
1960-10-22,69,35,
1960-10-23,62,41,
1960-10-24,51,29,
1960-10-25,64,32,
1960-10-26,57,46,
1960-10-27,55,42,
1960-10-28,60,43,
1960-10-29,60,39,
1960-10-30,64,50,
1960-10-31,63,40,
1960-11-01,53,39,
1960-11-02,50,34,
1960-11-03,57,31,
1960-11-04,54,42,
1960-11-05,49,38,
1960-11-06,44,31,
1960-11-07,47,26,
1960-11-08,42,32,
1960-11-09,43,25,
1960-11-10,38,21,
1960-11-11,43,22,
1960-11-12,52,28,
1960-11-13,65,37,
1960-11-14,72,46,
1960-11-15,63,57,
1960-11-16,57,38,
1960-11-17,51,31,
1960-11-18,48,34,
1960-11-19,52,28,
1960-11-20,56,32,
1960-11-21,56,31,
1960-11-22,54,34,
1960-11-23,49,28,
1960-11-24,51,30,
1960-11-25,60,35,
1960-11-26,61,41,
1960-11-27,65,53,
1960-11-28,65,29,
1960-11-29,32,25,
1960-11-30,32,18,
1960-12-01,35,15,
1960-12-02,41,18,
1960-12-03,48,25,
1960-12-04,61,43,
1960-12-05,55,47,
1960-12-06,50,27,
1960-12-07,36,22,
1960-12-08,29,17,
1960-12-09,30,13,
1960-12-10,39,24,
1960-12-11,33,21,
1960-12-12,25,13,
1960-12-13,23,5,
1960-12-14,34,18,
1960-12-15,34,21,
1960-12-16,28,11,
1960-12-17,27,17,
1960-12-18,35,17,
1960-12-19,28,17,
1960-12-20,26,8,
1960-12-21,8,-1,
1960-12-22,8,-3,
1960-12-23,19,-11,
1960-12-24,25,8,
1960-12-25,41,12,
1960-12-26,40,25,
1960-12-27,31,20,
1960-12-28,28,19,
1960-12-29,33,23,
1960-12-30,40,18,
1960-12-31,35,25,
1961-01-01,30,28,
1961-01-02,33,25,
1961-01-03,30,16,
1961-01-04,40,13,
1961-01-05,43,31,
1961-01-06,47,32,
1961-01-07,43,30,
1961-01-08,30,18,
1961-01-09,32,15,
1961-01-10,42,21,
1961-01-11,48,27,
1961-01-12,48,26,
1961-01-13,50,32,
1961-01-14,48,36,
1961-01-15,37,32,
1961-01-16,34,29,
1961-01-17,47,31,
1961-01-18,41,28,
1961-01-19,32,16,
1961-01-20,18,8,
1961-01-21,11,0,
1961-01-22,15,0,
1961-01-23,25,0,
1961-01-24,25,-1,
1961-01-25,17,-3,
1961-01-26,20,4,
1961-01-27,6,-5,
1961-01-28,27,-5,
1961-01-29,18,5,
1961-01-30,24,4,
1961-01-31,40,13,
1961-02-01,28,19,
1961-02-02,19,10,
1961-02-03,20,10,
1961-02-04,30,15,
1961-02-05,31,5,
1961-02-06,30,20,
1961-02-07,37,24,
1961-02-08,40,17,
1961-02-09,40,23,
1961-02-10,35,26,
1961-02-11,37,29,
1961-02-12,51,31,
1961-02-13,53,33,
1961-02-14,52,31,
1961-02-15,55,31,
1961-02-16,53,28,
1961-02-17,57,47,
1961-02-18,65,28,
1961-02-19,37,23,
1961-02-20,42,27,
1961-02-21,54,32,
1961-02-22,54,42,
1961-02-23,62,43,
1961-02-24,46,26,
1961-02-25,34,24,
1961-02-26,51,21,
1961-02-27,47,34,
1961-02-28,47,33,
1961-03-01,49,33,
1961-03-02,63,32,
1961-03-03,65,39,
1961-03-04,72,50,
1961-03-05,50,39,
1961-03-06,60,37,
1961-03-07,51,34,
1961-03-08,48,28,
1961-03-09,42,28,
1961-03-10,47,27,
1961-03-11,60,38,
1961-03-12,44,36,
1961-03-13,57,40,
1961-03-14,47,35,
1961-03-15,47,31,
1961-03-16,44,27,
1961-03-17,42,22,
1961-03-18,39,31,
1961-03-19,37,32,
1961-03-20,50,31,
1961-03-21,48,41,
1961-03-22,45,39,
1961-03-23,42,36,
1961-03-24,45,39,
1961-03-25,60,35,
1961-03-26,67,42,
1961-03-27,70,45,
1961-03-28,45,34,
1961-03-29,46,32,
1961-03-30,50,26,
1961-03-31,43,37,
1961-04-01,44,24,
1961-04-02,46,21,
1961-04-03,53,31,
1961-04-04,59,32,
1961-04-05,48,40,
1961-04-06,49,33,
1961-04-07,51,30,
1961-04-08,49,30,
1961-04-09,42,33,
1961-04-10,49,33,
1961-04-11,53,34,
1961-04-12,46,37,
1961-04-13,56,34,
1961-04-14,66,38,
1961-04-15,53,30,
1961-04-16,34,27,
1961-04-17,41,32,
1961-04-18,53,36,
1961-04-19,64,36,
1961-04-20,69,44,
1961-04-21,76,50,
1961-04-22,62,49,
1961-04-23,72,45,
1961-04-24,75,61,
1961-04-25,63,45,
1961-04-26,62,40,
1961-04-27,61,44,
1961-04-28,51,38,
1961-04-29,54,36,
1961-04-30,62,42,
1961-05-01,56,40,
1961-05-02,60,36,
1961-05-03,63,41,
1961-05-04,66,40,
1961-05-05,54,45,
1961-05-06,77,50,
1961-05-07,70,59,
1961-05-08,65,52,
1961-05-09,55,45,
1961-05-10,64,42,
1961-05-11,75,46,
1961-05-12,80,57,
1961-05-13,80,58,
1961-05-14,80,63,
1961-05-15,66,51,
1961-05-16,67,44,
1961-05-17,60,51,
1961-05-18,68,47,
1961-05-19,69,42,
1961-05-20,66,49,
1961-05-21,74,43,
1961-05-22,68,40,
1961-05-23,71,38,
1961-05-24,77,44,
1961-05-25,78,39,
1961-05-26,49,36,
1961-05-27,70,37,
1961-05-28,72,47,
1961-05-29,70,47,
1961-05-30,77,43,
1961-05-31,88,56,
1961-06-01,89,68,
1961-06-02,80,64,
1961-06-03,76,53,
1961-06-04,83,49,
1961-06-05,86,62,
1961-06-06,87,63,
1961-06-07,82,64,
1961-06-08,82,65,
1961-06-09,75,63,
1961-06-10,86,63,
1961-06-11,90,67,
1961-06-12,90,70,
1961-06-13,89,69,
1961-06-14,70,55,
1961-06-15,66,49,
1961-06-16,71,45,
1961-06-17,78,51,
1961-06-18,82,57,
1961-06-19,84,59,
1961-06-20,69,52,
1961-06-21,75,48,
1961-06-22,83,55,
1961-06-23,74,56,
1961-06-24,77,52,
1961-06-25,76,55,
1961-06-26,82,56,
1961-06-27,86,58,
1961-06-28,90,61,
1961-06-29,92,65,
1961-06-30,88,65,
1961-07-01,90,65,
1961-07-02,80,65,
1961-07-03,82,59,
1961-07-04,90,60,
1961-07-05,87,67,
1961-07-06,83,64,
1961-07-07,86,57,
1961-07-08,76,52,
1961-07-09,79,54,
1961-07-10,85,59,
1961-07-11,88,60,
1961-07-12,84,65,
1961-07-13,84,64,
1961-07-14,84,68,
1961-07-15,86,67,
1961-07-16,85,65,
1961-07-17,86,64,
1961-07-18,90,69,
1961-07-19,86,67,
1961-07-20,88,68,
1961-07-21,87,68,
1961-07-22,87,68,
1961-07-23,79,67,
1961-07-24,85,67,
1961-07-25,86,67,
1961-07-26,85,62,
1961-07-27,82,67,
1961-07-28,87,70,
1961-07-29,91,70,
1961-07-30,92,75,
1961-07-31,92,76,
1961-08-01,91,71,
1961-08-02,84,70,
1961-08-03,87,69,
1961-08-04,82,65,
1961-08-05,80,64,
1961-08-06,79,63,
1961-08-07,83,61,
1961-08-08,86,64,
1961-08-09,88,67,
1961-08-10,86,70,
1961-08-11,83,67,
1961-08-12,83,63,
1961-08-13,82,57,
1961-08-14,85,58,
1961-08-15,87,63,
1961-08-16,88,65,
1961-08-17,87,65,
1961-08-18,90,65,
1961-08-19,88,64,
1961-08-20,76,54,
1961-08-21,76,52,
1961-08-22,73,56,
1961-08-23,72,59,
1961-08-24,75,61,
1961-08-25,81,56,
1961-08-26,87,61,
1961-08-27,90,65,
1961-08-28,91,65,
1961-08-29,90,69,
1961-08-30,92,65,
1961-08-31,92,70,
1961-09-01,86,69,
1961-09-02,88,72,
1961-09-03,88,70,
1961-09-04,90,70,
1961-09-05,92,69,
1961-09-06,90,69,
1961-09-07,92,63,
1961-09-08,92,68,
1961-09-09,94,69,
1961-09-10,92,71,
1961-09-11,92,68,
1961-09-12,90,69,
1961-09-13,88,69,
1961-09-14,69,47,
1961-09-15,70,43,
1961-09-16,75,48,
1961-09-17,78,48,
1961-09-18,77,52,
1961-09-19,79,51,
1961-09-20,80,60,
1961-09-21,84,61,
1961-09-22,90,64,
1961-09-23,89,65,
1961-09-24,77,63,
1961-09-25,64,47,
1961-09-26,69,43,
1961-09-27,76,48,
1961-09-28,60,43,
1961-09-29,74,40,
1961-09-30,79,46,
1961-10-01,57,42,
1961-10-02,53,37,
1961-10-03,65,36,
1961-10-04,73,44,
1961-10-05,76,52,
1961-10-06,77,50,
1961-10-07,75,48,
1961-10-08,78,51,
1961-10-09,82,55,
1961-10-10,80,58,
1961-10-11,80,57,
1961-10-12,84,52,
1961-10-13,69,47,
1961-10-14,55,38,
1961-10-15,69,36,
1961-10-16,77,47,
1961-10-17,78,51,
1961-10-18,76,50,
1961-10-19,56,39,
1961-10-20,50,41,
1961-10-21,50,46,
1961-10-22,61,46,
1961-10-23,54,46,
1961-10-24,60,50,
1961-10-25,59,42,
1961-10-26,53,33,
1961-10-27,58,32,
1961-10-28,58,45,
1961-10-29,73,55,
1961-10-30,66,55,
1961-10-31,60,48,
1961-11-01,61,48,
1961-11-02,77,58,
1961-11-03,58,32,
1961-11-04,47,27,
1961-11-05,44,31,
1961-11-06,37,28,
1961-11-07,49,26,
1961-11-08,40,27,
1961-11-09,58,25,
1961-11-10,57,32,
1961-11-11,60,41,
1961-11-12,57,46,
1961-11-13,60,46,
1961-11-14,47,43,
1961-11-15,58,41,
1961-11-16,63,39,
1961-11-17,41,28,
1961-11-18,41,25,
1961-11-19,34,29,
1961-11-20,39,31,
1961-11-21,41,32,
1961-11-22,43,36,
1961-11-23,48,36,
1961-11-24,50,32,
1961-11-25,56,35,
1961-11-26,56,41,
1961-11-27,46,32,
1961-11-28,38,27,
1961-11-29,41,22,
1961-11-30,46,26,
1961-12-01,45,31,
1961-12-02,57,33,
1961-12-03,61,39,
1961-12-04,60,32,
1961-12-05,40,25,
1961-12-06,47,30,
1961-12-07,35,23,
1961-12-08,34,18,
1961-12-09,33,26,
1961-12-10,34,23,
1961-12-11,34,19,
1961-12-12,35,10,
1961-12-13,20,5,
1961-12-14,32,13,
1961-12-15,30,13,
1961-12-16,34,23,
1961-12-17,37,32,
1961-12-18,34,30,
1961-12-19,35,30,
1961-12-20,30,21,
1961-12-21,35,24,
1961-12-22,38,27,
1961-12-23,32,23,
1961-12-24,30,22,
1961-12-25,30,19,
1961-12-26,39,30,
1961-12-27,30,15,
1961-12-28,16,-2,
1961-12-29,18,3,
1961-12-30,21,2,
1961-12-31,29,11,
1962-01-01,24,9,
1962-01-02,34,24,
1962-01-03,47,32,
1962-01-04,46,35,
1962-01-05,44,34,
1962-01-06,35,22,
1962-01-07,27,14,
1962-01-08,20,5,
1962-01-09,5,-9,
1962-01-10,2,-10,
1962-01-11,10,-7,
1962-01-12,23,7,
1962-01-13,33,16,
1962-01-14,35,29,
1962-01-15,33,8,
1962-01-16,21,5,
1962-01-17,12,1,
1962-01-18,13,3,
1962-01-19,20,11,
1962-01-20,20,3,
1962-01-21,35,20,
1962-01-22,33,9,
1962-01-23,23,4,
1962-01-24,35,21,
1962-01-25,34,19,
1962-01-26,39,32,
1962-01-27,32,20,
1962-01-28,34,20,
1962-01-29,40,25,
1962-01-30,36,6,
1962-01-31,31,5,
1962-02-01,29,13,
1962-02-02,36,14,
1962-02-03,46,30,
1962-02-04,57,36,
1962-02-05,38,12,
1962-02-06,12,1,
1962-02-07,37,5,
1962-02-08,38,20,
1962-02-09,35,24,
1962-02-10,28,15,
1962-02-11,38,23,
1962-02-12,43,33,
1962-02-13,54,32,
1962-02-14,38,32,
1962-02-15,37,31,
1962-02-16,37,30,
1962-02-17,36,31,
1962-02-18,43,32,
1962-02-19,34,23,
1962-02-20,34,18,
1962-02-21,38,29,
1962-02-22,33,21,
1962-02-23,29,20,
1962-02-24,32,21,
1962-02-25,45,28,
1962-02-26,46,28,
1962-02-27,31,26,
1962-02-28,26,7,
1962-03-01,23,2,
1962-03-02,33,12,
1962-03-03,39,21,
1962-03-04,44,25,
1962-03-05,28,21,
1962-03-06,34,23,
1962-03-07,37,28,
1962-03-08,35,29,
1962-03-09,37,33,
1962-03-10,39,34,
1962-03-11,47,35,
1962-03-12,38,33,
1962-03-13,38,30,
1962-03-14,30,26,
1962-03-15,34,26,
1962-03-16,33,22,
1962-03-17,46,25,
1962-03-18,50,27,
1962-03-19,63,40,
1962-03-20,42,33,
1962-03-21,38,32,
1962-03-22,40,32,
1962-03-23,46,33,
1962-03-24,52,32,
1962-03-25,54,35,
1962-03-26,56,33,
1962-03-27,63,31,
1962-03-28,70,42,
1962-03-29,69,35,
1962-03-30,51,32,
1962-03-31,53,35,
1962-04-01,41,32,
1962-04-02,41,32,
1962-04-03,48,28,
1962-04-04,51,39,
1962-04-05,51,39,
1962-04-06,60,33,
1962-04-07,56,41,
1962-04-08,65,38,
1962-04-09,55,36,
1962-04-10,58,39,
1962-04-11,58,38,
1962-04-12,58,34,
1962-04-13,46,32,
1962-04-14,55,30,
1962-04-15,47,27,
1962-04-16,51,29,
1962-04-17,60,39,
1962-04-18,66,42,
1962-04-19,58,37,
1962-04-20,60,32,
1962-04-21,78,46,
1962-04-22,76,50,
1962-04-23,68,47,
1962-04-24,76,41,
1962-04-25,81,51,
1962-04-26,85,53,
1962-04-27,82,57,
1962-04-28,72,59,
1962-04-29,78,58,
1962-04-30,83,60,
1962-05-01,64,49,
1962-05-02,69,49,
1962-05-03,77,52,
1962-05-04,81,56,
1962-05-05,83,59,
1962-05-06,71,56,
1962-05-07,75,50,
1962-05-08,74,45,
1962-05-09,62,44,
1962-05-10,72,51,
1962-05-11,68,53,
1962-05-12,81,61,
1962-05-13,85,60,
1962-05-14,88,65,
1962-05-15,87,66,
1962-05-16,89,67,
1962-05-17,90,66,
1962-05-18,88,65,
1962-05-19,87,66,
1962-05-20,86,68,
1962-05-21,88,64,
1962-05-22,89,63,
1962-05-23,82,66,
1962-05-24,80,60,
1962-05-25,80,58,
1962-05-26,80,59,
1962-05-27,73,57,
1962-05-28,80,56,
1962-05-29,85,67,
1962-05-30,81,66,
1962-05-31,86,60,
1962-06-01,79,55,
1962-06-02,68,52,
1962-06-03,79,54,
1962-06-04,78,64,
1962-06-05,85,65,
1962-06-06,80,64,
1962-06-07,80,62,
1962-06-08,86,63,
1962-06-09,82,66,
1962-06-10,80,66,
1962-06-11,81,60,
1962-06-12,67,53,
1962-06-13,74,49,
1962-06-14,78,52,
1962-06-15,82,58,
1962-06-16,84,60,
1962-06-17,90,60,
1962-06-18,94,69,
1962-06-19,82,60,
1962-06-20,83,55,
1962-06-21,84,62,
1962-06-22,87,64,
1962-06-23,89,68,
1962-06-24,87,64,
1962-06-25,88,61,
1962-06-26,89,64,
1962-06-27,90,65,
1962-06-28,90,64,
1962-06-29,90,67,
1962-06-30,92,68,
1962-07-01,89,68,
1962-07-02,86,67,
1962-07-03,87,68,
1962-07-04,80,66,
1962-07-05,85,70,
1962-07-06,89,66,
1962-07-07,89,71,
1962-07-08,86,66,
1962-07-09,79,61,
1962-07-10,84,57,
1962-07-11,90,66,
1962-07-12,88,65,
1962-07-13,85,68,
1962-07-14,89,68,
1962-07-15,79,67,
1962-07-16,78,64,
1962-07-17,78,61,
1962-07-18,82,62,
1962-07-19,83,62,
1962-07-20,85,67,
1962-07-21,83,67,
1962-07-22,83,61,
1962-07-23,78,61,
1962-07-24,80,62,
1962-07-25,84,59,
1962-07-26,74,53,
1962-07-27,77,53,
1962-07-28,77,55,
1962-07-29,75,62,
1962-07-30,81,56,
1962-07-31,77,59,
1962-08-01,82,55,
1962-08-02,85,63,
1962-08-03,87,64,
1962-08-04,89,67,
1962-08-05,84,66,
1962-08-06,80,68,
1962-08-07,87,69,
1962-08-08,88,68,
1962-08-09,77,61,
1962-08-10,78,58,
1962-08-11,79,58,
1962-08-12,80,63,
1962-08-13,79,61,
1962-08-14,69,56,
1962-08-15,77,52,
1962-08-16,85,60,
1962-08-17,80,60,
1962-08-18,83,55,
1962-08-19,93,65,
1962-08-20,95,70,
1962-08-21,85,62,
1962-08-22,88,63,
1962-08-23,91,65,
1962-08-24,89,69,
1962-08-25,70,61,
1962-08-26,80,57,
1962-08-27,84,58,
1962-08-28,85,61,
1962-08-29,88,60,
1962-08-30,88,60,
1962-08-31,87,68,
1962-09-01,78,64,
1962-09-02,83,60,
1962-09-03,85,66,
1962-09-04,82,57,
1962-09-05,68,49,
1962-09-06,70,43,
1962-09-07,77,48,
1962-09-08,77,55,
1962-09-09,82,66,
1962-09-10,75,55,
1962-09-11,81,51,
1962-09-12,89,59,
1962-09-13,89,70,
1962-09-14,80,68,
1962-09-15,73,60,
1962-09-16,84,58,
1962-09-17,74,55,
1962-09-18,76,49,
1962-09-19,70,46,
1962-09-20,64,40,
1962-09-21,69,41,
1962-09-22,74,52,
1962-09-23,74,46,
1962-09-24,65,57,
1962-09-25,67,49,
1962-09-26,65,46,
1962-09-27,65,47,
1962-09-28,66,43,
1962-09-29,69,42,
1962-09-30,73,43,
1962-10-01,61,57,
1962-10-02,64,57,
1962-10-03,70,48,
1962-10-04,72,54,
1962-10-05,74,52,
1962-10-06,65,49,
1962-10-07,84,61,
1962-10-08,65,49,
1962-10-09,80,48,
1962-10-10,86,52,
1962-10-11,87,61,
1962-10-12,87,57,
1962-10-13,82,56,
1962-10-14,77,61,
1962-10-15,84,64,
1962-10-16,69,50,
1962-10-17,70,45,
1962-10-18,73,51,
1962-10-19,76,52,
1962-10-20,66,52,
1962-10-21,62,46,
1962-10-22,70,46,
1962-10-23,48,35,
1962-10-24,47,29,
1962-10-25,39,27,
1962-10-26,43,21,
1962-10-27,65,34,
1962-10-28,70,42,
1962-10-29,52,36,
1962-10-30,59,39,
1962-10-31,52,35,
1962-11-01,49,35,
1962-11-02,48,39,
1962-11-03,47,37,
1962-11-04,40,31,
1962-11-05,47,34,
1962-11-06,51,27,
1962-11-07,56,39,
1962-11-08,42,34,
1962-11-09,49,32,
1962-11-10,53,34,
1962-11-11,55,34,
1962-11-12,51,36,
1962-11-13,57,30,
1962-11-14,60,37,
1962-11-15,55,43,
1962-11-16,52,44,
1962-11-17,44,38,
1962-11-18,41,36,
1962-11-19,40,36,
1962-11-20,47,37,
1962-11-21,55,40,
1962-11-22,42,28,
1962-11-23,55,30,
1962-11-24,45,27,
1962-11-25,49,30,
1962-11-26,53,29,
1962-11-27,50,31,
1962-11-28,59,33,
1962-11-29,63,36,
1962-11-30,65,39,
1962-12-01,63,35,
1962-12-02,63,37,
1962-12-03,59,38,
1962-12-04,59,35,
1962-12-05,35,23,
1962-12-06,32,23,
1962-12-07,38,19,
1962-12-08,36,20,
1962-12-09,23,13,
1962-12-10,19,9,
1962-12-11,10,-3,
1962-12-12,8,-7,
1962-12-13,25,-2,
1962-12-14,30,12,
1962-12-15,46,23,
1962-12-16,39,25,
1962-12-17,56,28,
1962-12-18,60,31,
1962-12-19,49,37,
1962-12-20,37,25,
1962-12-21,27,23,
1962-12-22,35,19,
1962-12-23,31,13,
1962-12-24,20,10,
1962-12-25,30,19,
1962-12-26,19,0,
1962-12-27,30,1,
1962-12-28,37,10,
1962-12-29,35,9,
1962-12-30,23,10,
1962-12-31,23,13,
1963-01-01,28,22,
1963-01-02,30,26,
1963-01-03,33,25,
1963-01-04,31,24,
1963-01-05,33,29,
1963-01-06,29,27,
1963-01-07,33,26,
1963-01-08,42,31,
1963-01-09,51,33,
1963-01-10,41,30,
1963-01-11,32,27,
1963-01-12,30,0,
1963-01-13,15,-1,
1963-01-14,21,1,
1963-01-15,9,-5,
1963-01-16,29,3,
1963-01-17,38,14,
1963-01-18,33,17,
1963-01-19,17,5,
1963-01-20,10,-6,
1963-01-21,18,-11,
1963-01-22,27,0,
1963-01-23,0,-14,
1963-01-24,10,-10,
1963-01-25,22,1,
1963-01-26,15,2,
1963-01-27,5,-8,
1963-01-28,13,-14,
1963-01-29,22,2,
1963-01-30,18,4,
1963-01-31,16,-3,
1963-02-01,36,12,
1963-02-02,36,1,
1963-02-03,16,-5,
1963-02-04,42,16,
1963-02-05,45,24,
1963-02-06,49,31,
1963-02-07,35,25,
1963-02-08,26,18,
1963-02-09,31,18,
1963-02-10,32,22,
1963-02-11,24,11,
1963-02-12,24,2,
1963-02-13,23,12,
1963-02-14,22,6,
1963-02-15,21,1,
1963-02-16,32,11,
1963-02-17,45,28,
1963-02-18,51,28,
1963-02-19,50,31,
1963-02-20,42,2,
1963-02-21,6,-4,
1963-02-22,20,-6,
1963-02-23,31,7,
1963-02-24,27,12,
1963-02-25,29,-2,
1963-02-26,17,-6,
1963-02-27,28,-5,
1963-02-28,34,21,
1963-03-01,34,17,
1963-03-02,44,14,
1963-03-03,60,32,
1963-03-04,46,35,
1963-03-05,38,31,
1963-03-06,43,27,
1963-03-07,46,30,
1963-03-08,49,29,
1963-03-09,42,31,
1963-03-10,43,28,
1963-03-11,48,35,
1963-03-12,53,39,
1963-03-13,42,33,
1963-03-14,41,31,
1963-03-15,45,28,
1963-03-16,59,38,
1963-03-17,55,36,
1963-03-18,51,34,
1963-03-19,65,37,
1963-03-20,46,32,
1963-03-21,42,28,
1963-03-22,48,25,
1963-03-23,68,34,
1963-03-24,73,40,
1963-03-25,59,49,
1963-03-26,51,36,
1963-03-27,67,36,
1963-03-28,74,43,
1963-03-29,80,51,
1963-03-30,69,51,
1963-03-31,60,53,
1963-04-01,79,56,
1963-04-02,78,55,
1963-04-03,68,40,
1963-04-04,51,36,
1963-04-05,60,33,
1963-04-06,68,34,
1963-04-07,66,44,
1963-04-08,74,44,
1963-04-09,55,32,
1963-04-10,46,29,
1963-04-11,58,35,
1963-04-12,64,35,
1963-04-13,60,41,
1963-04-14,65,37,
1963-04-15,71,40,
1963-04-16,74,50,
1963-04-17,84,59,
1963-04-18,75,48,
1963-04-19,72,52,
1963-04-20,71,44,
1963-04-21,70,49,
1963-04-22,71,42,
1963-04-23,46,36,
1963-04-24,54,32,
1963-04-25,62,43,
1963-04-26,70,43,
1963-04-27,71,50,
1963-04-28,74,54,
1963-04-29,74,55,
1963-04-30,56,37,
1963-05-01,58,33,
1963-05-02,68,39,
1963-05-03,77,51,
1963-05-04,80,56,
1963-05-05,65,47,
1963-05-06,73,44,
1963-05-07,79,52,
1963-05-08,87,62,
1963-05-09,89,67,
1963-05-10,87,45,
1963-05-11,65,44,
1963-05-12,58,45,
1963-05-13,79,52,
1963-05-14,80,52,
1963-05-15,70,48,
1963-05-16,69,53,
1963-05-17,65,55,
1963-05-18,74,52,
1963-05-19,74,52,
1963-05-20,69,47,
1963-05-21,63,45,
1963-05-22,60,40,
1963-05-23,65,40,
1963-05-24,70,43,
1963-05-25,76,48,
1963-05-26,76,56,
1963-05-27,67,60,
1963-05-28,75,57,
1963-05-29,73,56,
1963-05-30,78,50,
1963-05-31,81,56,
1963-06-01,89,57,
1963-06-02,90,65,
1963-06-03,91,64,
1963-06-04,91,67,
1963-06-05,83,65,
1963-06-06,93,66,
1963-06-07,96,69,
1963-06-08,95,67,
1963-06-09,96,71,
1963-06-10,86,63,
1963-06-11,74,57,
1963-06-12,74,52,
1963-06-13,85,57,
1963-06-14,82,56,
1963-06-15,72,53,
1963-06-16,81,59,
1963-06-17,81,55,
1963-06-18,87,59,
1963-06-19,86,62,
1963-06-20,73,51,
1963-06-21,74,47,
1963-06-22,81,47,
1963-06-23,86,55,
1963-06-24,90,59,
1963-06-25,92,65,
1963-06-26,93,66,
1963-06-27,95,68,
1963-06-28,93,68,
1963-06-29,93,67,
1963-06-30,93,70,
1963-07-01,93,69,
1963-07-02,95,69,
1963-07-03,79,57,
1963-07-04,78,53,
1963-07-05,85,60,
1963-07-06,75,62,
1963-07-07,83,60,
1963-07-08,79,56,
1963-07-09,77,53,
1963-07-10,80,50,
1963-07-11,84,61,
1963-07-12,84,62,
1963-07-13,75,65,
1963-07-14,84,65,
1963-07-15,86,63,
1963-07-16,88,66,
1963-07-17,87,68,
1963-07-18,89,68,
1963-07-19,91,68,
1963-07-20,82,66,
1963-07-21,87,63,
1963-07-22,87,65,
1963-07-23,87,69,
1963-07-24,85,66,
1963-07-25,88,68,
1963-07-26,86,68,
1963-07-27,87,68,
1963-07-28,84,69,
1963-07-29,86,69,
1963-07-30,86,64,
1963-07-31,82,64,
1963-08-01,86,66,
1963-08-02,92,64,
1963-08-03,92,70,
1963-08-04,87,65,
1963-08-05,85,65,
1963-08-06,80,66,
1963-08-07,89,68,
1963-08-08,87,66,
1963-08-09,88,66,
1963-08-10,84,61,
1963-08-11,86,63,
1963-08-12,82,65,
1963-08-13,73,57,
1963-08-14,74,52,
1963-08-15,77,51,
1963-08-16,80,55,
1963-08-17,71,50,
1963-08-18,68,46,
1963-08-19,64,56,
1963-08-20,80,54,
1963-08-21,82,59,
1963-08-22,83,60,
1963-08-23,86,60,
1963-08-24,80,69,
1963-08-25,78,59,
1963-08-26,78,53,
1963-08-27,81,56,
1963-08-28,83,60,
1963-08-29,83,64,
1963-08-30,80,59,
1963-08-31,75,55,
1963-09-01,78,53,
1963-09-02,80,61,
1963-09-03,78,62,
1963-09-04,75,58,
1963-09-05,77,55,
1963-09-06,77,50,
1963-09-07,84,57,
1963-09-08,84,62,
1963-09-09,87,59,
1963-09-10,86,64,
1963-09-11,83,63,
1963-09-12,80,53,
1963-09-13,68,49,
1963-09-14,74,42,
1963-09-15,80,56,
1963-09-16,87,61,
1963-09-17,87,61,
1963-09-18,88,63,
1963-09-19,90,63,
1963-09-20,83,56,
1963-09-21,74,49,
1963-09-22,72,48,
1963-09-23,71,46,
1963-09-24,77,45,
1963-09-25,79,49,
1963-09-26,82,52,
1963-09-27,83,52,
1963-09-28,85,53,
1963-09-29,74,48,
1963-09-30,75,41,
1963-10-01,78,46,
1963-10-02,87,56,
1963-10-03,75,52,
1963-10-04,75,46,
1963-10-05,84,48,
1963-10-06,88,46,
1963-10-07,90,57,
1963-10-08,76,52,
1963-10-09,80,50,
1963-10-10,85,54,
1963-10-11,82,57,
1963-10-12,75,50,
1963-10-13,75,47,
1963-10-14,81,45,
1963-10-15,88,52,
1963-10-16,85,56,
1963-10-17,80,58,
1963-10-18,75,57,
1963-10-19,72,58,
1963-10-20,82,59,
1963-10-21,80,54,
1963-10-22,82,55,
1963-10-23,82,56,
1963-10-24,80,57,
1963-10-25,80,57,
1963-10-26,82,56,
1963-10-27,NA,48,
1963-10-28,61,42,
1963-10-29,58,36,
1963-10-30,60,32,
1963-10-31,57,45,
1963-11-01,50,37,
1963-11-02,49,29,
1963-11-03,58,27,
1963-11-04,48,42,
1963-11-05,53,48,
1963-11-06,58,48,
1963-11-07,59,44,
1963-11-08,62,37,
1963-11-09,68,42,
1963-11-10,65,44,
1963-11-11,50,37,
1963-11-12,48,31,
1963-11-13,40,34,
1963-11-14,50,32,
1963-11-15,55,27,
1963-11-16,69,48,
1963-11-17,71,56,
1963-11-18,58,38,
1963-11-19,58,33,
1963-11-20,57,46,
1963-11-21,59,39,
1963-11-22,60,39,
1963-11-23,40,28,
1963-11-24,48,27,
1963-11-25,52,33,
1963-11-26,54,35,
1963-11-27,55,30,
1963-11-28,57,34,
1963-11-29,41,28,
1963-11-30,37,25,
1963-12-01,41,20,
1963-12-02,37,27,
1963-12-03,30,23,
1963-12-04,33,27,
1963-12-05,34,28,
1963-12-06,54,28,
1963-12-07,60,33,
1963-12-08,33,25,
1963-12-09,26,21,
1963-12-10,28,19,
1963-12-11,29,24,
1963-12-12,25,12,
1963-12-13,20,3,
1963-12-14,10,0,
1963-12-15,13,-1,
1963-12-16,12,-5,
1963-12-17,25,0,
1963-12-18,9,-6,
1963-12-19,7,-6,
1963-12-20,7,-6,
1963-12-21,9,-9,
1963-12-22,20,-2,
1963-12-23,25,5,
1963-12-24,30,5,
1963-12-25,37,21,
1963-12-26,42,31,
1963-12-27,31,13,
1963-12-28,25,10,
1963-12-29,23,3,
1963-12-30,17,0,
1963-12-31,25,3,
1964-01-01,31,9,
1964-01-02,45,26,
1964-01-03,46,32,
1964-01-04,46,27,
1964-01-05,50,29,
1964-01-06,38,27,
1964-01-07,41,22,
1964-01-08,38,27,
1964-01-09,37,12,
1964-01-10,27,10,
1964-01-11,36,18,
1964-01-12,25,14,
1964-01-13,25,9,
1964-01-14,22,4,
1964-01-15,29,14,
1964-01-16,30,17,
1964-01-17,32,23,
1964-01-18,40,20,
1964-01-19,48,33,
1964-01-20,47,35,
1964-01-21,57,36,
1964-01-22,60,38,
1964-01-23,52,42,
1964-01-24,55,26,
1964-01-25,35,20,
1964-01-26,35,24,
1964-01-27,34,9,
1964-01-28,25,6,
1964-01-29,39,15,
1964-01-30,47,25,
1964-01-31,43,34,
1964-02-01,45,30,
1964-02-02,42,29,
1964-02-03,37,26,
1964-02-04,44,22,
1964-02-05,52,30,
1964-02-06,50,30,
1964-02-07,30,22,
1964-02-08,35,19,
1964-02-09,35,23,
1964-02-10,33,21,
1964-02-11,42,17,
1964-02-12,36,25,
1964-02-13,37,29,
1964-02-14,38,23,
1964-02-15,35,24,
1964-02-16,38,14,
1964-02-17,43,12,
1964-02-18,42,28,
1964-02-19,38,30,
1964-02-20,33,21,
1964-02-21,27,16,
1964-02-22,26,15,
1964-02-23,31,14,
1964-02-24,31,9,
1964-02-25,45,23,
1964-02-26,27,15,
1964-02-27,34,10,
1964-02-28,37,22,
1964-02-29,48,26,
1964-03-01,55,33,
1964-03-02,56,35,
1964-03-03,52,42,
1964-03-04,57,36,
1964-03-05,37,27,
1964-03-06,57,27,
1964-03-07,50,31,
1964-03-08,57,37,
1964-03-09,43,32,
1964-03-10,40,30,
1964-03-11,38,26,
1964-03-12,36,26,
1964-03-13,60,30,
1964-03-14,55,37,
1964-03-15,55,33,
1964-03-16,64,33,
1964-03-17,40,22,
1964-03-18,41,16,
1964-03-19,44,26,
1964-03-20,40,32,
1964-03-21,40,30,
1964-03-22,44,28,
1964-03-23,57,32,
1964-03-24,65,43,
1964-03-25,44,29,
1964-03-26,29,21,
1964-03-27,42,19,
1964-03-28,38,25,
1964-03-29,36,20,
1964-03-30,35,18,
1964-03-31,43,27,
1964-04-01,52,26,
1964-04-02,64,43,
1964-04-03,57,30,
1964-04-04,44,29,
1964-04-05,59,36,
1964-04-06,71,44,
1964-04-07,57,37,
1964-04-08,40,32,
1964-04-09,54,30,
1964-04-10,65,40,
1964-04-11,72,44,
1964-04-12,65,51,
1964-04-13,64,48,
1964-04-14,65,42,
1964-04-15,65,38,
1964-04-16,80,53,
1964-04-17,80,58,
1964-04-18,62,42,
1964-04-19,62,46,
1964-04-20,73,52,
1964-04-21,71,58,
1964-04-22,65,48,
1964-04-23,60,46,
1964-04-24,65,43,
1964-04-25,70,43,
1964-04-26,72,52,
1964-04-27,72,57,
1964-04-28,62,50,
1964-04-29,51,45,
1964-04-30,55,44,
1964-05-01,72,48,
1964-05-02,79,52,
1964-05-03,79,56,
1964-05-04,80,59,
1964-05-05,82,59,
1964-05-06,78,63,
1964-05-07,82,59,
1964-05-08,80,59,
1964-05-09,77,53,
1964-05-10,79,52,
1964-05-11,69,59,
1964-05-12,72,53,
1964-05-13,63,47,
1964-05-14,72,41,
1964-05-15,81,45,
1964-05-16,86,59,
1964-05-17,86,56,
1964-05-18,92,62,
1964-05-19,89,65,
1964-05-20,78,51,
1964-05-21,87,53,
1964-05-22,92,63,
1964-05-23,89,63,
1964-05-24,83,62,
1964-05-25,85,57,
1964-05-26,85,64,
1964-05-27,76,60,
1964-05-28,66,49,
1964-05-29,66,47,
1964-05-30,71,46,
1964-05-31,76,54,
1964-06-01,76,53,
1964-06-02,70,52,
1964-06-03,77,48,
1964-06-04,80,54,
1964-06-05,NA,57,
1964-06-06,78,57,
1964-06-07,82,62,
1964-06-08,90,65,
1964-06-09,92,70,
1964-06-10,85,56,
1964-06-11,84,52,
1964-06-12,92,65,
1964-06-13,85,66,
1964-06-14,87,65,
1964-06-15,79,58,
1964-06-16,75,51,
1964-06-17,82,58,
1964-06-18,89,69,
1964-06-19,94,68,
1964-06-20,89,65,
1964-06-21,86,67,
1964-06-22,91,72,
1964-06-23,85,66,
1964-06-24,80,63,
1964-06-25,86,63,
1964-06-26,91,65,
1964-06-27,92,68,
1964-06-28,93,71,
1964-06-29,93,72,
1964-06-30,85,68,
1964-07-01,87,64,
1964-07-02,91,67,
1964-07-03,82,70,
1964-07-04,79,60,
1964-07-05,84,54,
1964-07-06,75,60,
1964-07-07,86,65,
1964-07-08,88,66,
1964-07-09,80,62,
1964-07-10,85,65,
1964-07-11,83,65,
1964-07-12,73,57,
1964-07-13,75,52,
1964-07-14,82,61,
1964-07-15,87,62,
1964-07-16,88,65,
1964-07-17,91,69,
1964-07-18,80,70,
1964-07-19,86,67,
1964-07-20,89,71,
1964-07-21,90,76,
1964-07-22,92,73,
1964-07-23,92,74,
1964-07-24,94,73,
1964-07-25,86,73,
1964-07-26,89,68,
1964-07-27,93,70,
1964-07-28,93,73,
1964-07-29,83,62,
1964-07-30,85,57,
1964-07-31,87,68,
1964-08-01,97,67,
1964-08-02,98,75,
1964-08-03,101,76,
1964-08-04,91,73,
1964-08-05,88,66,
1964-08-06,87,62,
1964-08-07,95,68,
1964-08-08,81,57,
1964-08-09,77,51,
1964-08-10,92,58,
1964-08-11,86,61,
1964-08-12,68,56,
1964-08-13,73,53,
1964-08-14,75,51,
1964-08-15,80,51,
1964-08-16,84,54,
1964-08-17,86,62,
1964-08-18,89,61,
1964-08-19,81,57,
1964-08-20,88,61,
1964-08-21,80,66,
1964-08-22,84,62,
1964-08-23,76,57,
1964-08-24,84,56,
1964-08-25,71,59,
1964-08-26,78,52,
1964-08-27,85,62,
1964-08-28,82,66,
1964-08-29,88,59,
1964-08-30,90,66,
1964-08-31,84,61,
1964-09-01,79,56,
1964-09-02,88,57,
1964-09-03,91,62,
1964-09-04,87,63,
1964-09-05,81,57,
1964-09-06,90,58,
1964-09-07,93,66,
1964-09-08,92,66,
1964-09-09,93,67,
1964-09-10,93,66,
1964-09-11,68,51,
1964-09-12,68,48,
1964-09-13,71,41,
1964-09-14,80,47,
1964-09-15,74,55,
1964-09-16,75,53,
1964-09-17,78,58,
1964-09-18,67,58,
1964-09-19,80,65,
1964-09-20,86,63,
1964-09-21,83,66,
1964-09-22,83,70,
1964-09-23,73,55,
1964-09-24,66,50,
1964-09-25,77,43,
1964-09-26,65,58,
1964-09-27,61,47,
1964-09-28,64,42,
1964-09-29,70,43,
1964-09-30,72,44,
1964-10-01,77,48,
1964-10-02,71,50,
1964-10-03,76,40,
1964-10-04,62,45,
1964-10-05,57,40,
1964-10-06,62,35,
1964-10-07,71,35,
1964-10-08,60,44,
1964-10-09,52,36,
1964-10-10,52,31,
1964-10-11,60,32,
1964-10-12,68,45,
1964-10-13,72,47,
1964-10-14,74,44,
1964-10-15,75,47,
1964-10-16,79,48,
1964-10-17,82,47,
1964-10-18,61,44,
1964-10-19,52,34,
1964-10-20,50,30,
1964-10-21,64,40,
1964-10-22,56,35,
1964-10-23,56,34,
1964-10-24,65,30,
1964-10-25,75,45,
1964-10-26,73,44,
1964-10-27,68,52,
1964-10-28,72,48,
1964-10-29,61,39,
1964-10-30,61,34,
1964-10-31,67,39,
1964-11-01,72,45,
1964-11-02,75,51,
1964-11-03,77,49,
1964-11-04,74,46,
1964-11-05,63,41,
1964-11-06,63,34,
1964-11-07,59,40,
1964-11-08,68,49,
1964-11-09,71,45,
1964-11-10,73,49,
1964-11-11,75,52,
1964-11-12,71,47,
1964-11-13,65,38,
1964-11-14,73,41,
1964-11-15,66,57,
1964-11-16,61,42,
1964-11-17,48,37,
1964-11-18,43,35,
1964-11-19,36,24,
1964-11-20,36,16,
1964-11-21,21,9,
1964-11-22,31,11,
1964-11-23,45,23,
1964-11-24,47,26,
1964-11-25,53,31,
1964-11-26,41,37,
1964-11-27,61,36,
1964-11-28,55,27,
1964-11-29,27,9,
1964-11-30,18,6,
1964-12-01,26,11,
1964-12-02,34,24,
1964-12-03,30,27,
1964-12-04,31,26,
1964-12-05,NA,13,
1964-12-06,22,9,
1964-12-07,31,18,
1964-12-08,33,24,
1964-12-09,35,25,
1964-12-10,40,27,
1964-12-11,46,39,
1964-12-12,51,34,
1964-12-13,44,31,
1964-12-14,34,18,
1964-12-15,30,13,
1964-12-16,48,29,
1964-12-17,30,5,
1964-12-18,18,2,
1964-12-19,29,10,
1964-12-20,36,24,
1964-12-21,40,23,
1964-12-22,41,29,
1964-12-23,53,41,
1964-12-24,53,25,
1964-12-25,31,19,
1964-12-26,30,20,
1964-12-27,30,17,
1964-12-28,38,30,
1964-12-29,48,34,
1964-12-30,50,33,
1964-12-31,37,31,
1965-01-01,56,36,
1965-01-02,56,29,
1965-01-03,38,26,
1965-01-04,39,27,
1965-01-05,46,34,
1965-01-06,53,34,
1965-01-07,61,45,
1965-01-08,62,24,
1965-01-09,24,16,
1965-01-10,30,19,
1965-01-11,38,20,
1965-01-12,34,22,
1965-01-13,32,9,
1965-01-14,19,6,
1965-01-15,23,12,
1965-01-16,22,7,
1965-01-17,26,4,
1965-01-18,23,6,
1965-01-19,34,7,
1965-01-20,32,18,
1965-01-21,40,12,
1965-01-22,45,38,
1965-01-23,53,42,
1965-01-24,42,26,
1965-01-25,50,28,
1965-01-26,49,16,
1965-01-27,34,13,
1965-01-28,36,3,
1965-01-29,11,2,
1965-01-30,11,-3,
1965-01-31,18,-5,
1965-02-01,25,1,
1965-02-02,11,-6,
1965-02-03,17,0,
1965-02-04,20,2,
1965-02-05,41,9,
1965-02-06,50,35,
1965-02-07,55,41,
1965-02-08,47,33,
1965-02-09,56,33,
1965-02-10,54,32,
1965-02-11,50,31,
1965-02-12,43,20,
1965-02-13,34,18,
1965-02-14,38,22,
1965-02-15,48,29,
1965-02-16,46,32,
1965-02-17,46,30,
1965-02-18,51,29,
1965-02-19,32,23,
1965-02-20,54,24,
1965-02-21,44,15,
1965-02-22,25,9,
1965-02-23,26,19,
1965-02-24,22,18,
1965-02-25,21,12,
1965-02-26,25,7,
1965-02-27,56,21,
1965-02-28,60,36,
1965-03-01,56,48,
1965-03-02,48,24,
1965-03-03,28,23,
1965-03-04,29,13,
1965-03-05,34,15,
1965-03-06,37,29,
1965-03-07,36,31,
1965-03-08,38,30,
1965-03-09,34,23,
1965-03-10,30,17,
1965-03-11,38,21,
1965-03-12,36,28,
1965-03-13,42,29,
1965-03-14,40,30,
1965-03-15,49,26,
1965-03-16,52,29,
1965-03-17,59,27,
1965-03-18,27,13,
1965-03-19,24,10,
1965-03-20,30,11,
1965-03-21,31,17,
1965-03-22,53,29,
1965-03-23,34,21,
1965-03-24,25,19,
1965-03-25,28,22,
1965-03-26,32,20,
1965-03-27,43,17,
1965-03-28,51,33,
1965-03-29,51,31,
1965-03-30,44,30,
1965-03-31,51,29,
1965-04-01,60,34,
1965-04-02,44,30,
1965-04-03,45,32,
1965-04-04,56,40,
1965-04-05,64,44,
1965-04-06,75,51,
1965-04-07,71,43,
1965-04-08,74,44,
1965-04-09,58,42,
1965-04-10,55,42,
1965-04-11,79,52,
1965-04-12,55,45,
1965-04-13,58,40,
1965-04-14,51,41,
1965-04-15,56,45,
1965-04-16,53,38,
1965-04-17,67,42,
1965-04-18,55,40,
1965-04-19,63,44,
1965-04-20,69,44,
1965-04-21,78,55,
1965-04-22,74,50,
1965-04-23,78,49,
1965-04-24,60,49,
1965-04-25,68,45,
1965-04-26,46,40,
1965-04-27,58,40,
1965-04-28,58,45,
1965-04-29,65,42,
1965-04-30,84,49,
1965-05-01,81,52,
1965-05-02,81,56,
1965-05-03,81,57,
1965-05-04,82,60,
1965-05-05,81,60,
1965-05-06,76,63,
1965-05-07,82,61,
1965-05-08,84,62,
1965-05-09,80,63,
1965-05-10,73,53,
1965-05-11,73,49,
1965-05-12,80,54,
1965-05-13,83,56,
1965-05-14,85,57,
1965-05-15,80,63,
1965-05-16,77,59,
1965-05-17,82,58,
1965-05-18,83,62,
1965-05-19,74,55,
1965-05-20,81,54,
1965-05-21,85,57,
1965-05-22,89,57,
1965-05-23,87,62,
1965-05-24,84,67,
1965-05-25,82,67,
1965-05-26,76,63,
1965-05-27,69,50,
1965-05-28,64,42,
1965-05-29,61,39,
1965-05-30,73,48,
1965-05-31,86,51,
1965-06-01,80,63,
1965-06-02,74,59,
1965-06-03,71,59,
1965-06-04,79,57,
1965-06-05,87,67,
1965-06-06,79,63,
1965-06-07,78,62,
1965-06-08,85,63,
1965-06-09,80,64,
1965-06-10,86,65,
1965-06-11,86,66,
1965-06-12,86,61,
1965-06-13,78,54,
1965-06-14,77,52,
1965-06-15,76,55,
1965-06-16,78,55,
1965-06-17,76,55,
1965-06-18,79,52,
1965-06-19,84,54,
1965-06-20,85,63,
1965-06-21,82,63,
1965-06-22,90,65,
1965-06-23,78,68,
1965-06-24,80,58,
1965-06-25,80,53,
1965-06-26,86,58,
1965-06-27,90,69,
1965-06-28,91,70,
1965-06-29,85,66,
1965-06-30,80,57,
1965-07-01,81,53,
1965-07-02,82,66,
1965-07-03,81,66,
1965-07-04,80,60,
1965-07-05,86,60,
1965-07-06,84,56,
1965-07-07,78,62,
1965-07-08,82,62,
1965-07-09,79,66,
1965-07-10,81,61,
1965-07-11,83,62,
1965-07-12,83,64,
1965-07-13,87,64,
1965-07-14,81,68,
1965-07-15,81,62,
1965-07-16,85,62,
1965-07-17,88,64,
1965-07-18,81,62,
1965-07-19,82,62,
1965-07-20,76,63,
1965-07-21,82,66,
1965-07-22,92,66,
1965-07-23,94,73,
1965-07-24,93,73,
1965-07-25,85,68,
1965-07-26,88,63,
1965-07-27,88,69,
1965-07-28,83,64,
1965-07-29,80,59,
1965-07-30,82,59,
1965-07-31,78,59,
1965-08-01,78,62,
1965-08-02,75,58,
1965-08-03,80,56,
1965-08-04,84,62,
1965-08-05,91,68,
1965-08-06,88,67,
1965-08-07,83,67,
1965-08-08,75,64,
1965-08-09,74,60,
1965-08-10,78,56,
1965-08-11,80,49,
1965-08-12,86,59,
1965-08-13,88,64,
1965-08-14,91,69,
1965-08-15,92,72,
1965-08-16,90,69,
1965-08-17,86,69,
1965-08-18,78,68,
1965-08-19,80,63,
1965-08-20,80,59,
1965-08-21,78,61,
1965-08-22,76,63,
1965-08-23,78,59,
1965-08-24,81,55,
1965-08-25,87,62,
1965-08-26,85,63,
1965-08-27,84,64,
1965-08-28,66,54,
1965-08-29,70,46,
1965-08-30,81,58,
1965-08-31,70,62,
1965-09-01,72,54,
1965-09-02,77,50,
1965-09-03,80,55,
1965-09-04,74,65,
1965-09-05,81,59,
1965-09-06,81,55,
1965-09-07,84,63,
1965-09-08,84,69,
1965-09-09,88,67,
1965-09-10,82,60,
1965-09-11,65,55,
1965-09-12,79,55,
1965-09-13,83,62,
1965-09-14,84,66,
1965-09-15,74,57,
1965-09-16,67,54,
1965-09-17,89,62,
1965-09-18,89,68,
1965-09-19,86,68,
1965-09-20,86,69,
1965-09-21,75,67,
1965-09-22,68,55,
1965-09-23,70,49,
1965-09-24,56,45,
1965-09-25,66,39,
1965-09-26,68,46,
1965-09-27,65,45,
1965-09-28,76,48,
1965-09-29,80,54,
1965-09-30,70,52,
1965-10-01,63,47,
1965-10-02,71,43,
1965-10-03,63,45,
1965-10-04,58,40,
1965-10-05,62,38,
1965-10-06,69,43,
1965-10-07,65,48,
1965-10-08,62,48,
1965-10-09,58,NA,
1965-10-10,68,43,
1965-10-11,64,43,
1965-10-12,61,38,
1965-10-13,70,43,
1965-10-14,74,48,
1965-10-15,79,58,
1965-10-16,82,60,
1965-10-17,82,59,
1965-10-18,80,57,
1965-10-19,70,52,
1965-10-20,70,57,
1965-10-21,63,52,
1965-10-22,53,45,
1965-10-23,53,40,
1965-10-24,50,36,
1965-10-25,63,33,
1965-10-26,61,42,
1965-10-27,63,38,
1965-10-28,51,33,
1965-10-29,55,28,
1965-10-30,70,40,
1965-10-31,62,44,
1965-11-01,60,38,
1965-11-02,68,35,
1965-11-03,71,48,
1965-11-04,58,40,
1965-11-05,67,39,
1965-11-06,71,56,
1965-11-07,71,54,
1965-11-08,69,46,
1965-11-09,48,34,
1965-11-10,50,31,
1965-11-11,58,44,
1965-11-12,60,43,
1965-11-13,44,32,
1965-11-14,46,27,
1965-11-15,63,38,
1965-11-16,65,31,
1965-11-17,39,28,
1965-11-18,37,28,
1965-11-19,52,26,
1965-11-20,58,34,
1965-11-21,47,39,
1965-11-22,56,34,
1965-11-23,46,30,
1965-11-24,44,34,
1965-11-25,57,44,
1965-11-26,65,33,
1965-11-27,44,29,
1965-11-28,32,22,
1965-11-29,26,17,
1965-11-30,36,19,
1965-12-01,46,22,
1965-12-02,44,31,
1965-12-03,50,36,
1965-12-04,38,32,
1965-12-05,54,35,
1965-12-06,36,25,
1965-12-07,40,22,
1965-12-08,53,30,
1965-12-09,56,33,
1965-12-10,54,46,
1965-12-11,56,50,
1965-12-12,56,40,
1965-12-13,49,35,
1965-12-14,37,32,
1965-12-15,32,26,
1965-12-16,31,24,
1965-12-17,35,27,
1965-12-18,38,22,
1965-12-19,38,22,
1965-12-20,34,31,
1965-12-21,39,26,
1965-12-22,55,32,
1965-12-23,57,42,
1965-12-24,55,42,
1965-12-25,54,27,
1965-12-26,33,21,
1965-12-27,32,16,
1965-12-28,35,15,
1965-12-29,45,29,
1965-12-30,63,38,
1965-12-31,59,41,
1966-01-01,48,37,
1966-01-02,55,29,
1966-01-03,40,25,
1966-01-04,43,24,
1966-01-05,52,32,
1966-01-06,40,24,
1966-01-07,28,8,
1966-01-08,21,4,
1966-01-09,45,18,
1966-01-10,36,20,
1966-01-11,26,16,
1966-01-12,40,22,
1966-01-13,33,23,
1966-01-14,40,22,
1966-01-15,30,19,
1966-01-16,24,14,
1966-01-17,24,11,
1966-01-18,18,9,
1966-01-19,26,6,
1966-01-20,31,13,
1966-01-21,27,24,
1966-01-22,29,22,
1966-01-23,22,6,
1966-01-24,19,4,
1966-01-25,27,13,
1966-01-26,29,13,
1966-01-27,24,0,
1966-01-28,8,-5,
1966-01-29,-1,-11,
1966-01-30,13,-12,
1966-01-31,28,4,
1966-02-01,22,15,
1966-02-02,29,12,
1966-02-03,23,8,
1966-02-04,22,9,
1966-02-05,23,2,
1966-02-06,42,21,
1966-02-07,49,35,
1966-02-08,57,39,
1966-02-09,58,44,
1966-02-10,52,38,
1966-02-11,46,32,
1966-02-12,47,30,
1966-02-13,49,31,
1966-02-14,32,21,
1966-02-15,35,17,
1966-02-16,34,17,
1966-02-17,32,13,
1966-02-18,49,22,
1966-02-19,24,14,
1966-02-20,24,6,
1966-02-21,28,10,
1966-02-22,32,13,
1966-02-23,37,18,
1966-02-24,40,23,
1966-02-25,44,26,
1966-02-26,43,22,
1966-02-27,42,27,
1966-02-28,36,32,
1966-03-01,48,32,
1966-03-02,59,35,
1966-03-03,57,44,
1966-03-04,53,27,
1966-03-05,29,19,
1966-03-06,24,20,
1966-03-07,31,16,
1966-03-08,42,20,
1966-03-09,45,30,
1966-03-10,59,39,
1966-03-11,62,41,
1966-03-12,55,43,
1966-03-13,46,38,
1966-03-14,57,40,
1966-03-15,61,36,
1966-03-16,66,33,
1966-03-17,71,42,
1966-03-18,56,41,
1966-03-19,45,33,
1966-03-20,57,29,
1966-03-21,73,49,
1966-03-22,69,61,
1966-03-23,63,26,
1966-03-24,28,22,
1966-03-25,47,20,
1966-03-26,40,28,
1966-03-27,40,24,
1966-03-28,45,23,
1966-03-29,49,30,
1966-03-30,55,30,
1966-03-31,58,26,
1966-04-01,56,41,
1966-04-02,57,36,
1966-04-03,48,32,
1966-04-04,46,30,
1966-04-05,44,34,
1966-04-06,46,36,
1966-04-07,45,32,
1966-04-08,50,34,
1966-04-09,49,33,
1966-04-10,53,29,
1966-04-11,41,38,
1966-04-12,48,39,
1966-04-13,57,37,
1966-04-14,60,33,
1966-04-15,55,41,
1966-04-16,61,34,
1966-04-17,63,40,
1966-04-18,76,48,
1966-04-19,72,56,
1966-04-20,72,41,
1966-04-21,53,36,
1966-04-22,65,37,
1966-04-23,69,56,
1966-04-24,70,56,
1966-04-25,71,50,
1966-04-26,72,47,
1966-04-27,56,42,
1966-04-28,66,44,
1966-04-29,65,48,
1966-04-30,62,42,
1966-05-01,54,35,
1966-05-02,60,32,
1966-05-03,59,43,
1966-05-04,65,37,
1966-05-05,82,49,
1966-05-06,74,56,
1966-05-07,79,51,
1966-05-08,61,36,
1966-05-09,45,31,
1966-05-10,54,30,
1966-05-11,58,40,
1966-05-12,61,43,
1966-05-13,50,44,
1966-05-14,58,44,
1966-05-15,65,41,
1966-05-16,75,57,
1966-05-17,74,55,
1966-05-18,73,55,
1966-05-19,68,49,
1966-05-20,75,47,
1966-05-21,71,53,
1966-05-22,75,51,
1966-05-23,85,57,
1966-05-24,71,55,
1966-05-25,79,51,
1966-05-26,83,60,
1966-05-27,87,60,
1966-05-28,79,45,
1966-05-29,67,43,
1966-05-30,68,44,
1966-05-31,69,44,
1966-06-01,73,49,
1966-06-02,81,50,
1966-06-03,83,61,
1966-06-04,85,61,
1966-06-05,86,67,
1966-06-06,80,64,
1966-06-07,83,60,
1966-06-08,78,62,
1966-06-09,83,50,
1966-06-10,72,49,
1966-06-11,81,50,
1966-06-12,88,57,
1966-06-13,82,64,
1966-06-14,82,57,
1966-06-15,81,56,
1966-06-16,71,57,
1966-06-17,78,55,
1966-06-18,81,55,
1966-06-19,84,58,
1966-06-20,87,62,
1966-06-21,89,65,
1966-06-22,90,64,
1966-06-23,90,66,
1966-06-24,91,66,
1966-06-25,95,66,
1966-06-26,93,66,
1966-06-27,92,69,
1966-06-28,86,68,
1966-06-29,86,67,
1966-06-30,91,68,
1966-07-01,94,71,
1966-07-02,94,73,
1966-07-03,94,71,
1966-07-04,89,72,
1966-07-05,95,67,
1966-07-06,90,67,
1966-07-07,84,64,
1966-07-08,89,66,
1966-07-09,97,70,
1966-07-10,98,73,
1966-07-11,96,66,
1966-07-12,100,77,
1966-07-13,101,78,
1966-07-14,97,72,
1966-07-15,83,68,
1966-07-16,86,61,
1966-07-17,92,63,
1966-07-18,98,67,
1966-07-19,91,64,
1966-07-20,79,59,
1966-07-21,82,56,
1966-07-22,85,59,
1966-07-23,85,68,
1966-07-24,91,69,
1966-07-25,91,65,
1966-07-26,92,71,
1966-07-27,85,72,
1966-07-28,90,69,
1966-07-29,82,63,
1966-07-30,82,59,
1966-07-31,85,60,
1966-08-01,91,61,
1966-08-02,77,56,
1966-08-03,78,52,
1966-08-04,81,54,
1966-08-05,85,59,
1966-08-06,87,60,
1966-08-07,87,61,
1966-08-08,86,62,
1966-08-09,82,61,
1966-08-10,67,60,
1966-08-11,78,58,
1966-08-12,80,57,
1966-08-13,67,61,
1966-08-14,84,65,
1966-08-15,88,70,
1966-08-16,83,68,
1966-08-17,86,60,
1966-08-18,90,62,
1966-08-19,81,65,
1966-08-20,77,63,
1966-08-21,87,68,
1966-08-22,77,58,
1966-08-23,72,51,
1966-08-24,75,54,
1966-08-25,77,56,
1966-08-26,83,58,
1966-08-27,86,62,
1966-08-28,86,63,
1966-08-29,85,62,
1966-08-30,87,63,
1966-08-31,88,66,
1966-09-01,89,66,
1966-09-02,90,65,
1966-09-03,90,68,
1966-09-04,84,60,
1966-09-05,78,53,
1966-09-06,75,53,
1966-09-07,77,50,
1966-09-08,79,53,
1966-09-09,80,52,
1966-09-10,84,61,
1966-09-11,81,62,
1966-09-12,83,62,
1966-09-13,85,60,
1966-09-14,83,53,
1966-09-15,66,48,
1966-09-16,69,44,
1966-09-17,75,49,
1966-09-18,79,53,
1966-09-19,64,59,
1966-09-20,60,56,
1966-09-21,65,55,
1966-09-22,72,54,
1966-09-23,71,52,
1966-09-24,71,48,
1966-09-25,58,48,
1966-09-26,66,44,
1966-09-27,65,50,
1966-09-28,68,47,
1966-09-29,70,51,
1966-09-30,54,43,
1966-10-01,60,41,
1966-10-02,65,37,
1966-10-03,73,45,
1966-10-04,64,47,
1966-10-05,61,40,
1966-10-06,65,39,
1966-10-07,71,40,
1966-10-08,70,48,
1966-10-09,76,51,
1966-10-10,68,41,
1966-10-11,67,41,
1966-10-12,75,44,
1966-10-13,72,56,
1966-10-14,70,61,
1966-10-15,68,44,
1966-10-16,46,41,
1966-10-17,55,36,
1966-10-18,49,42,
1966-10-19,52,40,
1966-10-20,60,36,
1966-10-21,62,38,
1966-10-22,61,45,
1966-10-23,62,36,
1966-10-24,63,39,
1966-10-25,56,34,
1966-10-26,61,34,
1966-10-27,67,38,
1966-10-28,76,45,
1966-10-29,53,36,
1966-10-30,56,32,
1966-10-31,61,40,
1966-11-01,40,31,
1966-11-02,37,28,
1966-11-03,35,21,
1966-11-04,51,23,
1966-11-05,45,33,
1966-11-06,51,29,
1966-11-07,72,49,
1966-11-08,65,55,
1966-11-09,66,58,
1966-11-10,58,30,
1966-11-11,39,28,
1966-11-12,38,30,
1966-11-13,51,28,
1966-11-14,55,33,
1966-11-15,57,31,
1966-11-16,66,39,
1966-11-17,66,48,
1966-11-18,54,30,
1966-11-19,41,25,
1966-11-20,43,26,
1966-11-21,54,29,
1966-11-22,53,47,
1966-11-23,60,49,
1966-11-24,65,49,
1966-11-25,59,37,
1966-11-26,58,37,
1966-11-27,57,34,
1966-11-28,37,30,
1966-11-29,40,25,
1966-11-30,45,28,
1966-12-01,28,12,
1966-12-02,17,9,
1966-12-03,23,8,
1966-12-04,36,14,
1966-12-05,42,36,
1966-12-06,55,42,
1966-12-07,63,55,
1966-12-08,64,38,
1966-12-09,38,34,
1966-12-10,34,28,
1966-12-11,29,25,
1966-12-12,28,24,
1966-12-13,28,24,
1966-12-14,38,23,
1966-12-15,46,27,
1966-12-16,35,31,
1966-12-17,49,30,
1966-12-18,46,33,
1966-12-19,50,31,
1966-12-20,40,35,
1966-12-21,47,34,
1966-12-22,35,20,
1966-12-23,27,16,
1966-12-24,30,13,
1966-12-25,29,16,
1966-12-26,31,15,
1966-12-27,31,17,
1966-12-28,36,21,
1966-12-29,26,16,
1966-12-30,35,15,
1966-12-31,33,25,
1967-01-01,33,24,
1967-01-02,45,22,
1967-01-03,34,15,
1967-01-04,34,12,
1967-01-05,28,21,
1967-01-06,44,26,
1967-01-07,42,22,
1967-01-08,22,15,
1967-01-09,36,14,
1967-01-10,29,16,
1967-01-11,31,11,
1967-01-12,46,26,
1967-01-13,45,33,
1967-01-14,37,29,
1967-01-15,29,10,
1967-01-16,38,10,
1967-01-17,21,0,
1967-01-18,15,-6,
1967-01-19,32,10,
1967-01-20,48,21,
1967-01-21,55,34,
1967-01-22,57,42,
1967-01-23,65,42,
1967-01-24,66,48,
1967-01-25,52,28,
1967-01-26,32,24,
1967-01-27,26,18,
1967-01-28,30,14,
1967-01-29,34,23,
1967-01-30,36,25,
1967-01-31,37,32,
1967-02-01,36,31,
1967-02-02,32,23,
1967-02-03,28,24,
1967-02-04,40,26,
1967-02-05,39,19,
1967-02-06,19,4,
1967-02-07,17,1,
1967-02-08,30,4,
1967-02-09,42,19,
1967-02-10,45,30,
1967-02-11,30,13,
1967-02-12,30,7,
1967-02-13,56,22,
1967-02-14,58,37,
1967-02-15,58,13,
1967-02-16,21,9,
1967-02-17,33,18,
1967-02-18,37,22,
1967-02-19,44,26,
1967-02-20,34,13,
1967-02-21,29,8,
1967-02-22,37,13,
1967-02-23,24,4,
1967-02-24,6,-2,
1967-02-25,18,-5,
1967-02-26,32,7,
1967-02-27,35,27,
1967-02-28,35,22,
1967-03-01,37,18,
1967-03-02,62,37,
1967-03-03,46,33,
1967-03-04,33,31,
1967-03-05,32,29,
1967-03-06,29,21,
1967-03-07,35,18,
1967-03-08,30,17,
1967-03-09,48,19,
1967-03-10,67,37,
1967-03-11,62,38,
1967-03-12,48,38,
1967-03-13,57,38,
1967-03-14,44,35,
1967-03-15,35,28,
1967-03-16,46,24,
1967-03-17,35,15,
1967-03-18,36,19,
1967-03-19,42,24,
1967-03-20,46,33,
1967-03-21,41,33,
1967-03-22,53,29,
1967-03-23,56,39,
1967-03-24,63,40,
1967-03-25,78,45,
1967-03-26,67,52,
1967-03-27,53,45,
1967-03-28,57,44,
1967-03-29,70,46,
1967-03-30,78,50,
1967-03-31,74,60,
1967-04-01,75,59,
1967-04-02,77,53,
1967-04-03,54,40,
1967-04-04,59,33,
1967-04-05,73,57,
1967-04-06,81,51,
1967-04-07,52,39,
1967-04-08,53,36,
1967-04-09,81,48,
1967-04-10,57,33,
1967-04-11,54,32,
1967-04-12,61,34,
1967-04-13,76,52,
1967-04-14,76,59,
1967-04-15,78,51,
1967-04-16,81,60,
1967-04-17,67,42,
1967-04-18,54,41,
1967-04-19,59,36,
1967-04-20,62,39,
1967-04-21,75,56,
1967-04-22,56,39,
1967-04-23,50,33,
1967-04-24,48,31,
1967-04-25,50,33,
1967-04-26,46,38,
1967-04-27,61,36,
1967-04-28,65,39,
1967-04-29,62,48,
1967-04-30,68,50,
1967-05-01,74,50,
1967-05-02,50,40,
1967-05-03,61,34,
1967-05-04,60,42,
1967-05-05,55,41,
1967-05-06,47,41,
1967-05-07,59,40,
1967-05-08,58,46,
1967-05-09,64,42,
1967-05-10,70,48,
1967-05-11,65,43,
1967-05-12,55,42,
1967-05-13,62,46,
1967-05-14,56,46,
1967-05-15,64,45,
1967-05-16,67,42,
1967-05-17,73,45,
1967-05-18,80,53,
1967-05-19,74,53,
1967-05-20,62,45,
1967-05-21,71,43,
1967-05-22,69,44,
1967-05-23,74,43,
1967-05-24,88,54,
1967-05-25,94,61,
1967-05-26,92,66,
1967-05-27,93,56,
1967-05-28,81,52,
1967-05-29,63,57,
1967-05-30,57,49,
1967-05-31,68,52,
1967-06-01,69,49,
1967-06-02,78,50,
1967-06-03,74,54,
1967-06-04,80,55,
1967-06-05,82,61,
1967-06-06,80,66,
1967-06-07,86,65,
1967-06-08,88,68,
1967-06-09,85,67,
1967-06-10,86,64,
1967-06-11,85,63,
1967-06-12,87,67,
1967-06-13,87,67,
1967-06-14,91,68,
1967-06-15,93,70,
1967-06-16,91,70,
1967-06-17,86,66,
1967-06-18,84,62,
1967-06-19,85,62,
1967-06-20,90,67,
1967-06-21,76,65,
1967-06-22,82,62,
1967-06-23,86,63,
1967-06-24,80,62,
1967-06-25,72,57,
1967-06-26,80,56,
1967-06-27,81,56,
1967-06-28,84,66,
1967-06-29,83,60,
1967-06-30,89,65,
1967-07-01,89,65,
1967-07-02,82,60,
1967-07-03,76,54,
1967-07-04,75,52,
1967-07-05,74,51,
1967-07-06,83,54,
1967-07-07,85,62,
1967-07-08,88,66,
1967-07-09,78,66,
1967-07-10,90,69,
1967-07-11,92,69,
1967-07-12,85,66,
1967-07-13,72,54,
1967-07-14,78,50,
1967-07-15,76,57,
1967-07-16,82,54,
1967-07-17,82,63,
1967-07-18,85,61,
1967-07-19,81,62,
1967-07-20,86,65,
1967-07-21,86,66,
1967-07-22,89,63,
1967-07-23,90,66,
1967-07-24,87,66,
1967-07-25,86,66,
1967-07-26,89,65,
1967-07-27,78,65,
1967-07-28,78,65,
1967-07-29,83,59,
1967-07-30,85,66,
1967-07-31,86,64,
1967-08-01,88,66,
1967-08-02,90,69,
1967-08-03,85,67,
1967-08-04,79,63,
1967-08-05,82,59,
1967-08-06,83,59,
1967-08-07,86,67,
1967-08-08,81,66,
1967-08-09,83,61,
1967-08-10,73,53,
1967-08-11,71,50,
1967-08-12,76,48,
1967-08-13,79,55,
1967-08-14,80,55,
1967-08-15,83,58,
1967-08-16,86,60,
1967-08-17,85,63,
1967-08-18,82,64,
1967-08-19,74,57,
1967-08-20,71,55,
1967-08-21,79,53,
1967-08-22,79,61,
1967-08-23,77,58,
1967-08-24,82,54,
1967-08-25,85,60,
1967-08-26,85,56,
1967-08-27,68,52,
1967-08-28,80,56,
1967-08-29,85,55,
1967-08-30,72,50,
1967-08-31,70,45,
1967-09-01,73,47,
1967-09-02,76,49,
1967-09-03,76,51,
1967-09-04,80,53,
1967-09-05,83,55,
1967-09-06,82,56,
1967-09-07,85,57,
1967-09-08,74,60,
1967-09-09,78,52,
1967-09-10,71,49,
1967-09-11,75,44,
1967-09-12,83,51,
1967-09-13,82,62,
1967-09-14,85,62,
1967-09-15,85,61,
1967-09-16,80,66,
1967-09-17,78,62,
1967-09-18,83,62,
1967-09-19,82,65,
1967-09-20,86,64,
1967-09-21,76,58,
1967-09-22,70,48,
1967-09-23,74,43,
1967-09-24,68,47,
1967-09-25,75,42,
1967-09-26,83,53,
1967-09-27,53,43,
1967-09-28,56,41,
1967-09-29,54,34,
1967-09-30,72,38,
1967-10-01,81,48,
1967-10-02,84,55,
1967-10-03,85,55,
1967-10-04,88,63,
1967-10-05,70,55,
1967-10-06,61,51,
1967-10-07,71,48,
1967-10-08,65,45,
1967-10-09,56,42,
1967-10-10,48,37,
1967-10-11,53,37,
1967-10-12,63,33,
1967-10-13,57,45,
1967-10-14,73,39,
1967-10-15,77,57,
1967-10-16,59,51,
1967-10-17,61,49,
1967-10-18,52,41,
1967-10-19,56,36,
1967-10-20,61,38,
1967-10-21,62,36,
1967-10-22,70,39,
1967-10-23,74,42,
1967-10-24,68,42,
1967-10-25,43,35,
1967-10-26,51,31,
1967-10-27,43,35,
1967-10-28,42,34,
1967-10-29,59,37,
1967-10-30,57,49,
1967-10-31,56,51,
1967-11-01,58,41,
1967-11-02,48,40,
1967-11-03,46,31,
1967-11-04,34,26,
1967-11-05,33,26,
1967-11-06,42,27,
1967-11-07,41,26,
1967-11-08,51,25,
1967-11-09,62,38,
1967-11-10,55,47,
1967-11-11,58,48,
1967-11-12,56,35,
1967-11-13,35,31,
1967-11-14,47,30,
1967-11-15,38,24,
1967-11-16,46,27,
1967-11-17,49,38,
1967-11-18,44,34,
1967-11-19,44,28,
1967-11-20,38,32,
1967-11-21,49,36,
1967-11-22,37,30,
1967-11-23,34,27,
1967-11-24,41,29,
1967-11-25,58,32,
1967-11-26,50,29,
1967-11-27,33,21,
1967-11-28,43,17,
1967-11-29,38,24,
1967-11-30,35,31,
1967-12-01,35,31,
1967-12-02,40,32,
1967-12-03,38,29,
1967-12-04,39,25,
1967-12-05,48,37,
1967-12-06,50,41,
1967-12-07,52,40,
1967-12-08,43,38,
1967-12-09,43,40,
1967-12-10,43,39,
1967-12-11,42,38,
1967-12-12,40,33,
1967-12-13,41,32,
1967-12-14,33,27,
1967-12-15,30,19,
1967-12-16,37,20,
1967-12-17,45,30,
1967-12-18,51,32,
1967-12-19,46,31,
1967-12-20,60,34,
1967-12-21,63,21,
1967-12-22,23,14,
1967-12-23,27,11,
1967-12-24,36,21,
1967-12-25,34,11,
1967-12-26,18,7,
1967-12-27,21,8,
1967-12-28,24,12,
1967-12-29,27,16,
1967-12-30,31,24,
1967-12-31,28,-10,
1968-01-01,15,-13,
1968-01-02,26,15,
1968-01-03,20,6,
1968-01-04,9,-2,
1968-01-05,26,-4,
1968-01-06,26,-2,
1968-01-07,3,-11,
1968-01-08,14,-8,
1968-01-09,25,14,
1968-01-10,24,8,
1968-01-11,28,10,
1968-01-12,26,18,
1968-01-13,30,21,
1968-01-14,32,28,
1968-01-15,31,20,
1968-01-16,25,8,
1968-01-17,36,10,
1968-01-18,40,22,
1968-01-19,37,24,
1968-01-20,41,27,
1968-01-21,42,27,
1968-01-22,38,27,
1968-01-23,NA,17,
1968-01-24,23,12,
1968-01-25,33,16,
1968-01-26,45,26,
1968-01-27,45,36,
1968-01-28,47,41,
1968-01-29,52,36,
1968-01-30,37,33,
1968-01-31,52,36,
1968-02-01,57,34,
1968-02-02,38,29,
1968-02-03,42,24,
1968-02-04,43,30,
1968-02-05,45,29,
1968-02-06,46,27,
1968-02-07,30,24,
1968-02-08,31,24,
1968-02-09,30,8,
1968-02-10,17,4,
1968-02-11,22,3,
1968-02-12,24,9,
1968-02-13,26,8,
1968-02-14,29,12,
1968-02-15,39,20,
1968-02-16,45,20,
1968-02-17,24,6,
1968-02-18,30,9,
1968-02-19,34,17,
1968-02-20,33,8,
1968-02-21,17,0,
1968-02-22,27,2,
1968-02-23,36,12,
1968-02-24,37,18,
1968-02-25,40,23,
1968-02-26,41,23,
1968-02-27,33,29,
1968-02-28,35,24,
1968-02-29,30,15,
1968-03-01,48,15,
1968-03-02,40,19,
1968-03-03,42,14,
1968-03-04,57,23,
1968-03-05,54,33,
1968-03-06,43,28,
1968-03-07,55,24,
1968-03-08,64,32,
1968-03-09,63,37,
1968-03-10,44,30,
1968-03-11,44,30,
1968-03-12,34,17,
1968-03-13,34,13,
1968-03-14,44,22,
1968-03-15,51,37,
1968-03-16,60,37,
1968-03-17,64,35,
1968-03-18,63,42,
1968-03-19,60,49,
1968-03-20,52,34,
1968-03-21,35,31,
1968-03-22,31,26,
1968-03-23,34,24,
1968-03-24,53,27,
1968-03-25,65,31,
1968-03-26,75,40,
1968-03-27,73,47,
1968-03-28,77,49,
1968-03-29,76,51,
1968-03-30,76,46,
1968-03-31,63,38,
1968-04-01,55,31,
1968-04-02,55,37,
1968-04-03,60,48,
1968-04-04,59,34,
1968-04-05,38,32,
1968-04-06,51,30,
1968-04-07,67,36,
1968-04-08,66,45,
1968-04-09,65,37,
1968-04-10,61,43,
1968-04-11,72,39,
1968-04-12,77,48,
1968-04-13,69,53,
1968-04-14,67,39,
1968-04-15,60,34,
1968-04-16,64,40,
1968-04-17,67,51,
1968-04-18,57,45,
1968-04-19,64,43,
1968-04-20,73,58,
1968-04-21,70,50,
1968-04-22,77,53,
1968-04-23,64,42,
1968-04-24,47,34,
1968-04-25,60,37,
1968-04-26,54,42,
1968-04-27,66,36,
1968-04-28,69,47,
1968-04-29,70,51,
1968-04-30,75,52,
1968-05-01,76,48,
1968-05-02,87,43,
1968-05-03,75,51,
1968-05-04,71,41,
1968-05-05,59,36,
1968-05-06,65,37,
1968-05-07,75,46,
1968-05-08,81,57,
1968-05-09,64,47,
1968-05-10,57,44,
1968-05-11,60,52,
1968-05-12,72,51,
1968-05-13,73,53,
1968-05-14,80,62,
1968-05-15,76,63,
1968-05-16,68,52,
1968-05-17,58,47,
1968-05-18,63,42,
1968-05-19,60,40,
1968-05-20,60,46,
1968-05-21,67,45,
1968-05-22,66,46,
1968-05-23,62,51,
1968-05-24,63,54,
1968-05-25,62,55,
1968-05-26,70,56,
1968-05-27,57,52,
1968-05-28,65,52,
1968-05-29,67,53,
1968-05-30,68,52,
1968-05-31,73,54,
1968-06-01,74,59,
1968-06-02,80,58,
1968-06-03,82,63,
1968-06-04,84,58,
1968-06-05,86,62,
1968-06-06,89,65,
1968-06-07,90,66,
1968-06-08,92,70,
1968-06-09,93,70,
1968-06-10,93,74,
1968-06-11,89,68,
1968-06-12,77,56,
1968-06-13,80,52,
1968-06-14,83,59,
1968-06-15,75,55,
1968-06-16,75,53,
1968-06-17,77,57,
1968-06-18,82,59,
1968-06-19,85,66,
1968-06-20,83,62,
1968-06-21,90,63,
1968-06-22,90,72,
1968-06-23,93,67,
1968-06-24,86,69,
1968-06-25,79,68,
1968-06-26,74,55,
1968-06-27,58,53,
1968-06-28,81,51,
1968-06-29,87,69,
1968-06-30,91,71,
1968-07-01,81,66,
1968-07-02,75,57,
1968-07-03,75,53,
1968-07-04,80,54,
1968-07-05,86,62,
1968-07-06,84,58,
1968-07-07,88,62,
1968-07-08,87,66,
1968-07-09,88,64,
1968-07-10,77,61,
1968-07-11,85,59,
1968-07-12,90,69,
1968-07-13,91,71,
1968-07-14,89,68,
1968-07-15,88,70,
1968-07-16,89,67,
1968-07-17,89,71,
1968-07-18,84,69,
1968-07-19,87,65,
1968-07-20,87,60,
1968-07-21,91,66,
1968-07-22,91,71,
1968-07-23,89,70,
1968-07-24,82,73,
1968-07-25,77,68,
1968-07-26,83,63,
1968-07-27,84,70,
1968-07-28,78,62,
1968-07-29,78,55,
1968-07-30,79,59,
1968-07-31,82,63,
1968-08-01,77,58,
1968-08-02,78,59,
1968-08-03,84,67,
1968-08-04,86,67,
1968-08-05,90,70,
1968-08-06,91,73,
1968-08-07,92,74,
1968-08-08,89,70,
1968-08-09,87,68,
1968-08-10,75,59,
1968-08-11,74,53,
1968-08-12,78,56,
1968-08-13,82,66,
1968-08-14,85,65,
1968-08-15,86,65,
1968-08-16,89,72,
1968-08-17,87,67,
1968-08-18,88,64,
1968-08-19,90,72,
1968-08-20,91,73,
1968-08-21,92,73,
1968-08-22,90,73,
1968-08-23,92,73,
1968-08-24,89,68,
1968-08-25,80,59,
1968-08-26,74,54,
1968-08-27,72,49,
1968-08-28,75,50,
1968-08-29,77,56,
1968-08-30,79,57,
1968-08-31,70,61,
1968-09-01,75,56,
1968-09-02,81,54,
1968-09-03,87,58,
1968-09-04,78,64,
1968-09-05,76,56,
1968-09-06,78,49,
1968-09-07,83,47,
1968-09-08,80,57,
1968-09-09,68,56,
1968-09-10,61,55,
1968-09-11,72,49,
1968-09-12,80,49,
1968-09-13,83,52,
1968-09-14,83,58,
1968-09-15,86,56,
1968-09-16,73,61,
1968-09-17,79,63,
1968-09-18,69,56,
1968-09-19,65,57,
1968-09-20,83,58,
1968-09-21,85,60,
1968-09-22,88,68,
1968-09-23,82,68,
1968-09-24,72,60,
1968-09-25,70,52,
1968-09-26,76,50,
1968-09-27,78,46,
1968-09-28,73,52,
1968-09-29,76,51,
1968-09-30,84,51,
1968-10-01,81,59,
1968-10-02,75,57,
1968-10-03,60,38,
1968-10-04,58,35,
1968-10-05,62,34,
1968-10-06,53,46,
1968-10-07,66,45,
1968-10-08,69,41,
1968-10-09,68,46,
1968-10-10,65,40,
1968-10-11,72,46,
1968-10-12,76,49,
1968-10-13,73,60,
1968-10-14,82,61,
1968-10-15,83,63,
1968-10-16,80,59,
1968-10-17,75,52,
1968-10-18,63,42,
1968-10-19,67,40,
1968-10-20,65,41,
1968-10-21,72,37,
1968-10-22,58,43,
1968-10-23,60,39,
1968-10-24,45,36,
1968-10-25,50,33,
1968-10-26,62,31,
1968-10-27,57,37,
1968-10-28,44,36,
1968-10-29,50,31,
1968-10-30,62,30,
1968-10-31,81,43,
1968-11-01,72,52,
1968-11-02,64,44,
1968-11-03,47,41,
1968-11-04,57,44,
1968-11-05,59,47,
1968-11-06,49,42,
1968-11-07,45,38,
1968-11-08,40,33,
1968-11-09,38,31,
1968-11-10,41,32,
1968-11-11,37,31,
1968-11-12,38,26,
1968-11-13,46,22,
1968-11-14,53,40,
1968-11-15,56,42,
1968-11-16,45,41,
1968-11-17,44,38,
1968-11-18,38,31,
1968-11-19,32,26,
1968-11-20,29,23,
1968-11-21,53,28,
1968-11-22,58,37,
1968-11-23,60,38,
1968-11-24,55,36,
1968-11-25,47,34,
1968-11-26,59,41,
1968-11-27,45,39,
1968-11-28,54,36,
1968-11-29,38,31,
1968-11-30,40,24,
1968-12-01,36,32,
1968-12-02,47,36,
1968-12-03,43,35,
1968-12-04,43,33,
1968-12-05,43,26,
1968-12-06,36,20,
1968-12-07,29,20,
1968-12-08,31,14,
1968-12-09,36,21,
1968-12-10,35,24,
1968-12-11,51,24,
1968-12-12,53,46,
1968-12-13,48,18,
1968-12-14,21,10,
1968-12-15,30,16,
1968-12-16,34,22,
1968-12-17,38,18,
1968-12-18,46,32,
1968-12-19,46,30,
1968-12-20,30,26,
1968-12-21,32,25,
1968-12-22,46,24,
1968-12-23,24,16,
1968-12-24,21,12,
1968-12-25,20,8,
1968-12-26,40,20,
1968-12-27,48,40,
1968-12-28,44,26,
1968-12-29,26,24,
1968-12-30,34,18,
1968-12-31,18,-3,
1969-01-01,14,-2,
1969-01-02,27,11,
1969-01-03,26,1,
1969-01-04,9,-5,
1969-01-05,25,2,
1969-01-06,33,10,
1969-01-07,15,3,
1969-01-08,33,15,
1969-01-09,35,4,
1969-01-10,16,-2,
1969-01-11,21,9,
1969-01-12,23,8,
1969-01-13,28,16,
1969-01-14,26,14,
1969-01-15,34,21,
1969-01-16,37,34,
1969-01-17,40,34,
1969-01-18,38,32,
1969-01-19,32,28,
1969-01-20,37,25,
1969-01-21,40,34,
1969-01-22,46,37,
1969-01-23,53,21,
1969-01-24,21,9,
1969-01-25,20,6,
1969-01-26,19,9,
1969-01-27,34,18,
1969-01-28,42,32,
1969-01-29,54,35,
1969-01-30,54,24,
1969-01-31,32,20,
1969-02-01,35,23,
1969-02-02,35,24,
1969-02-03,26,12,
1969-02-04,43,13,
1969-02-05,44,26,
1969-02-06,39,32,
1969-02-07,38,32,
1969-02-08,35,32,
1969-02-09,35,28,
1969-02-10,39,29,
1969-02-11,34,21,
1969-02-12,27,18,
1969-02-13,31,14,
1969-02-14,31,18,
1969-02-15,28,22,
1969-02-16,39,24,
1969-02-17,38,28,
1969-02-18,43,24,
1969-02-19,38,25,
1969-02-20,42,22,
1969-02-21,45,30,
1969-02-22,45,34,
1969-02-23,39,33,
1969-02-24,40,34,
1969-02-25,41,30,
1969-02-26,41,28,
1969-02-27,43,25,
1969-02-28,42,29,
1969-03-01,44,26,
1969-03-02,46,26,
1969-03-03,45,25,
1969-03-04,42,26,
1969-03-05,44,25,
1969-03-06,44,32,
1969-03-07,39,29,
1969-03-08,33,26,
1969-03-09,30,15,
1969-03-10,30,12,
1969-03-11,26,12,
1969-03-12,31,11,
1969-03-13,35,19,
1969-03-14,35,20,
1969-03-15,36,19,
1969-03-16,48,26,
1969-03-17,61,34,
1969-03-18,69,37,
1969-03-19,71,42,
1969-03-20,58,37,
1969-03-21,49,29,
1969-03-22,60,28,
1969-03-23,58,40,
1969-03-24,47,36,
1969-03-25,36,30,
1969-03-26,30,24,
1969-03-27,46,21,
1969-03-28,54,30,
1969-03-29,31,22,
1969-03-30,30,17,
1969-03-31,33,19,
1969-04-01,66,33,
1969-04-02,62,36,
1969-04-03,60,35,
1969-04-04,65,49,
1969-04-05,62,36,
1969-04-06,60,33,
1969-04-07,70,40,
1969-04-08,77,52,
1969-04-09,68,56,
1969-04-10,56,44,
1969-04-11,62,40,
1969-04-12,64,37,
1969-04-13,70,41,
1969-04-14,56,53,
1969-04-15,70,55,
1969-04-16,77,51,
1969-04-17,77,50,
1969-04-18,51,38,
1969-04-19,55,37,
1969-04-20,64,37,
1969-04-21,67,50,
1969-04-22,61,43,
1969-04-23,49,40,
1969-04-24,62,35,
1969-04-25,69,43,
1969-04-26,78,46,
1969-04-27,71,54,
1969-04-28,54,42,
1969-04-29,55,39,
1969-04-30,61,37,
1969-05-01,72,44,
1969-05-02,82,49,
1969-05-03,83,56,
1969-05-04,82,57,
1969-05-05,85,61,
1969-05-06,85,61,
1969-05-07,83,61,
1969-05-08,66,50,
1969-05-09,58,45,
1969-05-10,60,41,
1969-05-11,58,40,
1969-05-12,66,42,
1969-05-13,60,47,
1969-05-14,74,53,
1969-05-15,83,55,
1969-05-16,81,62,
1969-05-17,78,52,
1969-05-18,57,50,
1969-05-19,65,47,
1969-05-20,71,48,
1969-05-21,70,42,
1969-05-22,58,48,
1969-05-23,65,47,
1969-05-24,74,48,
1969-05-25,81,52,
1969-05-26,83,48,
1969-05-27,85,61,
1969-05-28,91,62,
1969-05-29,93,66,
1969-05-30,84,63,
1969-05-31,85,66,
1969-06-01,78,54,
1969-06-02,61,48,
1969-06-03,69,42,
1969-06-04,80,49,
1969-06-05,82,58,
1969-06-06,88,66,
1969-06-07,86,60,
1969-06-08,78,52,
1969-06-09,75,48,
1969-06-10,84,51,
1969-06-11,89,63,
1969-06-12,93,68,
1969-06-13,75,58,
1969-06-14,74,52,
1969-06-15,70,52,
1969-06-16,77,48,
1969-06-17,79,58,
1969-06-18,71,58,
1969-06-19,87,64,
1969-06-20,74,51,
1969-06-21,76,47,
1969-06-22,76,62,
1969-06-23,76,64,
1969-06-24,76,63,
1969-06-25,90,67,
1969-06-26,91,75,
1969-06-27,91,73,
1969-06-28,95,68,
1969-06-29,92,71,
1969-06-30,82,68,
1969-07-01,84,65,
1969-07-02,88,63,
1969-07-03,89,68,
1969-07-04,94,67,
1969-07-05,94,73,
1969-07-06,85,64,
1969-07-07,84,68,
1969-07-08,80,67,
1969-07-09,84,72,
1969-07-10,87,73,
1969-07-11,89,70,
1969-07-12,91,70,
1969-07-13,88,72,
1969-07-14,87,68,
1969-07-15,88,66,
1969-07-16,93,68,
1969-07-17,93,75,
1969-07-18,92,73,
1969-07-19,90,70,
1969-07-20,85,71,
1969-07-21,87,64,
1969-07-22,87,67,
1969-07-23,89,68,
1969-07-24,88,71,
1969-07-25,87,66,
1969-07-26,90,67,
1969-07-27,84,62,
1969-07-28,74,60,
1969-07-29,81,62,
1969-07-30,85,61,
1969-07-31,83,64,
1969-08-01,81,64,
1969-08-02,82,59,
1969-08-03,83,60,
1969-08-04,86,61,
1969-08-05,86,60,
1969-08-06,87,63,
1969-08-07,89,65,
1969-08-08,89,70,
1969-08-09,74,63,
1969-08-10,82,61,
1969-08-11,82,59,
1969-08-12,84,63,
1969-08-13,86,63,
1969-08-14,87,67,
1969-08-15,88,67,
1969-08-16,85,67,
1969-08-17,83,66,
1969-08-18,89,66,
1969-08-19,88,65,
1969-08-20,79,63,
1969-08-21,79,60,
1969-08-22,81,54,
1969-08-23,84,59,
1969-08-24,86,60,
1969-08-25,87,63,
1969-08-26,88,68,
1969-08-27,88,67,
1969-08-28,88,66,
1969-08-29,90,65,
1969-08-30,91,65,
1969-08-31,90,64,
1969-09-01,88,67,
1969-09-02,85,65,
1969-09-03,85,66,
1969-09-04,76,67,
1969-09-05,85,68,
1969-09-06,84,68,
1969-09-07,85,63,
1969-09-08,77,57,
1969-09-09,70,48,
1969-09-10,73,47,
1969-09-11,74,51,
1969-09-12,80,52,
1969-09-13,85,55,
1969-09-14,83,61,
1969-09-15,77,60,
1969-09-16,69,64,
1969-09-17,74,53,
1969-09-18,70,50,
1969-09-19,71,53,
1969-09-20,72,47,
1969-09-21,77,51,
1969-09-22,83,57,
1969-09-23,71,54,
1969-09-24,63,50,
1969-09-25,72,47,
1969-09-26,80,53,
1969-09-27,73,55,
1969-09-28,71,47,
1969-09-29,76,47,
1969-09-30,82,57,
1969-10-01,81,59,
1969-10-02,77,60,
1969-10-03,83,57,
1969-10-04,85,63,
1969-10-05,80,55,
1969-10-06,75,55,
1969-10-07,74,49,
1969-10-08,70,46,
1969-10-09,79,47,
1969-10-10,75,55,
1969-10-11,71,56,
1969-10-12,69,53,
1969-10-13,70,42,
1969-10-14,54,36,
1969-10-15,61,37,
1969-10-16,54,37,
1969-10-17,53,31,
1969-10-18,53,35,
1969-10-19,75,47,
1969-10-20,62,46,
1969-10-21,65,36,
1969-10-22,50,32,
1969-10-23,47,28,
1969-10-24,46,31,
1969-10-25,59,37,
1969-10-26,64,36,
1969-10-27,48,32,
1969-10-28,49,28,
1969-10-29,54,32,
1969-10-30,60,38,
1969-10-31,51,45,
1969-11-01,50,42,
1969-11-02,46,41,
1969-11-03,45,39,
1969-11-04,43,39,
1969-11-05,58,34,
1969-11-06,65,35,
1969-11-07,64,42,
1969-11-08,58,36,
1969-11-09,46,37,
1969-11-10,44,40,
1969-11-11,58,42,
1969-11-12,50,34,
1969-11-13,45,24,
1969-11-14,27,17,
1969-11-15,35,20,
1969-11-16,54,22,
1969-11-17,49,43,
1969-11-18,55,28,
1969-11-19,34,19,
1969-11-20,27,16,
1969-11-21,37,23,
1969-11-22,52,30,
1969-11-23,49,38,
1969-11-24,54,32,
1969-11-25,52,34,
1969-11-26,50,29,
1969-11-27,37,28,
1969-11-28,34,23,
1969-11-29,40,26,
1969-11-30,50,26,
1969-12-01,42,28,
1969-12-02,51,26,
1969-12-03,40,24,
1969-12-04,37,19,
1969-12-05,36,25,
1969-12-06,37,30,
1969-12-07,37,32,
1969-12-08,38,29,
1969-12-09,44,29,
1969-12-10,41,31,
1969-12-11,36,22,
1969-12-12,29,20,
1969-12-13,42,26,
1969-12-14,NA,27,
1969-12-15,32,21,
1969-12-16,36,19,
1969-12-17,38,25,
1969-12-18,36,28,
1969-12-19,28,20,
1969-12-20,27,17,
1969-12-21,31,22,
1969-12-22,30,15,
1969-12-23,28,15,
1969-12-24,24,8,
1969-12-25,29,24,
1969-12-26,27,13,
1969-12-27,29,11,
1969-12-28,31,25,
1969-12-29,31,26,
1969-12-30,35,26,
1969-12-31,33,26,
1970-01-01,27,16,
1970-01-02,27,16,
1970-01-03,17,4,
1970-01-04,27,7,
1970-01-05,19,1,
1970-01-06,7,-7,
1970-01-07,3,-11,
1970-01-08,1,-10,
1970-01-09,9,-2,
1970-01-10,19,-5,
1970-01-11,27,17,
1970-01-12,28,17,
1970-01-13,27,9,
1970-01-14,35,21,
1970-01-15,41,19,
1970-01-16,42,29,
1970-01-17,32,12,
1970-01-18,16,7,
1970-01-19,9,-2,
1970-01-20,6,-7,
1970-01-21,8,-12,
1970-01-22,19,-6,
1970-01-23,23,6,
1970-01-24,37,5,
1970-01-25,44,32,
1970-01-26,36,32,
1970-01-27,36,31,
1970-01-28,62,35,
1970-01-29,35,20,
1970-01-30,38,18,
1970-01-31,47,29,
1970-02-01,48,34,
1970-02-02,37,2,
1970-02-03,5,-3,
1970-02-04,31,3,
1970-02-05,45,28,
1970-02-06,41,30,
1970-02-07,36,29,
1970-02-08,35,30,
1970-02-09,33,20,
1970-02-10,35,17,
1970-02-11,35,20,
1970-02-12,28,15,
1970-02-13,24,6,
1970-02-14,23,13,
1970-02-15,31,19,
1970-02-16,33,12,
1970-02-17,43,19,
1970-02-18,55,26,
1970-02-19,28,15,
1970-02-20,25,7,
1970-02-21,51,21,
1970-02-22,50,35,
1970-02-23,48,29,
1970-02-24,53,31,
1970-02-25,33,15,
1970-02-26,41,15,
1970-02-27,42,29,
1970-02-28,42,25,
1970-03-01,53,36,
1970-03-02,56,44,
1970-03-03,57,51,
1970-03-04,51,33,
1970-03-05,50,30,
1970-03-06,55,32,
1970-03-07,56,33,
1970-03-08,63,30,
1970-03-09,38,27,
1970-03-10,32,25,
1970-03-11,38,24,
1970-03-12,38,27,
1970-03-13,37,23,
1970-03-14,34,21,
1970-03-15,34,20,
1970-03-16,42,18,
1970-03-17,33,30,
1970-03-18,37,30,
1970-03-19,46,33,
1970-03-20,39,32,
1970-03-21,50,30,
1970-03-22,53,34,
1970-03-23,42,32,
1970-03-24,48,31,
1970-03-25,42,34,
1970-03-26,44,31,
1970-03-27,47,27,
1970-03-28,39,25,
1970-03-29,41,22,
1970-03-30,46,26,
1970-03-31,51,32,
1970-04-01,41,35,
1970-04-02,44,31,
1970-04-03,49,32,
1970-04-04,46,32,
1970-04-05,54,30,
1970-04-06,49,38,
1970-04-07,62,31,
1970-04-08,73,39,
1970-04-09,63,41,
1970-04-10,62,39,
1970-04-11,72,35,
1970-04-12,73,42,
1970-04-13,55,42,
1970-04-14,55,40,
1970-04-15,67,40,
1970-04-16,71,53,
1970-04-17,67,48,
1970-04-18,56,42,
1970-04-19,62,46,
1970-04-20,59,44,
1970-04-21,59,41,
1970-04-22,76,49,
1970-04-23,66,43,
1970-04-24,69,48,
1970-04-25,71,48,
1970-04-26,76,53,
1970-04-27,74,59,
1970-04-28,84,63,
1970-04-29,82,66,
1970-04-30,80,64,
1970-05-01,68,46,
1970-05-02,53,40,
1970-05-03,69,38,
1970-05-04,75,50,
1970-05-05,74,44,
1970-05-06,60,37,
1970-05-07,78,44,
1970-05-08,83,56,
1970-05-09,77,57,
1970-05-10,78,56,
1970-05-11,70,59,
1970-05-12,84,64,
1970-05-13,72,52,
1970-05-14,77,53,
1970-05-15,74,50,
1970-05-16,63,47,
1970-05-17,70,46,
1970-05-18,81,49,
1970-05-19,86,61,
1970-05-20,88,63,
1970-05-21,90,62,
1970-05-22,89,67,
1970-05-23,88,66,
1970-05-24,88,63,
1970-05-25,76,58,
1970-05-26,72,54,
1970-05-27,82,49,
1970-05-28,84,58,
1970-05-29,82,65,
1970-05-30,81,66,
1970-05-31,80,68,
1970-06-01,78,66,
1970-06-02,70,50,
1970-06-03,62,51,
1970-06-04,63,55,
1970-06-05,64,56,
1970-06-06,79,54,
1970-06-07,84,62,
1970-06-08,85,62,
1970-06-09,87,64,
1970-06-10,87,64,
1970-06-11,90,65,
1970-06-12,85,66,
1970-06-13,90,69,
1970-06-14,88,66,
1970-06-15,85,63,
1970-06-16,85,67,
1970-06-17,88,75,
1970-06-18,83,66,
1970-06-19,72,57,
1970-06-20,78,53,
1970-06-21,70,56,
1970-06-22,78,56,
1970-06-23,81,59,
1970-06-24,89,61,
1970-06-25,81,60,
1970-06-26,83,56,
1970-06-27,81,53,
1970-06-28,84,59,
1970-06-29,91,61,
1970-06-30,96,71,
1970-07-01,99,74,
1970-07-02,100,68,
1970-07-03,87,64,
1970-07-04,71,58,
1970-07-05,79,59,
1970-07-06,83,57,
1970-07-07,85,64,
1970-07-08,85,65,
1970-07-09,75,60,
1970-07-10,83,61,
1970-07-11,88,66,
1970-07-12,91,68,
1970-07-13,90,70,
1970-07-14,93,71,
1970-07-15,82,68,
1970-07-16,86,61,
1970-07-17,87,63,
1970-07-18,88,66,
1970-07-19,78,63,
1970-07-20,71,54,
1970-07-21,77,52,
1970-07-22,78,55,
1970-07-23,73,60,
1970-07-24,86,62,
1970-07-25,88,68,
1970-07-26,90,68,
1970-07-27,88,69,
1970-07-28,90,69,
1970-07-29,91,69,
1970-07-30,85,69,
1970-07-31,92,70,
1970-08-01,86,70,
1970-08-02,85,65,
1970-08-03,84,62,
1970-08-04,70,57,
1970-08-05,77,62,
1970-08-06,81,61,
1970-08-07,82,62,
1970-08-08,72,64,
1970-08-09,83,64,
1970-08-10,72,64,
1970-08-11,83,64,
1970-08-12,86,64,
1970-08-13,86,65,
1970-08-14,86,65,
1970-08-15,89,65,
1970-08-16,84,68,
1970-08-17,85,64,
1970-08-18,89,65,
1970-08-19,90,68,
1970-08-20,78,62,
1970-08-21,78,56,
1970-08-22,75,62,
1970-08-23,78,60,
1970-08-24,80,59,
1970-08-25,85,60,
1970-08-26,86,67,
1970-08-27,88,63,
1970-08-28,89,64,
1970-08-29,90,64,
1970-08-30,92,71,
1970-08-31,81,60,
1970-09-01,84,60,
1970-09-02,89,64,
1970-09-03,81,68,
1970-09-04,80,57,
1970-09-05,84,57,
1970-09-06,78,68,
1970-09-07,93,71,
1970-09-08,78,62,
1970-09-09,88,59,
1970-09-10,72,55,
1970-09-11,76,49,
1970-09-12,82,55,
1970-09-13,70,53,
1970-09-14,74,53,
1970-09-15,90,66,
1970-09-16,77,59,
1970-09-17,88,62,
1970-09-18,81,60,
1970-09-19,84,56,
1970-09-20,88,66,
1970-09-21,91,68,
1970-09-22,72,64,
1970-09-23,87,59,
1970-09-24,75,58,
1970-09-25,84,56,
1970-09-26,70,45,
1970-09-27,68,43,
1970-09-28,67,44,
1970-09-29,76,43,
1970-09-30,72,49,
1970-10-01,75,45,
1970-10-02,78,58,
1970-10-03,60,43,
1970-10-04,70,40,
1970-10-05,76,50,
1970-10-06,76,53,
1970-10-07,79,59,
1970-10-08,64,62,
1970-10-09,67,43,
1970-10-10,60,35,
1970-10-11,67,40,
1970-10-12,61,53,
1970-10-13,67,60,
1970-10-14,61,45,
1970-10-15,55,40,
1970-10-16,54,35,
1970-10-17,60,35,
1970-10-18,63,38,
1970-10-19,58,41,
1970-10-20,52,48,
1970-10-21,55,44,
1970-10-22,63,39,
1970-10-23,68,52,
1970-10-24,65,51,
1970-10-25,67,49,
1970-10-26,71,49,
1970-10-27,68,58,
1970-10-28,61,45,
1970-10-29,60,40,
1970-10-30,63,44,
1970-10-31,52,36,
1970-11-01,50,32,
1970-11-02,44,38,
1970-11-03,47,34,
1970-11-04,45,36,
1970-11-05,49,34,
1970-11-06,58,34,
1970-11-07,58,38,
1970-11-08,58,37,
1970-11-09,57,48,
1970-11-10,48,42,
1970-11-11,47,42,
1970-11-12,56,39,
1970-11-13,51,42,
1970-11-14,47,31,
1970-11-15,38,25,
1970-11-16,43,23,
1970-11-17,49,31,
1970-11-18,54,36,
1970-11-19,49,33,
1970-11-20,50,33,
1970-11-21,53,30,
1970-11-22,47,19,
1970-11-23,19,10,
1970-11-24,23,12,
1970-11-25,42,22,
1970-11-26,52,32,
1970-11-27,52,40,
1970-11-28,43,38,
1970-11-29,54,41,
1970-11-30,56,43,
1970-12-01,68,48,
1970-12-02,62,38,
1970-12-03,68,36,
1970-12-04,38,29,
1970-12-05,44,19,
1970-12-06,27,13,
1970-12-07,37,19,
1970-12-08,51,28,
1970-12-09,52,32,
1970-12-10,48,30,
1970-12-11,52,36,
1970-12-12,36,34,
1970-12-13,35,29,
1970-12-14,41,25,
1970-12-15,45,24,
1970-12-16,39,33,
1970-12-17,35,34,
1970-12-18,51,33,
1970-12-19,52,22,
1970-12-20,31,19,
1970-12-21,32,29,
1970-12-22,37,32,
1970-12-23,44,15,
1970-12-24,28,12,
1970-12-25,25,11,
1970-12-26,35,11,
1970-12-27,28,17,
1970-12-28,32,13,
1970-12-29,32,17,
1970-12-30,30,16,
1970-12-31,38,26,
1971-01-01,43,26,
1971-01-02,39,30,
1971-01-03,43,31,
1971-01-04,46,11,
1971-01-05,17,4,
1971-01-06,15,1,
1971-01-07,22,5,
1971-01-08,28,12,
1971-01-09,36,15,
1971-01-10,40,24,
1971-01-11,35,22,
1971-01-12,30,21,
1971-01-13,36,28,
1971-01-14,32,18,
1971-01-15,24,9,
1971-01-16,26,10,
1971-01-17,26,18,
1971-01-18,24,7,
1971-01-19,22,5,
1971-01-20,29,3,
1971-01-21,42,25,
1971-01-22,45,22,
1971-01-23,39,15,
1971-01-24,47,25,
1971-01-25,42,27,
1971-01-26,36,4,
1971-01-27,16,-1,
1971-01-28,15,1,
1971-01-29,49,14,
1971-01-30,28,4,
1971-01-31,12,2,
1971-02-01,15,1,
1971-02-02,19,-4,
1971-02-03,32,18,
1971-02-04,49,32,
1971-02-05,36,21,
1971-02-06,31,20,
1971-02-07,25,11,
1971-02-08,17,1,
1971-02-09,17,-3,
1971-02-10,37,13,
1971-02-11,43,30,
1971-02-12,36,14,
1971-02-13,24,12,
1971-02-14,27,13,
1971-02-15,35,26,
1971-02-16,38,24,
1971-02-17,49,35,
1971-02-18,60,35,
1971-02-19,56,40,
1971-02-20,40,33,
1971-02-21,36,32,
1971-02-22,43,29,
1971-02-23,33,29,
1971-02-24,40,29,
1971-02-25,54,32,
1971-02-26,57,38,
1971-02-27,44,34,
1971-02-28,43,30,
1971-03-01,45,29,
1971-03-02,36,24,
1971-03-03,28,21,
1971-03-04,38,19,
1971-03-05,52,29,
1971-03-06,42,27,
1971-03-07,28,21,
1971-03-08,33,19,
1971-03-09,38,23,
1971-03-10,37,27,
1971-03-11,41,28,
1971-03-12,65,30,
1971-03-13,63,32,
1971-03-14,69,47,
1971-03-15,56,36,
1971-03-16,36,28,
1971-03-17,44,26,
1971-03-18,46,33,
1971-03-19,38,30,
1971-03-20,42,27,
1971-03-21,58,31,
1971-03-22,40,26,
1971-03-23,32,20,
1971-03-24,37,20,
1971-03-25,40,26,
1971-03-26,47,29,
1971-03-27,55,33,
1971-03-28,56,37,
1971-03-29,46,31,
1971-03-30,60,28,
1971-03-31,71,42,
1971-04-01,57,32,
1971-04-02,43,30,
1971-04-03,49,30,
1971-04-04,46,31,
1971-04-05,40,28,
1971-04-06,54,30,
1971-04-07,68,34,
1971-04-08,73,39,
1971-04-09,65,45,
1971-04-10,69,37,
1971-04-11,79,35,
1971-04-12,84,52,
1971-04-13,66,41,
1971-04-14,59,33,
1971-04-15,70,40,
1971-04-16,79,48,
1971-04-17,80,56,
1971-04-18,75,48,
1971-04-19,80,51,
1971-04-20,83,58,
1971-04-21,66,38,
1971-04-22,64,36,
1971-04-23,65,38,
1971-04-24,62,37,
1971-04-25,71,40,
1971-04-26,69,41,
1971-04-27,62,41,
1971-04-28,55,43,
1971-04-29,60,40,
1971-04-30,65,38,
1971-05-01,68,48,
1971-05-02,51,42,
1971-05-03,62,37,
1971-05-04,68,39,
1971-05-05,74,49,
1971-05-06,68,54,
1971-05-07,56,52,
1971-05-08,70,53,
1971-05-09,73,50,
1971-05-10,73,51,
1971-05-11,72,54,
1971-05-12,56,42,
1971-05-13,65,41,
1971-05-14,76,49,
1971-05-15,79,50,
1971-05-16,85,57,
1971-05-17,84,56,
1971-05-18,83,62,
1971-05-19,72,55,
1971-05-20,72,49,
1971-05-21,76,48,
1971-05-22,67,46,
1971-05-23,75,54,
1971-05-24,72,55,
1971-05-25,55,48,
1971-05-26,61,44,
1971-05-27,66,42,
1971-05-28,70,45,
1971-05-29,75,47,
1971-05-30,84,56,
1971-05-31,83,61,
1971-06-01,79,63,
1971-06-02,85,61,
1971-06-03,88,62,
1971-06-04,90,69,
1971-06-05,92,69,
1971-06-06,93,71,
1971-06-07,92,68,
1971-06-08,83,55,
1971-06-09,79,53,
1971-06-10,81,56,
1971-06-11,93,66,
1971-06-12,90,65,
1971-06-13,93,68,
1971-06-14,90,68,
1971-06-15,84,65,
1971-06-16,87,64,
1971-06-17,88,65,
1971-06-18,91,64,
1971-06-19,95,69,
1971-06-20,92,67,
1971-06-21,80,60,
1971-06-22,85,57,
1971-06-23,86,65,
1971-06-24,92,66,
1971-06-25,94,66,
1971-06-26,95,64,
1971-06-27,96,72,
1971-06-28,95,72,
1971-06-29,94,68,
1971-06-30,93,70,
1971-07-01,83,67,
1971-07-02,86,64,
1971-07-03,87,63,
1971-07-04,88,63,
1971-07-05,83,66,
1971-07-06,86,68,
1971-07-07,88,69,
1971-07-08,93,70,
1971-07-09,83,68,
1971-07-10,77,68,
1971-07-11,81,66,
1971-07-12,85,63,
1971-07-13,89,66,
1971-07-14,80,63,
1971-07-15,84,62,
1971-07-16,84,62,
1971-07-17,84,63,
1971-07-18,80,59,
1971-07-19,74,58,
1971-07-20,78,53,
1971-07-21,82,59,
1971-07-22,84,61,
1971-07-23,81,62,
1971-07-24,79,63,
1971-07-25,85,67,
1971-07-26,75,60,
1971-07-27,77,54,
1971-07-28,74,56,
1971-07-29,75,55,
1971-07-30,71,54,
1971-07-31,76,51,
1971-08-01,79,53,
1971-08-02,83,56,
1971-08-03,81,62,
1971-08-04,72,59,
1971-08-05,76,58,
1971-08-06,79,57,
1971-08-07,82,61,
1971-08-08,86,63,
1971-08-09,89,69,
1971-08-10,90,69,
1971-08-11,78,62,
1971-08-12,80,55,
1971-08-13,86,60,
1971-08-14,88,64,
1971-08-15,78,62,
1971-08-16,79,58,
1971-08-17,81,59,
1971-08-18,81,58,
1971-08-19,90,63,
1971-08-20,87,72,
1971-08-21,83,67,
1971-08-22,88,64,
1971-08-23,79,62,
1971-08-24,90,63,
1971-08-25,83,64,
1971-08-26,74,58,
1971-08-27,73,53,
1971-08-28,88,55,
1971-08-29,84,56,
1971-08-30,85,60,
1971-08-31,88,64,
1971-09-01,87,68,
1971-09-02,86,67,
1971-09-03,85,70,
1971-09-04,88,70,
1971-09-05,87,67,
1971-09-06,86,68,
1971-09-07,90,65,
1971-09-08,93,65,
1971-09-09,90,65,
1971-09-10,87,68,
1971-09-11,79,60,
1971-09-12,75,57,
1971-09-13,84,54,
1971-09-14,92,59,
1971-09-15,75,56,
1971-09-16,67,54,
1971-09-17,72,55,
1971-09-18,73,56,
1971-09-19,64,53,
1971-09-20,65,47,
1971-09-21,71,48,
1971-09-22,75,47,
1971-09-23,65,47,
1971-09-24,69,44,
1971-09-25,60,51,
1971-09-26,83,60,
1971-09-27,87,65,
1971-09-28,89,68,
1971-09-29,88,70,
1971-09-30,91,68,
1971-10-01,90,65,
1971-10-02,88,66,
1971-10-03,77,58,
1971-10-04,74,50,
1971-10-05,80,49,
1971-10-06,70,47,
1971-10-07,66,42,
1971-10-08,66,43,
1971-10-09,53,44,
1971-10-10,60,39,
1971-10-11,68,44,
1971-10-12,71,39,
1971-10-13,67,46,
1971-10-14,73,38,
1971-10-15,80,50,
1971-10-16,76,59,
1971-10-17,74,54,
1971-10-18,80,58,
1971-10-19,82,60,
1971-10-20,81,56,
1971-10-21,69,63,
1971-10-22,72,61,
1971-10-23,62,58,
1971-10-24,65,60,
1971-10-25,69,52,
1971-10-26,74,50,
1971-10-27,76,54,
1971-10-28,76,46,
1971-10-29,80,53,
1971-10-30,80,56,
1971-10-31,60,44,
1971-11-01,75,40,
1971-11-02,71,45,
1971-11-03,55,34,
1971-11-04,53,30,
1971-11-05,66,42,
1971-11-06,56,27,
1971-11-07,36,17,
1971-11-08,40,20,
1971-11-09,40,32,
1971-11-10,57,28,
1971-11-11,61,37,
1971-11-12,69,41,
1971-11-13,65,43,
1971-11-14,75,54,
1971-11-15,76,56,
1971-11-16,73,52,
1971-11-17,71,48,
1971-11-18,62,40,
1971-11-19,43,33,
1971-11-20,51,34,
1971-11-21,37,26,
1971-11-22,38,19,
1971-11-23,32,25,
1971-11-24,34,26,
1971-11-25,45,29,
1971-11-26,40,30,
1971-11-27,42,32,
1971-11-28,38,32,
1971-11-29,35,33,
1971-11-30,34,24,
1971-12-01,34,22,
1971-12-02,40,25,
1971-12-03,37,27,
1971-12-04,42,31,
1971-12-05,43,38,
1971-12-06,44,40,
1971-12-07,42,40,
1971-12-08,50,39,
1971-12-09,49,42,
1971-12-10,64,37,
1971-12-11,48,31,
1971-12-12,42,33,
1971-12-13,36,28,
1971-12-14,58,33,
1971-12-15,61,35,
1971-12-16,37,33,
1971-12-17,34,17,
1971-12-18,32,13,
1971-12-19,38,29,
1971-12-20,42,33,
1971-12-21,36,29,
1971-12-22,39,27,
1971-12-23,47,33,
1971-12-24,45,36,
1971-12-25,54,34,
1971-12-26,53,42,
1971-12-27,62,23,
1971-12-28,30,17,
1971-12-29,38,25,
1971-12-30,56,30,
1971-12-31,38,27,
1972-01-01,46,30,
1972-01-02,40,28,
1972-01-03,45,28,
1972-01-04,28,8,
1972-01-05,15,-1,
1972-01-06,31,10,
1972-01-07,39,21,
1972-01-08,43,27,
1972-01-09,48,36,
1972-01-10,47,32,
1972-01-11,42,27,
1972-01-12,47,28,
1972-01-13,35,14,
1972-01-14,14,-4,
1972-01-15,-4,-12,
1972-01-16,16,-14,
1972-01-17,38,16,
1972-01-18,48,36,
1972-01-19,38,27,
1972-01-20,44,30,
1972-01-21,37,28,
1972-01-22,47,37,
1972-01-23,39,30,
1972-01-24,59,12,
1972-01-25,18,6,
1972-01-26,20,8,
1972-01-27,20,13,
1972-01-28,17,-2,
1972-01-29,15,-3,
1972-01-30,15,2,
1972-01-31,35,-2,
1972-02-01,35,13,
1972-02-02,35,30,
1972-02-03,31,5,
1972-02-04,12,0,
1972-02-05,36,-1,
1972-02-06,35,6,
1972-02-07,13,-1,
1972-02-08,19,5,
1972-02-09,22,10,
1972-02-10,23,15,
1972-02-11,43,20,
1972-02-12,42,33,
1972-02-13,35,29,
1972-02-14,55,26,
1972-02-15,35,23,
1972-02-16,41,19,
1972-02-17,48,31,
1972-02-18,32,20,
1972-02-19,32,16,
1972-02-20,39,17,
1972-02-21,54,26,
1972-02-22,38,16,
1972-02-23,36,26,
1972-02-24,NA,25,
1972-02-25,37,27,
1972-02-26,37,22,
1972-02-27,48,27,
1972-02-28,63,33,
1972-02-29,71,39,
1972-03-01,63,26,
1972-03-02,26,17,
1972-03-03,39,18,
1972-03-04,35,21,
1972-03-05,29,14,
1972-03-06,56,19,
1972-03-07,54,30,
1972-03-08,32,21,
1972-03-09,45,19,
1972-03-10,43,24,
1972-03-11,77,32,
1972-03-12,68,44,
1972-03-13,48,29,
1972-03-14,47,29,
1972-03-15,45,33,
1972-03-16,51,37,
1972-03-17,53,38,
1972-03-18,44,31,
1972-03-19,57,30,
1972-03-20,72,40,
1972-03-21,63,42,
1972-03-22,42,29,
1972-03-23,40,23,
1972-03-24,43,25,
1972-03-25,48,28,
1972-03-26,50,28,
1972-03-27,44,37,
1972-03-28,47,37,
1972-03-29,40,31,
1972-03-30,45,28,
1972-03-31,52,32,
1972-04-01,39,30,
1972-04-02,44,33,
1972-04-03,46,32,
1972-04-04,45,27,
1972-04-05,62,36,
1972-04-06,77,44,
1972-04-07,49,22,
1972-04-08,39,20,
1972-04-09,52,27,
1972-04-10,69,41,
1972-04-11,71,51,
1972-04-12,69,52,
1972-04-13,77,48,
1972-04-14,76,44,
1972-04-15,69,50,
1972-04-16,58,45,
1972-04-17,72,39,
1972-04-18,76,46,
1972-04-19,73,57,
1972-04-20,57,45,
1972-04-21,60,44,
1972-04-22,60,44,
1972-04-23,54,41,
1972-04-24,49,39,
1972-04-25,56,34,
1972-04-26,63,36,
1972-04-27,68,45,
1972-04-28,66,50,
1972-04-29,59,50,
1972-04-30,73,53,
1972-05-01,70,58,
1972-05-02,61,49,
1972-05-03,62,45,
1972-05-04,71,45,
1972-05-05,72,48,
1972-05-06,80,57,
1972-05-07,70,54,
1972-05-08,58,44,
1972-05-09,62,41,
1972-05-10,67,41,
1972-05-11,71,47,
1972-05-12,78,51,
1972-05-13,73,57,
1972-05-14,68,53,
1972-05-15,70,52,
1972-05-16,78,55,
1972-05-17,80,52,
1972-05-18,84,57,
1972-05-19,87,61,
1972-05-20,88,58,
1972-05-21,89,65,
1972-05-22,90,62,
1972-05-23,88,63,
1972-05-24,89,63,
1972-05-25,89,63,
1972-05-26,91,63,
1972-05-27,90,61,
1972-05-28,88,61,
1972-05-29,81,64,
1972-05-30,70,45,
1972-05-31,66,44,
1972-06-01,77,47,
1972-06-02,88,57,
1972-06-03,92,64,
1972-06-04,86,66,
1972-06-05,82,65,
1972-06-06,79,58,
1972-06-07,82,56,
1972-06-08,79,62,
1972-06-09,85,47,
1972-06-10,65,44,
1972-06-11,77,43,
1972-06-12,86,53,
1972-06-13,90,70,
1972-06-14,88,68,
1972-06-15,80,61,
1972-06-16,75,50,
1972-06-17,75,47,
1972-06-18,83,56,
1972-06-19,90,65,
1972-06-20,85,60,
1972-06-21,70,53,
1972-06-22,73,50,
1972-06-23,74,45,
1972-06-24,76,48,
1972-06-25,79,53,
1972-06-26,84,58,
1972-06-27,86,63,
1972-06-28,80,62,
1972-06-29,75,61,
1972-06-30,86,62,
1972-07-01,92,66,
1972-07-02,75,63,
1972-07-03,77,58,
1972-07-04,70,54,
1972-07-05,74,48,
1972-07-06,76,51,
1972-07-07,79,58,
1972-07-08,83,62,
1972-07-09,80,65,
1972-07-10,87,69,
1972-07-11,88,68,
1972-07-12,88,68,
1972-07-13,88,68,
1972-07-14,90,70,
1972-07-15,80,65,
1972-07-16,84,62,
1972-07-17,87,65,
1972-07-18,89,72,
1972-07-19,90,71,
1972-07-20,93,72,
1972-07-21,92,75,
1972-07-22,92,73,
1972-07-23,93,73,
1972-07-24,82,71,
1972-07-25,83,64,
1972-07-26,79,62,
1972-07-27,76,64,
1972-07-28,78,60,
1972-07-29,79,59,
1972-07-30,83,60,
1972-07-31,85,61,
1972-08-01,83,68,
1972-08-02,87,67,
1972-08-03,77,59,
1972-08-04,77,56,
1972-08-05,81,54,
1972-08-06,83,63,
1972-08-07,67,57,
1972-08-08,80,53,
1972-08-09,72,50,
1972-08-10,76,52,
1972-08-11,84,55,
1972-08-12,84,62,
1972-08-13,88,65,
1972-08-14,92,70,
1972-08-15,83,68,
1972-08-16,87,64,
1972-08-17,93,70,
1972-08-18,92,73,
1972-08-19,92,75,
1972-08-20,85,70,
1972-08-21,88,70,
1972-08-22,84,69,
1972-08-23,81,67,
1972-08-24,82,64,
1972-08-25,85,66,
1972-08-26,72,64,
1972-08-27,78,64,
1972-08-28,85,62,
1972-08-29,88,64,
1972-08-30,88,68,
1972-08-31,87,64,
1972-09-01,80,64,
1972-09-02,66,54,
1972-09-03,69,52,
1972-09-04,72,51,
1972-09-05,76,48,
1972-09-06,79,53,
1972-09-07,82,58,
1972-09-08,79,60,
1972-09-09,77,54,
1972-09-10,78,51,
1972-09-11,86,60,
1972-09-12,85,71,
1972-09-13,89,67,
1972-09-14,73,54,
1972-09-15,79,51,
1972-09-16,85,64,
1972-09-17,88,67,
1972-09-18,91,70,
1972-09-19,84,66,
1972-09-20,88,63,
1972-09-21,68,52,
1972-09-22,68,47,
1972-09-23,67,55,
1972-09-24,75,65,
1972-09-25,76,66,
1972-09-26,80,61,
1972-09-27,68,58,
1972-09-28,80,60,
1972-09-29,63,43,
1972-09-30,58,37,
1972-10-01,72,40,
1972-10-02,78,48,
1972-10-03,76,51,
1972-10-04,70,56,
1972-10-05,66,52,
1972-10-06,67,49,
1972-10-07,65,42,
1972-10-08,75,45,
1972-10-09,63,41,
1972-10-10,68,42,
1972-10-11,73,56,
1972-10-12,65,47,
1972-10-13,66,46,
1972-10-14,68,38,
1972-10-15,58,35,
1972-10-16,71,47,
1972-10-17,NA,40,
1972-10-18,40,30,
1972-10-19,46,27,
1972-10-20,51,27,
1972-10-21,52,45,
1972-10-22,60,50,
1972-10-23,59,40,
1972-10-24,43,38,
1972-10-25,53,36,
1972-10-26,57,32,
1972-10-27,53,37,
1972-10-28,54,47,
1972-10-29,50,43,
1972-10-30,54,42,
1972-10-31,50,44,
1972-11-01,62,44,
1972-11-02,63,42,
1972-11-03,46,37,
1972-11-04,44,34,
1972-11-05,56,33,
1972-11-06,62,36,
1972-11-07,55,41,
1972-11-08,43,38,
1972-11-09,46,40,
1972-11-10,46,41,
1972-11-11,44,41,
1972-11-12,45,40,
1972-11-13,42,38,
1972-11-14,38,32,
1972-11-15,39,30,
1972-11-16,36,30,
1972-11-17,37,32,
1972-11-18,37,32,
1972-11-19,35,33,
1972-11-20,38,33,
1972-11-21,39,33,
1972-11-22,35,30,
1972-11-23,36,25,
1972-11-24,46,25,
1972-11-25,36,32,
1972-11-26,33,32,
1972-11-27,38,32,
1972-11-28,38,27,
1972-11-29,39,24,
1972-11-30,44,29,
1972-12-01,52,29,
1972-12-02,58,27,
1972-12-03,44,26,
1972-12-04,27,24,
1972-12-05,32,25,
1972-12-06,25,6,
1972-12-07,24,5,
1972-12-08,32,24,
1972-12-09,25,21,
1972-12-10,21,5,
1972-12-11,24,2,
1972-12-12,34,24,
1972-12-13,25,16,
1972-12-14,29,16,
1972-12-15,26,8,
1972-12-16,14,4,
1972-12-17,23,2,
1972-12-18,40,22,
1972-12-19,37,33,
1972-12-20,36,33,
1972-12-21,35,32,
1972-12-22,32,29,
1972-12-23,32,29,
1972-12-24,35,29,
1972-12-25,33,30,
1972-12-26,30,18,
1972-12-27,43,19,
1972-12-28,43,29,
1972-12-29,45,34,
1972-12-30,48,34,
1972-12-31,34,26,
1973-01-01,32,22,
1973-01-02,36,18,
1973-01-03,44,27,
1973-01-04,34,13,
1973-01-05,16,11,
1973-01-06,20,9,
1973-01-07,25,15,
1973-01-08,28,16,
1973-01-09,19,5,
1973-01-10,22,2,
1973-01-11,23,9,
1973-01-12,28,6,
1973-01-13,41,18,
1973-01-14,39,24,
1973-01-15,38,32,
1973-01-16,51,30,
1973-01-17,58,39,
1973-01-18,53,42,
1973-01-19,42,31,
1973-01-20,33,29,
1973-01-21,44,29,
1973-01-22,44,32,
1973-01-23,32,28,
1973-01-24,41,26,
1973-01-25,55,32,
1973-01-26,46,36,
1973-01-27,55,37,
1973-01-28,37,23,
1973-01-29,30,16,
1973-01-30,37,18,
1973-01-31,45,29,
1973-02-01,57,42,
1973-02-02,43,33,
1973-02-03,36,30,
1973-02-04,56,32,
1973-02-05,52,36,
1973-02-06,40,35,
1973-02-07,38,18,
1973-02-08,19,10,
1973-02-09,23,8,
1973-02-10,30,15,
1973-02-11,34,14,
1973-02-12,45,18,
1973-02-13,37,32,
1973-02-14,39,32,
1973-02-15,32,14,
1973-02-16,18,8,
1973-02-17,26,5,
1973-02-18,32,23,
1973-02-19,44,26,
1973-02-20,39,28,
1973-02-21,36,22,
1973-02-22,47,19,
1973-02-23,46,29,
1973-02-24,58,27,
1973-02-25,57,33,
1973-02-26,33,28,
1973-02-27,42,27,
1973-02-28,50,28,
1973-03-01,59,33,
1973-03-02,53,42,
1973-03-03,56,48,
1973-03-04,53,46,
1973-03-05,52,46,
1973-03-06,69,42,
1973-03-07,62,46,
1973-03-08,65,43,
1973-03-09,44,39,
1973-03-10,66,44,
1973-03-11,61,45,
1973-03-12,48,40,
1973-03-13,67,38,
1973-03-14,69,54,
1973-03-15,61,48,
1973-03-16,48,32,
1973-03-17,35,29,
1973-03-18,46,27,
1973-03-19,48,32,
1973-03-20,47,32,
1973-03-21,48,29,
1973-03-22,53,30,
1973-03-23,52,36,
1973-03-24,66,40,
1973-03-25,55,45,
1973-03-26,58,40,
1973-03-27,61,36,
1973-03-28,58,45,
1973-03-29,60,47,
1973-03-30,62,45,
1973-03-31,70,48,
1973-04-01,50,42,
1973-04-02,44,40,
1973-04-03,45,39,
1973-04-04,42,37,
1973-04-05,56,36,
1973-04-06,65,40,
1973-04-07,58,46,
1973-04-08,60,40,
1973-04-09,47,30,
1973-04-10,36,29,
1973-04-11,46,26,
1973-04-12,45,34,
1973-04-13,50,30,
1973-04-14,60,33,
1973-04-15,75,47,
1973-04-16,63,37,
1973-04-17,64,35,
1973-04-18,67,53,
1973-04-19,71,57,
1973-04-20,77,58,
1973-04-21,74,60,
1973-04-22,69,57,
1973-04-23,71,54,
1973-04-24,68,48,
1973-04-25,65,45,
1973-04-26,63,42,
1973-04-27,60,43,
1973-04-28,61,40,
1973-04-29,72,48,
1973-04-30,75,57,
1973-05-01,67,58,
1973-05-02,60,44,
1973-05-03,61,43,
1973-05-04,65,39,
1973-05-05,67,42,
1973-05-06,64,52,
1973-05-07,65,54,
1973-05-08,67,53,
1973-05-09,78,54,
1973-05-10,77,57,
1973-05-11,73,52,
1973-05-12,62,49,
1973-05-13,60,44,
1973-05-14,58,43,
1973-05-15,66,42,
1973-05-16,68,46,
1973-05-17,66,40,
1973-05-18,74,41,
1973-05-19,75,53,
1973-05-20,76,47,
1973-05-21,81,53,
1973-05-22,74,62,
1973-05-23,70,58,
1973-05-24,81,56,
1973-05-25,75,54,
1973-05-26,79,51,
1973-05-27,74,57,
1973-05-28,66,54,
1973-05-29,62,54,
1973-05-30,65,51,
1973-05-31,76,53,
1973-06-01,81,56,
1973-06-02,83,61,
1973-06-03,83,66,
1973-06-04,76,63,
1973-06-05,79,63,
1973-06-06,80,59,
1973-06-07,83,60,
1973-06-08,86,62,
1973-06-09,92,66,
1973-06-10,93,66,
1973-06-11,91,73,
1973-06-12,89,68,
1973-06-13,84,64,
1973-06-14,87,63,
1973-06-15,81,68,
1973-06-16,89,63,
1973-06-17,83,63,
1973-06-18,87,63,
1973-06-19,82,63,
1973-06-20,81,65,
1973-06-21,82,62,
1973-06-22,80,61,
1973-06-23,86,60,
1973-06-24,85,63,
1973-06-25,89,60,
1973-06-26,80,64,
1973-06-27,81,61,
1973-06-28,74,60,
1973-06-29,78,56,
1973-06-30,82,59,
1973-07-01,88,63,
1973-07-02,90,69,
1973-07-03,90,71,
1973-07-04,83,67,
1973-07-05,84,64,
1973-07-06,88,64,
1973-07-07,88,64,
1973-07-08,91,68,
1973-07-09,92,73,
1973-07-10,89,70,
1973-07-11,81,62,
1973-07-12,86,57,
1973-07-13,91,68,
1973-07-14,87,69,
1973-07-15,83,61,
1973-07-16,84,58,
1973-07-17,85,60,
1973-07-18,87,68,
1973-07-19,89,69,
1973-07-20,84,70,
1973-07-21,81,69,
1973-07-22,84,71,
1973-07-23,88,68,
1973-07-24,85,70,
1973-07-25,88,71,
1973-07-26,84,68,
1973-07-27,85,64,
1973-07-28,82,64,
1973-07-29,83,60,
1973-07-30,85,67,
1973-07-31,81,67,
1973-08-01,75,60,
1973-08-02,78,58,
1973-08-03,80,58,
1973-08-04,82,59,
1973-08-05,83,67,
1973-08-06,83,63,
1973-08-07,87,63,
1973-08-08,90,71,
1973-08-09,87,70,
1973-08-10,87,68,
1973-08-11,88,67,
1973-08-12,83,68,
1973-08-13,83,65,
1973-08-14,77,62,
1973-08-15,80,61,
1973-08-16,83,65,
1973-08-17,85,65,
1973-08-18,87,68,
1973-08-19,86,68,
1973-08-20,84,62,
1973-08-21,77,58,
1973-08-22,76,57,
1973-08-23,79,57,
1973-08-24,77,65,
1973-08-25,89,68,
1973-08-26,91,69,
1973-08-27,92,72,
1973-08-28,90,72,
1973-08-29,91,71,
1973-08-30,86,66,
1973-08-31,88,68,
1973-09-01,90,70,
1973-09-02,91,71,
1973-09-03,87,69,
1973-09-04,81,68,
1973-09-05,84,64,
1973-09-06,80,60,
1973-09-07,80,54,
1973-09-08,67,61,
1973-09-09,72,62,
1973-09-10,77,57,
1973-09-11,79,57,
1973-09-12,75,51,
1973-09-13,78,55,
1973-09-14,78,60,
1973-09-15,79,55,
1973-09-16,69,57,
1973-09-17,63,48,
1973-09-18,67,44,
1973-09-19,69,44,
1973-09-20,73,51,
1973-09-21,81,50,
1973-09-22,77,58,
1973-09-23,77,53,
1973-09-24,86,60,
1973-09-25,84,68,
1973-09-26,85,68,
1973-09-27,81,69,
1973-09-28,81,68,
1973-09-29,80,60,
1973-09-30,79,57,
1973-10-01,77,57,
1973-10-02,74,56,
1973-10-03,78,60,
1973-10-04,73,52,
1973-10-05,68,46,
1973-10-06,71,49,
1973-10-07,80,60,
1973-10-08,76,64,
1973-10-09,83,63,
1973-10-10,84,63,
1973-10-11,82,62,
1973-10-12,68,63,
1973-10-13,72,59,
1973-10-14,76,50,
1973-10-15,80,53,
1973-10-16,59,43,
1973-10-17,60,40,
1973-10-18,65,48,
1973-10-19,78,42,
1973-10-20,66,45,
1973-10-21,68,43,
1973-10-22,72,43,
1973-10-23,77,47,
1973-10-24,79,52,
1973-10-25,69,49,
1973-10-26,70,47,
1973-10-27,55,42,
1973-10-28,49,38,
1973-10-29,49,38,
1973-10-30,58,43,
1973-10-31,49,43,
1973-11-01,54,38,
1973-11-02,53,40,
1973-11-03,52,36,
1973-11-04,45,33,
1973-11-05,40,28,
1973-11-06,42,25,
1973-11-07,48,34,
1973-11-08,43,30,
1973-11-09,33,24,
1973-11-10,39,21,
1973-11-11,48,27,
1973-11-12,62,42,
1973-11-13,65,43,
1973-11-14,69,52,
1973-11-15,65,37,
1973-11-16,49,35,
1973-11-17,52,33,
1973-11-18,60,44,
1973-11-19,48,39,
1973-11-20,61,44,
1973-11-21,61,39,
1973-11-22,64,38,
1973-11-23,59,44,
1973-11-24,62,46,
1973-11-25,46,38,
1973-11-26,57,38,
1973-11-27,54,51,
1973-11-28,52,34,
1973-11-29,45,30,
1973-11-30,56,NA,
1973-12-01,48,31,
1973-12-02,62,36,
1973-12-03,62,43,
1973-12-04,59,40,
1973-12-05,40,25,
1973-12-06,27,22,
1973-12-07,37,22,
1973-12-08,34,29,
1973-12-09,38,21,
1973-12-10,21,12,
1973-12-11,27,11,
1973-12-12,45,19,
1973-12-13,44,26,
1973-12-14,31,26,
1973-12-15,29,22,
1973-12-16,25,12,
1973-12-17,26,9,
1973-12-18,25,20,
1973-12-19,26,24,
1973-12-20,25,5,
1973-12-21,17,-2,
1973-12-22,26,-7,
1973-12-23,34,19,
1973-12-24,40,34,
1973-12-25,43,30,
1973-12-26,35,29,
1973-12-27,33,28,
1973-12-28,38,26,
1973-12-29,38,16,
1973-12-30,21,15,
1973-12-31,17,5,
1974-01-01,7,-5,
1974-01-02,16,3,
1974-01-03,23,10,
1974-01-04,20,4,
1974-01-05,27,14,
1974-01-06,29,15,
1974-01-07,19,4,
1974-01-08,30,2,
1974-01-09,25,13,
1974-01-10,30,14,
1974-01-11,26,2,
1974-01-12,8,-9,
1974-01-13,26,2,
1974-01-14,36,25,
1974-01-15,42,28,
1974-01-16,42,29,
1974-01-17,42,28,
1974-01-18,50,37,
1974-01-19,38,35,
1974-01-20,53,36,
1974-01-21,37,34,
1974-01-22,46,34,
1974-01-23,37,29,
1974-01-24,42,29,
1974-01-25,45,31,
1974-01-26,55,32,
1974-01-27,42,36,
1974-01-28,36,32,
1974-01-29,41,29,
1974-01-30,54,NA,
1974-01-31,46,28,
1974-02-01,44,26,
1974-02-02,32,29,
1974-02-03,32,14,
1974-02-04,24,8,
1974-02-05,44,23,
1974-02-06,35,23,
1974-02-07,26,20,
1974-02-08,25,17,
1974-02-09,28,20,
1974-02-10,36,18,
1974-02-11,40,13,
1974-02-12,55,31,
1974-02-13,54,33,
1974-02-14,33,29,
1974-02-15,37,22,
1974-02-16,44,30,
1974-02-17,50,29,
1974-02-18,48,36,
1974-02-19,41,31,
1974-02-20,47,26,
1974-02-21,50,36,
1974-02-22,51,25,
1974-02-23,32,20,
1974-02-24,25,13,
1974-02-25,29,11,
1974-02-26,37,9,
1974-02-27,48,30,
1974-02-28,58,34,
1974-03-01,50,30,
1974-03-02,69,49,
1974-03-03,73,51,
1974-03-04,66,43,
1974-03-05,58,40,
1974-03-06,70,42,
1974-03-07,76,55,
1974-03-08,76,59,
1974-03-09,65,40,
1974-03-10,43,38,
1974-03-11,42,37,
1974-03-12,46,30,
1974-03-13,39,27,
1974-03-14,48,27,
1974-03-15,44,33,
1974-03-16,39,30,
1974-03-17,32,29,
1974-03-18,55,30,
1974-03-19,44,31,
1974-03-20,44,28,
1974-03-21,35,26,
1974-03-22,47,26,
1974-03-23,33,14,
1974-03-24,20,9,
1974-03-25,34,6,
1974-03-26,56,30,
1974-03-27,65,34,
1974-03-28,59,45,
1974-03-29,67,45,
1974-03-30,56,33,
1974-03-31,58,34,
1974-04-01,75,44,
1974-04-02,68,40,
1974-04-03,72,52,
1974-04-04,54,33,
1974-04-05,43,32,
1974-04-06,55,33,
1974-04-07,51,40,
1974-04-08,43,32,
1974-04-09,49,28,
1974-04-10,64,41,
1974-04-11,67,50,
1974-04-12,73,54,
1974-04-13,68,55,
1974-04-14,64,40,
1974-04-15,55,40,
1974-04-16,59,38,
1974-04-17,64,39,
1974-04-18,64,44,
1974-04-19,66,42,
1974-04-20,78,48,
1974-04-21,64,56,
1974-04-22,63,43,
1974-04-23,44,37,
1974-04-24,60,32,
1974-04-25,67,41,
1974-04-26,80,49,
1974-04-27,80,56,
1974-04-28,77,66,
1974-04-29,70,59,
1974-04-30,64,50,
1974-05-01,69,47,
1974-05-02,62,53,
1974-05-03,67,50,
1974-05-04,69,43,
1974-05-05,72,47,
1974-05-06,57,38,
1974-05-07,57,35,
1974-05-08,63,43,
1974-05-09,47,43,
1974-05-10,62,41,
1974-05-11,71,52,
1974-05-12,60,48,
1974-05-13,72,40,
1974-05-14,67,56,
1974-05-15,68,50,
1974-05-16,79,60,
1974-05-17,71,62,
1974-05-18,75,61,
1974-05-19,69,56,
1974-05-20,83,56,
1974-05-21,86,66,
1974-05-22,75,64,
1974-05-23,78,51,
1974-05-24,69,53,
1974-05-25,65,50,
1974-05-26,62,54,
1974-05-27,70,52,
1974-05-28,71,60,
1974-05-29,74,64,
1974-05-30,80,61,
1974-05-31,71,55,
1974-06-01,75,54,
1974-06-02,79,52,
1974-06-03,81,58,
1974-06-04,84,60,
1974-06-05,70,64,
1974-06-06,80,64,
1974-06-07,73,63,
1974-06-08,75,67,
1974-06-09,82,63,
1974-06-10,70,58,
1974-06-11,68,56,
1974-06-12,73,52,
1974-06-13,76,57,
1974-06-14,80,61,
1974-06-15,77,58,
1974-06-16,62,53,
1974-06-17,70,52,
1974-06-18,81,56,
1974-06-19,85,64,
1974-06-20,89,67,
1974-06-21,82,65,
1974-06-22,72,52,
1974-06-23,66,49,
1974-06-24,70,50,
1974-06-25,72,50,
1974-06-26,77,54,
1974-06-27,80,56,
1974-06-28,81,59,
1974-06-29,84,61,
1974-06-30,88,70,
1974-07-01,90,62,
1974-07-02,92,72,
1974-07-03,93,72,
1974-07-04,87,69,
1974-07-05,84,62,
1974-07-06,89,61,
1974-07-07,93,69,
1974-07-08,94,74,
1974-07-09,92,70,
1974-07-10,90,74,
1974-07-11,83,70,
1974-07-12,89,65,
1974-07-13,95,69,
1974-07-14,97,73,
1974-07-15,87,66,
1974-07-16,86,61,
1974-07-17,90,63,
1974-07-18,96,67,
1974-07-19,91,74,
1974-07-20,92,69,
1974-07-21,87,63,
1974-07-22,76,63,
1974-07-23,77,61,
1974-07-24,81,59,
1974-07-25,83,62,
1974-07-26,88,66,
1974-07-27,92,66,
1974-07-28,89,67,
1974-07-29,81,64,
1974-07-30,80,59,
1974-07-31,81,60,
1974-08-01,87,63,
1974-08-02,76,63,
1974-08-03,73,58,
1974-08-04,64,57,
1974-08-05,78,56,
1974-08-06,80,58,
1974-08-07,82,61,
1974-08-08,82,62,
1974-08-09,85,64,
1974-08-10,73,69,
1974-08-11,83,66,
1974-08-12,86,60,
1974-08-13,87,67,
1974-08-14,83,62,
1974-08-15,87,66,
1974-08-16,82,67,
1974-08-17,84,64,
1974-08-18,83,65,
1974-08-19,85,62,
1974-08-20,85,65,
1974-08-21,86,63,
1974-08-22,82,66,
1974-08-23,82,63,
1974-08-24,77,58,
1974-08-25,81,56,
1974-08-26,88,61,
1974-08-27,81,66,
1974-08-28,66,56,
1974-08-29,77,61,
1974-08-30,79,60,
1974-08-31,77,60,
1974-09-01,71,57,
1974-09-02,60,49,
1974-09-03,66,47,
1974-09-04,68,45,
1974-09-05,71,48,
1974-09-06,73,49,
1974-09-07,78,60,
1974-09-08,80,57,
1974-09-09,79,60,
1974-09-10,80,66,
1974-09-11,77,65,
1974-09-12,82,62,
1974-09-13,62,51,
1974-09-14,65,46,
1974-09-15,74,49,
1974-09-16,72,51,
1974-09-17,77,53,
1974-09-18,79,55,
1974-09-19,82,57,
1974-09-20,72,57,
1974-09-21,72,45,
1974-09-22,55,38,
1974-09-23,63,37,
1974-09-24,69,40,
1974-09-25,75,46,
1974-09-26,75,50,
1974-09-27,70,50,
1974-09-28,70,52,
1974-09-29,65,49,
1974-09-30,58,42,
1974-10-01,58,35,
1974-10-02,52,31,
1974-10-03,61,33,
1974-10-04,74,44,
1974-10-05,73,55,
1974-10-06,72,43,
1974-10-07,58,35,
1974-10-08,66,34,
1974-10-09,69,47,
1974-10-10,71,40,
1974-10-11,76,46,
1974-10-12,69,51,
1974-10-13,65,50,
1974-10-14,64,47,
1974-10-15,58,39,
1974-10-16,64,36,
1974-10-17,72,44,
1974-10-18,46,39,
1974-10-19,55,33,
1974-10-20,50,34,
1974-10-21,55,30,
1974-10-22,68,34,
1974-10-23,71,47,
1974-10-24,70,55,
1974-10-25,71,45,
1974-10-26,66,38,
1974-10-27,70,40,
1974-10-28,75,52,
1974-10-29,64,58,
1974-10-30,74,62,
1974-10-31,76,61,
1974-11-01,72,56,
1974-11-02,75,52,
1974-11-03,68,46,
1974-11-04,48,39,
1974-11-05,46,37,
1974-11-06,50,37,
1974-11-07,55,35,
1974-11-08,58,34,
1974-11-09,59,37,
1974-11-10,52,45,
1974-11-11,48,39,
1974-11-12,40,33,
1974-11-13,37,28,
1974-11-14,31,23,
1974-11-15,37,22,
1974-11-16,43,30,
1974-11-17,53,32,
1974-11-18,48,32,
1974-11-19,55,47,
1974-11-20,47,35,
1974-11-21,35,31,
1974-11-22,49,28,
1974-11-23,61,38,
1974-11-24,60,36,
1974-11-25,37,24,
1974-11-26,40,22,
1974-11-27,42,30,
1974-11-28,38,27,
1974-11-29,42,30,
1974-11-30,37,30,
1974-12-01,34,28,
1974-12-02,38,27,
1974-12-03,35,22,
1974-12-04,37,27,
1974-12-05,44,24,
1974-12-06,49,29,
1974-12-07,41,35,
1974-12-08,36,20,
1974-12-09,24,13,
1974-12-10,42,21,
1974-12-11,40,30,
1974-12-12,35,33,
1974-12-13,43,35,
1974-12-14,46,34,
1974-12-15,43,35,
1974-12-16,35,29,
1974-12-17,29,24,
1974-12-18,33,20,
1974-12-19,35,26,
1974-12-20,38,26,
1974-12-21,34,22,
1974-12-22,41,21,
1974-12-23,NA,33,
1974-12-24,38,25,
1974-12-25,26,19,
1974-12-26,31,18,
1974-12-27,32,29,
1974-12-28,34,31,
1974-12-29,41,33,
1974-12-30,39,32,
1974-12-31,39,34,
1975-01-01,38,25,
1975-01-02,33,21,
1975-01-03,35,30,
1975-01-04,37,24,
1975-01-05,42,23,
1975-01-06,35,32,
1975-01-07,49,31,
1975-01-08,51,35,
1975-01-09,45,34,
1975-01-10,59,37,
1975-01-11,37,17,
1975-01-12,17,10,
1975-01-13,19,7,
1975-01-14,23,11,
1975-01-15,28,23,
1975-01-16,28,18,
1975-01-17,33,15,
1975-01-18,44,29,
1975-01-19,38,19,
1975-01-20,26,9,
1975-01-21,35,26,
1975-01-22,33,21,
1975-01-23,35,21,
1975-01-24,46,30,
1975-01-25,38,28,
1975-01-26,29,24,
1975-01-27,36,26,
1975-01-28,48,32,
1975-01-29,61,29,
1975-01-30,32,27,
1975-01-31,34,30,
1975-02-01,34,29,
1975-02-02,35,27,
1975-02-03,37,26,
1975-02-04,35,31,
1975-02-05,37,26,
1975-02-06,26,10,
1975-02-07,27,8,
1975-02-08,26,8,
1975-02-09,8,-6,
1975-02-10,28,-3,
1975-02-11,37,28,
1975-02-12,28,15,
1975-02-13,24,12,
1975-02-14,32,20,
1975-02-15,38,32,
1975-02-16,39,32,
1975-02-17,36,32,
1975-02-18,34,31,
1975-02-19,31,25,
1975-02-20,45,24,
1975-02-21,55,31,
1975-02-22,41,34,
1975-02-23,38,32,
1975-02-24,34,28,
1975-02-25,41,29,
1975-02-26,39,27,
1975-02-27,38,24,
1975-02-28,38,26,
1975-03-01,30,16,
1975-03-02,27,14,
1975-03-03,33,16,
1975-03-04,38,18,
1975-03-05,47,26,
1975-03-06,46,34,
1975-03-07,51,27,
1975-03-08,32,23,
1975-03-09,35,19,
1975-03-10,34,27,
1975-03-11,37,30,
1975-03-12,38,22,
1975-03-13,33,19,
1975-03-14,42,28,
1975-03-15,46,25,
1975-03-16,53,34,
1975-03-17,53,32,
1975-03-18,54,42,
1975-03-19,56,41,
1975-03-20,65,40,
1975-03-21,72,48,
1975-03-22,58,40,
1975-03-23,66,40,
1975-03-24,64,29,
1975-03-25,29,25,
1975-03-26,37,22,
1975-03-27,35,30,
1975-03-28,43,34,
1975-03-29,35,28,
1975-03-30,32,23,
1975-03-31,58,29,
1975-04-01,49,32,
1975-04-02,63,27,
1975-04-03,36,24,
1975-04-04,42,22,
1975-04-05,47,27,
1975-04-06,50,29,
1975-04-07,52,27,
1975-04-08,55,34,
1975-04-09,52,36,
1975-04-10,50,34,
1975-04-11,50,32,
1975-04-12,55,29,
1975-04-13,59,32,
1975-04-14,45,39,
1975-04-15,53,34,
1975-04-16,54,40,
1975-04-17,77,46,
1975-04-18,71,44,
1975-04-19,54,40,
1975-04-20,54,36,
1975-04-21,63,36,
1975-04-22,75,46,
1975-04-23,71,56,
1975-04-24,66,46,
1975-04-25,60,44,
1975-04-26,63,41,
1975-04-27,50,45,
1975-04-28,77,48,
1975-04-29,77,51,
1975-04-30,71,53,
1975-05-01,65,43,
1975-05-02,70,48,
1975-05-03,67,52,
1975-05-04,67,47,
1975-05-05,81,53,
1975-05-06,78,54,
1975-05-07,66,54,
1975-05-08,69,51,
1975-05-09,77,51,
1975-05-10,78,50,
1975-05-11,76,52,
1975-05-12,65,47,
1975-05-13,73,40,
1975-05-14,74,48,
1975-05-15,70,51,
1975-05-16,75,46,
1975-05-17,81,49,
1975-05-18,87,57,
1975-05-19,90,61,
1975-05-20,85,66,
1975-05-21,82,65,
1975-05-22,93,68,
1975-05-23,92,68,
1975-05-24,90,68,
1975-05-25,81,63,
1975-05-26,81,62,
1975-05-27,75,56,
1975-05-28,79,55,
1975-05-29,77,61,
1975-05-30,77,59,
1975-05-31,62,52,
1975-06-01,71,50,
1975-06-02,70,54,
1975-06-03,78,54,
1975-06-04,85,62,
1975-06-05,81,63,
1975-06-06,81,58,
1975-06-07,75,53,
1975-06-08,73,50,
1975-06-09,75,52,
1975-06-10,79,61,
1975-06-11,80,NA,
1975-06-12,79,57,
1975-06-13,83,57,
1975-06-14,84,59,
1975-06-15,71,57,
1975-06-16,80,53,
1975-06-17,78,68,
1975-06-18,91,66,
1975-06-19,93,71,
1975-06-20,94,71,
1975-06-21,92,70,
1975-06-22,91,71,
1975-06-23,85,68,
1975-06-24,86,68,
1975-06-25,85,66,
1975-06-26,86,67,
1975-06-27,87,68,
1975-06-28,89,71,
1975-06-29,88,72,
1975-06-30,88,68,
1975-07-01,87,67,
1975-07-02,88,66,
1975-07-03,88,67,
1975-07-04,88,69,
1975-07-05,84,65,
1975-07-06,81,64,
1975-07-07,84,66,
1975-07-08,87,67,
1975-07-09,79,64,
1975-07-10,74,59,
1975-07-11,75,54,
1975-07-12,69,53,
1975-07-13,69,47,
1975-07-14,76,48,
1975-07-15,84,57,
1975-07-16,84,64,
1975-07-17,88,63,
1975-07-18,89,65,
1975-07-19,81,68,
1975-07-20,87,67,
1975-07-21,84,66,
1975-07-22,86,65,
1975-07-23,84,68,
1975-07-24,84,67,
1975-07-25,80,60,
1975-07-26,82,64,
1975-07-27,89,64,
1975-07-28,87,67,
1975-07-29,88,66,
1975-07-30,90,71,
1975-07-31,90,71,
1975-08-01,81,69,
1975-08-02,82,69,
1975-08-03,82,68,
1975-08-04,86,61,
1975-08-05,87,64,
1975-08-06,77,58,
1975-08-07,77,54,
1975-08-08,81,57,
1975-08-09,85,63,
1975-08-10,85,65,
1975-08-11,89,67,
1975-08-12,91,67,
1975-08-13,81,70,
1975-08-14,82,68,
1975-08-15,78,66,
1975-08-16,83,61,
1975-08-17,85,68,
1975-08-18,86,64,
1975-08-19,87,66,
1975-08-20,88,67,
1975-08-21,90,69,
1975-08-22,90,70,
1975-08-23,91,68,
1975-08-24,90,72,
1975-08-25,87,67,
1975-08-26,81,64,
1975-08-27,87,65,
1975-08-28,88,66,
1975-08-29,85,65,
1975-08-30,75,67,
1975-08-31,73,63,
1975-09-01,84,59,
1975-09-02,88,68,
1975-09-03,93,68,
1975-09-04,80,63,
1975-09-05,79,57,
1975-09-06,74,54,
1975-09-07,81,50,
1975-09-08,77,56,
1975-09-09,78,53,
1975-09-10,86,58,
1975-09-11,76,59,
1975-09-12,62,45,
1975-09-13,68,42,
1975-09-14,69,42,
1975-09-15,68,52,
1975-09-16,64,59,
1975-09-17,74,60,
1975-09-18,80,58,
1975-09-19,64,50,
1975-09-20,60,40,
1975-09-21,57,46,
1975-09-22,66,50,
1975-09-23,67,43,
1975-09-24,66,50,
1975-09-25,54,48,
1975-09-26,66,46,
1975-09-27,70,40,
1975-09-28,72,44,
1975-09-29,69,53,
1975-09-30,76,46,
1975-10-01,60,45,
1975-10-02,58,35,
1975-10-03,68,34,
1975-10-04,73,40,
1975-10-05,74,44,
1975-10-06,78,50,
1975-10-07,80,48,
1975-10-08,61,55,
1975-10-09,73,52,
1975-10-10,75,47,
1975-10-11,69,49,
1975-10-12,78,47,
1975-10-13,85,58,
1975-10-14,83,56,
1975-10-15,67,44,
1975-10-16,63,41,
1975-10-17,54,45,
1975-10-18,51,44,
1975-10-19,51,43,
1975-10-20,69,39,
1975-10-21,78,49,
1975-10-22,78,53,
1975-10-23,74,53,
1975-10-24,76,48,
1975-10-25,51,38,
1975-10-26,57,33,
1975-10-27,68,40,
1975-10-28,66,51,
1975-10-29,57,42,
1975-10-30,54,36,
1975-10-31,61,36,
1975-11-01,59,50,
1975-11-02,69,53,
1975-11-03,64,57,
1975-11-04,72,58,
1975-11-05,76,53,
1975-11-06,67,59,
1975-11-07,66,59,
1975-11-08,67,56,
1975-11-09,72,58,
1975-11-10,58,38,
1975-11-11,59,37,
1975-11-12,50,34,
1975-11-13,36,28,
1975-11-14,41,25,
1975-11-15,56,30,
1975-11-16,65,41,
1975-11-17,68,39,
1975-11-18,67,40,
1975-11-19,66,41,
1975-11-20,56,35,
1975-11-21,35,32,
1975-11-22,40,29,
1975-11-23,42,25,
1975-11-24,39,30,
1975-11-25,37,27,
1975-11-26,32,28,
1975-11-27,32,26,
1975-11-28,39,19,
1975-11-29,58,37,
1975-11-30,60,22,
1975-12-01,29,17,
1975-12-02,43,28,
1975-12-03,39,30,
1975-12-04,60,33,
1975-12-05,60,43,
1975-12-06,57,NA,
1975-12-07,55,27,
1975-12-08,33,28,
1975-12-09,31,27,
1975-12-10,34,22,
1975-12-11,47,33,
1975-12-12,48,34,
1975-12-13,64,NA,
1975-12-14,62,45,
1975-12-15,45,24,
1975-12-16,33,22,
1975-12-17,30,10,
1975-12-18,16,5,
1975-12-19,37,16,
1975-12-20,37,30,
1975-12-21,32,20,
1975-12-22,32,18,
1975-12-23,32,26,
1975-12-24,32,28,
1975-12-25,33,28,
1975-12-26,30,25,
1975-12-27,30,20,
1975-12-28,27,23,
1975-12-29,36,27,
1975-12-30,35,31,
1975-12-31,32,28,
1976-01-01,36,28,
1976-01-02,38,27,
1976-01-03,27,12,
1976-01-04,14,4,
1976-01-05,26,7,
1976-01-06,36,20,
1976-01-07,35,0,
1976-01-08,4,-8,
1976-01-09,15,-2,
1976-01-10,33,9,
1976-01-11,36,22,
1976-01-12,37,17,
1976-01-13,35,20,
1976-01-14,24,13,
1976-01-15,37,16,
1976-01-16,33,9,
1976-01-17,15,4,
1976-01-18,25,3,
1976-01-19,35,20,
1976-01-20,31,12,
1976-01-21,31,21,
1976-01-22,30,20,
1976-01-23,48,20,
1976-01-24,36,27,
1976-01-25,32,28,
1976-01-26,28,NA,
1976-01-27,22,8,
1976-01-28,39,15,
1976-01-29,34,24,
1976-01-30,36,23,
1976-01-31,31,22,
1976-02-01,35,3,
1976-02-02,15,-2,
1976-02-03,29,6,
1976-02-04,28,19,
1976-02-05,26,22,
1976-02-06,22,11,
1976-02-07,28,8,
1976-02-08,36,25,
1976-02-09,44,25,
1976-02-10,64,37,
1976-02-11,42,32,
1976-02-12,52,33,
1976-02-13,49,31,
1976-02-14,44,29,
1976-02-15,67,42,
1976-02-16,59,42,
1976-02-17,51,37,
1976-02-18,52,32,
1976-02-19,48,32,
1976-02-20,56,32,
1976-02-21,59,33,
1976-02-22,39,26,
1976-02-23,44,23,
1976-02-24,67,37,
1976-02-25,64,NA,
1976-02-26,58,45,
1976-02-27,70,38,
1976-02-28,58,40,
1976-02-29,65,40,
1976-03-01,68,42,
1976-03-02,69,57,
1976-03-03,64,38,
1976-03-04,72,39,
1976-03-05,52,28,
1976-03-06,41,23,
1976-03-07,51,30,
1976-03-08,45,30,
1976-03-09,51,30,
1976-03-10,41,34,
1976-03-11,51,31,
1976-03-12,65,32,
1976-03-13,37,26,
1976-03-14,52,27,
1976-03-15,44,31,
1976-03-16,37,23,
1976-03-17,34,20,
1976-03-18,65,30,
1976-03-19,70,51,
1976-03-20,71,48,
1976-03-21,48,32,
1976-03-22,43,25,
1976-03-23,60,30,
1976-03-24,64,42,
1976-03-25,64,44,
1976-03-26,73,54,
1976-03-27,62,35,
1976-03-28,59,33,
1976-03-29,60,49,
1976-03-30,59,40,
1976-03-31,51,35,
1976-04-01,44,36,
1976-04-02,67,35,
1976-04-03,69,44,
1976-04-04,54,36,
1976-04-05,61,33,
1976-04-06,70,42,
1976-04-07,66,38,
1976-04-08,53,34,
1976-04-09,59,31,
1976-04-10,68,35,
1976-04-11,56,30,
1976-04-12,58,27,
1976-04-13,70,33,
1976-04-14,77,47,
1976-04-15,80,61,
1976-04-16,81,60,
1976-04-17,83,60,
1976-04-18,79,56,
1976-04-19,69,52,
1976-04-20,81,52,
1976-04-21,64,49,
1976-04-22,78,46,
1976-04-23,80,54,
1976-04-24,74,54,
1976-04-25,NA,35,
1976-04-26,53,33,
1976-04-27,51,32,
1976-04-28,58,35,
1976-04-29,66,37,
1976-04-30,70,42,
1976-05-01,68,55,
1976-05-02,64,39,
1976-05-03,51,32,
1976-05-04,68,37,
1976-05-05,80,54,
1976-05-06,NA,42,
1976-05-07,58,35,
1976-05-08,63,35,
1976-05-09,74,44,
1976-05-10,77,51,
1976-05-11,67,45,
1976-05-12,72,41,
1976-05-13,76,52,
1976-05-14,69,58,
1976-05-15,78,56,
1976-05-16,70,54,
1976-05-17,NA,43,
1976-05-18,65,40,
1976-05-19,74,47,
1976-05-20,83,55,
1976-05-21,81,53,
1976-05-22,77,48,
1976-05-23,66,48,
1976-05-24,68,44,
1976-05-25,71,42,
1976-05-26,76,47,
1976-05-27,76,54,
1976-05-28,65,57,
1976-05-29,76,60,
1976-05-30,74,62,
1976-05-31,78,63,
1976-06-01,70,59,
1976-06-02,75,56,
1976-06-03,78,52,
1976-06-04,82,58,
1976-06-05,83,60,
1976-06-06,83,55,
1976-06-07,88,61,
1976-06-08,89,64,
1976-06-09,88,67,
1976-06-10,86,68,
1976-06-11,91,66,
1976-06-12,91,64,
1976-06-13,91,71,
1976-06-14,91,65,
1976-06-15,88,66,
1976-06-16,79,60,
1976-06-17,86,58,
1976-06-18,82,63,
1976-06-19,75,57,
1976-06-20,79,54,
1976-06-21,75,60,
1976-06-22,79,59,
1976-06-23,77,57,
1976-06-24,79,63,
1976-06-25,79,63,
1976-06-26,85,60,
1976-06-27,89,64,
1976-06-28,81,61,
1976-06-29,83,61,
1976-06-30,72,57,
1976-07-01,78,55,
1976-07-02,78,58,
1976-07-03,81,62,
1976-07-04,82,59,
1976-07-05,80,60,
1976-07-06,83,62,
1976-07-07,84,64,
1976-07-08,84,66,
1976-07-09,88,68,
1976-07-10,92,61,
1976-07-11,92,73,
1976-07-12,NA,60,
1976-07-13,84,57,
1976-07-14,94,68,
1976-07-15,89,69,
1976-07-16,76,62,
1976-07-17,77,56,
1976-07-18,82,56,
1976-07-19,85,59,
1976-07-20,90,64,
1976-07-21,86,70,
1976-07-22,88,69,
1976-07-23,91,71,
1976-07-24,98,68,
1976-07-25,86,63,
1976-07-26,88,64,
1976-07-27,81,68,
1976-07-28,90,69,
1976-07-29,80,61,
1976-07-30,85,61,
1976-07-31,82,59,
1976-08-01,75,55,
1976-08-02,77,56,
1976-08-03,77,53,
1976-08-04,80,54,
1976-08-05,85,64,
1976-08-06,73,61,
1976-08-07,74,54,
1976-08-08,77,53,
1976-08-09,79,53,
1976-08-10,83,57,
1976-08-11,83,67,
1976-08-12,80,67,
1976-08-13,86,67,
1976-08-14,82,66,
1976-08-15,75,60,
1976-08-16,77,53,
1976-08-17,78,54,
1976-08-18,80,55,
1976-08-19,83,59,
1976-08-20,85,62,
1976-08-21,86,63,
1976-08-22,86,63,
1976-08-23,85,69,
1976-08-24,85,65,
1976-08-25,85,68,
1976-08-26,85,64,
1976-08-27,91,66,
1976-08-28,84,65,
1976-08-29,77,55,
1976-08-30,80,52,
1976-08-31,82,57,
1976-09-01,81,59,
1976-09-02,79,55,
1976-09-03,83,56,
1976-09-04,85,61,
1976-09-05,78,54,
1976-09-06,81,51,
1976-09-07,85,56,
1976-09-08,90,60,
1976-09-09,72,55,
1976-09-10,71,47,
1976-09-11,81,50,
1976-09-12,81,49,
1976-09-13,84,52,
1976-09-14,87,55,
1976-09-15,79,54,
1976-09-16,74,50,
1976-09-17,78,57,
1976-09-18,81,55,
1976-09-19,87,55,
1976-09-20,66,49,
1976-09-21,65,45,
1976-09-22,75,41,
1976-09-23,67,45,
1976-09-24,68,41,
1976-09-25,62,47,
1976-09-26,66,51,
1976-09-27,68,51,
1976-09-28,66,47,
1976-09-29,71,47,
1976-09-30,73,49,
1976-10-01,81,47,
1976-10-02,87,53,
1976-10-03,86,55,
1976-10-04,82,55,
1976-10-05,74,44,
1976-10-06,58,44,
1976-10-07,53,39,
1976-10-08,57,38,
1976-10-09,58,40,
1976-10-10,63,37,
1976-10-11,71,42,
1976-10-12,82,47,
1976-10-13,71,48,
1976-10-14,69,38,
1976-10-15,60,39,
1976-10-16,53,34,
1976-10-17,49,33,
1976-10-18,52,31,
1976-10-19,44,39,
1976-10-20,45,36,
1976-10-21,48,30,
1976-10-22,48,25,
1976-10-23,49,36,
1976-10-24,52,46,
1976-10-25,46,36,
1976-10-26,48,33,
1976-10-27,44,30,
1976-10-28,47,29,
1976-10-29,53,30,
1976-10-30,42,40,
1976-10-31,51,35,
1976-11-01,53,28,
1976-11-02,60,37,
1976-11-03,47,33,
1976-11-04,42,29,
1976-11-05,43,26,
1976-11-06,56,30,
1976-11-07,42,23,
1976-11-08,40,18,
1976-11-09,59,33,
1976-11-10,43,28,
1976-11-11,35,22,
1976-11-12,36,18,
1976-11-13,39,17,
1976-11-14,38,17,
1976-11-15,43,25,
1976-11-16,48,26,
1976-11-17,50,28,
1976-11-18,62,30,
1976-11-19,52,36,
1976-11-20,51,31,
1976-11-21,35,29,
1976-11-22,32,20,
1976-11-23,36,18,
1976-11-24,44,25,
1976-11-25,61,30,
1976-11-26,55,44,
1976-11-27,44,17,
1976-11-28,20,9,
1976-11-29,16,6,
1976-11-30,25,9,
1976-12-01,30,19,
1976-12-02,21,9,
1976-12-03,38,10,
1976-12-04,34,20,
1976-12-05,33,16,
1976-12-06,34,24,
1976-12-07,34,4,
1976-12-08,18,8,
1976-12-09,35,13,
1976-12-10,39,15,
1976-12-11,28,11,
1976-12-12,37,16,
1976-12-13,27,8,
1976-12-14,46,20,
1976-12-15,48,26,
1976-12-16,35,27,
1976-12-17,44,30,
1976-12-18,53,28,
1976-12-19,54,33,
1976-12-20,33,8,
1976-12-21,19,4,
1976-12-22,34,9,
1976-12-23,27,8,
1976-12-24,40,8,
1976-12-25,37,23,
1976-12-26,34,16,
1976-12-27,47,16,
1976-12-28,35,8,
1976-12-29,14,-1,
1976-12-30,19,-5,
1976-12-31,11,-9,
1977-01-01,22,-1,
1977-01-02,20,5,
1977-01-03,26,18,
1977-01-04,29,23,
1977-01-05,26,22,
1977-01-06,24,18,
1977-01-07,18,-1,
1977-01-08,23,6,
1977-01-09,14,5,
1977-01-10,11,-4,
1977-01-11,5,-12,
1977-01-12,8,-3,
1977-01-13,26,-4,
1977-01-14,28,8,
1977-01-15,16,-6,
1977-01-16,-6,-17,
1977-01-17,-2,-20,
1977-01-18,14,-8,
1977-01-19,14,-4,
1977-01-20,19,11,
1977-01-21,20,10,
1977-01-22,21,2,
1977-01-23,26,10,
1977-01-24,29,24,
1977-01-25,27,22,
1977-01-26,31,2,
1977-01-27,22,2,
1977-01-28,25,-13,
1977-01-29,10,-6,
1977-01-30,9,0,
1977-01-31,15,2,
1977-02-01,20,5,
1977-02-02,32,0,
1977-02-03,33,24,
1977-02-04,34,18,
1977-02-05,24,5,
1977-02-06,13,0,
1977-02-07,19,-1,
1977-02-08,27,4,
1977-02-09,41,25,
1977-02-10,50,34,
1977-02-11,56,36,
1977-02-12,46,35,
1977-02-13,38,31,
1977-02-14,33,22,
1977-02-15,24,17,
1977-02-16,25,12,
1977-02-17,37,13,
1977-02-18,46,32,
1977-02-19,39,23,
1977-02-20,32,23,
1977-02-21,35,20,
1977-02-22,63,34,
1977-02-23,57,47,
1977-02-24,47,33,
1977-02-25,47,36,
1977-02-26,37,27,
1977-02-27,32,22,
1977-02-28,35,16,
1977-03-01,33,21,
1977-03-02,38,17,
1977-03-03,47,34,
1977-03-04,42,34,
1977-03-05,40,31,
1977-03-06,44,28,
1977-03-07,49,27,
1977-03-08,68,33,
1977-03-09,66,42,
1977-03-10,65,40,
1977-03-11,64,49,
1977-03-12,64,43,
1977-03-13,48,43,
1977-03-14,69,36,
1977-03-15,70,42,
1977-03-16,56,35,
1977-03-17,48,37,
1977-03-18,47,34,
1977-03-19,40,33,
1977-03-20,47,34,
1977-03-21,57,32,
1977-03-22,41,25,
1977-03-23,49,31,
1977-03-24,50,27,
1977-03-25,63,32,
1977-03-26,71,40,
1977-03-27,59,50,
1977-03-28,63,55,
1977-03-29,70,56,
1977-03-30,66,41,
1977-03-31,43,34,
1977-04-01,62,33,
1977-04-02,74,43,
1977-04-03,58,41,
1977-04-04,59,35,
1977-04-05,42,32,
1977-04-06,43,28,
1977-04-07,67,34,
1977-04-08,50,32,
1977-04-09,64,34,
1977-04-10,82,48,
1977-04-11,82,57,
1977-04-12,81,54,
1977-04-13,82,58,
1977-04-14,81,58,
1977-04-15,81,56,
1977-04-16,85,59,
1977-04-17,88,61,
1977-04-18,87,61,
1977-04-19,72,59,
1977-04-20,81,60,
1977-04-21,67,61,
1977-04-22,62,51,
1977-04-23,64,49,
1977-04-24,64,43,
1977-04-25,57,41,
1977-04-26,69,40,
1977-04-27,81,45,
1977-04-28,62,35,
1977-04-29,66,32,
1977-04-30,71,41,
1977-05-01,74,53,
1977-05-02,74,58,
1977-05-03,76,56,
1977-05-04,80,58,
1977-05-05,81,59,
1977-05-06,72,62,
1977-05-07,72,47,
1977-05-08,72,42,
1977-05-09,59,38,
1977-05-10,66,36,
1977-05-11,72,50,
1977-05-12,76,54,
1977-05-13,83,57,
1977-05-14,84,62,
1977-05-15,87,63,
1977-05-16,88,62,
1977-05-17,89,67,
1977-05-18,90,66,
1977-05-19,90,66,
1977-05-20,90,62,
1977-05-21,88,64,
1977-05-22,89,67,
1977-05-23,84,64,
1977-05-24,89,64,
1977-05-25,90,65,
1977-05-26,91,65,
1977-05-27,90,61,
1977-05-28,90,66,
1977-05-29,89,66,
1977-05-30,90,66,
1977-05-31,88,67,
1977-06-01,81,61,
1977-06-02,74,52,
1977-06-03,81,45,
1977-06-04,91,57,
1977-06-05,95,68,
1977-06-06,75,50,
1977-06-07,74,45,
1977-06-08,72,48,
1977-06-09,70,44,
1977-06-10,75,53,
1977-06-11,84,59,
1977-06-12,72,57,
1977-06-13,74,57,
1977-06-14,79,55,
1977-06-15,86,57,
1977-06-16,89,65,
1977-06-17,90,69,
1977-06-18,84,67,
1977-06-19,81,64,
1977-06-20,87,62,
1977-06-21,81,57,
1977-06-22,68,58,
1977-06-23,75,62,
1977-06-24,85,67,
1977-06-25,84,69,
1977-06-26,86,64,
1977-06-27,78,69,
1977-06-28,84,66,
1977-06-29,80,59,
1977-06-30,86,63,
1977-07-01,82,58,
1977-07-02,84,58,
1977-07-03,87,62,
1977-07-04,93,71,
1977-07-05,95,71,
1977-07-06,96,72,
1977-07-07,95,71,
1977-07-08,89,68,
1977-07-09,86,63,
1977-07-10,85,60,
1977-07-11,85,69,
1977-07-12,88,67,
1977-07-13,93,74,
1977-07-14,94,75,
1977-07-15,94,71,
1977-07-16,88,69,
1977-07-17,90,66,
1977-07-18,92,73,
1977-07-19,93,74,
1977-07-20,92,73,
1977-07-21,86,69,
1977-07-22,84,66,
1977-07-23,85,60,
1977-07-24,86,64,
1977-07-25,82,60,
1977-07-26,77,56,
1977-07-27,80,53,
1977-07-28,83,56,
1977-07-29,85,63,
1977-07-30,90,65,
1977-07-31,87,65,
1977-08-01,80,59,
1977-08-02,80,59,
1977-08-03,86,63,
1977-08-04,85,63,
1977-08-05,87,67,
1977-08-06,85,68,
1977-08-07,83,67,
1977-08-08,75,67,
1977-08-09,80,66,
1977-08-10,85,71,
1977-08-11,76,58,
1977-08-12,77,55,
1977-08-13,82,66,
1977-08-14,80,66,
1977-08-15,83,57,
1977-08-16,81,67,
1977-08-17,79,60,
1977-08-18,75,53,
1977-08-19,75,55,
1977-08-20,79,59,
1977-08-21,80,61,
1977-08-22,78,59,
1977-08-23,71,64,
1977-08-24,75,56,
1977-08-25,78,53,
1977-08-26,88,62,
1977-08-27,88,73,
1977-08-28,87,68,
1977-08-29,79,63,
1977-08-30,83,59,
1977-08-31,90,67,
1977-09-01,90,69,
1977-09-02,86,70,
1977-09-03,81,62,
1977-09-04,82,66,
1977-09-05,86,62,
1977-09-06,80,60,
1977-09-07,84,60,
1977-09-08,85,57,
1977-09-09,84,59,
1977-09-10,76,53,
1977-09-11,78,48,
1977-09-12,66,54,
1977-09-13,72,57,
1977-09-14,72,53,
1977-09-15,80,57,
1977-09-16,80,63,
1977-09-17,80,62,
1977-09-18,86,68,
1977-09-19,71,57,
1977-09-20,69,51,
1977-09-21,72,48,
1977-09-22,80,53,
1977-09-23,82,58,
1977-09-24,78,57,
1977-09-25,79,56,
1977-09-26,80,56,
1977-09-27,71,54,
1977-09-28,72,50,
1977-09-29,78,49,
1977-09-30,68,52,
1977-10-01,70,52,
1977-10-02,62,45,
1977-10-03,64,41,
1977-10-04,68,40,
1977-10-05,69,51,
1977-10-06,60,42,
1977-10-07,54,42,
1977-10-08,63,45,
1977-10-09,54,39,
1977-10-10,62,38,
1977-10-11,NA,39,
1977-10-12,54,36,
1977-10-13,60,31,
1977-10-14,67,35,
1977-10-15,58,42,
1977-10-16,53,33,
1977-10-17,65,31,
1977-10-18,56,40,
1977-10-19,59,40,
1977-10-20,64,37,
1977-10-21,73,41,
1977-10-22,69,48,
1977-10-23,60,47,
1977-10-24,68,52,
1977-10-25,60,54,
1977-10-26,54,43,
1977-10-27,66,44,
1977-10-28,64,46,
1977-10-29,63,42,
1977-10-30,56,39,
1977-10-31,64,49,
1977-11-01,60,55,
1977-11-02,73,54,
1977-11-03,72,60,
1977-11-04,63,55,
1977-11-05,67,52,
1977-11-06,61,55,
1977-11-07,61,58,
1977-11-08,63,57,
1977-11-09,67,37,
1977-11-10,37,33,
1977-11-11,43,28,
1977-11-12,37,25,
1977-11-13,41,23,
1977-11-14,60,34,
1977-11-15,62,44,
1977-11-16,56,38,
1977-11-17,49,35,
1977-11-18,46,32,
1977-11-19,46,39,
1977-11-20,60,40,
1977-11-21,40,26,
1977-11-22,38,25,
1977-11-23,48,34,
1977-11-24,40,32,
1977-11-25,34,9,
1977-11-26,23,4,
1977-11-27,30,20,
1977-11-28,24,11,
1977-11-29,35,18,
1977-11-30,34,29,
1977-12-01,42,32,
1977-12-02,42,30,
1977-12-03,33,20,
1977-12-04,33,20,
1977-12-05,33,25,
1977-12-06,25,-2,
1977-12-07,14,0,
1977-12-08,32,13,
1977-12-09,15,-3,
1977-12-10,5,-6,
1977-12-11,29,-2,
1977-12-12,38,29,
1977-12-13,39,36,
1977-12-14,38,31,
1977-12-15,35,30,
1977-12-16,51,34,
1977-12-17,55,40,
1977-12-18,40,36,
1977-12-19,47,31,
1977-12-20,41,18,
1977-12-21,22,18,
1977-12-22,32,14,
1977-12-23,39,29,
1977-12-24,43,19,
1977-12-25,19,6,
1977-12-26,21,6,
1977-12-27,14,4,
1977-12-28,32,9,
1977-12-29,42,21,
1977-12-30,38,28,
1977-12-31,36,31,
1978-01-01,34,3,
1978-01-02,20,2,
1978-01-03,27,7,
1978-01-04,41,19,
1978-01-05,36,31,
1978-01-06,39,31,
1978-01-07,43,35,
1978-01-08,35,2,
1978-01-09,3,-3,
1978-01-10,11,-5,
1978-01-11,19,2,
1978-01-12,20,16,
1978-01-13,21,16,
1978-01-14,25,9,
1978-01-15,18,1,
1978-01-16,18,11,
1978-01-17,22,13,
1978-01-18,24,7,
1978-01-19,26,20,
1978-01-20,26,16,
1978-01-21,20,6,
1978-01-22,21,1,
1978-01-23,30,8,
1978-01-24,33,20,
1978-01-25,30,0,
1978-01-26,13,-2,
1978-01-27,14,0,
1978-01-28,17,1,
1978-01-29,15,1,
1978-01-30,19,0,
1978-01-31,16,3,
1978-02-01,20,5,
1978-02-02,21,8,
1978-02-03,22,8,
1978-02-04,23,9,
1978-02-05,25,4,
1978-02-06,18,-2,
1978-02-07,20,1,
1978-02-08,21,11,
1978-02-09,25,7,
1978-02-10,26,12,
1978-02-11,30,12,
1978-02-12,32,18,
1978-02-13,28,24,
1978-02-14,26,13,
1978-02-15,28,14,
1978-02-16,21,10,
1978-02-17,19,3,
1978-02-18,21,2,
1978-02-19,19,5,
1978-02-20,28,10,
1978-02-21,24,11,
1978-02-22,24,4,
1978-02-23,28,20,
1978-02-24,38,19,
1978-02-25,34,21,
1978-02-26,27,13,
1978-02-27,29,16,
1978-02-28,33,25,
1978-03-01,30,16,
1978-03-02,23,16,
1978-03-03,27,9,
1978-03-04,21,3,
1978-03-05,27,-1,
1978-03-06,37,17,
1978-03-07,30,22,
1978-03-08,30,21,
1978-03-09,39,18,
1978-03-10,41,25,
1978-03-11,39,29,
1978-03-12,36,31,
1978-03-13,40,30,
1978-03-14,37,33,
1978-03-15,37,33,
1978-03-16,38,28,
1978-03-17,34,25,
1978-03-18,45,22,
1978-03-19,45,32,
1978-03-20,56,33,
1978-03-21,51,36,
1978-03-22,64,34,
1978-03-23,47,36,
1978-03-24,36,28,
1978-03-25,33,28,
1978-03-26,34,32,
1978-03-27,44,32,
1978-03-28,61,34,
1978-03-29,51,35,
1978-03-30,60,32,
1978-03-31,77,46,
1978-04-01,64,42,
1978-04-02,47,37,
1978-04-03,77,46,
1978-04-04,61,47,
1978-04-05,55,42,
1978-04-06,67,46,
1978-04-07,73,42,
1978-04-08,64,46,
1978-04-09,79,47,
1978-04-10,67,45,
1978-04-11,59,43,
1978-04-12,68,40,
1978-04-13,55,41,
1978-04-14,55,40,
1978-04-15,61,41,
1978-04-16,52,36,
1978-04-17,60,35,
1978-04-18,68,45,
1978-04-19,50,43,
1978-04-20,43,38,
1978-04-21,53,35,
1978-04-22,57,35,
1978-04-23,66,46,
1978-04-24,60,43,
1978-04-25,60,42,
1978-04-26,65,39,
1978-04-27,67,40,
1978-04-28,70,43,
1978-04-29,65,50,
1978-04-30,64,34,
1978-05-01,54,32,
1978-05-02,61,33,
1978-05-03,64,35,
1978-05-04,54,40,
1978-05-05,46,43,
1978-05-06,58,43,
1978-05-07,53,46,
1978-05-08,71,52,
1978-05-09,57,47,
1978-05-10,76,47,
1978-05-11,67,56,
1978-05-12,75,56,
1978-05-13,56,42,
1978-05-14,48,43,
1978-05-15,57,47,
1978-05-16,67,51,
1978-05-17,71,48,
1978-05-18,78,52,
1978-05-19,79,56,
1978-05-20,81,60,
1978-05-21,71,46,
1978-05-22,62,50,
1978-05-23,72,56,
1978-05-24,76,58,
1978-05-25,86,61,
1978-05-26,89,66,
1978-05-27,90,65,
1978-05-28,90,63,
1978-05-29,87,66,
1978-05-30,78,66,
1978-05-31,89,60,
1978-06-01,88,66,
1978-06-02,79,59,
1978-06-03,79,55,
1978-06-04,82,63,
1978-06-05,81,60,
1978-06-06,81,60,
1978-06-07,81,65,
1978-06-08,68,54,
1978-06-09,81,50,
1978-06-10,83,56,
1978-06-11,88,60,
1978-06-12,84,58,
1978-06-13,74,49,
1978-06-14,80,51,
1978-06-15,78,60,
1978-06-16,89,60,
1978-06-17,92,68,
1978-06-18,76,64,
1978-06-19,83,62,
1978-06-20,83,64,
1978-06-21,76,60,
1978-06-22,80,56,
1978-06-23,81,62,
1978-06-24,88,65,
1978-06-25,86,70,
1978-06-26,90,72,
1978-06-27,93,74,
1978-06-28,91,68,
1978-06-29,91,74,
1978-06-30,91,72,
1978-07-01,91,67,
1978-07-02,81,68,
1978-07-03,75,67,
1978-07-04,82,61,
1978-07-05,84,64,
1978-07-06,88,65,
1978-07-07,90,67,
1978-07-08,84,69,
1978-07-09,86,64,
1978-07-10,74,59,
1978-07-11,75,54,
1978-07-12,81,58,
1978-07-13,87,66,
1978-07-14,84,63,
1978-07-15,86,66,
1978-07-16,84,65,
1978-07-17,87,65,
1978-07-18,87,65,
1978-07-19,88,67,
1978-07-20,91,69,
1978-07-21,92,69,
1978-07-22,90,70,
1978-07-23,71,63,
1978-07-24,75,62,
1978-07-25,81,67,
1978-07-26,89,63,
1978-07-27,83,63,
1978-07-28,81,60,
1978-07-29,87,62,
1978-07-30,74,60,
1978-07-31,80,57,
1978-08-01,82,66,
1978-08-02,81,67,
1978-08-03,81,61,
1978-08-04,75,56,
1978-08-05,74,55,
1978-08-06,77,60,
1978-08-07,80,62,
1978-08-08,83,60,
1978-08-09,85,65,
1978-08-10,85,63,
1978-08-11,80,68,
1978-08-12,84,65,
1978-08-13,86,64,
1978-08-14,86,67,
1978-08-15,89,68,
1978-08-16,80,65,
1978-08-17,78,60,
1978-08-18,89,70,
1978-08-19,79,63,
1978-08-20,78,56,
1978-08-21,78,55,
1978-08-22,85,57,
1978-08-23,85,62,
1978-08-24,89,65,
1978-08-25,80,68,
1978-08-26,79,66,
1978-08-27,87,67,
1978-08-28,83,69,
1978-08-29,78,63,
1978-08-30,76,61,
1978-08-31,81,58,
1978-09-01,82,57,
1978-09-02,82,57,
1978-09-03,89,61,
1978-09-04,79,58,
1978-09-05,84,58,
1978-09-06,85,60,
1978-09-07,88,65,
1978-09-08,91,65,
1978-09-09,92,68,
1978-09-10,90,66,
1978-09-11,88,64,
1978-09-12,84,69,
1978-09-13,89,70,
1978-09-14,84,62,
1978-09-15,82,56,
1978-09-16,87,64,
1978-09-17,88,67,
1978-09-18,90,73,
1978-09-19,93,70,
1978-09-20,90,70,
1978-09-21,72,52,
1978-09-22,70,48,
1978-09-23,72,47,
1978-09-24,79,47,
1978-09-25,73,49,
1978-09-26,77,46,
1978-09-27,82,49,
1978-09-28,68,45,
1978-09-29,78,43,
1978-09-30,69,56,
1978-10-01,71,49,
1978-10-02,74,46,
1978-10-03,66,50,
1978-10-04,68,47,
1978-10-05,65,48,
1978-10-06,54,45,
1978-10-07,57,41,
1978-10-08,61,36,
1978-10-09,72,41,
1978-10-10,65,52,
1978-10-11,61,51,
1978-10-12,63,50,
1978-10-13,63,45,
1978-10-14,51,36,
1978-10-15,58,35,
1978-10-16,54,40,
1978-10-17,60,35,
1978-10-18,66,38,
1978-10-19,61,40,
1978-10-20,75,43,
1978-10-21,78,46,
1978-10-22,77,54,
1978-10-23,56,36,
1978-10-24,58,30,
1978-10-25,60,41,
1978-10-26,53,39,
1978-10-27,62,37,
1978-10-28,58,37,
1978-10-29,61,36,
1978-10-30,72,39,
1978-10-31,72,44,
1978-11-01,65,43,
1978-11-02,72,44,
1978-11-03,73,45,
1978-11-04,78,51,
1978-11-05,75,51,
1978-11-06,55,38,
1978-11-07,51,32,
1978-11-08,57,30,
1978-11-09,64,35,
1978-11-10,65,38,
1978-11-11,64,43,
1978-11-12,47,44,
1978-11-13,70,45,
1978-11-14,49,34,
1978-11-15,40,32,
1978-11-16,43,35,
1978-11-17,58,37,
1978-11-18,48,36,
1978-11-19,37,34,
1978-11-20,38,32,
1978-11-21,34,31,
1978-11-22,41,31,
1978-11-23,51,34,
1978-11-24,37,30,
1978-11-25,43,31,
1978-11-26,39,32,
1978-11-27,36,32,
1978-11-28,32,23,
1978-11-29,41,28,
1978-11-30,36,21,
1978-12-01,51,29,
1978-12-02,38,32,
1978-12-03,54,22,
1978-12-04,32,20,
1978-12-05,46,28,
1978-12-06,30,26,
1978-12-07,34,22,
1978-12-08,22,14,
1978-12-09,21,7,
1978-12-10,24,4,
1978-12-11,36,23,
1978-12-12,45,27,
1978-12-13,36,25,
1978-12-14,40,21,
1978-12-15,44,29,
1978-12-16,43,26,
1978-12-17,40,25,
1978-12-18,44,31,
1978-12-19,36,33,
1978-12-20,58,27,
1978-12-21,34,20,
1978-12-22,41,28,
1978-12-23,44,22,
1978-12-24,37,23,
1978-12-25,35,19,
1978-12-26,32,20,
1978-12-27,31,15,
1978-12-28,34,21,
1978-12-29,38,31,
1978-12-30,38,28,
1978-12-31,32,25,
1979-01-01,25,4,
1979-01-02,4,-8,
1979-01-03,12,-4,
1979-01-04,10,3,
1979-01-05,11,-1,
1979-01-06,14,-3,
1979-01-07,16,2,
1979-01-08,2,-8,
1979-01-09,16,-3,
1979-01-10,7,-2,
1979-01-11,11,-5,
1979-01-12,25,11,
1979-01-13,33,20,
1979-01-14,20,-9,
1979-01-15,12,-14,
1979-01-16,32,8,
1979-01-17,36,12,
1979-01-18,22,5,
1979-01-19,34,22,
1979-01-20,34,29,
1979-01-21,29,18,
1979-01-22,27,15,
1979-01-23,34,22,
1979-01-24,32,6,
1979-01-25,16,-2,
1979-01-26,26,8,
1979-01-27,26,21,
1979-01-28,25,16,
1979-01-29,16,5,
1979-01-30,21,11,
1979-01-31,15,0,
1979-02-01,14,-7,
1979-02-02,23,-2,
1979-02-03,26,10,
1979-02-04,10,-6,
1979-02-05,2,-12,
1979-02-06,26,-4,
1979-02-07,24,2,
1979-02-08,10,-1,
1979-02-09,9,-6,
1979-02-10,17,2,
1979-02-11,29,13,
1979-02-12,30,13,
1979-02-13,22,12,
1979-02-14,33,17,
1979-02-15,33,23,
1979-02-16,23,5,
1979-02-17,11,-4,
1979-02-18,15,2,
1979-02-19,17,-4,
1979-02-20,37,5,
1979-02-21,37,28,
1979-02-22,39,28,
1979-02-23,44,26,
1979-02-24,36,24,
1979-02-25,30,19,
1979-02-26,33,16,
1979-02-27,40,17,
1979-02-28,37,28,
1979-03-01,36,32,
1979-03-02,40,31,
1979-03-03,54,35,
1979-03-04,53,31,
1979-03-05,32,30,
1979-03-06,50,27,
1979-03-07,38,33,
1979-03-08,47,32,
1979-03-09,33,26,
1979-03-10,26,9,
1979-03-11,33,6,
1979-03-12,38,18,
1979-03-13,59,32,
1979-03-14,41,21,
1979-03-15,31,15,
1979-03-16,49,24,
1979-03-17,50,35,
1979-03-18,72,47,
1979-03-19,64,52,
1979-03-20,56,38,
1979-03-21,56,35,
1979-03-22,68,40,
1979-03-23,60,43,
1979-03-24,43,22,
1979-03-25,27,18,
1979-03-26,39,21,
1979-03-27,42,31,
1979-03-28,62,32,
1979-03-29,61,55,
1979-03-30,63,44,
1979-03-31,44,34,
1979-04-01,49,33,
1979-04-02,49,36,
1979-04-03,51,31,
1979-04-04,42,35,
1979-04-05,61,24,
1979-04-06,37,21,
1979-04-07,52,30,
1979-04-08,62,36,
1979-04-09,37,32,
1979-04-10,48,29,
1979-04-11,56,39,
1979-04-12,74,54,
1979-04-13,56,41,
1979-04-14,61,42,
1979-04-15,58,41,
1979-04-16,62,38,
1979-04-17,62,39,
1979-04-18,66,41,
1979-04-19,66,44,
1979-04-20,74,53,
1979-04-21,62,52,
1979-04-22,67,50,
1979-04-23,68,54,
1979-04-24,65,58,
1979-04-25,73,60,
1979-04-26,62,46,
1979-04-27,55,42,
1979-04-28,51,36,
1979-04-29,59,39,
1979-04-30,56,38,
1979-05-01,62,36,
1979-05-02,76,48,
1979-05-03,62,47,
1979-05-04,54,40,
1979-05-05,64,36,
1979-05-06,73,45,
1979-05-07,82,53,
1979-05-08,85,63,
1979-05-09,85,63,
1979-05-10,88,65,
1979-05-11,70,48,
1979-05-12,56,41,
1979-05-13,70,41,
1979-05-14,73,49,
1979-05-15,68,47,
1979-05-16,72,47,
1979-05-17,80,49,
1979-05-18,85,56,
1979-05-19,80,59,
1979-05-20,76,56,
1979-05-21,66,46,
1979-05-22,76,40,
1979-05-23,78,46,
1979-05-24,63,43,
1979-05-25,68,41,
1979-05-26,65,42,
1979-05-27,72,48,
1979-05-28,79,51,
1979-05-29,86,51,
1979-05-30,88,58,
1979-05-31,84,66,
1979-06-01,79,60,
1979-06-02,78,59,
1979-06-03,86,59,
1979-06-04,86,61,
1979-06-05,91,61,
1979-06-06,92,57,
1979-06-07,86,70,
1979-06-08,87,66,
1979-06-09,91,66,
1979-06-10,75,54,
1979-06-11,81,53,
1979-06-12,81,64,
1979-06-13,80,61,
1979-06-14,88,59,
1979-06-15,90,65,
1979-06-16,88,61,
1979-06-17,92,62,
1979-06-18,84,60,
1979-06-19,92,64,
1979-06-20,91,68,
1979-06-21,91,65,
1979-06-22,91,67,
1979-06-23,72,50,
1979-06-24,76,50,
1979-06-25,81,50,
1979-06-26,84,55,
1979-06-27,87,61,
1979-06-28,87,62,
1979-06-29,81,60,
1979-06-30,81,59,
1979-07-01,84,59,
1979-07-02,86,58,
1979-07-03,83,64,
1979-07-04,74,55,
1979-07-05,76,51,
1979-07-06,76,52,
1979-07-07,79,57,
1979-07-08,71,62,
1979-07-09,81,66,
1979-07-10,86,63,
1979-07-11,87,66,
1979-07-12,82,67,
1979-07-13,88,70,
1979-07-14,85,67,
1979-07-15,86,67,
1979-07-16,84,61,
1979-07-17,76,57,
1979-07-18,78,53,
1979-07-19,80,58,
1979-07-20,83,58,
1979-07-21,84,62,
1979-07-22,86,62,
1979-07-23,89,66,
1979-07-24,85,70,
1979-07-25,80,69,
1979-07-26,83,69,
1979-07-27,85,68,
1979-07-28,84,66,
1979-07-29,86,62,
1979-07-30,90,65,
1979-07-31,78,66,
1979-08-01,71,62,
1979-08-02,80,60,
1979-08-03,84,64,
1979-08-04,86,66,
1979-08-05,90,69,
1979-08-06,92,74,
1979-08-07,90,73,
1979-08-08,90,73,
1979-08-09,90,72,
1979-08-10,81,67,
1979-08-11,73,57,
1979-08-12,74,54,
1979-08-13,78,57,
1979-08-14,69,53,
1979-08-15,69,48,
1979-08-16,74,53,
1979-08-17,81,55,
1979-08-18,86,67,
1979-08-19,88,67,
1979-08-20,87,67,
1979-08-21,78,66,
1979-08-22,83,67,
1979-08-23,82,66,
1979-08-24,78,59,
1979-08-25,78,59,
1979-08-26,74,61,
1979-08-27,80,64,
1979-08-28,80,65,
1979-08-29,82,70,
1979-08-30,85,67,
1979-08-31,86,65,
1979-09-01,86,66,
1979-09-02,84,67,
1979-09-03,86,65,
1979-09-04,81,58,
1979-09-05,85,66,
1979-09-06,84,64,
1979-09-07,72,55,
1979-09-08,68,47,
1979-09-09,76,48,
1979-09-10,85,55,
1979-09-11,88,57,
1979-09-12,85,60,
1979-09-13,76,58,
1979-09-14,69,50,
1979-09-15,70,47,
1979-09-16,77,46,
1979-09-17,79,49,
1979-09-18,83,58,
1979-09-19,72,51,
1979-09-20,77,47,
1979-09-21,67,52,
1979-09-22,69,46,
1979-09-23,70,43,
1979-09-24,78,45,
1979-09-25,83,50,
1979-09-26,84,52,
1979-09-27,81,52,
1979-09-28,83,56,
1979-09-29,84,59,
1979-09-30,76,59,
1979-10-01,76,53,
1979-10-02,82,53,
1979-10-03,63,48,
1979-10-04,68,42,
1979-10-05,60,41,
1979-10-06,59,41,
1979-10-07,58,45,
1979-10-08,67,38,
1979-10-09,75,46,
1979-10-10,55,33,
1979-10-11,56,35,
1979-10-12,66,44,
1979-10-13,57,30,
1979-10-14,51,30,
1979-10-15,62,48,
1979-10-16,68,47,
1979-10-17,57,51,
1979-10-18,70,53,
1979-10-19,78,56,
1979-10-20,74,63,
1979-10-21,78,66,
1979-10-22,84,65,
1979-10-23,74,42,
1979-10-24,42,37,
1979-10-25,52,36,
1979-10-26,51,38,
1979-10-27,51,30,
1979-10-28,70,39,
1979-10-29,64,37,
1979-10-30,69,42,
1979-10-31,66,46,
1979-11-01,50,36,
1979-11-02,49,29,
1979-11-03,50,33,
1979-11-04,55,31,
1979-11-05,62,40,
1979-11-06,52,37,
1979-11-07,46,30,
1979-11-08,43,38,
1979-11-09,45,35,
1979-11-10,45,27,
1979-11-11,39,22,
1979-11-12,46,27,
1979-11-13,39,28,
1979-11-14,45,23,
1979-11-15,52,36,
1979-11-16,50,30,
1979-11-17,67,37,
1979-11-18,69,39,
1979-11-19,71,51,
1979-11-20,64,37,
1979-11-21,58,55,
1979-11-22,56,37,
1979-11-23,39,33,
1979-11-24,49,30,
1979-11-25,41,34,
1979-11-26,44,35,
1979-11-27,43,34,
1979-11-28,35,22,
1979-11-29,28,20,
1979-11-30,30,20,
1979-12-01,29,20,
1979-12-02,33,13,
1979-12-03,35,19,
1979-12-04,47,25,
1979-12-05,56,37,
1979-12-06,44,33,
1979-12-07,47,31,
1979-12-08,39,24,
1979-12-09,48,26,
1979-12-10,60,33,
1979-12-11,62,35,
1979-12-12,35,24,
1979-12-13,39,26,
1979-12-14,40,21,
1979-12-15,45,22,
1979-12-16,36,9,
1979-12-17,33,3,
1979-12-18,39,15,
1979-12-19,51,28,
1979-12-20,50,26,
1979-12-21,49,33,
1979-12-22,47,42,
1979-12-23,58,45,
1979-12-24,56,36,
1979-12-25,36,32,
1979-12-26,35,30,
1979-12-27,38,30,
1979-12-28,39,26,
1979-12-29,36,25,
1979-12-30,40,30,
1979-12-31,34,30,
1980-01-01,33,26,
1980-01-02,30,28,
1980-01-03,32,28,
1980-01-04,31,26,
1980-01-05,31,21,
1980-01-06,39,21,
1980-01-07,24,14,
1980-01-08,25,13,
1980-01-09,27,10,
1980-01-10,50,18,
1980-01-11,56,20,
1980-01-12,38,12,
1980-01-13,38,24,
1980-01-14,49,28,
1980-01-15,41,34,
1980-01-16,53,NA,
1980-01-17,40,32,
1980-01-18,37,29,
1980-01-19,34,25,
1980-01-20,34,22,
1980-01-21,32,22,
1980-01-22,35,16,
1980-01-23,22,9,
1980-01-24,41,16,
1980-01-25,40,21,
1980-01-26,31,14,
1980-01-27,21,12,
1980-01-28,21,7,
1980-01-29,19,5,
1980-01-30,22,11,
1980-01-31,19,6,
1980-02-01,20,2,
1980-02-02,20,6,
1980-02-03,27,12,
1980-02-04,28,8,
1980-02-05,29,18,
1980-02-06,28,19,
1980-02-07,31,19,
1980-02-08,28,20,
1980-02-09,29,14,
1980-02-10,23,1,
1980-02-11,24,8,
1980-02-12,24,6,
1980-02-13,29,5,
1980-02-14,35,28,
1980-02-15,33,22,
1980-02-16,22,6,
1980-02-17,20,2,
1980-02-18,32,8,
1980-02-19,39,28,
1980-02-20,40,33,
1980-02-21,49,35,
1980-02-22,45,37,
1980-02-23,39,32,
1980-02-24,40,30,
1980-02-25,35,12,
1980-02-26,24,4,
1980-02-27,32,24,
1980-02-28,30,14,
1980-02-29,18,6,
1980-03-01,20,6,
1980-03-02,23,4,
1980-03-03,34,11,
1980-03-04,40,28,
1980-03-05,36,19,
1980-03-06,36,15,
1980-03-07,39,30,
1980-03-08,36,30,
1980-03-09,46,26,
1980-03-10,49,23,
1980-03-11,35,17,
1980-03-12,32,26,
1980-03-13,33,27,
1980-03-14,43,25,
1980-03-15,61,33,
1980-03-16,53,45,
1980-03-17,52,34,
1980-03-18,51,28,
1980-03-19,55,34,
1980-03-20,57,38,
1980-03-21,NA,33,
1980-03-22,49,29,
1980-03-23,54,35,
1980-03-24,46,32,
1980-03-25,NA,30,
1980-03-26,38,32,
1980-03-27,58,31,
1980-03-28,48,42,
1980-03-29,50,38,
1980-03-30,44,40,
1980-03-31,43,36,
1980-04-01,48,38,
1980-04-02,59,36,
1980-04-03,64,44,
1980-04-04,45,37,
1980-04-05,59,34,
1980-04-06,65,41,
1980-04-07,71,50,
1980-04-08,61,45,
1980-04-09,45,36,
1980-04-10,47,33,
1980-04-11,57,36,
1980-04-12,47,38,
1980-04-13,50,32,
1980-04-14,39,31,
1980-04-15,52,31,
1980-04-16,57,36,
1980-04-17,62,37,
1980-04-18,70,42,
1980-04-19,73,45,
1980-04-20,79,54,
1980-04-21,80,49,
1980-04-22,89,54,
1980-04-23,73,48,
1980-04-24,61,38,
1980-04-25,58,34,
1980-04-26,61,37,
1980-04-27,55,39,
1980-04-28,48,43,
1980-04-29,54,42,
1980-04-30,58,47,
1980-05-01,67,44,
1980-05-02,73,55,
1980-05-03,77,49,
1980-05-04,85,54,
1980-05-05,87,57,
1980-05-06,78,53,
1980-05-07,66,46,
1980-05-08,60,42,
1980-05-09,69,39,
1980-05-10,73,47,
1980-05-11,76,58,
1980-05-12,71,52,
1980-05-13,76,46,
1980-05-14,65,44,
1980-05-15,73,47,
1980-05-16,62,51,
1980-05-17,67,53,
1980-05-18,67,57,
1980-05-19,69,55,
1980-05-20,72,54,
1980-05-21,77,54,
1980-05-22,82,56,
1980-05-23,75,62,
1980-05-24,77,58,
1980-05-25,85,61,
1980-05-26,80,58,
1980-05-27,84,55,
1980-05-28,89,59,
1980-05-29,88,66,
1980-05-30,82,65,
1980-05-31,83,64,
1980-06-01,81,65,
1980-06-02,75,58,
1980-06-03,75,60,
1980-06-04,72,55,
1980-06-05,87,62,
1980-06-06,87,68,
1980-06-07,89,68,
1980-06-08,79,50,
1980-06-09,79,54,
1980-06-10,70,52,
1980-06-11,76,47,
1980-06-12,81,53,
1980-06-13,82,55,
1980-06-14,89,65,
1980-06-15,79,53,
1980-06-16,69,50,
1980-06-17,74,44,
1980-06-18,81,53,
1980-06-19,84,52,
1980-06-20,77,47,
1980-06-21,82,52,
1980-06-22,87,57,
1980-06-23,73,65,
1980-06-24,83,66,
1980-06-25,87,66,
1980-06-26,89,69,
1980-06-27,91,72,
1980-06-28,77,67,
1980-06-29,84,63,
1980-06-30,79,58,
1980-07-01,91,60,
1980-07-02,87,66,
1980-07-03,83,63,
1980-07-04,88,69,
1980-07-05,89,68,
1980-07-06,87,60,
1980-07-07,95,68,
1980-07-08,97,75,
1980-07-09,92,71,
1980-07-10,91,72,
1980-07-11,92,69,
1980-07-12,97,74,
1980-07-13,91,67,
1980-07-14,96,68,
1980-07-15,99,78,
1980-07-16,97,75,
1980-07-17,93,68,
1980-07-18,92,67,
1980-07-19,100,70,
1980-07-20,99,69,
1980-07-21,88,70,
1980-07-22,86,64,
1980-07-23,83,59,
1980-07-24,85,58,
1980-07-25,87,60,
1980-07-26,89,64,
1980-07-27,70,66,
1980-07-28,82,62,
1980-07-29,87,60,
1980-07-30,90,63,
1980-07-31,92,75,
1980-08-01,91,72,
1980-08-02,83,68,
1980-08-03,86,65,
1980-08-04,92,62,
1980-08-05,83,68,
1980-08-06,91,67,
1980-08-07,93,69,
1980-08-08,96,73,
1980-08-09,96,71,
1980-08-10,95,70,
1980-08-11,87,67,
1980-08-12,85,63,
1980-08-13,90,61,
1980-08-14,82,64,
1980-08-15,78,64,
1980-08-16,65,60,
1980-08-17,90,63,
1980-08-18,83,69,
1980-08-19,91,65,
1980-08-20,92,71,
1980-08-21,84,67,
1980-08-22,83,61,
1980-08-23,83,58,
1980-08-24,83,59,
1980-08-25,86,64,
1980-08-26,90,62,
1980-08-27,93,63,
1980-08-28,93,64,
1980-08-29,82,66,
1980-08-30,88,63,
1980-08-31,82,71,
1980-09-01,77,64,
1980-09-02,81,60,
1980-09-03,85,56,
1980-09-04,82,65,
1980-09-05,79,62,
1980-09-06,89,64,
1980-09-07,85,62,
1980-09-08,89,64,
1980-09-09,84,58,
1980-09-10,76,50,
1980-09-11,81,49,
1980-09-12,83,59,
1980-09-13,88,68,
1980-09-14,75,58,
1980-09-15,70,56,
1980-09-16,79,56,
1980-09-17,67,49,
1980-09-18,76,46,
1980-09-19,83,52,
1980-09-20,89,60,
1980-09-21,89,70,
1980-09-22,90,56,
1980-09-23,66,47,
1980-09-24,76,45,
1980-09-25,76,47,
1980-09-26,64,40,
1980-09-27,70,40,
1980-09-28,78,45,
1980-09-29,80,48,
1980-09-30,82,51,
1980-10-01,84,54,
1980-10-02,71,44,
1980-10-03,50,39,
1980-10-04,54,36,
1980-10-05,58,30,
1980-10-06,68,32,
1980-10-07,75,46,
1980-10-08,86,50,
1980-10-09,75,47,
1980-10-10,77,44,
1980-10-11,58,39,
1980-10-12,55,34,
1980-10-13,63,29,
1980-10-14,75,46,
1980-10-15,71,50,
1980-10-16,79,60,
1980-10-17,68,50,
1980-10-18,61,40,
1980-10-19,53,35,
1980-10-20,64,41,
1980-10-21,66,45,
1980-10-22,63,40,
1980-10-23,73,45,
1980-10-24,54,40,
1980-10-25,41,32,
1980-10-26,41,32,
1980-10-27,39,31,
1980-10-28,43,32,
1980-10-29,45,27,
1980-10-30,49,25,
1980-10-31,61,34,
1980-11-01,53,36,
1980-11-02,60,32,
1980-11-03,69,42,
1980-11-04,57,44,
1980-11-05,52,32,
1980-11-06,65,32,
1980-11-07,71,45,
1980-11-08,63,43,
1980-11-09,67,48,
1980-11-10,48,30,
1980-11-11,47,27,
1980-11-12,56,35,
1980-11-13,67,40,
1980-11-14,56,39,
1980-11-15,41,36,
1980-11-16,43,33,
1980-11-17,39,31,
1980-11-18,43,27,
1980-11-19,46,24,
1980-11-20,49,24,
1980-11-21,48,29,
1980-11-22,50,28,
1980-11-23,43,33,
1980-11-24,NA,29,
1980-11-25,40,24,
1980-11-26,38,22,
1980-11-27,34,30,
1980-11-28,36,30,
1980-11-29,41,32,
1980-11-30,44,26,
1980-12-01,52,40,
1980-12-02,54,19,
1980-12-03,34,15,
1980-12-04,38,27,
1980-12-05,51,38,
1980-12-06,66,48,
1980-12-07,59,55,
1980-12-08,57,38,
1980-12-09,38,29,
1980-12-10,31,28,
1980-12-11,34,25,
1980-12-12,55,34,
1980-12-13,39,26,
1980-12-14,37,25,
1980-12-15,37,29,
1980-12-16,34,25,
1980-12-17,37,20,
1980-12-18,40,24,
1980-12-19,24,6,
1980-12-20,15,3,
1980-12-21,24,11,
1980-12-22,35,15,
1980-12-23,40,30,
1980-12-24,34,4,
1980-12-25,15,-2,
1980-12-26,25,15,
1980-12-27,30,21,
1980-12-28,42,17,
1980-12-29,35,32,
1980-12-30,32,30,
1980-12-31,36,32,
1981-01-01,33,26,
1981-01-02,32,20,
1981-01-03,34,9,
1981-01-04,15,-1,
1981-01-05,26,4,
1981-01-06,31,22,
1981-01-07,23,4,
1981-01-08,17,7,
1981-01-09,20,4,
1981-01-10,15,1,
1981-01-11,13,2,
1981-01-12,28,-1,
1981-01-13,33,19,
1981-01-14,31,26,
1981-01-15,31,10,
1981-01-16,21,5,
1981-01-17,26,3,
1981-01-18,40,21,
1981-01-19,45,30,
1981-01-20,40,32,
1981-01-21,33,28,
1981-01-22,39,27,
1981-01-23,44,30,
1981-01-24,54,29,
1981-01-25,53,35,
1981-01-26,44,36,
1981-01-27,43,28,
1981-01-28,33,20,
1981-01-29,30,13,
1981-01-30,30,17,
1981-01-31,39,15,
1981-02-01,38,15,
1981-02-02,15,5,
1981-02-03,17,3,
1981-02-04,16,8,
1981-02-05,28,4,
1981-02-06,33,20,
1981-02-07,40,24,
1981-02-08,24,8,
1981-02-09,35,16,
1981-02-10,35,12,
1981-02-11,12,-7,
1981-02-12,18,-10,
1981-02-13,30,7,
1981-02-14,39,16,
1981-02-15,44,24,
1981-02-16,48,36,
1981-02-17,48,41,
1981-02-18,60,42,
1981-02-19,60,40,
1981-02-20,59,36,
1981-02-21,54,31,
1981-02-22,50,36,
1981-02-23,38,32,
1981-02-24,52,33,
1981-02-25,54,32,
1981-02-26,47,31,
1981-02-27,62,33,
1981-02-28,56,36,
1981-03-01,36,31,
1981-03-02,38,26,
1981-03-03,41,21,
1981-03-04,40,32,
1981-03-05,36,29,
1981-03-06,38,25,
1981-03-07,38,22,
1981-03-08,36,25,
1981-03-09,44,28,
1981-03-10,47,30,
1981-03-11,44,30,
1981-03-12,64,30,
1981-03-13,50,30,
1981-03-14,50,25,
1981-03-15,58,34,
1981-03-16,43,24,
1981-03-17,49,24,
1981-03-18,40,20,
1981-03-19,33,24,
1981-03-20,47,27,
1981-03-21,52,24,
1981-03-22,51,32,
1981-03-23,57,28,
1981-03-24,61,38,
1981-03-25,60,32,
1981-03-26,69,42,
1981-03-27,62,38,
1981-03-28,76,43,
1981-03-29,65,53,
1981-03-30,61,47,
1981-03-31,84,48,
1981-04-01,66,47,
1981-04-02,78,38,
1981-04-03,76,56,
1981-04-04,68,43,
1981-04-05,49,37,
1981-04-06,58,31,
1981-04-07,71,36,
1981-04-08,64,52,
1981-04-09,65,43,
1981-04-10,72,47,
1981-04-11,67,59,
1981-04-12,72,57,
1981-04-13,74,56,
1981-04-14,71,42,
1981-04-15,58,37,
1981-04-16,64,42,
1981-04-17,78,54,
1981-04-18,68,50,
1981-04-19,54,47,
1981-04-20,54,36,
1981-04-21,60,33,
1981-04-22,64,48,
1981-04-23,61,46,
1981-04-24,54,41,
1981-04-25,67,37,
1981-04-26,83,53,
1981-04-27,85,59,
1981-04-28,83,54,
1981-04-29,57,50,
1981-04-30,63,49,
1981-05-01,60,44,
1981-05-02,65,42,
1981-05-03,74,46,
1981-05-04,77,56,
1981-05-05,66,45,
1981-05-06,58,40,
1981-05-07,62,37,
1981-05-08,69,39,
1981-05-09,68,55,
1981-05-10,58,41,
1981-05-11,48,39,
1981-05-12,60,35,
1981-05-13,58,50,
1981-05-14,57,45,
1981-05-15,68,45,
1981-05-16,72,45,
1981-05-17,69,53,
1981-05-18,53,39,
1981-05-19,67,46,
1981-05-20,72,42,
1981-05-21,77,55,
1981-05-22,78,52,
1981-05-23,78,62,
1981-05-24,77,62,
1981-05-25,79,53,
1981-05-26,72,60,
1981-05-27,77,56,
1981-05-28,81,52,
1981-05-29,85,64,
1981-05-30,71,52,
1981-05-31,77,49,
1981-06-01,72,56,
1981-06-02,81,65,
1981-06-03,82,67,
1981-06-04,86,66,
1981-06-05,86,70,
1981-06-06,85,63,
1981-06-07,87,60,
1981-06-08,92,66,
1981-06-09,87,62,
1981-06-10,81,61,
1981-06-11,77,62,
1981-06-12,81,65,
1981-06-13,82,71,
1981-06-14,88,73,
1981-06-15,88,66,
1981-06-16,71,56,
1981-06-17,79,53,
1981-06-18,84,57,
1981-06-19,74,61,
1981-06-20,85,61,
1981-06-21,77,65,
1981-06-22,79,65,
1981-06-23,82,60,
1981-06-24,89,64,
1981-06-25,81,66,
1981-06-26,81,62,
1981-06-27,84,58,
1981-06-28,86,66,
1981-06-29,92,67,
1981-06-30,82,68,
1981-07-01,82,65,
1981-07-02,83,66,
1981-07-03,85,63,
1981-07-04,74,66,
1981-07-05,79,67,
1981-07-06,87,64,
1981-07-07,90,71,
1981-07-08,89,73,
1981-07-09,91,72,
1981-07-10,85,67,
1981-07-11,90,64,
1981-07-12,93,68,
1981-07-13,95,76,
1981-07-14,86,67,
1981-07-15,83,67,
1981-07-16,74,65,
1981-07-17,86,65,
1981-07-18,88,71,
1981-07-19,83,70,
1981-07-20,88,69,
1981-07-21,75,61,
1981-07-22,76,58,
1981-07-23,76,59,
1981-07-24,82,63,
1981-07-25,85,67,
1981-07-26,76,65,
1981-07-27,78,58,
1981-07-28,73,56,
1981-07-29,73,53,
1981-07-30,77,53,
1981-07-31,80,57,
1981-08-01,83,59,
1981-08-02,85,63,
1981-08-03,82,67,
1981-08-04,88,68,
1981-08-05,81,69,
1981-08-06,83,68,
1981-08-07,80,66,
1981-08-08,77,61,
1981-08-09,81,61,
1981-08-10,75,63,
1981-08-11,78,58,
1981-08-12,79,62,
1981-08-13,83,64,
1981-08-14,79,67,
1981-08-15,81,64,
1981-08-16,74,60,
1981-08-17,73,54,
1981-08-18,74,51,
1981-08-19,78,53,
1981-08-20,80,54,
1981-08-21,80,59,
1981-08-22,82,61,
1981-08-23,82,59,
1981-08-24,86,64,
1981-08-25,86,69,
1981-08-26,81,65,
1981-08-27,80,64,
1981-08-28,80,67,
1981-08-29,81,65,
1981-08-30,84,68,
1981-08-31,87,64,
1981-09-01,79,67,
1981-09-02,72,64,
1981-09-03,69,62,
1981-09-04,76,60,
1981-09-05,77,56,
1981-09-06,76,56,
1981-09-07,75,59,
1981-09-08,73,54,
1981-09-09,75,51,
1981-09-10,84,56,
1981-09-11,82,62,
1981-09-12,86,64,
1981-09-13,86,63,
1981-09-14,80,61,
1981-09-15,76,57,
1981-09-16,65,50,
1981-09-17,58,42,
1981-09-18,63,43,
1981-09-19,75,45,
1981-09-20,78,54,
1981-09-21,80,50,
1981-09-22,66,47,
1981-09-23,67,42,
1981-09-24,75,48,
1981-09-25,80,59,
1981-09-26,85,64,
1981-09-27,74,53,
1981-09-28,66,43,
1981-09-29,63,47,
1981-09-30,86,51,
1981-10-01,73,44,
1981-10-02,56,35,
1981-10-03,62,33,
1981-10-04,69,48,
1981-10-05,83,58,
1981-10-06,67,47,
1981-10-07,60,39,
1981-10-08,60,35,
1981-10-09,67,44,
1981-10-10,63,49,
1981-10-11,66,42,
1981-10-12,69,46,
1981-10-13,74,48,
1981-10-14,62,54,
1981-10-15,62,52,
1981-10-16,65,47,
1981-10-17,66,49,
1981-10-18,52,40,
1981-10-19,52,30,
1981-10-20,71,38,
1981-10-21,66,44,
1981-10-22,48,35,
1981-10-23,36,26,
1981-10-24,43,19,
1981-10-25,56,30,
1981-10-26,47,40,
1981-10-27,60,42,
1981-10-28,65,39,
1981-10-29,66,45,
1981-10-30,73,48,
1981-10-31,72,51,
1981-11-01,68,55,
1981-11-02,66,58,
1981-11-03,70,57,
1981-11-04,68,52,
1981-11-05,58,43,
1981-11-06,54,35,
1981-11-07,61,34,
1981-11-08,63,40,
1981-11-09,50,32,
1981-11-10,48,24,
1981-11-11,55,34,
1981-11-12,54,30,
1981-11-13,56,33,
1981-11-14,59,29,
1981-11-15,60,35,
1981-11-16,54,NA,
1981-11-17,58,34,
1981-11-18,57,36,
1981-11-19,61,34,
1981-11-20,34,28,
1981-11-21,29,22,
1981-11-22,37,16,
1981-11-23,41,28,
1981-11-24,41,31,
1981-11-25,44,34,
1981-11-26,62,38,
1981-11-27,38,31,
1981-11-28,NA,28,
1981-11-29,40,25,
1981-11-30,42,27,
1981-12-01,49,35,
1981-12-02,39,33,
1981-12-03,43,30,
1981-12-04,40,32,
1981-12-05,41,27,
1981-12-06,45,28,
1981-12-07,54,34,
1981-12-08,36,30,
1981-12-09,33,24,
1981-12-10,32,17,
1981-12-11,35,22,
1981-12-12,37,20,
1981-12-13,38,27,
1981-12-14,37,26,
1981-12-15,27,16,
1981-12-16,30,21,
1981-12-17,23,10,
1981-12-18,14,2,
1981-12-19,11,-3,
1981-12-20,28,-10,
1981-12-21,32,28,
1981-12-22,34,30,
1981-12-23,NA,12,
1981-12-24,30,13,
1981-12-25,34,15,
1981-12-26,38,20,
1981-12-27,32,23,
1981-12-28,30,10,
1981-12-29,13,-2,
1981-12-30,32,5,
1981-12-31,35,17,
1982-01-01,21,8,
1982-01-02,37,18,
1982-01-03,36,33,
1982-01-04,38,17,
1982-01-05,39,13,
1982-01-06,33,18,
1982-01-07,18,2,
1982-01-08,27,1,
1982-01-09,21,-13,
1982-01-10,-5,-23,
1982-01-11,7,-5,
1982-01-12,17,4,
1982-01-13,15,8,
1982-01-14,10,-3,
1982-01-15,25,-10,
1982-01-16,13,-15,
1982-01-17,3,-18,
1982-01-18,23,3,
1982-01-19,30,14,
1982-01-20,32,20,
1982-01-21,NA,21,
1982-01-22,39,18,
1982-01-23,41,6,
1982-01-24,13,1,
1982-01-25,16,0,
1982-01-26,14,-4,
1982-01-27,37,12,
1982-01-28,36,18,
1982-01-29,36,19,
1982-01-30,39,27,
1982-01-31,27,10,
1982-02-01,20,2,
1982-02-02,31,14,
1982-02-03,25,16,
1982-02-04,25,13,
1982-02-05,20,3,
1982-02-06,4,-10,
1982-02-07,22,0,
1982-02-08,29,12,
1982-02-09,20,-5,
1982-02-10,8,-14,
1982-02-11,22,5,
1982-02-12,28,12,
1982-02-13,27,12,
1982-02-14,39,NA,
1982-02-15,41,32,
1982-02-16,39,33,
1982-02-17,36,31,
1982-02-18,33,31,
1982-02-19,34,31,
1982-02-20,45,32,
1982-02-21,40,32,
1982-02-22,42,26,
1982-02-23,47,34,
1982-02-24,34,28,
1982-02-25,29,21,
1982-02-26,34,19,
1982-02-27,40,22,
1982-02-28,45,22,
1982-03-01,50,33,
1982-03-02,47,26,
1982-03-03,29,21,
1982-03-04,34,25,
1982-03-05,31,19,
1982-03-06,29,22,
1982-03-07,25,16,
1982-03-08,33,13,
1982-03-09,33,10,
1982-03-10,53,33,
1982-03-11,48,37,
1982-03-12,63,35,
1982-03-13,54,35,
1982-03-14,51,35,
1982-03-15,44,39,
1982-03-16,68,43,
1982-03-17,46,38,
1982-03-18,50,37,
1982-03-19,41,36,
1982-03-20,57,40,
1982-03-21,40,34,
1982-03-22,48,34,
1982-03-23,54,34,
1982-03-24,57,41,
1982-03-25,46,32,
1982-03-26,37,20,
1982-03-27,37,24,
1982-03-28,45,22,
1982-03-29,60,29,
1982-03-30,65,49,
1982-03-31,62,47,
1982-04-01,70,41,
1982-04-02,71,NA,
1982-04-03,51,30,
1982-04-04,41,24,
1982-04-05,36,19,
1982-04-06,29,17,
1982-04-07,32,16,
1982-04-08,32,27,
1982-04-09,34,26,
1982-04-10,44,26,
1982-04-11,48,29,
1982-04-12,67,37,
1982-04-13,59,40,
1982-04-14,60,37,
1982-04-15,78,42,
1982-04-16,70,58,
1982-04-17,58,46,
1982-04-18,63,41,
1982-04-19,63,45,
1982-04-20,57,37,
1982-04-21,54,32,
1982-04-22,59,40,
1982-04-23,65,40,
1982-04-24,70,43,
1982-04-25,65,48,
1982-04-26,72,40,
1982-04-27,60,36,
1982-04-28,62,36,
1982-04-29,66,45,
1982-04-30,66,52,
1982-05-01,72,52,
1982-05-02,76,51,
1982-05-03,79,52,
1982-05-04,79,60,
1982-05-05,86,60,
1982-05-06,81,59,
1982-05-07,67,47,
1982-05-08,77,48,
1982-05-09,83,55,
1982-05-10,82,55,
1982-05-11,86,55,
1982-05-12,86,60,
1982-05-13,87,64,
1982-05-14,89,64,
1982-05-15,81,61,
1982-05-16,85,60,
1982-05-17,88,61,
1982-05-18,83,64,
1982-05-19,84,63,
1982-05-20,90,48,
1982-05-21,77,47,
1982-05-22,66,56,
1982-05-23,70,57,
1982-05-24,68,56,
1982-05-25,74,53,
1982-05-26,77,61,
1982-05-27,74,60,
1982-05-28,78,59,
1982-05-29,78,64,
1982-05-30,80,65,
1982-05-31,79,58,
1982-06-01,69,53,
1982-06-02,73,54,
1982-06-03,69,49,
1982-06-04,60,50,
1982-06-05,75,49,
1982-06-06,79,54,
1982-06-07,80,63,
1982-06-08,79,66,
1982-06-09,78,65,
1982-06-10,77,54,
1982-06-11,78,54,
1982-06-12,75,62,
1982-06-13,78,59,
1982-06-14,81,55,
1982-06-15,84,59,
1982-06-16,67,53,
1982-06-17,75,49,
1982-06-18,79,60,
1982-06-19,70,54,
1982-06-20,79,56,
1982-06-21,77,57,
1982-06-22,75,58,
1982-06-23,76,51,
1982-06-24,80,57,
1982-06-25,84,58,
1982-06-26,84,62,
1982-06-27,88,69,
1982-06-28,79,68,
1982-06-29,86,63,
1982-06-30,74,57,
1982-07-01,76,57,
1982-07-02,80,60,
1982-07-03,81,66,
1982-07-04,89,71,
1982-07-05,88,69,
1982-07-06,89,73,
1982-07-07,86,71,
1982-07-08,85,66,
1982-07-09,86,64,
1982-07-10,82,68,
1982-07-11,75,63,
1982-07-12,82,62,
1982-07-13,84,64,
1982-07-14,85,65,
1982-07-15,87,67,
1982-07-16,88,68,
1982-07-17,90,72,
1982-07-18,83,72,
1982-07-19,83,68,
1982-07-20,86,70,
1982-07-21,87,68,
1982-07-22,75,66,
1982-07-23,82,63,
1982-07-24,85,63,
1982-07-25,87,67,
1982-07-26,87,70,
1982-07-27,88,72,
1982-07-28,81,64,
1982-07-29,83,60,
1982-07-30,83,66,
1982-07-31,83,63,
1982-08-01,83,62,
1982-08-02,91,65,
1982-08-03,92,72,
1982-08-04,93,74,
1982-08-05,85,70,
1982-08-06,87,74,
1982-08-07,82,72,
1982-08-08,85,67,
1982-08-09,78,60,
1982-08-10,66,58,
1982-08-11,73,52,
1982-08-12,75,53,
1982-08-13,79,57,
1982-08-14,81,56,
1982-08-15,83,63,
1982-08-16,84,66,
1982-08-17,85,62,
1982-08-18,82,58,
1982-08-19,84,60,
1982-08-20,82,64,
1982-08-21,79,59,
1982-08-22,77,55,
1982-08-23,77,62,
1982-08-24,79,58,
1982-08-25,77,55,
1982-08-26,73,56,
1982-08-27,72,54,
1982-08-28,71,50,
1982-08-29,80,50,
1982-08-30,78,64,
1982-08-31,81,62,
1982-09-01,85,67,
1982-09-02,82,61,
1982-09-03,76,52,
1982-09-04,78,49,
1982-09-05,81,52,
1982-09-06,74,60,
1982-09-07,76,60,
1982-09-08,78,57,
1982-09-09,81,58,
1982-09-10,85,61,
1982-09-11,87,63,
1982-09-12,85,67,
1982-09-13,85,70,
1982-09-14,88,67,
1982-09-15,80,60,
1982-09-16,72,54,
1982-09-17,75,52,
1982-09-18,70,52,
1982-09-19,72,47,
1982-09-20,64,46,
1982-09-21,61,40,
1982-09-22,64,43,
1982-09-23,70,40,
1982-09-24,75,52,
1982-09-25,NA,48,
1982-09-26,66,49,
1982-09-27,69,50,
1982-09-28,76,48,
1982-09-29,84,55,
1982-09-30,86,56,
1982-10-01,84,58,
1982-10-02,82,56,
1982-10-03,76,56,
1982-10-04,79,55,
1982-10-05,85,60,
1982-10-06,85,64,
1982-10-07,70,48,
1982-10-08,81,47,
1982-10-09,83,59,
1982-10-10,68,50,
1982-10-11,57,46,
1982-10-12,64,42,
1982-10-13,58,43,
1982-10-14,58,46,
1982-10-15,67,45,
1982-10-16,57,37,
1982-10-17,62,35,
1982-10-18,70,41,
1982-10-19,62,47,
1982-10-20,47,33,
1982-10-21,40,29,
1982-10-22,49,27,
1982-10-23,53,29,
1982-10-24,56,31,
1982-10-25,60,32,
1982-10-26,63,32,
1982-10-27,65,38,
1982-10-28,70,47,
1982-10-29,62,42,
1982-10-30,56,39,
1982-10-31,66,52,
1982-11-01,70,58,
1982-11-02,63,49,
1982-11-03,50,32,
1982-11-04,34,27,
1982-11-05,32,27,
1982-11-06,46,23,
1982-11-07,64,33,
1982-11-08,65,46,
1982-11-09,68,44,
1982-11-10,69,46,
1982-11-11,64,54,
1982-11-12,58,22,
1982-11-13,26,18,
1982-11-14,37,23,
1982-11-15,35,17,
1982-11-16,43,23,
1982-11-17,53,28,
1982-11-18,55,42,
1982-11-19,57,51,
1982-11-20,62,49,
1982-11-21,54,40,
1982-11-22,51,38,
1982-11-23,49,26,
1982-11-24,28,17,
1982-11-25,34,19,
1982-11-26,37,31,
1982-11-27,38,28,
1982-11-28,48,32,
1982-11-29,44,36,
1982-11-30,62,36,
1982-12-01,61,49,
1982-12-02,69,61,
1982-12-03,62,50,
1982-12-04,58,46,
1982-12-05,62,43,
1982-12-06,44,36,
1982-12-07,48,33,
1982-12-08,41,23,
1982-12-09,30,15,
1982-12-10,33,28,
1982-12-11,28,11,
1982-12-12,22,8,
1982-12-13,33,13,
1982-12-14,40,29,
1982-12-15,39,32,
1982-12-16,35,27,
1982-12-17,34,22,
1982-12-18,45,32,
1982-12-19,40,32,
1982-12-20,33,30,
1982-12-21,38,22,
1982-12-22,48,31,
1982-12-23,59,47,
1982-12-24,59,51,
1982-12-25,62,35,
1982-12-26,40,32,
1982-12-27,61,40,
1982-12-28,61,26,
1982-12-29,26,19,
1982-12-30,30,17,
1982-12-31,36,24,
1983-01-01,40,25,
1983-01-02,34,22,
1983-01-03,30,16,
1983-01-04,39,19,
1983-01-05,31,28,
1983-01-06,44,28,
1983-01-07,35,27,
1983-01-08,37,28,
1983-01-09,44,26,
1983-01-10,44,35,
1983-01-11,35,25,
1983-01-12,25,18,
1983-01-13,41,21,
1983-01-14,38,30,
1983-01-15,31,19,
1983-01-16,30,19,
1983-01-17,26,14,
1983-01-18,26,10,
1983-01-19,27,13,
1983-01-20,31,19,
1983-01-21,33,25,
1983-01-22,35,32,
1983-01-23,33,32,
1983-01-24,34,29,
1983-01-25,32,28,
1983-01-26,31,25,
1983-01-27,33,23,
1983-01-28,31,22,
1983-01-29,38,31,
1983-01-30,34,26,
1983-01-31,32,23,
1983-02-01,34,26,
1983-02-02,38,26,
1983-02-03,NA,11,
1983-02-04,22,6,
1983-02-05,28,17,
1983-02-06,30,18,
1983-02-07,23,13,
1983-02-08,38,14,
1983-02-09,38,32,
1983-02-10,37,28,
1983-02-11,36,24,
1983-02-12,38,22,
1983-02-13,42,24,
1983-02-14,50,27,
1983-02-15,51,33,
1983-02-16,39,34,
1983-02-17,37,33,
1983-02-18,44,33,
1983-02-19,60,35,
1983-02-20,64,40,
1983-02-21,64,42,
1983-02-22,64,42,
1983-02-23,42,34,
1983-02-24,38,29,
1983-02-25,33,25,
1983-02-26,42,21,
1983-02-27,49,27,
1983-02-28,55,30,
1983-03-01,59,30,
1983-03-02,70,36,
1983-03-03,73,43,
1983-03-04,76,53,
1983-03-05,72,NA,
1983-03-06,68,52,
1983-03-07,60,45,
1983-03-08,45,28,
1983-03-09,29,25,
1983-03-10,30,23,
1983-03-11,33,27,
1983-03-12,44,27,
1983-03-13,58,28,
1983-03-14,44,35,
1983-03-15,59,32,
1983-03-16,63,37,
1983-03-17,60,36,
1983-03-18,46,37,
1983-03-19,42,35,
1983-03-20,36,28,
1983-03-21,28,23,
1983-03-22,29,16,
1983-03-23,34,15,
1983-03-24,33,20,
1983-03-25,38,18,
1983-03-26,47,32,
1983-03-27,46,34,
1983-03-28,38,32,
1983-03-29,46,30,
1983-03-30,43,36,
1983-03-31,48,38,
1983-04-01,51,42,
1983-04-02,51,41,
1983-04-03,41,38,
1983-04-04,46,38,
1983-04-05,52,42,
1983-04-06,55,42,
1983-04-07,48,38,
1983-04-08,55,37,
1983-04-09,50,40,
1983-04-10,NA,38,
1983-04-11,51,35,
1983-04-12,62,37,
1983-04-13,66,52,
1983-04-14,56,34,
1983-04-15,46,33,
1983-04-16,54,31,
1983-04-17,42,28,
1983-04-18,39,26,
1983-04-19,46,25,
1983-04-20,54,29,
1983-04-21,63,36,
1983-04-22,65,47,
1983-04-23,68,42,
1983-04-24,59,40,
1983-04-25,71,40,
1983-04-26,78,48,
1983-04-27,79,57,
1983-04-28,59,50,
1983-04-29,63,46,
1983-04-30,64,52,
1983-05-01,69,51,
1983-05-02,62,52,
1983-05-03,54,46,
1983-05-04,65,43,
1983-05-05,68,45,
1983-05-06,77,54,
1983-05-07,72,45,
1983-05-08,59,35,
1983-05-09,64,33,
1983-05-10,72,43,
1983-05-11,83,49,
1983-05-12,72,62,
1983-05-13,78,60,
1983-05-14,67,52,
1983-05-15,59,40,
1983-05-16,65,38,
1983-05-17,66,44,
1983-05-18,64,55,
1983-05-19,67,56,
1983-05-20,72,52,
1983-05-21,74,54,
1983-05-22,NA,57,
1983-05-23,68,57,
1983-05-24,76,49,
1983-05-25,68,49,
1983-05-26,68,44,
1983-05-27,72,46,
1983-05-28,71,55,
1983-05-29,71,57,
1983-05-30,69,46,
1983-05-31,60,49,
1983-06-01,73,47,
1983-06-02,66,57,
1983-06-03,70,58,
1983-06-04,76,58,
1983-06-05,79,58,
1983-06-06,69,54,
1983-06-07,79,51,
1983-06-08,82,54,
1983-06-09,83,58,
1983-06-10,87,63,
1983-06-11,87,63,
1983-06-12,87,65,
1983-06-13,89,63,
1983-06-14,87,63,
1983-06-15,80,61,
1983-06-16,85,64,
1983-06-17,87,64,
1983-06-18,86,64,
1983-06-19,80,64,
1983-06-20,86,67,
1983-06-21,87,68,
1983-06-22,88,65,
1983-06-23,91,69,
1983-06-24,93,71,
1983-06-25,93,67,
1983-06-26,94,70,
1983-06-27,81,71,
1983-06-28,85,69,
1983-06-29,87,67,
1983-06-30,85,70,
1983-07-01,89,73,
1983-07-02,91,72,
1983-07-03,86,71,
1983-07-04,78,65,
1983-07-05,75,56,
1983-07-06,74,50,
1983-07-07,79,53,
1983-07-08,85,57,
1983-07-09,89,63,
1983-07-10,90,66,
1983-07-11,91,69,
1983-07-12,92,71,
1983-07-13,92,70,
1983-07-14,91,75,
1983-07-15,90,72,
1983-07-16,90,73,
1983-07-17,92,73,
1983-07-18,93,75,
1983-07-19,96,76,
1983-07-20,97,69,
1983-07-21,97,78,
1983-07-22,99,78,
1983-07-23,99,77,
1983-07-24,90,70,
1983-07-25,87,68,
1983-07-26,88,65,
1983-07-27,90,64,
1983-07-28,97,68,
1983-07-29,94,72,
1983-07-30,89,70,
1983-07-31,91,73,
1983-08-01,86,65,
1983-08-02,86,62,
1983-08-03,90,64,
1983-08-04,87,72,
1983-08-05,90,72,
1983-08-06,88,71,
1983-08-07,89,67,
1983-08-08,92,68,
1983-08-09,87,66,
1983-08-10,90,63,
1983-08-11,NA,66,
1983-08-12,80,61,
1983-08-13,82,58,
1983-08-14,85,61,
1983-08-15,90,67,
1983-08-16,94,66,
1983-08-17,85,70,
1983-08-18,95,75,
1983-08-19,97,75,
1983-08-20,99,75,
1983-08-21,95,73,
1983-08-22,88,71,
1983-08-23,85,68,
1983-08-24,90,69,
1983-08-25,93,73,
1983-08-26,86,73,
1983-08-27,91,69,
1983-08-28,89,69,
1983-08-29,90,66,
1983-08-30,81,68,
1983-08-31,85,66,
1983-09-01,84,64,
1983-09-02,86,62,
1983-09-03,88,61,
1983-09-04,90,63,
1983-09-05,91,67,
1983-09-06,87,66,
1983-09-07,85,58,
1983-09-08,91,54,
1983-09-09,96,63,
1983-09-10,95,70,
1983-09-11,74,63,
1983-09-12,83,59,
1983-09-13,75,52,
1983-09-14,73,47,
1983-09-15,71,53,
1983-09-16,75,55,
1983-09-17,85,49,
1983-09-18,92,69,
1983-09-19,91,69,
1983-09-20,75,44,
1983-09-21,55,39,
1983-09-22,58,34,
1983-09-23,60,36,
1983-09-24,69,38,
1983-09-25,65,52,
1983-09-26,77,56,
1983-09-27,82,52,
1983-09-28,84,56,
1983-09-29,83,52,
1983-09-30,84,53,
1983-10-01,84,50,
1983-10-02,87,53,
1983-10-03,87,63,
1983-10-04,72,61,
1983-10-05,73,54,
1983-10-06,71,47,
1983-10-07,77,46,
1983-10-08,62,47,
1983-10-09,65,45,
1983-10-10,68,42,
1983-10-11,70,52,
1983-10-12,60,42,
1983-10-13,54,36,
1983-10-14,62,32,
1983-10-15,72,46,
1983-10-16,67,49,
1983-10-17,57,44,
1983-10-18,62,45,
1983-10-19,53,45,
1983-10-20,50,45,
1983-10-21,55,47,
1983-10-22,64,53,
1983-10-23,53,48,
1983-10-24,55,48,
1983-10-25,56,42,
1983-10-26,60,37,
1983-10-27,65,36,
1983-10-28,73,48,
1983-10-29,55,39,
1983-10-30,60,39,
1983-10-31,65,46,
1983-11-01,70,52,
1983-11-02,63,55,
1983-11-03,56,38,
1983-11-04,48,29,
1983-11-05,55,31,
1983-11-06,58,35,
1983-11-07,61,44,
1983-11-08,64,39,
1983-11-09,67,44,
1983-11-10,56,36,
1983-11-11,39,29,
1983-11-12,37,25,
1983-11-13,40,30,
1983-11-14,49,31,
1983-11-15,47,37,
1983-11-16,43,35,
1983-11-17,67,29,
1983-11-18,59,38,
1983-11-19,63,53,
1983-11-20,56,42,
1983-11-21,60,37,
1983-11-22,60,41,
1983-11-23,64,31,
1983-11-24,36,29,
1983-11-25,50,27,
1983-11-26,55,36,
1983-11-27,49,42,
1983-11-28,49,32,
1983-11-29,33,28,
1983-11-30,31,22,
1983-12-01,29,18,
1983-12-02,34,24,
1983-12-03,32,23,
1983-12-04,34,30,
1983-12-05,43,34,
1983-12-06,38,20,
1983-12-07,31,14,
1983-12-08,29,18,
1983-12-09,36,28,
1983-12-10,38,24,
1983-12-11,45,37,
1983-12-12,37,32,
1983-12-13,37,31,
1983-12-14,33,20,
1983-12-15,28,17,
1983-12-16,17,8,
1983-12-17,18,7,
1983-12-18,10,-11,
1983-12-19,3,-13,
1983-12-20,20,NA,
1983-12-21,26,NA,
1983-12-22,15,-12,
1983-12-23,-3,-14,
1983-12-24,-12,-20,
1983-12-25,-3,-15,
1983-12-26,13,-9,
1983-12-27,21,13,
1983-12-28,21,1,
1983-12-29,4,-9,
1983-12-30,10,-11,
1983-12-31,23,1,
1984-01-01,30,18,
1984-01-02,32,16,
1984-01-03,33,19,
1984-01-04,38,27,
1984-01-05,38,24,
1984-01-06,37,29,
1984-01-07,37,21,
1984-01-08,33,26,
1984-01-09,32,24,
1984-01-10,26,4,
1984-01-11,23,2,
1984-01-12,29,12,
1984-01-13,29,18,
1984-01-14,24,15,
1984-01-15,22,8,
1984-01-16,23,9,
1984-01-17,22,5,
1984-01-18,9,-5,
1984-01-19,11,-8,
1984-01-20,5,-11,
1984-01-21,8,-16,
1984-01-22,26,4,
1984-01-23,33,22,
1984-01-24,37,29,
1984-01-25,38,24,
1984-01-26,38,26,
1984-01-27,33,19,
1984-01-28,38,16,
1984-01-29,33,17,
1984-01-30,35,13,
1984-01-31,29,11,
1984-02-01,40,19,
1984-02-02,41,30,
1984-02-03,40,31,
1984-02-04,34,25,
1984-02-05,28,9,
1984-02-06,13,0,
1984-02-07,25,5,
1984-02-08,36,NA,
1984-02-09,47,23,
1984-02-10,40,NA,
1984-02-11,49,30,
1984-02-12,58,44,
1984-02-13,54,37,
1984-02-14,59,34,
1984-02-15,58,39,
1984-02-16,47,40,
1984-02-17,44,41,
1984-02-18,50,39,
1984-02-19,47,37,
1984-02-20,44,34,
1984-02-21,50,30,
1984-02-22,59,32,
1984-02-23,63,33,
1984-02-24,43,37,
1984-02-25,46,32,
1984-02-26,44,31,
1984-02-27,31,23,
1984-02-28,30,22,
1984-02-29,31,16,
1984-03-01,35,16,
1984-03-02,37,22,
1984-03-03,34,17,
1984-03-04,35,22,
1984-03-05,35,28,
1984-03-06,27,19,
1984-03-07,27,17,
1984-03-08,26,12,
1984-03-09,27,6,
1984-03-10,29,12,
1984-03-11,30,13,
1984-03-12,26,13,
1984-03-13,33,23,
1984-03-14,34,28,
1984-03-15,54,32,
1984-03-16,40,29,
1984-03-17,33,30,
1984-03-18,32,27,
1984-03-19,43,29,
1984-03-20,49,31,
1984-03-21,35,29,
1984-03-22,41,31,
1984-03-23,49,28,
1984-03-24,47,35,
1984-03-25,37,35,
1984-03-26,49,31,
1984-03-27,46,37,
1984-03-28,47,33,
1984-03-29,46,30,
1984-03-30,43,30,
1984-03-31,47,32,
1984-04-01,55,31,
1984-04-02,54,39,
1984-04-03,45,39,
1984-04-04,53,39,
1984-04-05,56,38,
1984-04-06,55,37,
1984-04-07,59,34,
1984-04-08,49,43,
1984-04-09,58,42,
1984-04-10,63,41,
1984-04-11,66,38,
1984-04-12,61,48,
1984-04-13,64,46,
1984-04-14,53,44,
1984-04-15,48,42,
1984-04-16,46,37,
1984-04-17,48,37,
1984-04-18,47,37,
1984-04-19,52,39,
1984-04-20,58,37,
1984-04-21,48,43,
1984-04-22,52,41,
1984-04-23,44,38,
1984-04-24,63,38,
1984-04-25,74,47,
1984-04-26,78,56,
1984-04-27,77,60,
1984-04-28,71,48,
1984-04-29,68,54,
1984-04-30,65,43,
1984-05-01,64,38,
1984-05-02,72,49,
1984-05-03,56,46,
1984-05-04,57,45,
1984-05-05,64,50,
1984-05-06,69,50,
1984-05-07,68,50,
1984-05-08,55,40,
1984-05-09,63,39,
1984-05-10,69,47,
1984-05-11,70,55,
1984-05-12,73,52,
1984-05-13,80,46,
1984-05-14,68,42,
1984-05-15,68,45,
1984-05-16,72,39,
1984-05-17,78,47,
1984-05-18,87,55,
1984-05-19,88,61,
1984-05-20,70,58,
1984-05-21,74,59,
1984-05-22,79,58,
1984-05-23,69,53,
1984-05-24,76,51,
1984-05-25,71,57,
1984-05-26,67,53,
1984-05-27,64,52,
1984-05-28,60,42,
1984-05-29,59,40,
1984-05-30,69,44,
1984-05-31,74,52,
1984-06-01,84,54,
1984-06-02,88,62,
1984-06-03,82,59,
1984-06-04,84,58,
1984-06-05,88,63,
1984-06-06,89,70,
1984-06-07,83,69,
1984-06-08,86,72,
1984-06-09,89,70,
1984-06-10,90,69,
1984-06-11,88,62,
1984-06-12,93,69,
1984-06-13,93,70,
1984-06-14,85,58,
1984-06-15,80,54,
1984-06-16,92,67,
1984-06-17,92,74,
1984-06-18,91,NA,
1984-06-19,91,68,
1984-06-20,92,68,
1984-06-21,80,69,
1984-06-22,91,65,
1984-06-23,90,69,
1984-06-24,91,63,
1984-06-25,84,63,
1984-06-26,83,61,
1984-06-27,85,65,
1984-06-28,85,61,
1984-06-29,80,60,
1984-06-30,77,56,
1984-07-01,82,57,
1984-07-02,87,60,
1984-07-03,91,63,
1984-07-04,77,66,
1984-07-05,83,66,
1984-07-06,79,59,
1984-07-07,75,54,
1984-07-08,79,55,
1984-07-09,95,63,
1984-07-10,93,75,
1984-07-11,80,67,
1984-07-12,87,66,
1984-07-13,89,65,
1984-07-14,90,66,
1984-07-15,85,69,
1984-07-16,80,63,
1984-07-17,83,61,
1984-07-18,80,57,
1984-07-19,83,55,
1984-07-20,79,67,
1984-07-21,88,63,
1984-07-22,89,67,
1984-07-23,90,66,
1984-07-24,89,69,
1984-07-25,80,66,
1984-07-26,73,58,
1984-07-27,78,56,
1984-07-28,78,58,
1984-07-29,80,56,
1984-07-30,81,56,
1984-07-31,81,60,
1984-08-01,87,64,
1984-08-02,88,66,
1984-08-03,87,68,
1984-08-04,82,68,
1984-08-05,85,64,
1984-08-06,89,65,
1984-08-07,92,70,
1984-08-08,90,69,
1984-08-09,91,67,
1984-08-10,89,67,
1984-08-11,84,63,
1984-08-12,85,62,
1984-08-13,84,61,
1984-08-14,85,62,
1984-08-15,88,62,
1984-08-16,92,67,
1984-08-17,80,67,
1984-08-18,84,66,
1984-08-19,81,59,
1984-08-20,80,57,
1984-08-21,85,58,
1984-08-22,85,60,
1984-08-23,77,52,
1984-08-24,79,51,
1984-08-25,80,53,
1984-08-26,84,55,
1984-08-27,86,58,
1984-08-28,93,68,
1984-08-29,93,69,
1984-08-30,89,63,
1984-08-31,85,56,
1984-09-01,94,62,
1984-09-02,93,64,
1984-09-03,70,54,
1984-09-04,76,50,
1984-09-05,74,50,
1984-09-06,73,49,
1984-09-07,86,59,
1984-09-08,83,59,
1984-09-09,76,60,
1984-09-10,82,63,
1984-09-11,82,63,
1984-09-12,86,62,
1984-09-13,88,70,
1984-09-14,70,53,
1984-09-15,65,45,
1984-09-16,66,40,
1984-09-17,70,44,
1984-09-18,75,43,
1984-09-19,84,51,
1984-09-20,89,57,
1984-09-21,87,55,
1984-09-22,76,63,
1984-09-23,80,61,
1984-09-24,81,67,
1984-09-25,77,46,
1984-09-26,55,35,
1984-09-27,54,42,
1984-09-28,60,38,
1984-09-29,57,36,
1984-09-30,61,38,
1984-10-01,66,35,
1984-10-02,67,35,
1984-10-03,80,53,
1984-10-04,77,47,
1984-10-05,74,56,
1984-10-06,69,57,
1984-10-07,64,58,
1984-10-08,76,61,
1984-10-09,75,57,
1984-10-10,78,54,
1984-10-11,73,57,
1984-10-12,77,59,
1984-10-13,70,61,
1984-10-14,68,60,
1984-10-15,72,59,
1984-10-16,75,52,
1984-10-17,68,45,
1984-10-18,72,43,
1984-10-19,66,42,
1984-10-20,47,36,
1984-10-21,51,44,
1984-10-22,57,40,
1984-10-23,56,36,
1984-10-24,61,32,
1984-10-25,63,47,
1984-10-26,66,56,
1984-10-27,76,51,
1984-10-28,64,44,
1984-10-29,60,43,
1984-10-30,61,51,
1984-10-31,69,47,
1984-11-01,64,31,
1984-11-02,39,24,
1984-11-03,59,29,
1984-11-04,61,44,
1984-11-05,NA,31,
1984-11-06,52,26,
1984-11-07,56,32,
1984-11-08,58,42,
1984-11-09,65,48,
1984-11-10,57,34,
1984-11-11,35,27,
1984-11-12,42,25,
1984-11-13,47,25,
1984-11-14,54,32,
1984-11-15,55,32,
1984-11-16,40,27,
1984-11-17,40,25,
1984-11-18,39,31,
1984-11-19,38,22,
1984-11-20,38,19,
1984-11-21,40,20,
1984-11-22,42,19,
1984-11-23,50,28,
1984-11-24,56,26,
1984-11-25,55,34,
1984-11-26,59,40,
1984-11-27,55,34,
1984-11-28,41,28,
1984-11-29,50,28,
1984-11-30,46,31,
1984-12-01,43,28,
1984-12-02,45,28,
1984-12-03,30,20,
1984-12-04,30,15,
1984-12-05,30,16,
1984-12-06,24,2,
1984-12-07,32,9,
1984-12-08,46,26,
1984-12-09,46,27,
1984-12-10,48,27,
1984-12-11,43,31,
1984-12-12,58,41,
1984-12-13,41,38,
1984-12-14,60,41,
1984-12-15,54,39,
1984-12-16,64,46,
1984-12-17,59,33,
1984-12-18,38,22,
1984-12-19,37,30,
1984-12-20,36,27,
1984-12-21,55,36,
1984-12-22,35,28,
1984-12-23,46,28,
1984-12-24,NA,6,
1984-12-25,24,4,
1984-12-26,38,21,
1984-12-27,55,38,
1984-12-28,68,55,
1984-12-29,62,39,
1984-12-30,42,32,
1984-12-31,42,38,
1985-01-01,38,22,
1985-01-02,21,10,
1985-01-03,28,NA,
1985-01-04,34,15,
1985-01-05,40,26,
1985-01-06,32,26,
1985-01-07,35,29,
1985-01-08,34,23,
1985-01-09,28,20,
1985-01-10,25,20,
1985-01-11,25,12,
1985-01-12,15,2,
1985-01-13,33,8,
1985-01-14,30,10,
1985-01-15,22,5,
1985-01-16,28,12,
1985-01-17,30,16,
1985-01-18,34,9,
1985-01-19,9,-20,
1985-01-20,-4,-24,
1985-01-21,19,-4,
1985-01-22,22,11,
1985-01-23,NA,12,
1985-01-24,31,20,
1985-01-25,31,2,
1985-01-26,21,-3,
1985-01-27,32,18,
1985-01-28,23,8,
1985-01-29,29,6,
1985-01-30,30,22,
1985-01-31,27,-2,
1985-02-01,12,-2,
1985-02-02,15,0,
1985-02-03,22,-4,
1985-02-04,26,7,
1985-02-05,27,16,
1985-02-06,20,7,
1985-02-07,14,-1,
1985-02-08,23,0,
1985-02-09,25,9,
1985-02-10,34,21,
1985-02-11,33,23,
1985-02-12,23,12,
1985-02-13,26,NA,
1985-02-14,20,6,
1985-02-15,19,3,
1985-02-16,39,11,
1985-02-17,41,25,
1985-02-18,42,27,
1985-02-19,35,21,
1985-02-20,49,28,
1985-02-21,47,35,
1985-02-22,51,47,
1985-02-23,57,50,
1985-02-24,52,36,
1985-02-25,41,34,
1985-02-26,51,28,
1985-02-27,30,23,
1985-02-28,45,23,
1985-03-01,45,NA,
1985-03-02,48,33,
1985-03-03,46,32,
1985-03-04,57,27,
1985-03-05,32,22,
1985-03-06,39,21,
1985-03-07,50,30,
1985-03-08,56,42,
1985-03-09,58,36,
1985-03-10,62,35,
1985-03-11,59,39,
1985-03-12,50,33,
1985-03-13,44,36,
1985-03-14,57,32,
1985-03-15,52,32,
1985-03-16,55,34,
1985-03-17,45,27,
1985-03-18,48,22,
1985-03-19,67,38,
1985-03-20,61,33,
1985-03-21,49,32,
1985-03-22,52,34,
1985-03-23,52,39,
1985-03-24,46,37,
1985-03-25,49,37,
1985-03-26,65,34,
1985-03-27,70,54,
1985-03-28,81,58,
1985-03-29,61,44,
1985-03-30,45,37,
1985-03-31,50,33,
1985-04-01,48,31,
1985-04-02,53,29,
1985-04-03,61,46,
1985-04-04,72,46,
1985-04-05,NA,38,
1985-04-06,53,34,
1985-04-07,51,37,
1985-04-08,42,30,
1985-04-09,45,26,
1985-04-10,49,30,
1985-04-11,67,41,
1985-04-12,74,48,
1985-04-13,73,53,
1985-04-14,61,55,
1985-04-15,68,54,
1985-04-16,69,39,
1985-04-17,76,39,
1985-04-18,83,58,
1985-04-19,83,59,
1985-04-20,83,58,
1985-04-21,83,60,
1985-04-22,81,61,
1985-04-23,78,59,
1985-04-24,61,53,
1985-04-25,77,48,
1985-04-26,83,55,
1985-04-27,73,55,
1985-04-28,73,48,
1985-04-29,76,43,
1985-04-30,79,50,
1985-05-01,64,57,
1985-05-02,69,46,
1985-05-03,72,41,
1985-05-04,74,47,
1985-05-05,80,54,
1985-05-06,74,54,
1985-05-07,74,54,
1985-05-08,80,48,
1985-05-09,82,57,
1985-05-10,79,56,
1985-05-11,79,58,
1985-05-12,86,64,
1985-05-13,81,58,
1985-05-14,84,60,
1985-05-15,66,54,
1985-05-16,60,56,
1985-05-17,61,47,
1985-05-18,74,48,
1985-05-19,80,50,
1985-05-20,81,62,
1985-05-21,77,53,
1985-05-22,65,50,
1985-05-23,78,46,
1985-05-24,83,51,
1985-05-25,86,57,
1985-05-26,90,63,
1985-05-27,75,55,
1985-05-28,73,52,
1985-05-29,79,49,
1985-05-30,87,64,
1985-05-31,85,65,
1985-06-01,83,60,
1985-06-02,87,57,
1985-06-03,79,55,
1985-06-04,70,54,
1985-06-05,75,59,
1985-06-06,76,54,
1985-06-07,83,60,
1985-06-08,92,64,
1985-06-09,91,71,
1985-06-10,87,64,
1985-06-11,67,51,
1985-06-12,61,49,
1985-06-13,71,46,
1985-06-14,70,49,
1985-06-15,78,56,
1985-06-16,82,59,
1985-06-17,77,60,
1985-06-18,73,55,
1985-06-19,73,52,
1985-06-20,80,55,
1985-06-21,84,63,
1985-06-22,82,66,
1985-06-23,87,57,
1985-06-24,86,67,
1985-06-25,88,62,
1985-06-26,91,70,
1985-06-27,87,70,
1985-06-28,70,61,
1985-06-29,80,60,
1985-06-30,84,59,
1985-07-01,82,63,
1985-07-02,84,62,
1985-07-03,82,60,
1985-07-04,85,63,
1985-07-05,82,62,
1985-07-06,83,62,
1985-07-07,86,63,
1985-07-08,88,67,
1985-07-09,88,73,
1985-07-10,82,63,
1985-07-11,83,63,
1985-07-12,80,65,
1985-07-13,92,71,
1985-07-14,87,70,
1985-07-15,83,66,
1985-07-16,81,61,
1985-07-17,81,59,
1985-07-18,84,60,
1985-07-19,86,63,
1985-07-20,85,68,
1985-07-21,82,NA,
1985-07-22,83,57,
1985-07-23,82,54,
1985-07-24,88,61,
1985-07-25,84,69,
1985-07-26,82,63,
1985-07-27,83,59,
1985-07-28,84,60,
1985-07-29,85,60,
1985-07-30,83,66,
1985-07-31,80,64,
1985-08-01,76,60,
1985-08-02,80,55,
1985-08-03,80,58,
1985-08-04,75,65,
1985-08-05,81,68,
1985-08-06,86,65,
1985-08-07,85,64,
1985-08-08,82,61,
1985-08-09,88,63,
1985-08-10,81,64,
1985-08-11,81,56,
1985-08-12,88,62,
1985-08-13,88,70,
1985-08-14,80,67,
1985-08-15,70,63,
1985-08-16,79,60,
1985-08-17,86,68,
1985-08-18,80,64,
1985-08-19,64,56,
1985-08-20,74,54,
1985-08-21,75,52,
1985-08-22,77,58,
1985-08-23,77,62,
1985-08-24,77,58,
1985-08-25,72,53,
1985-08-26,76,60,
1985-08-27,78,55,
1985-08-28,81,53,
1985-08-29,84,57,
1985-08-30,84,62,
1985-08-31,77,59,
1985-09-01,87,63,
1985-09-02,87,66,
1985-09-03,86,65,
1985-09-04,82,69,
1985-09-05,89,72,
1985-09-06,92,72,
1985-09-07,93,70,
1985-09-08,92,68,
1985-09-09,89,64,
1985-09-10,74,61,
1985-09-11,73,53,
1985-09-12,70,48,
1985-09-13,68,42,
1985-09-14,66,44,
1985-09-15,76,44,
1985-09-16,78,42,
1985-09-17,82,52,
1985-09-18,88,60,
1985-09-19,87,56,
1985-09-20,88,54,
1985-09-21,84,57,
1985-09-22,76,57,
1985-09-23,75,46,
1985-09-24,65,34,
1985-09-25,62,NA,
1985-09-26,63,41,
1985-09-27,67,37,
1985-09-28,77,41,
1985-09-29,77,42,
1985-09-30,62,40,
1985-10-01,56,31,
1985-10-02,63,28,
1985-10-03,70,31,
1985-10-04,58,49,
1985-10-05,57,43,
1985-10-06,62,32,
1985-10-07,75,40,
1985-10-08,71,54,
1985-10-09,78,59,
1985-10-10,63,49,
1985-10-11,66,NA,
1985-10-12,84,62,
1985-10-13,76,49,
1985-10-14,72,56,
1985-10-15,67,48,
1985-10-16,66,43,
1985-10-17,77,43,
1985-10-18,73,53,
1985-10-19,69,59,
1985-10-20,61,56,
1985-10-21,67,51,
1985-10-22,60,53,
1985-10-23,72,53,
1985-10-24,76,46,
1985-10-25,69,36,
1985-10-26,72,34,
1985-10-27,67,45,
1985-10-28,60,41,
1985-10-29,53,43,
1985-10-30,56,44,
1985-10-31,58,45,
1985-11-01,59,50,
1985-11-02,51,36,
1985-11-03,44,34,
1985-11-04,44,36,
1985-11-05,48,35,
1985-11-06,60,33,
1985-11-07,50,33,
1985-11-08,60,31,
1985-11-09,61,46,
1985-11-10,61,37,
1985-11-11,44,36,
1985-11-12,62,43,
1985-11-13,67,56,
1985-11-14,63,38,
1985-11-15,46,39,
1985-11-16,50,34,
1985-11-17,60,31,
1985-11-18,65,49,
1985-11-19,68,29,
1985-11-20,30,22,
1985-11-21,35,19,
1985-11-22,40,26,
1985-11-23,39,24,
1985-11-24,32,18,
1985-11-25,52,32,
1985-11-26,60,NA,
1985-11-27,39,33,
1985-11-28,37,34,
1985-11-29,38,32,
1985-11-30,43,38,
1985-12-01,51,10,
1985-12-02,15,8,
1985-12-03,25,7,
1985-12-04,39,25,
1985-12-05,33,18,
1985-12-06,27,16,
1985-12-07,35,21,
1985-12-08,46,23,
1985-12-09,32,27,
1985-12-10,42,32,
1985-12-11,36,28,
1985-12-12,28,22,
1985-12-13,22,4,
1985-12-14,18,2,
1985-12-15,35,17,
1985-12-16,33,14,
1985-12-17,19,0,
1985-12-18,4,-8,
1985-12-19,15,-11,
1985-12-20,15,0,
1985-12-21,21,-4,
1985-12-22,35,21,
1985-12-23,37,26,
1985-12-24,34,-1,
1985-12-25,9,-5,
1985-12-26,37,9,
1985-12-27,39,10,
1985-12-28,26,10,
1985-12-29,27,11,
1985-12-30,40,6,
1985-12-31,39,15,
1986-01-01,42,10,
1986-01-02,39,32,
1986-01-03,37,27,
1986-01-04,36,20,
1986-01-05,32,9,
1986-01-06,26,8,
1986-01-07,18,1,
1986-01-08,27,-1,
1986-01-09,42,15,
1986-01-10,45,25,
1986-01-11,50,22,
1986-01-12,43,21,
1986-01-13,29,16,
1986-01-14,32,16,
1986-01-15,42,13,
1986-01-16,57,21,
1986-01-17,55,38,
1986-01-18,52,35,
1986-01-19,36,31,
1986-01-20,34,29,
1986-01-21,59,29,
1986-01-22,43,24,
1986-01-23,40,16,
1986-01-24,39,24,
1986-01-25,40,28,
1986-01-26,28,0,
1986-01-27,9,-4,
1986-01-28,24,6,
1986-01-29,27,10,
1986-01-30,26,6,
1986-01-31,44,24,
1986-02-01,53,32,
1986-02-02,38,29,
1986-02-03,40,34,
1986-02-04,58,39,
1986-02-05,44,35,
1986-02-06,35,28,
1986-02-07,30,16,
1986-02-08,29,10,
1986-02-09,22,10,
1986-02-10,16,6,
1986-02-11,17,3,
1986-02-12,12,0,
1986-02-13,23,-4,
1986-02-14,29,5,
1986-02-15,20,-6,
1986-02-16,38,16,
1986-02-17,43,36,
1986-02-18,60,30,
1986-02-19,45,34,
1986-02-20,39,29,
1986-02-21,31,18,
1986-02-22,33,18,
1986-02-23,30,21,
1986-02-24,31,20,
1986-02-25,33,9,
1986-02-26,36,30,
1986-02-27,34,14,
1986-02-28,25,11,
1986-03-01,NA,12,
1986-03-02,41,28,
1986-03-03,38,32,
1986-03-04,40,30,
1986-03-05,48,28,
1986-03-06,40,26,
1986-03-07,NA,14,
1986-03-08,38,14,
1986-03-09,68,34,
1986-03-10,64,35,
1986-03-11,48,33,
1986-03-12,49,39,
1986-03-13,65,38,
1986-03-14,52,32,
1986-03-15,41,35,
1986-03-16,40,36,
1986-03-17,55,34,
1986-03-18,62,40,
1986-03-19,53,30,
1986-03-20,30,15,
1986-03-21,37,13,
1986-03-22,49,24,
1986-03-23,64,34,
1986-03-24,60,29,
1986-03-25,76,43,
1986-03-26,65,36,
1986-03-27,54,29,
1986-03-28,75,40,
1986-03-29,84,53,
1986-03-30,80,55,
1986-03-31,84,48,
1986-04-01,66,39,
1986-04-02,65,33,
1986-04-03,77,43,
1986-04-04,76,49,
1986-04-05,78,54,
1986-04-06,72,43,
1986-04-07,83,36,
1986-04-08,62,41,
1986-04-09,59,33,
1986-04-10,63,33,
1986-04-11,69,31,
1986-04-12,76,36,
1986-04-13,70,39,
1986-04-14,61,33,
1986-04-15,40,31,
1986-04-16,48,36,
1986-04-17,62,36,
1986-04-18,72,40,
1986-04-19,69,49,
1986-04-20,55,46,
1986-04-21,52,30,
1986-04-22,53,28,
1986-04-23,65,25,
1986-04-24,80,39,
1986-04-25,90,50,
1986-04-26,91,58,
1986-04-27,88,48,
1986-04-28,69,40,
1986-04-29,80,36,
1986-04-30,79,58,
1986-05-01,66,47,
1986-05-02,59,40,
1986-05-03,64,35,
1986-05-04,75,41,
1986-05-05,83,54,
1986-05-06,87,60,
1986-05-07,84,59,
1986-05-08,83,54,
1986-05-09,78,54,
1986-05-10,83,50,
1986-05-11,70,59,
1986-05-12,80,58,
1986-05-13,82,54,
1986-05-14,80,54,
1986-05-15,74,60,
1986-05-16,80,57,
1986-05-17,83,63,
1986-05-18,64,47,
1986-05-19,61,42,
1986-05-20,63,40,
1986-05-21,65,42,
1986-05-22,75,42,
1986-05-23,75,49,
1986-05-24,80,53,
1986-05-25,75,59,
1986-05-26,66,61,
1986-05-27,76,60,
1986-05-28,78,59,
1986-05-29,80,62,
1986-05-30,82,61,
1986-05-31,85,62,
1986-06-01,89,52,
1986-06-02,71,52,
1986-06-03,80,47,
1986-06-04,87,59,
1986-06-05,80,66,
1986-06-06,82,66,
1986-06-07,83,69,
1986-06-08,86,64,
1986-06-09,78,63,
1986-06-10,86,70,
1986-06-11,86,64,
1986-06-12,65,52,
1986-06-13,84,51,
1986-06-14,82,61,
1986-06-15,87,63,
1986-06-16,88,62,
1986-06-17,77,55,
1986-06-18,82,50,
1986-06-19,90,61,
1986-06-20,95,65,
1986-06-21,94,66,
1986-06-22,92,70,
1986-06-23,83,62,
1986-06-24,78,52,
1986-06-25,80,46,
1986-06-26,90,53,
1986-06-27,93,69,
1986-06-28,88,68,
1986-06-29,86,68,
1986-06-30,80,63,
1986-07-01,75,62,
1986-07-02,77,60,
1986-07-03,79,59,
1986-07-04,85,61,
1986-07-05,87,67,
1986-07-06,89,67,
1986-07-07,92,67,
1986-07-08,90,71,
1986-07-09,85,68,
1986-07-10,86,66,
1986-07-11,82,70,
1986-07-12,83,70,
1986-07-13,86,71,
1986-07-14,85,68,
1986-07-15,90,69,
1986-07-16,93,73,
1986-07-17,93,74,
1986-07-18,93,71,
1986-07-19,94,72,
1986-07-20,88,66,
1986-07-21,86,62,
1986-07-22,87,63,
1986-07-23,88,65,
1986-07-24,89,65,
1986-07-25,93,72,
1986-07-26,87,67,
1986-07-27,89,65,
1986-07-28,92,71,
1986-07-29,87,66,
1986-07-30,86,59,
1986-07-31,85,65,
1986-08-01,83,65,
1986-08-02,82,62,
1986-08-03,79,55,
1986-08-04,81,55,
1986-08-05,83,60,
1986-08-06,78,63,
1986-08-07,79,63,
1986-08-08,85,64,
1986-08-09,86,60,
1986-08-10,78,57,
1986-08-11,78,51,
1986-08-12,79,54,
1986-08-13,87,57,
1986-08-14,80,68,
1986-08-15,83,66,
1986-08-16,87,64,
1986-08-17,85,51,
1986-08-18,87,64,
1986-08-19,85,54,
1986-08-20,86,59,
1986-08-21,85,60,
1986-08-22,88,61,
1986-08-23,82,57,
1986-08-24,80,49,
1986-08-25,88,50,
1986-08-26,92,66,
1986-08-27,74,52,
1986-08-28,68,44,
1986-08-29,73,40,
1986-08-30,79,41,
1986-08-31,82,45,
1986-09-01,82,52,
1986-09-02,82,60,
1986-09-03,83,57,
1986-09-04,87,64,
1986-09-05,83,55,
1986-09-06,77,48,
1986-09-07,70,47,
1986-09-08,81,40,
1986-09-09,81,40,
1986-09-10,89,62,
1986-09-11,78,63,
1986-09-12,70,50,
1986-09-13,81,44,
1986-09-14,85,53,
1986-09-15,84,57,
1986-09-16,71,51,
1986-09-17,79,50,
1986-09-18,73,60,
1986-09-19,72,58,
1986-09-20,79,64,
1986-09-21,91,66,
1986-09-22,88,66,
1986-09-23,73,64,
1986-09-24,84,64,
1986-09-25,90,70,
1986-09-26,89,65,
1986-09-27,85,65,
1986-09-28,91,66,
1986-09-29,88,67,
1986-09-30,75,66,
1986-10-01,74,66,
1986-10-02,70,62,
1986-10-03,72,66,
1986-10-04,76,54,
1986-10-05,69,46,
1986-10-06,58,37,
1986-10-07,68,35,
1986-10-08,76,48,
1986-10-09,60,43,
1986-10-10,65,41,
1986-10-11,73,44,
1986-10-12,62,45,
1986-10-13,45,37,
1986-10-14,50,34,
1986-10-15,59,32,
1986-10-16,62,34,
1986-10-17,57,39,
1986-10-18,63,37,
1986-10-19,67,38,
1986-10-20,72,40,
1986-10-21,75,48,
1986-10-22,73,45,
1986-10-23,61,55,
1986-10-24,59,54,
1986-10-25,58,53,
1986-10-26,56,49,
1986-10-27,60,46,
1986-10-28,68,43,
1986-10-29,60,48,
1986-10-30,60,39,
1986-10-31,68,37,
1986-11-01,66,44,
1986-11-02,49,29,
1986-11-03,46,28,
1986-11-04,48,42,
1986-11-05,50,38,
1986-11-06,49,32,
1986-11-07,65,46,
1986-11-08,63,42,
1986-11-09,43,30,
1986-11-10,46,26,
1986-11-11,NA,27,
1986-11-12,33,12,
1986-11-13,22,7,
1986-11-14,32,10,
1986-11-15,38,30,
1986-11-16,48,25,
1986-11-17,49,30,
1986-11-18,43,34,
1986-11-19,38,28,
1986-11-20,40,30,
1986-11-21,35,28,
1986-11-22,50,26,
1986-11-23,43,29,
1986-11-24,39,27,
1986-11-25,53,24,
1986-11-26,46,38,
1986-11-27,40,34,
1986-11-28,38,33,
1986-11-29,38,34,
1986-11-30,44,36,
1986-12-01,40,36,
1986-12-02,47,36,
1986-12-03,40,29,
1986-12-04,32,24,
1986-12-05,33,17,
1986-12-06,38,26,
1986-12-07,45,35,
1986-12-08,44,39,
1986-12-09,44,21,
1986-12-10,21,13,
1986-12-11,36,12,
1986-12-12,NA,10,
1986-12-13,28,6,
1986-12-14,45,21,
1986-12-15,49,22,
1986-12-16,42,36,
1986-12-17,43,32,
1986-12-18,33,30,
1986-12-19,41,22,
1986-12-20,46,23,
1986-12-21,39,30,
1986-12-22,36,22,
1986-12-23,32,23,
1986-12-24,35,29,
1986-12-25,29,25,
1986-12-26,30,25,
1986-12-27,30,28,
1986-12-28,35,20,
1986-12-29,34,26,
1986-12-30,35,31,
1986-12-31,32,28,
1987-01-01,33,28,
1987-01-02,31,25,
1987-01-03,36,23,
1987-01-04,42,28,
1987-01-05,41,24,
1987-01-06,52,31,
1987-01-07,40,33,
1987-01-08,33,25,
1987-01-09,32,21,
1987-01-10,31,25,
1987-01-11,30,22,
1987-01-12,37,14,
1987-01-13,40,11,
1987-01-14,39,30,
1987-01-15,38,32,
1987-01-16,32,27,
1987-01-17,32,27,
1987-01-18,29,22,
1987-01-19,27,4,
1987-01-20,20,-6,
1987-01-21,29,-2,
1987-01-22,30,9,
1987-01-23,9,-10,
1987-01-24,10,-12,
1987-01-25,15,1,
1987-01-26,22,-4,
1987-01-27,25,-10,
1987-01-28,34,18,
1987-01-29,37,24,
1987-01-30,36,32,
1987-01-31,35,20,
1987-02-01,38,30,
1987-02-02,42,26,
1987-02-03,38,28,
1987-02-04,41,28,
1987-02-05,36,25,
1987-02-06,45,32,
1987-02-07,52,28,
1987-02-08,42,21,
1987-02-09,36,18,
1987-02-10,49,20,
1987-02-11,56,28,
1987-02-12,46,28,
1987-02-13,44,22,
1987-02-14,41,31,
1987-02-15,32,18,
1987-02-16,32,16,
1987-02-17,32,20,
1987-02-18,43,18,
1987-02-19,48,21,
1987-02-20,47,25,
1987-02-21,49,27,
1987-02-22,49,25,
1987-02-23,47,26,
1987-02-24,48,26,
1987-02-25,51,30,
1987-02-26,47,31,
1987-02-27,41,34,
1987-02-28,52,41,
1987-03-01,44,35,
1987-03-02,53,31,
1987-03-03,49,32,
1987-03-04,53,26,
1987-03-05,62,37,
1987-03-06,70,36,
1987-03-07,75,37,
1987-03-08,73,41,
1987-03-09,41,22,
1987-03-10,35,16,
1987-03-11,39,18,
1987-03-12,48,18,
1987-03-13,58,35,
1987-03-14,66,42,
1987-03-15,45,34,
1987-03-16,53,33,
1987-03-17,57,30,
1987-03-18,45,40,
1987-03-19,60,39,
1987-03-20,60,35,
1987-03-21,65,32,
1987-03-22,68,40,
1987-03-23,75,40,
1987-03-24,62,44,
1987-03-25,49,40,
1987-03-26,46,42,
1987-03-27,55,41,
1987-03-28,64,40,
1987-03-29,58,31,
1987-03-30,35,26,
1987-03-31,42,20,
1987-04-01,55,32,
1987-04-02,40,26,
1987-04-03,44,21,
1987-04-04,51,24,
1987-04-05,57,34,
1987-04-06,61,39,
1987-04-07,70,39,
1987-04-08,67,36,
1987-04-09,70,30,
1987-04-10,75,36,
1987-04-11,60,39,
1987-04-12,60,35,
1987-04-13,57,42,
1987-04-14,64,44,
1987-04-15,54,43,
1987-04-16,61,49,
1987-04-17,67,45,
1987-04-18,75,45,
1987-04-19,79,51,
1987-04-20,85,52,
1987-04-21,88,50,
1987-04-22,55,48,
1987-04-23,58,45,
1987-04-24,63,46,
1987-04-25,68,39,
1987-04-26,75,43,
1987-04-27,72,48,
1987-04-28,68,39,
1987-04-29,88,54,
1987-04-30,64,45,
1987-05-01,80,39,
1987-05-02,85,52,
1987-05-03,77,51,
1987-05-04,68,45,
1987-05-05,72,40,
1987-05-06,77,47,
1987-05-07,75,52,
1987-05-08,76,46,
1987-05-09,85,45,
1987-05-10,87,58,
1987-05-11,87,60,
1987-05-12,72,52,
1987-05-13,84,49,
1987-05-14,91,63,
1987-05-15,76,57,
1987-05-16,83,47,
1987-05-17,90,49,
1987-05-18,80,64,
1987-05-19,87,67,
1987-05-20,89,70,
1987-05-21,92,66,
1987-05-22,75,56,
1987-05-23,71,51,
1987-05-24,78,48,
1987-05-25,82,61,
1987-05-26,89,65,
1987-05-27,91,68,
1987-05-28,90,65,
1987-05-29,92,66,
1987-05-30,85,67,
1987-05-31,85,65,
1987-06-01,88,64,
1987-06-02,85,66,
1987-06-03,77,59,
1987-06-04,76,56,
1987-06-05,83,50,
1987-06-06,84,57,
1987-06-07,88,59,
1987-06-08,90,66,
1987-06-09,78,55,
1987-06-10,78,50,
1987-06-11,87,57,
1987-06-12,92,70,
1987-06-13,93,65,
1987-06-14,100,63,
1987-06-15,97,70,
1987-06-16,90,67,
1987-06-17,92,67,
1987-06-18,93,67,
1987-06-19,88,70,
1987-06-20,85,68,
1987-06-21,84,71,
1987-06-22,86,68,
1987-06-23,84,66,
1987-06-24,89,66,
1987-06-25,86,64,
1987-06-26,77,55,
1987-06-27,76,53,
1987-06-28,82,51,
1987-06-29,88,63,
1987-06-30,75,66,
1987-07-01,76,62,
1987-07-02,82,62,
1987-07-03,86,67,
1987-07-04,86,66,
1987-07-05,81,66,
1987-07-06,87,66,
1987-07-07,86,64,
1987-07-08,86,67,
1987-07-09,82,68,
1987-07-10,88,70,
1987-07-11,89,69,
1987-07-12,86,68,
1987-07-13,75,61,
1987-07-14,78,58,
1987-07-15,75,58,
1987-07-16,79,55,
1987-07-17,87,61,
1987-07-18,88,63,
1987-07-19,91,68,
1987-07-20,91,70,
1987-07-21,92,67,
1987-07-22,90,67,
1987-07-23,91,66,
1987-07-24,90,66,
1987-07-25,92,67,
1987-07-26,95,68,
1987-07-27,83,68,
1987-07-28,86,66,
1987-07-29,89,66,
1987-07-30,91,67,
1987-07-31,84,72,
1987-08-01,95,71,
1987-08-02,94,74,
1987-08-03,93,73,
1987-08-04,85,66,
1987-08-05,82,62,
1987-08-06,85,63,
1987-08-07,88,62,
1987-08-08,83,69,
1987-08-09,82,69,
1987-08-10,82,62,
1987-08-11,82,63,
1987-08-12,85,63,
1987-08-13,89,65,
1987-08-14,86,73,
1987-08-15,88,69,
1987-08-16,92,70,
1987-08-17,87,64,
1987-08-18,84,61,
1987-08-19,82,61,
1987-08-20,87,62,
1987-08-21,89,69,
1987-08-22,81,62,
1987-08-23,76,56,
1987-08-24,72,49,
1987-08-25,63,57,
1987-08-26,90,59,
1987-08-27,70,62,
1987-08-28,75,56,
1987-08-29,81,52,
1987-08-30,83,52,
1987-08-31,75,54,
1987-09-01,76,47,
1987-09-02,75,55,
1987-09-03,77,51,
1987-09-04,86,55,
1987-09-05,89,58,
1987-09-06,91,58,
1987-09-07,83,64,
1987-09-08,81,64,
1987-09-09,81,59,
1987-09-10,87,56,
1987-09-11,85,62,
1987-09-12,84,57,
1987-09-13,82,48,
1987-09-14,89,58,
1987-09-15,78,66,
1987-09-16,80,64,
1987-09-17,78,64,
1987-09-18,75,58,
1987-09-19,75,53,
1987-09-20,66,50,
1987-09-21,68,45,
1987-09-22,68,51,
1987-09-23,74,47,
1987-09-24,84,46,
1987-09-25,74,47,
1987-09-26,86,44,
1987-09-27,86,55,
1987-09-28,84,54,
1987-09-29,70,54,
1987-09-30,72,48,
1987-10-01,72,36,
1987-10-02,64,41,
1987-10-03,56,33,
1987-10-04,67,30,
1987-10-05,65,48,
1987-10-06,55,42,
1987-10-07,50,34,
1987-10-08,60,25,
1987-10-09,68,48,
1987-10-10,49,40,
1987-10-11,51,30,
1987-10-12,57,26,
1987-10-13,63,29,
1987-10-14,70,34,
1987-10-15,75,44,
1987-10-16,77,42,
1987-10-17,56,36,
1987-10-18,68,31,
1987-10-19,57,41,
1987-10-20,55,34,
1987-10-21,48,28,
1987-10-22,55,26,
1987-10-23,60,34,
1987-10-24,51,38,
1987-10-25,54,29,
1987-10-26,58,36,
1987-10-27,57,36,
1987-10-28,50,29,
1987-10-29,50,36,
1987-10-30,74,34,
1987-10-31,75,47,
1987-11-01,64,53,
1987-11-02,74,53,
1987-11-03,78,55,
1987-11-04,75,48,
1987-11-05,52,34,
1987-11-06,51,NA,
1987-11-07,58,46,
1987-11-08,57,48,
1987-11-09,48,30,
1987-11-10,42,30,
1987-11-11,45,22,
1987-11-12,60,28,
1987-11-13,64,36,
1987-11-14,66,31,
1987-11-15,68,36,
1987-11-16,61,47,
1987-11-17,60,38,
1987-11-18,41,24,
1987-11-19,46,26,
1987-11-20,35,24,
1987-11-21,39,14,
1987-11-22,58,24,
1987-11-23,56,34,
1987-11-24,44,30,
1987-11-25,45,39,
1987-11-26,40,34,
1987-11-27,46,36,
1987-11-28,54,39,
1987-11-29,39,33,
1987-11-30,36,33,
1987-12-01,34,30,
1987-12-02,34,29,
1987-12-03,46,30,
1987-12-04,34,23,
1987-12-05,39,20,
1987-12-06,33,28,
1987-12-07,44,33,
1987-12-08,53,44,
1987-12-09,54,32,
1987-12-10,45,29,
1987-12-11,50,31,
1987-12-12,43,31,
1987-12-13,37,27,
1987-12-14,31,24,
1987-12-15,39,24,
1987-12-16,24,16,
1987-12-17,25,10,
1987-12-18,30,10,
1987-12-19,38,30,
1987-12-20,42,28,
1987-12-21,42,25,
1987-12-22,44,30,
1987-12-23,48,30,
1987-12-24,52,36,
1987-12-25,36,30,
1987-12-26,33,30,
1987-12-27,34,30,
1987-12-28,38,29,
1987-12-29,33,25,
1987-12-30,36,30,
1987-12-31,39,22,
1988-01-01,22,8,
1988-01-02,34,8,
1988-01-03,35,16,
1988-01-04,20,4,
1988-01-05,11,-6,
1988-01-06,11,-8,
1988-01-07,19,6,
1988-01-08,25,6,
1988-01-09,16,-1,
1988-01-10,23,-7,
1988-01-11,41,10,
1988-01-12,43,16,
1988-01-13,23,8,
1988-01-14,25,1,
1988-01-15,43,19,
1988-01-16,54,30,
1988-01-17,40,36,
1988-01-18,44,32,
1988-01-19,45,31,
1988-01-20,NA,31,
1988-01-21,32,27,
1988-01-22,29,25,
1988-01-23,34,26,
1988-01-24,36,15,
1988-01-25,29,4,
1988-01-26,18,3,
1988-01-27,25,-3,
1988-01-28,39,14,
1988-01-29,53,28,
1988-01-30,57,42,
1988-01-31,51,34,
1988-02-01,37,28,
1988-02-02,31,26,
1988-02-03,31,24,
1988-02-04,24,8,
1988-02-05,8,-3,
1988-02-06,9,-3,
1988-02-07,28,7,
1988-02-08,28,8,
1988-02-09,32,9,
1988-02-10,27,17,
1988-02-11,21,11,
1988-02-12,12,-9,
1988-02-13,18,-10,
1988-02-14,41,14,
1988-02-15,30,17,
1988-02-16,41,14,
1988-02-17,42,26,
1988-02-18,44,22,
1988-02-19,36,32,
1988-02-20,32,16,
1988-02-21,30,8,
1988-02-22,61,30,
1988-02-23,34,22,
1988-02-24,32,18,
1988-02-25,33,16,
1988-02-26,54,18,
1988-02-27,40,26,
1988-02-28,50,20,
1988-02-29,51,27,
1988-03-01,57,25,
1988-03-02,45,32,
1988-03-03,32,25,
1988-03-04,36,20,
1988-03-05,37,14,
1988-03-06,42,20,
1988-03-07,52,26,
1988-03-08,57,32,
1988-03-09,45,33,
1988-03-10,52,32,
1988-03-11,62,30,
1988-03-12,54,31,
1988-03-13,31,24,
1988-03-14,28,16,
1988-03-15,30,21,
1988-03-16,34,26,
1988-03-17,45,21,
1988-03-18,44,28,
1988-03-19,46,23,
1988-03-20,48,30,
1988-03-21,48,25,
1988-03-22,72,30,
1988-03-23,73,53,
1988-03-24,75,53,
1988-03-25,64,38,
1988-03-26,50,29,
1988-03-27,56,24,
1988-03-28,72,38,
1988-03-29,56,34,
1988-03-30,52,30,
1988-03-31,53,37,
1988-04-01,52,42,
1988-04-02,69,52,
1988-04-03,60,42,
1988-04-04,72,37,
1988-04-05,84,52,
1988-04-06,60,42,
1988-04-07,62,38,
1988-04-08,68,39,
1988-04-09,70,42,
1988-04-10,62,47,
1988-04-11,65,39,
1988-04-12,65,42,
1988-04-13,70,36,
1988-04-14,57,38,
1988-04-15,53,33,
1988-04-16,62,30,
1988-04-17,72,36,
1988-04-18,52,34,
1988-04-19,54,32,
1988-04-20,70,29,
1988-04-21,58,38,
1988-04-22,65,42,
1988-04-23,64,44,
1988-04-24,59,39,
1988-04-25,67,36,
1988-04-26,73,39,
1988-04-27,50,40,
1988-04-28,63,34,
1988-04-29,68,38,
1988-04-30,74,37,
1988-05-01,75,40,
1988-05-02,78,44,
1988-05-03,76,46,
1988-05-04,68,46,
1988-05-05,74,43,
1988-05-06,81,54,
1988-05-07,85,45,
1988-05-08,84,56,
1988-05-09,67,54,
1988-05-10,72,49,
1988-05-11,79,46,
1988-05-12,87,52,
1988-05-13,77,52,
1988-05-14,88,48,
1988-05-15,87,NA,
1988-05-16,75,48,
1988-05-17,75,45,
1988-05-18,80,45,
1988-05-19,82,50,
1988-05-20,85,56,
1988-05-21,90,55,
1988-05-22,85,60,
1988-05-23,76,57,
1988-05-24,71,48,
1988-05-25,69,40,
1988-05-26,79,39,
1988-05-27,83,49,
1988-05-28,89,55,
1988-05-29,90,60,
1988-05-30,92,58,
1988-05-31,93,59,
1988-06-01,94,60,
1988-06-02,94,60,
1988-06-03,75,54,
1988-06-04,80,50,
1988-06-05,86,50,
1988-06-06,90,58,
1988-06-07,93,58,
1988-06-08,89,59,
1988-06-09,73,51,
1988-06-10,75,46,
1988-06-11,84,45,
1988-06-12,88,50,
1988-06-13,93,55,
1988-06-14,95,63,
1988-06-15,94,64,
1988-06-16,85,59,
1988-06-17,88,55,
1988-06-18,91,57,
1988-06-19,94,57,
1988-06-20,99,64,
1988-06-21,99,72,
1988-06-22,95,71,
1988-06-23,90,69,
1988-06-24,96,62,
1988-06-25,103,76,
1988-06-26,81,61,
1988-06-27,84,55,
1988-06-28,90,52,
1988-06-29,74,60,
1988-06-30,82,54,
1988-07-01,81,53,
1988-07-02,85,55,
1988-07-03,90,58,
1988-07-04,96,63,
1988-07-05,99,66,
1988-07-06,96,66,
1988-07-07,98,72,
1988-07-08,99,70,
1988-07-09,98,70,
1988-07-10,91,68,
1988-07-11,90,67,
1988-07-12,91,67,
1988-07-13,92,68,
1988-07-14,97,71,
1988-07-15,101,70,
1988-07-16,98,70,
1988-07-17,98,72,
1988-07-18,84,71,
1988-07-19,89,68,
1988-07-20,83,65,
1988-07-21,82,60,
1988-07-22,84,62,
1988-07-23,87,62,
1988-07-24,91,60,
1988-07-25,78,62,
1988-07-26,85,62,
1988-07-27,89,61,
1988-07-28,90,65,
1988-07-29,89,64,
1988-07-30,88,72,
1988-07-31,93,70,
1988-08-01,95,68,
1988-08-02,93,72,
1988-08-03,94,70,
1988-08-04,93,71,
1988-08-05,88,69,
1988-08-06,88,61,
1988-08-07,90,56,
1988-08-08,95,68,
1988-08-09,93,73,
1988-08-10,89,74,
1988-08-11,93,70,
1988-08-12,94,69,
1988-08-13,93,72,
1988-08-14,93,75,
1988-08-15,99,74,
1988-08-16,101,70,
1988-08-17,102,69,
1988-08-18,101,72,
1988-08-19,89,69,
1988-08-20,84,66,
1988-08-21,85,65,
1988-08-22,83,60,
1988-08-23,88,66,
1988-08-24,86,58,
1988-08-25,91,53,
1988-08-26,82,56,
1988-08-27,74,57,
1988-08-28,75,54,
1988-08-29,78,45,
1988-08-30,81,44,
1988-08-31,85,51,
1988-09-01,88,50,
1988-09-02,85,65,
1988-09-03,85,60,
1988-09-04,66,56,
1988-09-05,69,50,
1988-09-06,71,41,
1988-09-07,76,40,
1988-09-08,83,45,
1988-09-09,85,56,
1988-09-10,88,53,
1988-09-11,87,60,
1988-09-12,78,70,
1988-09-13,76,60,
1988-09-14,84,51,
1988-09-15,82,54,
1988-09-16,85,57,
1988-09-17,92,67,
1988-09-18,82,68,
1988-09-19,78,59,
1988-09-20,73,52,
1988-09-21,79,48,
1988-09-22,91,52,
1988-09-23,74,55,
1988-09-24,68,53,
1988-09-25,77,43,
1988-09-26,83,47,
1988-09-27,83,48,
1988-09-28,84,52,
1988-09-29,82,59,
1988-09-30,76,61,
1988-10-01,69,59,
1988-10-02,65,49,
1988-10-03,65,42,
1988-10-04,57,40,
1988-10-05,57,37,
1988-10-06,58,31,
1988-10-07,62,34,
1988-10-08,64,30,
1988-10-09,65,44,
1988-10-10,71,42,
1988-10-11,59,33,
1988-10-12,53,29,
1988-10-13,58,24,
1988-10-14,76,37,
1988-10-15,78,52,
1988-10-16,75,54,
1988-10-17,71,57,
1988-10-18,57,37,
1988-10-19,54,38,
1988-10-20,53,36,
1988-10-21,57,43,
1988-10-22,55,36,
1988-10-23,55,42,
1988-10-24,48,30,
1988-10-25,51,30,
1988-10-26,50,25,
1988-10-27,60,31,
1988-10-28,46,29,
1988-10-29,46,26,
1988-10-30,47,27,
1988-10-31,56,22,
1988-11-01,57,30,
1988-11-02,52,29,
1988-11-03,66,36,
1988-11-04,59,50,
1988-11-05,50,34,
1988-11-06,36,33,
1988-11-07,52,30,
1988-11-08,55,32,
1988-11-09,62,38,
1988-11-10,51,31,
1988-11-11,45,29,
1988-11-12,49,34,
1988-11-13,55,39,
1988-11-14,61,37,
1988-11-15,65,46,
1988-11-16,60,32,
1988-11-17,49,28,
1988-11-18,53,30,
1988-11-19,47,41,
1988-11-20,42,32,
1988-11-21,35,28,
1988-11-22,43,23,
1988-11-23,51,28,
1988-11-24,57,32,
1988-11-25,59,38,
1988-11-26,57,47,
1988-11-27,47,31,
1988-11-28,33,25,
1988-11-29,48,25,
1988-11-30,38,25,
1988-12-01,25,17,
1988-12-02,47,18,
1988-12-03,55,32,
1988-12-04,42,29,
1988-12-05,50,28,
1988-12-06,55,32,
1988-12-07,45,29,
1988-12-08,37,22,
1988-12-09,31,16,
1988-12-10,34,12,
1988-12-11,24,6,
1988-12-12,29,8,
1988-12-13,43,26,
1988-12-14,54,33,
1988-12-15,36,14,
1988-12-16,27,5,
1988-12-17,26,12,
1988-12-18,45,12,
1988-12-19,58,25,
1988-12-20,64,33,
1988-12-21,42,24,
1988-12-22,56,25,
1988-12-23,49,39,
1988-12-24,45,30,
1988-12-25,31,24,
1988-12-26,36,28,
1988-12-27,43,22,
1988-12-28,22,11,
1988-12-29,23,5,
1988-12-30,32,13,
1988-12-31,34,11,
1989-01-01,26,21,
1989-01-02,28,24,
1989-01-03,36,20,
1989-01-04,26,12,
1989-01-05,35,20,
1989-01-06,35,31,
1989-01-07,59,28,
1989-01-08,28,19,
1989-01-09,31,12,
1989-01-10,40,25,
1989-01-11,41,26,
1989-01-12,45,25,
1989-01-13,35,21,
1989-01-14,31,23,
1989-01-15,37,24,
1989-01-16,43,24,
1989-01-17,46,30,
1989-01-18,49,29,
1989-01-19,53,26,
1989-01-20,36,24,
1989-01-21,37,18,
1989-01-22,48,24,
1989-01-23,46,27,
1989-01-24,54,35,
1989-01-25,54,42,
1989-01-26,49,31,
1989-01-27,50,28,
1989-01-28,50,32,
1989-01-29,45,38,
1989-01-30,50,36,
1989-01-31,66,37,
1989-02-01,50,32,
1989-02-02,32,28,
1989-02-03,28,12,
1989-02-04,18,8,
1989-02-05,8,2,
1989-02-06,9,-1,
1989-02-07,19,-6,
1989-02-08,17,2,
1989-02-09,14,-9,
1989-02-10,25,9,
1989-02-11,32,15,
1989-02-12,33,12,
1989-02-13,37,28,
1989-02-14,36,23,
1989-02-15,35,24,
1989-02-16,32,18,
1989-02-17,30,20,
1989-02-18,30,17,
1989-02-19,35,26,
1989-02-20,35,28,
1989-02-21,32,23,
1989-02-22,23,12,
1989-02-23,21,4,
1989-02-24,28,3,
1989-02-25,43,23,
1989-02-26,36,22,
1989-02-27,29,15,
1989-02-28,35,18,
1989-03-01,29,12,
1989-03-02,36,22,
1989-03-03,55,31,
1989-03-04,52,30,
1989-03-05,30,26,
1989-03-06,26,19,
1989-03-07,30,12,
1989-03-08,35,12,
1989-03-09,41,22,
1989-03-10,52,30,
1989-03-11,65,35,
1989-03-12,44,36,
1989-03-13,59,34,
1989-03-14,67,39,
1989-03-15,39,27,
1989-03-16,55,23,
1989-03-17,73,34,
1989-03-18,34,24,
1989-03-19,42,18,
1989-03-20,40,29,
1989-03-21,38,25,
1989-03-22,45,23,
1989-03-23,59,26,
1989-03-24,67,37,
1989-03-25,70,46,
1989-03-26,77,43,
1989-03-27,71,57,
1989-03-28,69,58,
1989-03-29,58,46,
1989-03-30,54,42,
1989-03-31,42,33,
1989-04-01,53,26,
1989-04-02,52,45,
1989-04-03,52,46,
1989-04-04,58,41,
1989-04-05,48,34,
1989-04-06,54,32,
1989-04-07,50,31,
1989-04-08,47,32,
1989-04-09,40,28,
1989-04-10,40,23,
1989-04-11,50,26,
1989-04-12,54,37,
1989-04-13,55,27,
1989-04-14,69,36,
1989-04-15,64,42,
1989-04-16,73,37,
1989-04-17,72,42,
1989-04-18,48,38,
1989-04-19,62,32,
1989-04-20,69,38,
1989-04-21,74,46,
1989-04-22,72,47,
1989-04-23,72,52,
1989-04-24,79,53,
1989-04-25,84,62,
1989-04-26,85,57,
1989-04-27,81,58,
1989-04-28,75,56,
1989-04-29,70,47,
1989-04-30,63,38,
1989-05-01,63,42,
1989-05-02,56,40,
1989-05-03,65,39,
1989-05-04,58,42,
1989-05-05,62,40,
1989-05-06,41,34,
1989-05-07,56,29,
1989-05-08,67,36,
1989-05-09,56,45,
1989-05-10,64,40,
1989-05-11,65,37,
1989-05-12,68,40,
1989-05-13,65,49,
1989-05-14,64,44,
1989-05-15,66,48,
1989-05-16,77,46,
1989-05-17,78,48,
1989-05-18,78,56,
1989-05-19,68,60,
1989-05-20,74,56,
1989-05-21,78,48,
1989-05-22,63,55,
1989-05-23,77,54,
1989-05-24,84,60,
1989-05-25,75,62,
1989-05-26,75,58,
1989-05-27,68,47,
1989-05-28,66,45,
1989-05-29,84,55,
1989-05-30,90,69,
1989-05-31,89,72,
1989-06-01,85,64,
1989-06-02,82,61,
1989-06-03,81,60,
1989-06-04,72,53,
1989-06-05,78,58,
1989-06-06,84,58,
1989-06-07,85,58,
1989-06-08,83,60,
1989-06-09,73,NA,
1989-06-10,76,53,
1989-06-11,81,55,
1989-06-12,82,64,
1989-06-13,77,65,
1989-06-14,79,61,
1989-06-15,69,56,
1989-06-16,70,52,
1989-06-17,82,55,
1989-06-18,84,64,
1989-06-19,86,61,
1989-06-20,85,66,
1989-06-21,89,63,
1989-06-22,94,63,
1989-06-23,93,69,
1989-06-24,89,68,
1989-06-25,91,66,
1989-06-26,92,69,
1989-06-27,83,67,
1989-06-28,84,59,
1989-06-29,80,52,
1989-06-30,83,56,
1989-07-01,86,61,
1989-07-02,78,66,
1989-07-03,72,65,
1989-07-04,86,65,
1989-07-05,89,63,
1989-07-06,91,70,
1989-07-07,94,64,
1989-07-08,95,66,
1989-07-09,92,72,
1989-07-10,95,74,
1989-07-11,94,72,
1989-07-12,81,67,
1989-07-13,84,62,
1989-07-14,80,54,
1989-07-15,79,61,
1989-07-16,85,63,
1989-07-17,87,58,
1989-07-18,82,58,
1989-07-19,80,66,
1989-07-20,69,64,
1989-07-21,78,65,
1989-07-22,84,63,
1989-07-23,84,68,
1989-07-24,87,70,
1989-07-25,88,69,
1989-07-26,89,71,
1989-07-27,90,72,
1989-07-28,84,65,
1989-07-29,84,61,
1989-07-30,85,69,
1989-07-31,79,67,
1989-08-01,79,66,
1989-08-02,84,64,
1989-08-03,88,64,
1989-08-04,92,66,
1989-08-05,92,NA,
1989-08-06,91,69,
1989-08-07,78,NA,
1989-08-08,75,49,
1989-08-09,80,48,
1989-08-10,82,56,
1989-08-11,83,55,
1989-08-12,84,60,
1989-08-13,85,59,
1989-08-14,86,59,
1989-08-15,86,63,
1989-08-16,86,64,
1989-08-17,77,63,
1989-08-18,81,58,
1989-08-19,82,NA,
1989-08-20,84,58,
1989-08-21,87,68,
1989-08-22,83,68,
1989-08-23,85,69,
1989-08-24,82,67,
1989-08-25,80,66,
1989-08-26,76,65,
1989-08-27,86,67,
1989-08-28,89,68,
1989-08-29,84,68,
1989-08-30,82,64,
1989-08-31,84,60,
1989-09-01,80,NA,
1989-09-02,76,60,
1989-09-03,76,56,
1989-09-04,79,54,
1989-09-05,86,62,
1989-09-06,82,69,
1989-09-07,88,70,
1989-09-08,83,67,
1989-09-09,81,66,
1989-09-10,70,62,
1989-09-11,76,59,
1989-09-12,75,55,
1989-09-13,58,51,
1989-09-14,59,53,
1989-09-15,67,54,
1989-09-16,75,53,
1989-09-17,77,49,
1989-09-18,77,52,
1989-09-19,78,52,
1989-09-20,78,50,
1989-09-21,80,58,
1989-09-22,77,52,
1989-09-23,57,37,
1989-09-24,63,35,
1989-09-25,70,37,
1989-09-26,66,46,
1989-09-27,67,38,
1989-09-28,75,38,
1989-09-29,80,46,
1989-09-30,80,48,
1989-10-01,73,56,
1989-10-02,67,48,
1989-10-03,61,41,
1989-10-04,62,34,
1989-10-05,77,39,
1989-10-06,NA,45,
1989-10-07,57,37,
1989-10-08,59,38,
1989-10-09,64,32,
1989-10-10,66,39,
1989-10-11,79,35,
1989-10-12,81,54,
1989-10-13,86,51,
1989-10-14,86,53,
1989-10-15,82,61,
1989-10-16,78,50,
1989-10-17,50,40,
1989-10-18,42,34,
1989-10-19,36,33,
1989-10-20,44,31,
1989-10-21,62,34,
1989-10-22,66,31,
1989-10-23,76,46,
1989-10-24,78,49,
1989-10-25,78,52,
1989-10-26,76,46,
1989-10-27,78,46,
1989-10-28,73,42,
1989-10-29,76,49,
1989-10-30,75,48,
1989-10-31,48,31,
1989-11-01,57,32,
1989-11-02,43,28,
1989-11-03,46,23,
1989-11-04,54,32,
1989-11-05,63,42,
1989-11-06,55,41,
1989-11-07,51,43,
1989-11-08,52,36,
1989-11-09,52,31,
1989-11-10,47,31,
1989-11-11,69,36,
1989-11-12,56,36,
1989-11-13,73,46,
1989-11-14,64,54,
1989-11-15,61,34,
1989-11-16,34,16,
1989-11-17,37,18,
1989-11-18,28,16,
1989-11-19,55,20,
1989-11-20,62,36,
1989-11-21,40,27,
1989-11-22,35,27,
1989-11-23,35,22,
1989-11-24,45,17,
1989-11-25,49,32,
1989-11-26,53,33,
1989-11-27,68,36,
1989-11-28,46,25,
1989-11-29,31,14,
1989-11-30,47,21,
1989-12-01,54,24,
1989-12-02,39,18,
1989-12-03,29,13,
1989-12-04,49,20,
1989-12-05,58,30,
1989-12-06,40,22,
1989-12-07,29,14,
1989-12-08,32,18,
1989-12-09,39,13,
1989-12-10,41,20,
1989-12-11,30,14,
1989-12-12,17,2,
1989-12-13,26,6,
1989-12-14,10,-2,
1989-12-15,4,-6,
1989-12-16,5,-10,
1989-12-17,15,-8,
1989-12-18,21,-4,
1989-12-19,16,-9,
1989-12-20,9,-18,
1989-12-21,-4,-16,
1989-12-22,-4,-16,
1989-12-23,3,-18,
1989-12-24,12,-12,
1989-12-25,35,12,
1989-12-26,25,6,
1989-12-27,36,14,
1989-12-28,39,30,
1989-12-29,39,32,
1989-12-30,39,32,
1989-12-31,32,28,
1990-01-01,28,22,
1990-01-02,41,24,
1990-01-03,50,32,
1990-01-04,47,26,
1990-01-05,35,18,
1990-01-06,39,23,
1990-01-07,47,26,
1990-01-08,48,25,
1990-01-09,43,31,
1990-01-10,39,29,
1990-01-11,42,29,
1990-01-12,32,21,
1990-01-13,32,14,
1990-01-14,49,29,
1990-01-15,54,34,
1990-01-16,64,36,
1990-01-17,63,37,
1990-01-18,37,28,
1990-01-19,35,24,
1990-01-20,41,32,
1990-01-21,35,32,
1990-01-22,49,30,
1990-01-23,53,27,
1990-01-24,56,33,
1990-01-25,50,23,
1990-01-26,41,19,
1990-01-27,56,30,
1990-01-28,42,18,
1990-01-29,47,27,
1990-01-30,50,27,
1990-01-31,52,20,
1990-02-01,49,37,
1990-02-02,37,33,
1990-02-03,40,34,
1990-02-04,37,30,
1990-02-05,49,29,
1990-02-06,45,30,
1990-02-07,41,33,
1990-02-08,61,34,
1990-02-09,54,NA,
1990-02-10,47,26,
1990-02-11,48,NA,
1990-02-12,59,25,
1990-02-13,59,29,
1990-02-14,32,28,
1990-02-15,33,31,
1990-02-16,35,23,
1990-02-17,33,18,
1990-02-18,46,24,
1990-02-19,37,21,
1990-02-20,41,18,
1990-02-21,55,22,
1990-02-22,51,34,
1990-02-23,41,29,
1990-02-24,NA,13,
1990-02-25,21,10,
1990-02-26,36,16,
1990-02-27,46,28,
1990-02-28,36,22,
1990-03-01,43,18,
1990-03-02,58,27,
1990-03-03,NA,24,
1990-03-04,48,19,
1990-03-05,57,30,
1990-03-06,37,28,
1990-03-07,45,28,
1990-03-08,52,38,
1990-03-09,66,39,
1990-03-10,73,51,
1990-03-11,76,58,
1990-03-12,78,62,
1990-03-13,78,60,
1990-03-14,69,57,
1990-03-15,63,46,
1990-03-16,63,38,
1990-03-17,52,37,
1990-03-18,53,26,
1990-03-19,32,22,
1990-03-20,45,19,
1990-03-21,62,30,
1990-03-22,60,37,
1990-03-23,37,24,
1990-03-24,39,24,
1990-03-25,44,24,
1990-03-26,50,28,
1990-03-27,52,25,
1990-03-28,52,28,
1990-03-29,49,40,
1990-03-30,47,42,
1990-03-31,57,42,
1990-04-01,63,43,
1990-04-02,43,33,
1990-04-03,50,33,
1990-04-04,60,31,
1990-04-05,51,30,
1990-04-06,47,27,
1990-04-07,48,21,
1990-04-08,66,22,
1990-04-09,63,39,
1990-04-10,51,34,
1990-04-11,44,30,
1990-04-12,49,26,
1990-04-13,48,33,
1990-04-14,52,38,
1990-04-15,55,35,
1990-04-16,60,39,
1990-04-17,49,32,
1990-04-18,56,28,
1990-04-19,55,34,
1990-04-20,62,50,
1990-04-21,67,49,
1990-04-22,72,46,
1990-04-23,83,47,
1990-04-24,86,58,
1990-04-25,86,59,
1990-04-26,84,58,
1990-04-27,84,56,
1990-04-28,69,NA,
1990-04-29,74,44,
1990-04-30,65,48,
1990-05-01,63,49,
1990-05-02,66,41,
1990-05-03,52,47,
1990-05-04,72,44,
1990-05-05,65,44,
1990-05-06,67,45,
1990-05-07,77,48,
1990-05-08,79,58,
1990-05-09,78,45,
1990-05-10,52,38,
1990-05-11,68,37,
1990-05-12,64,48,
1990-05-13,64,48,
1990-05-14,69,48,
1990-05-15,69,60,
1990-05-16,72,NA,
1990-05-17,67,53,
1990-05-18,76,49,
1990-05-19,72,56,
1990-05-20,71,52,
1990-05-21,57,50,
1990-05-22,69,48,
1990-05-23,NA,48,
1990-05-24,72,48,
1990-05-25,72,58,
1990-05-26,67,60,
1990-05-27,73,56,
1990-05-28,76,59,
1990-05-29,78,48,
1990-05-30,71,45,
1990-05-31,78,47,
1990-06-01,85,59,
1990-06-02,85,62,
1990-06-03,79,51,
1990-06-04,66,49,
1990-06-05,73,43,
1990-06-06,73,59,
1990-06-07,76,62,
1990-06-08,86,66,
1990-06-09,82,64,
1990-06-10,80,60,
1990-06-11,83,53,
1990-06-12,87,62,
1990-06-13,92,64,
1990-06-14,81,69,
1990-06-15,92,64,
1990-06-16,93,70,
1990-06-17,94,73,
1990-06-18,85,68,
1990-06-19,77,58,
1990-06-20,76,64,
1990-06-21,85,61,
1990-06-22,74,61,
1990-06-23,74,57,
1990-06-24,79,57,
1990-06-25,83,61,
1990-06-26,85,62,
1990-06-27,90,65,
1990-06-28,91,69,
1990-06-29,84,65,
1990-06-30,85,72,
1990-07-01,84,67,
1990-07-02,83,58,
1990-07-03,90,61,
1990-07-04,96,75,
1990-07-05,88,64,
1990-07-06,79,60,
1990-07-07,84,60,
1990-07-08,94,72,
1990-07-09,95,71,
1990-07-10,84,70,
1990-07-11,75,68,
1990-07-12,74,63,
1990-07-13,68,55,
1990-07-14,69,60,
1990-07-15,74,64,
1990-07-16,86,55,
1990-07-17,86,59,
1990-07-18,89,64,
1990-07-19,89,65,
1990-07-20,83,71,
1990-07-21,81,64,
1990-07-22,75,61,
1990-07-23,79,56,
1990-07-24,83,57,
1990-07-25,84,58,
1990-07-26,84,61,
1990-07-27,87,62,
1990-07-28,88,67,
1990-07-29,88,66,
1990-07-30,83,64,
1990-07-31,76,56,
1990-08-01,78,52,
1990-08-02,82,57,
1990-08-03,87,60,
1990-08-04,83,68,
1990-08-05,82,60,
1990-08-06,72,56,
1990-08-07,75,52,
1990-08-08,79,51,
1990-08-09,81,56,
1990-08-10,77,56,
1990-08-11,84,57,
1990-08-12,74,64,
1990-08-13,77,57,
1990-08-14,79,53,
1990-08-15,80,58,
1990-08-16,80,62,
1990-08-17,86,66,
1990-08-18,92,70,
1990-08-19,93,70,
1990-08-20,86,70,
1990-08-21,75,68,
1990-08-22,76,67,
1990-08-23,81,62,
1990-08-24,84,60,
1990-08-25,84,62,
1990-08-26,90,63,
1990-08-27,93,65,
1990-08-28,97,71,
1990-08-29,86,65,
1990-08-30,83,60,
1990-08-31,85,58,
1990-09-01,90,59,
1990-09-02,87,65,
1990-09-03,85,66,
1990-09-04,92,64,
1990-09-05,95,71,
1990-09-06,97,72,
1990-09-07,82,67,
1990-09-08,79,65,
1990-09-09,83,64,
1990-09-10,85,62,
1990-09-11,86,65,
1990-09-12,83,64,
1990-09-13,85,60,
1990-09-14,78,57,
1990-09-15,75,48,
1990-09-16,72,50,
1990-09-17,70,45,
1990-09-18,57,49,
1990-09-19,67,57,
1990-09-20,77,52,
1990-09-21,69,50,
1990-09-22,72,45,
1990-09-23,58,38,
1990-09-24,70,36,
1990-09-25,79,46,
1990-09-26,85,51,
1990-09-27,87,50,
1990-09-28,81,56,
1990-09-29,72,54,
1990-09-30,65,45,
1990-10-01,73,39,
1990-10-02,80,41,
1990-10-03,84,54,
1990-10-04,74,49,
1990-10-05,85,51,
1990-10-06,83,58,
1990-10-07,65,53,
1990-10-08,59,48,
1990-10-09,49,43,
1990-10-10,45,36,
1990-10-11,60,32,
1990-10-12,64,37,
1990-10-13,68,38,
1990-10-14,73,44,
1990-10-15,64,39,
1990-10-16,70,46,
1990-10-17,75,49,
1990-10-18,49,34,
1990-10-19,56,29,
1990-10-20,68,36,
1990-10-21,58,44,
1990-10-22,58,37,
1990-10-23,62,31,
1990-10-24,57,37,
1990-10-25,53,31,
1990-10-26,57,28,
1990-10-27,66,35,
1990-10-28,52,28,
1990-10-29,63,28,
1990-10-30,76,37,
1990-10-31,76,44,
1990-11-01,74,41,
1990-11-02,75,51,
1990-11-03,74,43,
1990-11-04,60,44,
1990-11-05,55,34,
1990-11-06,46,31,
1990-11-07,42,28,
1990-11-08,41,22,
1990-11-09,42,35,
1990-11-10,56,32,
1990-11-11,57,25,
1990-11-12,49,30,
1990-11-13,54,30,
1990-11-14,70,33,
1990-11-15,72,42,
1990-11-16,59,39,
1990-11-17,53,30,
1990-11-18,54,34,
1990-11-19,51,44,
1990-11-20,61,38,
1990-11-21,71,52,
1990-11-22,54,37,
1990-11-23,53,34,
1990-11-24,61,30,
1990-11-25,64,38,
1990-11-26,67,43,
1990-11-27,68,52,
1990-11-28,52,30,
1990-11-29,41,27,
1990-11-30,49,31,
1990-12-01,49,36,
1990-12-02,40,34,
1990-12-03,47,28,
1990-12-04,30,19,
1990-12-05,44,16,
1990-12-06,38,24,
1990-12-07,43,19,
1990-12-08,48,26,
1990-12-09,57,28,
1990-12-10,54,31,
1990-12-11,60,29,
1990-12-12,59,36,
1990-12-13,39,26,
1990-12-14,40,20,
1990-12-15,49,34,
1990-12-16,38,33,
1990-12-17,43,36,
1990-12-18,40,26,
1990-12-19,36,26,
1990-12-20,53,29,
1990-12-21,51,25,
1990-12-22,25,3,
1990-12-23,8,0,
1990-12-24,12,-8,
1990-12-25,25,1,
1990-12-26,7,-2,
1990-12-27,26,5,
1990-12-28,38,26,
1990-12-29,49,24,
1990-12-30,24,5,
1990-12-31,16,3,
1991-01-01,30,13,
1991-01-02,28,17,
1991-01-03,17,8,
1991-01-04,26,9,
1991-01-05,33,NA,
1991-01-06,27,21,
1991-01-07,29,21,
1991-01-08,31,25,
1991-01-09,32,26,
1991-01-10,32,26,
1991-01-11,34,29,
1991-01-12,29,23,
1991-01-13,30,23,
1991-01-14,40,30,
1991-01-15,39,33,
1991-01-16,36,28,
1991-01-17,30,22,
1991-01-18,37,25,
1991-01-19,37,30,
1991-01-20,37,11,
1991-01-21,18,2,
1991-01-22,26,-8,
1991-01-23,36,20,
1991-01-24,21,10,
1991-01-25,22,7,
1991-01-26,22,6,
1991-01-27,33,3,
1991-01-28,34,8,
1991-01-29,28,18,
1991-01-30,26,10,
1991-01-31,25,8,
1991-02-01,41,18,
1991-02-02,44,32,
1991-02-03,50,28,
1991-02-04,53,37,
1991-02-05,50,38,
1991-02-06,39,35,
1991-02-07,35,30,
1991-02-08,39,29,
1991-02-09,52,29,
1991-02-10,39,25,
1991-02-11,30,22,
1991-02-12,41,16,
1991-02-13,44,32,
1991-02-14,34,9,
1991-02-15,11,4,
1991-02-16,31,6,
1991-02-17,39,30,
1991-02-18,56,34,
1991-02-19,45,31,
1991-02-20,48,28,
1991-02-21,60,34,
1991-02-22,43,28,
1991-02-23,41,23,
1991-02-24,34,28,
1991-02-25,31,19,
1991-02-26,32,16,
1991-02-27,37,24,
1991-02-28,60,32,
1991-03-01,54,42,
1991-03-02,56,29,
1991-03-03,30,25,
1991-03-04,42,21,
1991-03-05,54,28,
1991-03-06,48,28,
1991-03-07,38,22,
1991-03-08,49,19,
1991-03-09,37,28,
1991-03-10,48,26,
1991-03-11,58,33,
1991-03-12,42,35,
1991-03-13,35,32,
1991-03-14,41,28,
1991-03-15,50,28,
1991-03-16,58,32,
1991-03-17,47,40,
1991-03-18,49,37,
1991-03-19,57,38,
1991-03-20,60,34,
1991-03-21,75,47,
1991-03-22,64,54,
1991-03-23,56,46,
1991-03-24,56,36,
1991-03-25,74,35,
1991-03-26,77,52,
1991-03-27,75,38,
1991-03-28,57,32,
1991-03-29,40,27,
1991-03-30,44,25,
1991-03-31,57,32,
1991-04-01,58,35,
1991-04-02,61,32,
1991-04-03,73,39,
1991-04-04,56,51,
1991-04-05,75,45,
1991-04-06,80,54,
1991-04-07,80,58,
1991-04-08,77,61,
1991-04-09,65,40,
1991-04-10,55,36,
1991-04-11,57,32,
1991-04-12,63,42,
1991-04-13,72,50,
1991-04-14,70,55,
1991-04-15,65,46,
1991-04-16,76,42,
1991-04-17,67,46,
1991-04-18,65,43,
1991-04-19,59,44,
1991-04-20,53,39,
1991-04-21,56,36,
1991-04-22,61,34,
1991-04-23,67,40,
1991-04-24,67,36,
1991-04-25,65,39,
1991-04-26,79,48,
1991-04-27,74,60,
1991-04-28,76,58,
1991-04-29,71,54,
1991-04-30,73,48,
1991-05-01,63,43,
1991-05-02,74,40,
1991-05-03,68,44,
1991-05-04,65,55,
1991-05-05,72,44,
1991-05-06,47,42,
1991-05-07,71,37,
1991-05-08,79,52,
1991-05-09,76,55,
1991-05-10,82,61,
1991-05-11,81,64,
1991-05-12,81,65,
1991-05-13,86,61,
1991-05-14,84,62,
1991-05-15,84,60,
1991-05-16,82,67,
1991-05-17,86,59,
1991-05-18,68,54,
1991-05-19,71,54,
1991-05-20,83,59,
1991-05-21,85,64,
1991-05-22,86,69,
1991-05-23,87,69,
1991-05-24,88,71,
1991-05-25,85,71,
1991-05-26,85,71,
1991-05-27,91,67,
1991-05-28,94,68,
1991-05-29,85,70,
1991-05-30,90,71,
1991-05-31,91,67,
1991-06-01,91,69,
1991-06-02,92,71,
1991-06-03,86,68,
1991-06-04,79,63,
1991-06-05,77,56,
1991-06-06,80,55,
1991-06-07,83,56,
1991-06-08,84,57,
1991-06-09,87,58,
1991-06-10,85,66,
1991-06-11,83,67,
1991-06-12,91,63,
1991-06-13,93,66,
1991-06-14,95,69,
1991-06-15,95,70,
1991-06-16,80,65,
1991-06-17,83,61,
1991-06-18,87,62,
1991-06-19,89,66,
1991-06-20,92,65,
1991-06-21,88,68,
1991-06-22,78,65,
1991-06-23,83,65,
1991-06-24,86,61,
1991-06-25,90,66,
1991-06-26,89,70,
1991-06-27,90,64,
1991-06-28,89,64,
1991-06-29,93,66,
1991-06-30,96,69,
1991-07-01,97,70,
1991-07-02,90,69,
1991-07-03,90,65,
1991-07-04,86,66,
1991-07-05,95,61,
1991-07-06,97,71,
1991-07-07,97,73,
1991-07-08,90,NA,
1991-07-09,79,65,
1991-07-10,83,65,
1991-07-11,81,70,
1991-07-12,87,69,
1991-07-13,84,65,
1991-07-14,84,62,
1991-07-15,86,63,
1991-07-16,87,63,
1991-07-17,88,61,
1991-07-18,90,63,
1991-07-19,93,66,
1991-07-20,92,67,
1991-07-21,96,69,
1991-07-22,96,75,
1991-07-23,89,69,
1991-07-24,75,59,
1991-07-25,84,55,
1991-07-26,82,58,
1991-07-27,82,56,
1991-07-28,86,60,
1991-07-29,79,64,
1991-07-30,83,55,
1991-07-31,89,55,
1991-08-01,95,66,
1991-08-02,100,63,
1991-08-03,88,71,
1991-08-04,84,64,
1991-08-05,75,61,
1991-08-06,69,62,
1991-08-07,84,62,
1991-08-08,84,68,
1991-08-09,78,63,
1991-08-10,79,59,
1991-08-11,83,56,
1991-08-12,85,62,
1991-08-13,86,61,
1991-08-14,86,57,
1991-08-15,87,59,
1991-08-16,93,58,
1991-08-17,84,65,
1991-08-18,85,60,
1991-08-19,77,63,
1991-08-20,82,58,
1991-08-21,86,57,
1991-08-22,92,64,
1991-08-23,91,64,
1991-08-24,94,67,
1991-08-25,94,67,
1991-08-26,93,65,
1991-08-27,90,66,
1991-08-28,95,67,
1991-08-29,89,70,
1991-08-30,89,70,
1991-08-31,90,67,
1991-09-01,87,64,
1991-09-02,91,60,
1991-09-03,88,66,
1991-09-04,83,63,
1991-09-05,83,54,
1991-09-06,89,56,
1991-09-07,93,55,
1991-09-08,90,56,
1991-09-09,94,66,
1991-09-10,88,66,
1991-09-11,86,62,
1991-09-12,95,62,
1991-09-13,96,70,
1991-09-14,93,67,
1991-09-15,94,70,
1991-09-16,84,57,
1991-09-17,82,52,
1991-09-18,62,46,
1991-09-19,58,36,
1991-09-20,62,36,
1991-09-21,72,38,
1991-09-22,64,54,
1991-09-23,68,44,
1991-09-24,64,47,
1991-09-25,69,38,
1991-09-26,62,39,
1991-09-27,62,35,
1991-09-28,77,47,
1991-09-29,84,49,
1991-09-30,85,58,
1991-10-01,83,53,
1991-10-02,85,59,
1991-10-03,77,58,
1991-10-04,81,52,
1991-10-05,58,NA,
1991-10-06,53,36,
1991-10-07,59,33,
1991-10-08,74,42,
1991-10-09,77,54,
1991-10-10,69,49,
1991-10-11,70,46,
1991-10-12,63,44,
1991-10-13,64,36,
1991-10-14,57,43,
1991-10-15,51,31,
1991-10-16,63,27,
1991-10-17,73,36,
1991-10-18,72,42,
1991-10-19,49,33,
1991-10-20,58,28,
1991-10-21,68,30,
1991-10-22,78,47,
1991-10-23,76,56,
1991-10-24,80,62,
1991-10-25,71,64,
1991-10-26,65,60,
1991-10-27,60,54,
1991-10-28,63,56,
1991-10-29,73,55,
1991-10-30,55,41,
1991-10-31,56,43,
1991-11-01,58,30,
1991-11-02,30,21,
1991-11-03,22,14,
1991-11-04,26,14,
1991-11-05,37,17,
1991-11-06,39,22,
1991-11-07,23,14,
1991-11-08,25,8,
1991-11-09,34,7,
1991-11-10,44,20,
1991-11-11,43,33,
1991-11-12,37,32,
1991-11-13,60,31,
1991-11-14,57,45,
1991-11-15,60,47,
1991-11-16,49,42,
1991-11-17,54,42,
1991-11-18,68,54,
1991-11-19,70,57,
1991-11-20,57,43,
1991-11-21,54,37,
1991-11-22,57,33,
1991-11-23,47,22,
1991-11-24,27,17,
1991-11-25,28,12,
1991-11-26,39,14,
1991-11-27,46,37,
1991-11-28,58,42,
1991-11-29,62,52,
1991-11-30,59,30,
1991-12-01,31,26,
1991-12-02,33,28,
1991-12-03,32,8,
1991-12-04,15,1,
1991-12-05,43,15,
1991-12-06,44,20,
1991-12-07,56,43,
1991-12-08,65,40,
1991-12-09,46,33,
1991-12-10,51,28,
1991-12-11,51,39,
1991-12-12,62,45,
1991-12-13,48,38,
1991-12-14,43,24,
1991-12-15,33,17,
1991-12-16,42,15,
1991-12-17,39,26,
1991-12-18,25,16,
1991-12-19,33,11,
1991-12-20,39,28,
1991-12-21,39,29,
1991-12-22,41,29,
1991-12-23,42,28,
1991-12-24,40,23,
1991-12-25,44,23,
1991-12-26,47,26,
1991-12-27,43,28,
1991-12-28,39,34,
1991-12-29,34,32,
1991-12-30,32,29,
1991-12-31,33,31,
1992-01-01,42,32,
1992-01-02,44,38,
1992-01-03,42,36,
1992-01-04,38,32,
1992-01-05,36,33,
1992-01-06,39,34,
1992-01-07,39,36,
1992-01-08,46,35,
1992-01-09,40,32,
1992-01-10,33,27,
1992-01-11,48,28,
1992-01-12,39,32,
1992-01-13,42,30,
1992-01-14,30,9,
1992-01-15,26,-3,
1992-01-16,26,-6,
1992-01-17,36,13,
1992-01-18,13,0,
1992-01-19,31,-4,
1992-01-20,32,27,
1992-01-21,47,29,
1992-01-22,42,32,
1992-01-23,39,23,
1992-01-24,29,15,
1992-01-25,36,26,
1992-01-26,36,17,
1992-01-27,45,28,
1992-01-28,33,29,
1992-01-29,36,29,
1992-01-30,47,31,
1992-01-31,37,30,
1992-02-01,37,26,
1992-02-02,50,25,
1992-02-03,63,31,
1992-02-04,49,31,
1992-02-05,41,24,
1992-02-06,45,22,
1992-02-07,35,24,
1992-02-08,25,16,
1992-02-09,30,13,
1992-02-10,45,25,
1992-02-11,38,22,
1992-02-12,28,21,
1992-02-13,34,27,
1992-02-14,41,32,
1992-02-15,46,33,
1992-02-16,43,34,
1992-02-17,54,32,
1992-02-18,54,41,
1992-02-19,41,34,
1992-02-20,50,32,
1992-02-21,47,32,
1992-02-22,62,41,
1992-02-23,62,39,
1992-02-24,48,34,
1992-02-25,38,32,
1992-02-26,45,30,
1992-02-27,52,30,
1992-02-28,59,33,
1992-02-29,44,31,
1992-03-01,70,34,
1992-03-02,76,45,
1992-03-03,77,43,
1992-03-04,71,44,
1992-03-05,69,51,
1992-03-06,66,48,
1992-03-07,56,48,
1992-03-08,69,50,
1992-03-09,62,34,
1992-03-10,34,20,
1992-03-11,29,16,
1992-03-12,30,22,
1992-03-13,36,19,
1992-03-14,36,30,
1992-03-15,38,24,
1992-03-16,49,21,
1992-03-17,57,35,
1992-03-18,38,30,
1992-03-19,44,30,
1992-03-20,51,30,
1992-03-21,51,35,
1992-03-22,46,28,
1992-03-23,49,24,
1992-03-24,59,31,
1992-03-25,51,36,
1992-03-26,53,32,
1992-03-27,46,27,
1992-03-28,49,28,
1992-03-29,45,40,
1992-03-30,44,33,
1992-03-31,57,29,
1992-04-01,41,29,
1992-04-02,42,27,
1992-04-03,46,26,
1992-04-04,48,34,
1992-04-05,57,28,
1992-04-06,61,33,
1992-04-07,67,42,
1992-04-08,70,37,
1992-04-09,69,44,
1992-04-10,75,46,
1992-04-11,74,44,
1992-04-12,48,34,
1992-04-13,55,32,
1992-04-14,67,41,
1992-04-15,78,48,
1992-04-16,75,46,
1992-04-17,53,43,
1992-04-18,77,50,
1992-04-19,68,60,
1992-04-20,69,51,
1992-04-21,57,40,
1992-04-22,56,37,
1992-04-23,77,44,
1992-04-24,52,43,
1992-04-25,47,37,
1992-04-26,49,41,
1992-04-27,51,36,
1992-04-28,59,30,
1992-04-29,64,42,
1992-04-30,78,48,
1992-05-01,84,55,
1992-05-02,80,52,
1992-05-03,66,44,
1992-05-04,64,41,
1992-05-05,55,38,
1992-05-06,64,34,
1992-05-07,69,38,
1992-05-08,75,42,
1992-05-09,81,51,
1992-05-10,85,51,
1992-05-11,83,54,
1992-05-12,69,60,
1992-05-13,75,53,
1992-05-14,61,48,
1992-05-15,78,47,
1992-05-16,86,57,
1992-05-17,82,66,
1992-05-18,79,56,
1992-05-19,82,58,
1992-05-20,85,59,
1992-05-21,86,60,
1992-05-22,75,64,
1992-05-23,76,45,
1992-05-24,58,40,
1992-05-25,58,39,
1992-05-26,56,42,
1992-05-27,65,37,
1992-05-28,70,43,
1992-05-29,72,49,
1992-05-30,66,48,
1992-05-31,77,48,
1992-06-01,79,54,
1992-06-02,81,56,
1992-06-03,81,58,
1992-06-04,79,64,
1992-06-05,81,63,
1992-06-06,83,58,
1992-06-07,78,58,
1992-06-08,76,54,
1992-06-09,81,58,
1992-06-10,78,59,
1992-06-11,82,57,
1992-06-12,85,58,
1992-06-13,82,60,
1992-06-14,86,60,
1992-06-15,82,64,
1992-06-16,88,64,
1992-06-17,95,70,
1992-06-18,83,66,
1992-06-19,77,56,
1992-06-20,65,47,
1992-06-21,67,44,
1992-06-22,70,43,
1992-06-23,82,56,
1992-06-24,80,59,
1992-06-25,84,57,
1992-06-26,79,59,
1992-06-27,77,54,
1992-06-28,82,50,
1992-06-29,86,56,
1992-06-30,87,58,
1992-07-01,88,66,
1992-07-02,92,66,
1992-07-03,74,60,
1992-07-04,83,56,
1992-07-05,83,64,
1992-07-06,79,61,
1992-07-07,71,59,
1992-07-08,87,66,
1992-07-09,85,68,
1992-07-10,81,70,
1992-07-11,84,69,
1992-07-12,86,70,
1992-07-13,89,74,
1992-07-14,84,66,
1992-07-15,72,61,
1992-07-16,83,63,
1992-07-17,82,63,
1992-07-18,80,62,
1992-07-19,84,60,
1992-07-20,79,66,
1992-07-21,77,61,
1992-07-22,78,62,
1992-07-23,85,65,
1992-07-24,74,62,
1992-07-25,76,65,
1992-07-26,81,70,
1992-07-27,81,63,
1992-07-28,83,58,
1992-07-29,82,64,
1992-07-30,78,62,
1992-07-31,73,57,
1992-08-01,78,53,
1992-08-02,80,55,
1992-08-03,79,60,
1992-08-04,75,58,
1992-08-05,77,56,
1992-08-06,79,58,
1992-08-07,80,59,
1992-08-08,89,72,
1992-08-09,91,66,
1992-08-10,88,70,
1992-08-11,80,61,
1992-08-12,80,55,
1992-08-13,74,55,
1992-08-14,72,55,
1992-08-15,72,51,
1992-08-16,74,56,
1992-08-17,78,55,
1992-08-18,81,53,
1992-08-19,77,58,
1992-08-20,77,53,
1992-08-21,79,54,
1992-08-22,82,60,
1992-08-23,83,64,
1992-08-24,85,65,
1992-08-25,89,66,
1992-08-26,89,67,
1992-08-27,70,58,
1992-08-28,70,51,
1992-08-29,79,50,
1992-08-30,76,56,
1992-08-31,76,54,
1992-09-01,79,54,
1992-09-02,74,64,
1992-09-03,82,58,
1992-09-04,81,56,
1992-09-05,84,62,
1992-09-06,84,63,
1992-09-07,84,64,
1992-09-08,73,58,
1992-09-09,87,60,
1992-09-10,70,53,
1992-09-11,72,50,
1992-09-12,75,48,
1992-09-13,80,51,
1992-09-14,86,56,
1992-09-15,89,64,
1992-09-16,86,64,
1992-09-17,85,61,
1992-09-18,76,52,
1992-09-19,70,46,
1992-09-20,66,48,
1992-09-21,75,64,
1992-09-22,66,47,
1992-09-23,63,41,
1992-09-24,70,41,
1992-09-25,76,48,
1992-09-26,71,54,
1992-09-27,72,48,
1992-09-28,65,44,
1992-09-29,66,40,
1992-09-30,71,39,
1992-10-01,75,41,
1992-10-02,79,43,
1992-10-03,82,52,
1992-10-04,77,51,
1992-10-05,69,44,
1992-10-06,72,39,
1992-10-07,73,43,
1992-10-08,70,50,
1992-10-09,63,46,
1992-10-10,68,46,
1992-10-11,64,38,
1992-10-12,69,38,
1992-10-13,69,36,
1992-10-14,84,58,
1992-10-15,73,56,
1992-10-16,56,38,
1992-10-17,51,30,
1992-10-18,48,32,
1992-10-19,48,26,
1992-10-20,61,34,
1992-10-21,65,41,
1992-10-22,79,44,
1992-10-23,79,51,
1992-10-24,68,44,
1992-10-25,68,39,
1992-10-26,65,44,
1992-10-27,62,38,
1992-10-28,66,34,
1992-10-29,52,44,
1992-10-30,49,43,
1992-10-31,52,43,
1992-11-01,62,46,
1992-11-02,60,40,
1992-11-03,51,34,
1992-11-04,40,32,
1992-11-05,35,32,
1992-11-06,39,30,
1992-11-07,38,28,
1992-11-08,51,26,
1992-11-09,49,42,
1992-11-10,51,46,
1992-11-11,54,49,
1992-11-12,57,34,
1992-11-13,36,26,
1992-11-14,33,24,
1992-11-15,33,22,
1992-11-16,53,29,
1992-11-17,55,40,
1992-11-18,44,39,
1992-11-19,48,41,
1992-11-20,64,46,
1992-11-21,57,44,
1992-11-22,52,44,
1992-11-23,NA,39,
1992-11-24,42,39,
1992-11-25,51,41,
1992-11-26,41,29,
1992-11-27,30,26,
1992-11-28,35,27,
1992-11-29,46,23,
1992-11-30,39,30,
1992-12-01,39,28,
1992-12-02,36,30,
1992-12-03,35,27,
1992-12-04,34,20,
1992-12-05,27,14,
1992-12-06,30,20,
1992-12-07,34,24,
1992-12-08,38,24,
1992-12-09,32,20,
1992-12-10,35,30,
1992-12-11,38,28,
1992-12-12,41,25,
1992-12-13,36,27,
1992-12-14,39,31,
1992-12-15,55,37,
1992-12-16,42,36,
1992-12-17,36,30,
1992-12-18,33,29,
1992-12-19,43,27,
1992-12-20,27,15,
1992-12-21,38,16,
1992-12-22,44,24,
1992-12-23,43,13,
1992-12-24,23,5,
1992-12-25,35,16,
1992-12-26,28,9,
1992-12-27,43,17,
1992-12-28,41,33,
1992-12-29,49,38,
1992-12-30,58,44,
1992-12-31,44,12,
1993-01-01,19,8,
1993-01-02,34,15,
1993-01-03,53,34,
1993-01-04,56,27,
1993-01-05,27,25,
1993-01-06,31,21,
1993-01-07,29,20,
1993-01-08,29,24,
1993-01-09,28,24,
1993-01-10,24,20,
1993-01-11,27,20,
1993-01-12,35,27,
1993-01-13,34,19,
1993-01-14,24,16,
1993-01-15,24,18,
1993-01-16,33,22,
1993-01-17,33,11,
1993-01-18,24,8,
1993-01-19,28,9,
1993-01-20,37,19,
1993-01-21,38,32,
1993-01-22,40,30,
1993-01-23,53,29,
1993-01-24,35,24,
1993-01-25,32,20,
1993-01-26,41,21,
1993-01-27,40,29,
1993-01-28,47,20,
1993-01-29,27,13,
1993-01-30,39,15,
1993-01-31,51,30,
1993-02-01,37,24,
1993-02-02,40,17,
1993-02-03,50,23,
1993-02-04,52,29,
1993-02-05,52,25,
1993-02-06,38,31,
1993-02-07,53,31,
1993-02-08,37,31,
1993-02-09,49,32,
1993-02-10,63,30,
1993-02-11,38,32,
1993-02-12,32,29,
1993-02-13,31,27,
1993-02-14,27,20,
1993-02-15,28,20,
1993-02-16,29,16,
1993-02-17,17,-2,
1993-02-18,11,-9,
1993-02-19,26,5,
1993-02-20,32,21,
1993-02-21,37,28,
1993-02-22,28,16,
1993-02-23,16,4,
1993-02-24,15,-1,
1993-02-25,19,9,
1993-02-26,27,11,
1993-02-27,28,4,
1993-02-28,31,-3,
1993-03-01,41,20,
1993-03-02,40,30,
1993-03-03,38,35,
1993-03-04,36,32,
1993-03-05,39,28,
1993-03-06,47,25,
1993-03-07,40,30,
1993-03-08,41,32,
1993-03-09,43,27,
1993-03-10,39,32,
1993-03-11,32,24,
1993-03-12,33,22,
1993-03-13,26,13,
1993-03-14,24,10,
1993-03-15,51,12,
1993-03-16,42,34,
1993-03-17,34,18,
1993-03-18,36,15,
1993-03-19,34,25,
1993-03-20,40,34,
1993-03-21,41,33,
1993-03-22,52,36,
1993-03-23,51,36,
1993-03-24,44,34,
1993-03-25,47,40,
1993-03-26,58,38,
1993-03-27,58,34,
1993-03-28,60,33,
1993-03-29,67,37,
1993-03-30,74,43,
1993-03-31,58,42,
1993-04-01,42,26,
1993-04-02,39,26,
1993-04-03,46,24,
1993-04-04,49,30,
1993-04-05,45,33,
1993-04-06,58,34,
1993-04-07,66,42,
1993-04-08,59,52,
1993-04-09,57,46,
1993-04-10,65,35,
1993-04-11,60,43,
1993-04-12,51,38,
1993-04-13,58,41,
1993-04-14,58,46,
1993-04-15,62,39,
1993-04-16,42,34,
1993-04-17,60,30,
1993-04-18,63,40,
1993-04-19,63,48,
1993-04-20,59,36,
1993-04-21,53,34,
1993-04-22,60,32,
1993-04-23,69,45,
1993-04-24,72,56,
1993-04-25,60,49,
1993-04-26,61,41,
1993-04-27,68,40,
1993-04-28,74,53,
1993-04-29,62,52,
1993-04-30,73,48,
1993-05-01,73,56,
1993-05-02,72,58,
1993-05-03,64,57,
1993-05-04,67,56,
1993-05-05,77,55,
1993-05-06,78,54,
1993-05-07,78,60,
1993-05-08,85,59,
1993-05-09,85,64,
1993-05-10,85,62,
1993-05-11,85,61,
1993-05-12,77,46,
1993-05-13,65,42,
1993-05-14,78,42,
1993-05-15,78,56,
1993-05-16,70,46,
1993-05-17,74,42,
1993-05-18,73,45,
1993-05-19,60,42,
1993-05-20,63,39,
1993-05-21,69,46,
1993-05-22,78,42,
1993-05-23,77,56,
1993-05-24,75,55,
1993-05-25,68,50,
1993-05-26,79,45,
1993-05-27,79,47,
1993-05-28,85,50,
1993-05-29,73,48,
1993-05-30,83,55,
1993-05-31,62,48,
1993-06-01,67,41,
1993-06-02,59,51,
1993-06-03,65,54,
1993-06-04,66,50,
1993-06-05,69,48,
1993-06-06,68,49,
1993-06-07,86,57,
1993-06-08,90,66,
1993-06-09,85,67,
1993-06-10,82,62,
1993-06-11,79,63,
1993-06-12,82,64,
1993-06-13,88,66,
1993-06-14,85,61,
1993-06-15,79,59,
1993-06-16,84,55,
1993-06-17,94,62,
1993-06-18,89,69,
1993-06-19,88,70,
1993-06-20,82,67,
1993-06-21,83,64,
1993-06-22,87,62,
1993-06-23,87,66,
1993-06-24,88,69,
1993-06-25,80,63,
1993-06-26,84,57,
1993-06-27,88,63,
1993-06-28,76,65,
1993-06-29,83,63,
1993-06-30,85,66,
1993-07-01,76,66,
1993-07-02,86,65,
1993-07-03,90,67,
1993-07-04,89,69,
1993-07-05,89,74,
1993-07-06,82,72,
1993-07-07,84,68,
1993-07-08,89,65,
1993-07-09,88,72,
1993-07-10,88,70,
1993-07-11,88,67,
1993-07-12,82,63,
1993-07-13,86,62,
1993-07-14,83,69,
1993-07-15,74,67,
1993-07-16,77,71,
1993-07-17,86,72,
1993-07-18,91,72,
1993-07-19,85,71,
1993-07-20,83,66,
1993-07-21,78,62,
1993-07-22,75,62,
1993-07-23,79,64,
1993-07-24,87,68,
1993-07-25,90,74,
1993-07-26,86,70,
1993-07-27,91,65,
1993-07-28,87,68,
1993-07-29,81,64,
1993-07-30,82,63,
1993-07-31,83,60,
1993-08-01,85,67,
1993-08-02,79,60,
1993-08-03,83,60,
1993-08-04,76,56,
1993-08-05,74,52,
1993-08-06,75,58,
1993-08-07,75,53,
1993-08-08,79,54,
1993-08-09,82,57,
1993-08-10,83,66,
1993-08-11,86,66,
1993-08-12,74,67,
1993-08-13,83,67,
1993-08-14,86,68,
1993-08-15,88,68,
1993-08-16,88,70,
1993-08-17,89,72,
1993-08-18,85,69,
1993-08-19,88,70,
1993-08-20,85,67,
1993-08-21,79,63,
1993-08-22,80,64,
1993-08-23,90,68,
1993-08-24,87,68,
1993-08-25,89,72,
1993-08-26,91,72,
1993-08-27,91,70,
1993-08-28,91,72,
1993-08-29,91,69,
1993-08-30,89,71,
1993-08-31,72,60,
1993-09-01,78,58,
1993-09-02,79,67,
1993-09-03,75,59,
1993-09-04,76,55,
1993-09-05,80,56,
1993-09-06,66,57,
1993-09-07,73,52,
1993-09-08,74,56,
1993-09-09,77,53,
1993-09-10,69,48,
1993-09-11,71,44,
1993-09-12,80,57,
1993-09-13,82,65,
1993-09-14,81,53,
1993-09-15,57,51,
1993-09-16,65,52,
1993-09-17,69,48,
1993-09-18,73,47,
1993-09-19,74,54,
1993-09-20,72,57,
1993-09-21,73,53,
1993-09-22,70,54,
1993-09-23,69,46,
1993-09-24,67,45,
1993-09-25,70,57,
1993-09-26,60,50,
1993-09-27,54,44,
1993-09-28,68,44,
1993-09-29,56,38,
1993-09-30,64,33,
1993-10-01,72,53,
1993-10-02,62,36,
1993-10-03,69,35,
1993-10-04,78,46,
1993-10-05,66,39,
1993-10-06,79,42,
1993-10-07,82,49,
1993-10-08,80,52,
1993-10-09,61,36,
1993-10-10,53,33,
1993-10-11,57,33,
1993-10-12,65,38,
1993-10-13,57,36,
1993-10-14,67,36,
1993-10-15,73,44,
1993-10-16,67,58,
1993-10-17,58,45,
1993-10-18,62,41,
1993-10-19,62,52,
1993-10-20,58,46,
1993-10-21,55,36,
1993-10-22,62,32,
1993-10-23,66,36,
1993-10-24,70,39,
1993-10-25,69,38,
1993-10-26,62,42,
1993-10-27,46,29,
1993-10-28,56,29,
1993-10-29,44,34,
1993-10-30,39,33,
1993-10-31,42,26,
1993-11-01,45,22,
1993-11-02,47,27,
1993-11-03,57,40,
1993-11-04,60,40,
1993-11-05,50,32,
1993-11-06,33,20,
1993-11-07,39,17,
1993-11-08,52,25,
1993-11-09,57,26,
1993-11-10,55,28,
1993-11-11,57,29,
1993-11-12,54,46,
1993-11-13,68,47,
1993-11-14,48,45,
1993-11-15,46,41,
1993-11-16,46,40,
1993-11-17,44,32,
1993-11-18,45,31,
1993-11-19,47,33,
1993-11-20,47,27,
1993-11-21,51,33,
1993-11-22,55,32,
1993-11-23,52,36,
1993-11-24,49,43,
1993-11-25,45,34,
1993-11-26,34,14,
1993-11-27,33,14,
1993-11-28,31,16,
1993-11-29,29,20,
1993-11-30,34,23,
1993-12-01,42,23,
1993-12-02,53,35,
1993-12-03,47,37,
1993-12-04,47,37,
1993-12-05,42,35,
1993-12-06,42,26,
1993-12-07,38,26,
1993-12-08,37,27,
1993-12-09,54,30,
1993-12-10,52,27,
1993-12-11,31,19,
1993-12-12,39,19,
1993-12-13,42,30,
1993-12-14,42,35,
1993-12-15,42,35,
1993-12-16,45,36,
1993-12-17,42,36,
1993-12-18,41,33,
1993-12-19,36,32,
1993-12-20,36,28,
1993-12-21,30,25,
1993-12-22,31,22,
1993-12-23,24,18,
1993-12-24,24,18,
1993-12-25,25,11,
1993-12-26,16,11,
1993-12-27,19,11,
1993-12-28,19,6,
1993-12-29,25,7,
1993-12-30,26,-2,
1993-12-31,42,19,
1994-01-01,42,31,
1994-01-02,33,30,
1994-01-03,31,28,
1994-01-04,32,22,
1994-01-05,29,20,
1994-01-06,38,28,
1994-01-07,28,2,
1994-01-08,19,1,
1994-01-09,27,4,
1994-01-10,35,21,
1994-01-11,35,32,
1994-01-12,35,30,
1994-01-13,30,8,
1994-01-14,8,-6,
1994-01-15,-5,-14,
1994-01-16,14,-11,
1994-01-17,14,-10,
1994-01-18,-10,-21,
1994-01-19,2,-25,
1994-01-20,11,-10,
1994-01-21,17,-16,
1994-01-22,32,5,
1994-01-23,37,29,
1994-01-24,41,34,
1994-01-25,40,30,
1994-01-26,30,24,
1994-01-27,49,24,
1994-01-28,36,25,
1994-01-29,32,23,
1994-01-30,30,17,
1994-01-31,17,-4,
1994-02-01,16,-7,
1994-02-02,29,14,
1994-02-03,26,5,
1994-02-04,27,11,
1994-02-05,36,11,
1994-02-06,43,16,
1994-02-07,24,16,
1994-02-08,18,12,
1994-02-09,15,8,
1994-02-10,23,6,
1994-02-11,28,11,
1994-02-12,33,17,
1994-02-13,35,17,
1994-02-14,47,24,
1994-02-15,42,28,
1994-02-16,45,23,
1994-02-17,56,32,
1994-02-18,59,32,
1994-02-19,63,46,
1994-02-20,56,35,
1994-02-21,38,28,
1994-02-22,32,28,
1994-02-23,30,20,
1994-02-24,21,12,
1994-02-25,31,10,
1994-02-26,21,7,
1994-02-27,25,6,
1994-02-28,34,18,
1994-03-01,34,28,
1994-03-02,34,20,
1994-03-03,46,17,
1994-03-04,48,33,
1994-03-05,57,28,
1994-03-06,62,40,
1994-03-07,46,36,
1994-03-08,36,27,
1994-03-09,34,25,
1994-03-10,42,22,
1994-03-11,46,24,
1994-03-12,61,29,
1994-03-13,52,33,
1994-03-14,54,27,
1994-03-15,53,30,
1994-03-16,39,25,
1994-03-17,39,21,
1994-03-18,54,28,
1994-03-19,48,24,
1994-03-20,63,40,
1994-03-21,58,30,
1994-03-22,71,28,
1994-03-23,77,37,
1994-03-24,62,34,
1994-03-25,49,29,
1994-03-26,46,38,
1994-03-27,47,37,
1994-03-28,46,31,
1994-03-29,45,30,
1994-03-30,47,26,
1994-03-31,52,26,
1994-04-01,69,32,
1994-04-02,72,37,
1994-04-03,49,34,
1994-04-04,57,28,
1994-04-05,51,30,
1994-04-06,34,22,
1994-04-07,45,16,
1994-04-08,62,31,
1994-04-09,62,44,
1994-04-10,56,42,
1994-04-11,44,41,
1994-04-12,69,44,
1994-04-13,48,38,
1994-04-14,77,38,
1994-04-15,64,45,
1994-04-16,64,41,
1994-04-17,69,42,
1994-04-18,80,50,
1994-04-19,71,54,
1994-04-20,67,46,
1994-04-21,54,42,
1994-04-22,62,38,
1994-04-23,68,38,
1994-04-24,81,47,
1994-04-25,82,58,
1994-04-26,83,62,
1994-04-27,67,44,
1994-04-28,66,43,
1994-04-29,55,43,
1994-04-30,45,36,
1994-05-01,53,36,
1994-05-02,59,35,
1994-05-03,64,42,
1994-05-04,67,40,
1994-05-05,75,50,
1994-05-06,51,44,
1994-05-07,53,40,
1994-05-08,66,38,
1994-05-09,72,46,
1994-05-10,72,44,
1994-05-11,80,54,
1994-05-12,70,47,
1994-05-13,73,44,
1994-05-14,69,51,
1994-05-15,76,54,
1994-05-16,71,46,
1994-05-17,71,41,
1994-05-18,73,42,
1994-05-19,74,45,
1994-05-20,78,47,
1994-05-21,83,50,
1994-05-22,86,60,
1994-05-23,88,60,
1994-05-24,88,62,
1994-05-25,79,59,
1994-05-26,64,44,
1994-05-27,68,41,
1994-05-28,76,44,
1994-05-29,80,49,
1994-05-30,85,60,
1994-05-31,85,65,
1994-06-01,80,56,
1994-06-02,66,51,
1994-06-03,77,53,
1994-06-04,84,55,
1994-06-05,86,56,
1994-06-06,92,66,
1994-06-07,93,64,
1994-06-08,64,55,
1994-06-09,74,57,
1994-06-10,80,58,
1994-06-11,81,56,
1994-06-12,87,62,
1994-06-13,89,68,
1994-06-14,93,72,
1994-06-15,94,70,
1994-06-16,94,70,
1994-06-17,94,69,
1994-06-18,96,74,
1994-06-19,96,76,
1994-06-20,93,73,
1994-06-21,92,73,
1994-06-22,90,66,
1994-06-23,92,70,
1994-06-24,74,61,
1994-06-25,83,56,
1994-06-26,76,64,
1994-06-27,81,62,
1994-06-28,88,67,
1994-06-29,81,64,
1994-06-30,84,62,
1994-07-01,89,63,
1994-07-02,81,65,
1994-07-03,86,63,
1994-07-04,91,70,
1994-07-05,94,72,
1994-07-06,93,69,
1994-07-07,90,69,
1994-07-08,85,60,
1994-07-09,81,59,
1994-07-10,79,57,
1994-07-11,84,55,
1994-07-12,89,62,
1994-07-13,88,64,
1994-07-14,90,70,
1994-07-15,83,62,
1994-07-16,85,60,
1994-07-17,84,65,
1994-07-18,88,61,
1994-07-19,89,66,
1994-07-20,94,70,
1994-07-21,83,68,
1994-07-22,82,66,
1994-07-23,85,64,
1994-07-24,85,64,
1994-07-25,82,62,
1994-07-26,79,63,
1994-07-27,76,61,
1994-07-28,80,58,
1994-07-29,80,54,
1994-07-30,83,56,
1994-07-31,85,58,
1994-08-01,88,58,
1994-08-02,86,67,
1994-08-03,90,62,
1994-08-04,81,62,
1994-08-05,72,53,
1994-08-06,73,50,
1994-08-07,81,52,
1994-08-08,90,61,
1994-08-09,75,55,
1994-08-10,72,55,
1994-08-11,82,65,
1994-08-12,83,63,
1994-08-13,92,72,
1994-08-14,74,56,
1994-08-15,76,55,
1994-08-16,80,56,
1994-08-17,83,59,
1994-08-18,85,60,
1994-08-19,89,62,
1994-08-20,79,64,
1994-08-21,77,60,
1994-08-22,79,56,
1994-08-23,81,59,
1994-08-24,85,61,
1994-08-25,88,63,
1994-08-26,81,66,
1994-08-27,89,62,
1994-08-28,85,60,
1994-08-29,80,53,
1994-08-30,71,55,
1994-08-31,71,59,
1994-09-01,67,52,
1994-09-02,72,49,
1994-09-03,73,53,
1994-09-04,66,52,
1994-09-05,67,58,
1994-09-06,77,58,
1994-09-07,77,53,
1994-09-08,81,49,
1994-09-09,85,58,
1994-09-10,86,58,
1994-09-11,87,60,
1994-09-12,86,61,
1994-09-13,87,60,
1994-09-14,91,66,
1994-09-15,88,62,
1994-09-16,87,65,
1994-09-17,78,59,
1994-09-18,80,54,
1994-09-19,83,52,
1994-09-20,83,52,
1994-09-21,83,53,
1994-09-22,73,52,
1994-09-23,54,50,
1994-09-24,70,48,
1994-09-25,68,52,
1994-09-26,63,52,
1994-09-27,55,49,
1994-09-28,68,47,
1994-09-29,77,44,
1994-09-30,84,50,
1994-10-01,87,56,
1994-10-02,73,54,
1994-10-03,70,49,
1994-10-04,68,50,
1994-10-05,66,47,
1994-10-06,74,46,
1994-10-07,80,54,
1994-10-08,68,50,
1994-10-09,62,42,
1994-10-10,61,40,
1994-10-11,65,38,
1994-10-12,70,40,
1994-10-13,67,49,
1994-10-14,63,55,
1994-10-15,72,52,
1994-10-16,76,54,
1994-10-17,76,50,
1994-10-18,63,58,
1994-10-19,73,50,
1994-10-20,67,43,
1994-10-21,73,40,
1994-10-22,73,49,
1994-10-23,62,40,
1994-10-24,54,36,
1994-10-25,47,31,
1994-10-26,53,34,
1994-10-27,58,29,
1994-10-28,62,35,
1994-10-29,68,45,
1994-10-30,66,50,
1994-10-31,51,35,
1994-11-01,52,34,
1994-11-02,64,34,
1994-11-03,73,48,
1994-11-04,66,59,
1994-11-05,65,51,
1994-11-06,57,44,
1994-11-07,59,36,
1994-11-08,64,42,
1994-11-09,61,42,
1994-11-10,53,35,
1994-11-11,58,31,
1994-11-12,53,44,
1994-11-13,67,52,
1994-11-14,62,45,
1994-11-15,51,39,
1994-11-16,55,34,
1994-11-17,49,33,
1994-11-18,60,35,
1994-11-19,49,33,
1994-11-20,58,43,
1994-11-21,54,34,
1994-11-22,35,26,
1994-11-23,44,24,
1994-11-24,51,30,
1994-11-25,50,32,
1994-11-26,52,29,
1994-11-27,61,40,
1994-11-28,44,33,
1994-11-29,43,27,
1994-11-30,39,26,
1994-12-01,53,28,
1994-12-02,57,29,
1994-12-03,53,41,
1994-12-04,61,43,
1994-12-05,54,41,
1994-12-06,44,38,
1994-12-07,46,32,
1994-12-08,37,29,
1994-12-09,37,29,
1994-12-10,34,20,
1994-12-11,25,13,
1994-12-12,31,20,
1994-12-13,29,20,
1994-12-14,38,23,
1994-12-15,41,28,
1994-12-16,44,34,
1994-12-17,46,32,
1994-12-18,32,29,
1994-12-19,41,26,
1994-12-20,51,31,
1994-12-21,52,29,
1994-12-22,55,36,
1994-12-23,40,33,
1994-12-24,40,30,
1994-12-25,50,27,
1994-12-26,51,24,
1994-12-27,53,23,
1994-12-28,38,32,
1994-12-29,38,28,
1994-12-30,44,25,
1994-12-31,37,32,
1995-01-01,32,13,
1995-01-02,25,9,
1995-01-03,19,6,
1995-01-04,11,-1,
1995-01-05,20,-4,
1995-01-06,30,17,
1995-01-07,26,8,
1995-01-08,25,10,
1995-01-09,24,15,
1995-01-10,34,22,
1995-01-11,48,34,
1995-01-12,59,48,
1995-01-13,53,37,
1995-01-14,43,36,
1995-01-15,36,31,
1995-01-16,34,29,
1995-01-17,43,32,
1995-01-18,42,33,
1995-01-19,49,33,
1995-01-20,33,23,
1995-01-21,23,19,
1995-01-22,22,18,
1995-01-23,22,13,
1995-01-24,28,6,
1995-01-25,31,11,
1995-01-26,35,11,
1995-01-27,36,21,
1995-01-28,32,20,
1995-01-29,29,13,
1995-01-30,28,NA,
1995-01-31,44,24,
1995-02-01,46,33,
1995-02-02,39,29,
1995-02-03,32,29,
1995-02-04,31,18,
1995-02-05,19,4,
1995-02-06,18,1,
1995-02-07,20,8,
1995-02-08,16,1,
1995-02-09,37,8,
1995-02-10,40,19,
1995-02-11,19,0,
1995-02-12,20,-2,
1995-02-13,30,12,
1995-02-14,35,12,
1995-02-15,41,25,
1995-02-16,35,19,
1995-02-17,45,16,
1995-02-18,51,23,
1995-02-19,56,26,
1995-02-20,59,28,
1995-02-21,36,25,
1995-02-22,61,28,
1995-02-23,56,31,
1995-02-24,40,28,
1995-02-25,60,30,
1995-02-26,51,37,
1995-02-27,49,32,
1995-02-28,35,26,
1995-03-01,26,16,
1995-03-02,28,15,
1995-03-03,36,14,
1995-03-04,46,20,
1995-03-05,44,35,
1995-03-06,42,33,
1995-03-07,45,26,
1995-03-08,27,15,
1995-03-09,33,16,
1995-03-10,52,28,
1995-03-11,64,32,
1995-03-12,69,36,
1995-03-13,73,40,
1995-03-14,75,44,
1995-03-15,76,46,
1995-03-16,74,46,
1995-03-17,73,46,
1995-03-18,73,41,
1995-03-19,61,50,
1995-03-20,61,43,
1995-03-21,56,32,
1995-03-22,56,39,
1995-03-23,48,35,
1995-03-24,57,30,
1995-03-25,64,30,
1995-03-26,58,42,
1995-03-27,51,42,
1995-03-28,46,40,
1995-03-29,42,38,
1995-03-30,45,35,
1995-03-31,41,33,
1995-04-01,49,26,
1995-04-02,60,31,
1995-04-03,61,45,
1995-04-04,48,26,
1995-04-05,53,20,
1995-04-06,67,42,
1995-04-07,71,41,
1995-04-08,72,49,
1995-04-09,53,38,
1995-04-10,51,35,
1995-04-11,64,37,
1995-04-12,46,33,
1995-04-13,61,39,
1995-04-14,62,35,
1995-04-15,74,46,
1995-04-16,74,47,
1995-04-17,70,57,
1995-04-18,77,50,
1995-04-19,53,42,
1995-04-20,60,40,
1995-04-21,59,44,
1995-04-22,56,38,
1995-04-23,49,38,
1995-04-24,62,39,
1995-04-25,61,36,
1995-04-26,69,45,
1995-04-27,57,40,
1995-04-28,63,35,
1995-04-29,63,40,
1995-04-30,52,44,
1995-05-01,50,42,
1995-05-02,60,44,
1995-05-03,63,42,
1995-05-04,56,44,
1995-05-05,70,43,
1995-05-06,73,44,
1995-05-07,76,48,
1995-05-08,78,57,
1995-05-09,76,56,
1995-05-10,61,51,
1995-05-11,61,48,
1995-05-12,67,45,
1995-05-13,71,54,
1995-05-14,72,58,
1995-05-15,74,49,
1995-05-16,75,53,
1995-05-17,68,47,
1995-05-18,56,48,
1995-05-19,73,46,
1995-05-20,73,49,
1995-05-21,73,51,
1995-05-22,76,50,
1995-05-23,78,58,
1995-05-24,66,55,
1995-05-25,60,53,
1995-05-26,69,52,
1995-05-27,71,58,
1995-05-28,77,59,
1995-05-29,66,54,
1995-05-30,80,52,
1995-05-31,79,56,
1995-06-01,78,62,
1995-06-02,78,62,
1995-06-03,81,59,
1995-06-04,83,60,
1995-06-05,85,59,
1995-06-06,85,64,
1995-06-07,90,66,
1995-06-08,77,55,
1995-06-09,81,56,
1995-06-10,81,65,
1995-06-11,70,55,
1995-06-12,72,52,
1995-06-13,81,51,
1995-06-14,84,58,
1995-06-15,86,56,
1995-06-16,88,60,
1995-06-17,88,61,
1995-06-18,89,62,
1995-06-19,92,66,
1995-06-20,98,67,
1995-06-21,88,66,
1995-06-22,90,65,
1995-06-23,91,66,
1995-06-24,88,65,
1995-06-25,88,64,
1995-06-26,84,66,
1995-06-27,81,64,
1995-06-28,83,65,
1995-06-29,83,64,
1995-06-30,78,63,
1995-07-01,74,57,
1995-07-02,76,52,
1995-07-03,80,53,
1995-07-04,87,63,
1995-07-05,84,69,
1995-07-06,82,62,
1995-07-07,83,61,
1995-07-08,83,55,
1995-07-09,89,62,
1995-07-10,88,65,
1995-07-11,93,64,
1995-07-12,96,70,
1995-07-13,100,74,
1995-07-14,99,76,
1995-07-15,97,76,
1995-07-16,96,73,
1995-07-17,89,66,
1995-07-18,86,60,
1995-07-19,88,61,
1995-07-20,77,66,
1995-07-21,85,66,
1995-07-22,86,66,
1995-07-23,86,66,
1995-07-24,90,68,
1995-07-25,88,68,
1995-07-26,86,69,
1995-07-27,91,69,
1995-07-28,90,71,
1995-07-29,91,68,
1995-07-30,92,69,
1995-07-31,93,69,
1995-08-01,91,71,
1995-08-02,87,71,
1995-08-03,87,70,
1995-08-04,76,71,
1995-08-05,82,70,
1995-08-06,85,67,
1995-08-07,83,70,
1995-08-08,86,67,
1995-08-09,91,66,
1995-08-10,88,70,
1995-08-11,91,71,
1995-08-12,93,73,
1995-08-13,93,76,
1995-08-14,93,75,
1995-08-15,91,74,
1995-08-16,92,74,
1995-08-17,91,73,
1995-08-18,94,73,
1995-08-19,92,72,
1995-08-20,87,71,
1995-08-21,85,68,
1995-08-22,85,66,
1995-08-23,84,59,
1995-08-24,87,59,
1995-08-25,87,66,
1995-08-26,88,68,
1995-08-27,88,69,
1995-08-28,90,70,
1995-08-29,91,71,
1995-08-30,90,68,
1995-08-31,90,67,
1995-09-01,82,60,
1995-09-02,80,53,
1995-09-03,86,53,
1995-09-04,88,59,
1995-09-05,89,60,
1995-09-06,88,62,
1995-09-07,78,60,
1995-09-08,60,55,
1995-09-09,72,54,
1995-09-10,73,49,
1995-09-11,76,49,
1995-09-12,80,57,
1995-09-13,87,62,
1995-09-14,83,58,
1995-09-15,81,54,
1995-09-16,80,60,
1995-09-17,74,48,
1995-09-18,74,47,
1995-09-19,78,49,
1995-09-20,68,54,
1995-09-21,54,41,
1995-09-22,56,32,
1995-09-23,62,30,
1995-09-24,65,35,
1995-09-25,71,46,
1995-09-26,75,42,
1995-09-27,80,44,
1995-09-28,82,47,
1995-09-29,83,49,
1995-09-30,85,57,
1995-10-01,79,50,
1995-10-02,83,44,
1995-10-03,72,54,
1995-10-04,73,46,
1995-10-05,72,53,
1995-10-06,61,50,
1995-10-07,56,42,
1995-10-08,65,38,
1995-10-09,77,44,
1995-10-10,74,46,
1995-10-11,81,46,
1995-10-12,82,49,
1995-10-13,83,49,
1995-10-14,54,36,
1995-10-15,61,35,
1995-10-16,64,35,
1995-10-17,76,39,
1995-10-18,81,54,
1995-10-19,79,50,
1995-10-20,50,39,
1995-10-21,42,36,
1995-10-22,69,30,
1995-10-23,71,44,
1995-10-24,48,31,
1995-10-25,60,29,
1995-10-26,65,40,
1995-10-27,60,49,
1995-10-28,49,38,
1995-10-29,57,32,
1995-10-30,53,44,
1995-10-31,58,45,
1995-11-01,63,51,
1995-11-02,62,30,
1995-11-03,35,26,
1995-11-04,32,18,
1995-11-05,33,17,
1995-11-06,46,26,
1995-11-07,50,31,
1995-11-08,34,20,
1995-11-09,49,22,
1995-11-10,58,41,
1995-11-11,41,16,
1995-11-12,35,12,
1995-11-13,33,27,
1995-11-14,35,23,
1995-11-15,36,20,
1995-11-16,40,32,
1995-11-17,49,34,
1995-11-18,42,30,
1995-11-19,49,28,
1995-11-20,52,36,
1995-11-21,38,24,
1995-11-22,40,18,
1995-11-23,38,24,
1995-11-24,37,19,
1995-11-25,47,30,
1995-11-26,64,32,
1995-11-27,64,29,
1995-11-28,35,22,
1995-11-29,37,17,
1995-11-30,50,20,
1995-12-01,59,31,
1995-12-02,61,27,
1995-12-03,58,32,
1995-12-04,45,28,
1995-12-05,50,23,
1995-12-06,33,19,
1995-12-07,36,15,
1995-12-08,30,7,
1995-12-09,8,-3,
1995-12-10,19,2,
1995-12-11,18,12,
1995-12-12,28,15,
1995-12-13,49,24,
1995-12-14,54,34,
1995-12-15,42,31,
1995-12-16,45,25,
1995-12-17,44,26,
1995-12-18,34,31,
1995-12-19,31,24,
1995-12-20,28,17,
1995-12-21,26,18,
1995-12-22,26,18,
1995-12-23,24,19,
1995-12-24,26,23,
1995-12-25,29,17,
1995-12-26,32,11,
1995-12-27,28,15,
1995-12-28,31,14,
1995-12-29,30,10,
1995-12-30,35,15,
1995-12-31,36,31,
1996-01-01,35,33,
1996-01-02,34,21,
1996-01-03,25,4,
1996-01-04,21,3,
1996-01-05,21,9,
1996-01-06,18,8,
1996-01-07,20,8,
1996-01-08,21,-2,
1996-01-09,35,20,
1996-01-10,26,12,
1996-01-11,28,22,
1996-01-12,28,20,
1996-01-13,38,16,
1996-01-14,46,27,
1996-01-15,33,19,
1996-01-16,42,22,
1996-01-17,56,37,
1996-01-18,59,4,
1996-01-19,11,-1,
1996-01-20,22,9,
1996-01-21,32,10,
1996-01-22,37,27,
1996-01-23,43,27,
1996-01-24,27,12,
1996-01-25,35,9,
1996-01-26,42,18,
1996-01-27,26,13,
1996-01-28,32,12,
1996-01-29,37,9,
1996-01-30,10,-3,
1996-01-31,4,-9,
1996-02-01,15,-2,
1996-02-02,0,-11,
1996-02-03,1,-17,
1996-02-04,5,-14,
1996-02-05,27,-2,
1996-02-06,35,6,
1996-02-07,41,16,
1996-02-08,54,34,
1996-02-09,52,30,
1996-02-10,60,35,
1996-02-11,38,30,
1996-02-12,30,25,
1996-02-13,39,22,
1996-02-14,36,29,
1996-02-15,30,22,
1996-02-16,27,14,
1996-02-17,34,16,
1996-02-18,33,10,
1996-02-19,50,26,
1996-02-20,56,35,
1996-02-21,39,33,
1996-02-22,49,36,
1996-02-23,64,39,
1996-02-24,61,31,
1996-02-25,65,35,
1996-02-26,71,47,
1996-02-27,64,27,
1996-02-28,27,14,
1996-02-29,24,13,
1996-03-01,40,15,
1996-03-02,33,12,
1996-03-03,28,6,
1996-03-04,48,16,
1996-03-05,52,32,
1996-03-06,32,14,
1996-03-07,19,8,
1996-03-08,15,2,
1996-03-09,28,10,
1996-03-10,40,15,
1996-03-11,48,26,
1996-03-12,54,27,
1996-03-13,59,30,
1996-03-14,70,33,
1996-03-15,58,34,
1996-03-16,53,28,
1996-03-17,51,28,
1996-03-18,52,26,
1996-03-19,37,31,
1996-03-20,37,27,
1996-03-21,38,24,
1996-03-22,47,23,
1996-03-23,52,22,
1996-03-24,60,36,
1996-03-25,53,18,
1996-03-26,33,15,
1996-03-27,44,17,
1996-03-28,48,33,
1996-03-29,54,36,
1996-03-30,56,44,
1996-03-31,47,33,
1996-04-01,49,31,
1996-04-02,59,29,
1996-04-03,74,42,
1996-04-04,55,32,
1996-04-05,45,28,
1996-04-06,44,27,
1996-04-07,45,26,
1996-04-08,47,24,
1996-04-09,51,24,
1996-04-10,63,26,
1996-04-11,76,36,
1996-04-12,77,50,
1996-04-13,53,31,
1996-04-14,59,31,
1996-04-15,52,34,
1996-04-16,52,32,
1996-04-17,69,30,
1996-04-18,73,41,
1996-04-19,77,49,
1996-04-20,62,44,
1996-04-21,68,36,
1996-04-22,61,48,
1996-04-23,54,39,
1996-04-24,63,40,
1996-04-25,71,51,
1996-04-26,51,35,
1996-04-27,62,32,
1996-04-28,54,48,
1996-04-29,58,37,
1996-04-30,58,37,
1996-05-01,65,40,
1996-05-02,64,39,
1996-05-03,67,48,
1996-05-04,63,48,
1996-05-05,60,47,
1996-05-06,62,48,
1996-05-07,69,50,
1996-05-08,68,60,
1996-05-09,83,61,
1996-05-10,72,42,
1996-05-11,57,38,
1996-05-12,56,38,
1996-05-13,50,37,
1996-05-14,60,36,
1996-05-15,71,50,
1996-05-16,83,62,
1996-05-17,87,65,
1996-05-18,89,69,
1996-05-19,88,69,
1996-05-20,86,58,
1996-05-21,78,55,
1996-05-22,82,55,
1996-05-23,72,58,
1996-05-24,67,53,
1996-05-25,72,52,
1996-05-26,61,52,
1996-05-27,61,53,
1996-05-28,71,55,
1996-05-29,70,46,
1996-05-30,70,44,
1996-05-31,74,49,
1996-06-01,71,57,
1996-06-02,79,57,
1996-06-03,68,55,
1996-06-04,65,47,
1996-06-05,77,46,
1996-06-06,75,64,
1996-06-07,73,56,
1996-06-08,70,54,
1996-06-09,71,57,
1996-06-10,67,58,
1996-06-11,76,58,
1996-06-12,81,56,
1996-06-13,86,61,
1996-06-14,91,66,
1996-06-15,89,64,
1996-06-16,90,64,
1996-06-17,89,69,
1996-06-18,83,66,
1996-06-19,85,64,
1996-06-20,88,69,
1996-06-21,90,69,
1996-06-22,89,69,
1996-06-23,91,65,
1996-06-24,84,60,
1996-06-25,77,57,
1996-06-26,83,56,
1996-06-27,89,60,
1996-06-28,92,62,
1996-06-29,92,67,
1996-06-30,94,73,
1996-07-01,89,68,
1996-07-02,91,63,
1996-07-03,80,57,
1996-07-04,80,52,
1996-07-05,85,55,
1996-07-06,88,60,
1996-07-07,92,68,
1996-07-08,87,63,
1996-07-09,78,56,
1996-07-10,78,52,
1996-07-11,83,55,
1996-07-12,85,56,
1996-07-13,85,65,
1996-07-14,78,62,
1996-07-15,83,61,
1996-07-16,87,68,
1996-07-17,91,66,
1996-07-18,95,77,
1996-07-19,92,62,
1996-07-20,80,62,
1996-07-21,66,58,
1996-07-22,76,58,
1996-07-23,82,62,
1996-07-24,85,63,
1996-07-25,78,59,
1996-07-26,82,58,
1996-07-27,82,63,
1996-07-28,82,64,
1996-07-29,81,65,
1996-07-30,79,62,
1996-07-31,79,56,
1996-08-01,78,60,
1996-08-02,81,60,
1996-08-03,83,62,
1996-08-04,84,63,
1996-08-05,91,68,
1996-08-06,92,70,
1996-08-07,94,70,
1996-08-08,85,67,
1996-08-09,82,59,
1996-08-10,81,57,
1996-08-11,77,64,
1996-08-12,83,63,
1996-08-13,85,62,
1996-08-14,87,59,
1996-08-15,83,63,
1996-08-16,81,56,
1996-08-17,73,64,
1996-08-18,79,66,
1996-08-19,88,65,
1996-08-20,89,72,
1996-08-21,90,69,
1996-08-22,89,70,
1996-08-23,85,65,
1996-08-24,83,61,
1996-08-25,83,61,
1996-08-26,84,62,
1996-08-27,82,65,
1996-08-28,81,62,
1996-08-29,81,61,
1996-08-30,81,60,
1996-08-31,84,63,
1996-09-01,84,62,
1996-09-02,85,62,
1996-09-03,84,65,
1996-09-04,85,63,
1996-09-05,85,67,
1996-09-06,86,67,
1996-09-07,79,66,
1996-09-08,83,63,
1996-09-09,79,64,
1996-09-10,82,60,
1996-09-11,83,59,
1996-09-12,71,51,
1996-09-13,66,45,
1996-09-14,67,42,
1996-09-15,70,45,
1996-09-16,66,52,
1996-09-17,72,51,
1996-09-18,74,49,
1996-09-19,75,47,
1996-09-20,70,50,
1996-09-21,74,54,
1996-09-22,79,48,
1996-09-23,65,52,
1996-09-24,73,52,
1996-09-25,70,47,
1996-09-26,70,55,
1996-09-27,64,49,
1996-09-28,66,43,
1996-09-29,75,43,
1996-09-30,76,45,
1996-10-01,78,46,
1996-10-02,77,47,
1996-10-03,58,40,
1996-10-04,64,38,
1996-10-05,74,42,
1996-10-06,76,45,
1996-10-07,76,44,
1996-10-08,50,42,
1996-10-09,62,35,
1996-10-10,53,36,
1996-10-11,61,31,
1996-10-12,74,45,
1996-10-13,81,52,
1996-10-14,81,53,
1996-10-15,79,49,
1996-10-16,76,50,
1996-10-17,78,45,
1996-10-18,58,34,
1996-10-19,59,31,
1996-10-20,63,32,
1996-10-21,67,51,
1996-10-22,62,40,
1996-10-23,45,36,
1996-10-24,64,36,
1996-10-25,68,38,
1996-10-26,69,54,
1996-10-27,68,53,
1996-10-28,61,46,
1996-10-29,71,49,
1996-10-30,58,32,
1996-10-31,48,27,
1996-11-01,43,27,
1996-11-02,31,22,
1996-11-03,48,20,
1996-11-04,51,28,
1996-11-05,62,44,
1996-11-06,68,46,
1996-11-07,58,36,
1996-11-08,43,31,
1996-11-09,40,30,
1996-11-10,33,26,
1996-11-11,34,25,
1996-11-12,31,18,
1996-11-13,31,24,
1996-11-14,38,19,
1996-11-15,43,26,
1996-11-16,53,34,
1996-11-17,54,29,
1996-11-18,41,30,
1996-11-19,37,30,
1996-11-20,39,32,
1996-11-21,37,29,
1996-11-22,40,26,
1996-11-23,41,30,
1996-11-24,40,35,
1996-11-25,35,24,
1996-11-26,26,16,
1996-11-27,28,14,
1996-11-28,37,21,
1996-11-29,44,25,
1996-11-30,48,41,
1996-12-01,41,22,
1996-12-02,42,23,
1996-12-03,40,24,
1996-12-04,35,18,
1996-12-05,34,30,
1996-12-06,39,27,
1996-12-07,45,28,
1996-12-08,33,26,
1996-12-09,33,24,
1996-12-10,56,31,
1996-12-11,55,39,
1996-12-12,40,37,
1996-12-13,45,28,
1996-12-14,46,33,
1996-12-15,44,30,
1996-12-16,31,29,
1996-12-17,30,18,
1996-12-18,18,9,
1996-12-19,12,4,
1996-12-20,19,7,
1996-12-21,36,16,
1996-12-22,43,34,
1996-12-23,58,25,
1996-12-24,25,10,
1996-12-25,18,8,
1996-12-26,31,16,
1996-12-27,40,25,
1996-12-28,48,40,
1996-12-29,42,30,
1996-12-30,37,28,
1996-12-31,38,32,
1997-01-01,49,35,
1997-01-02,62,49,
1997-01-03,56,47,
1997-01-04,64,40,
1997-01-05,40,22,
1997-01-06,24,12,
1997-01-07,29,12,
1997-01-08,27,13,
1997-01-09,25,20,
1997-01-10,20,0,
1997-01-11,2,-4,
1997-01-12,2,-8,
1997-01-13,8,-6,
1997-01-14,17,-4,
1997-01-15,30,8,
1997-01-16,18,-3,
1997-01-17,4,-12,
1997-01-18,11,-8,
1997-01-19,26,11,
1997-01-20,44,20,
1997-01-21,43,25,
1997-01-22,47,27,
1997-01-23,28,20,
1997-01-24,36,21,
1997-01-25,21,6,
1997-01-26,26,5,
1997-01-27,32,3,
1997-01-28,8,-7,
1997-01-29,22,-3,
1997-01-30,28,10,
1997-01-31,42,28,
1997-02-01,40,30,
1997-02-02,49,31,
1997-02-03,35,30,
1997-02-04,39,32,
1997-02-05,36,28,
1997-02-06,29,27,
1997-02-07,29,25,
1997-02-08,34,28,
1997-02-09,35,30,
1997-02-10,33,26,
1997-02-11,28,26,
1997-02-12,29,19,
1997-02-13,31,16,
1997-02-14,36,24,
1997-02-15,30,16,
1997-02-16,35,15,
1997-02-17,46,18,
1997-02-18,61,37,
1997-02-19,50,29,
1997-02-20,57,29,
1997-02-21,60,32,
1997-02-22,36,30,
1997-02-23,41,26,
1997-02-24,35,22,
1997-02-25,42,18,
1997-02-26,44,36,
1997-02-27,53,34,
1997-02-28,56,30,
1997-03-01,65,38,
1997-03-02,43,31,
1997-03-03,49,29,
1997-03-04,57,35,
1997-03-05,37,29,
1997-03-06,37,25,
1997-03-07,54,22,
1997-03-08,54,35,
1997-03-09,53,32,
1997-03-10,55,29,
1997-03-11,52,30,
1997-03-12,53,28,
1997-03-13,48,36,
1997-03-14,38,21,
1997-03-15,30,15,
1997-03-16,39,15,
1997-03-17,54,36,
1997-03-18,46,34,
1997-03-19,51,29,
1997-03-20,61,36,
1997-03-21,78,39,
1997-03-22,48,NA,
1997-03-23,52,30,
1997-03-24,52,28,
1997-03-25,53,40,
1997-03-26,57,29,
1997-03-27,69,39,
1997-03-28,73,47,
1997-03-29,48,42,
1997-03-30,50,38,
1997-03-31,53,32,
1997-04-01,62,28,
1997-04-02,69,36,
1997-04-03,74,43,
1997-04-04,72,45,
1997-04-05,67,55,
1997-04-06,59,34,
1997-04-07,47,29,
1997-04-08,41,23,
1997-04-09,42,19,
1997-04-10,46,28,
1997-04-11,61,34,
1997-04-12,44,34,
1997-04-13,50,32,
1997-04-14,55,27,
1997-04-15,66,32,
1997-04-16,55,32,
1997-04-17,50,32,
1997-04-18,61,30,
1997-04-19,57,44,
1997-04-20,62,38,
1997-04-21,64,44,
1997-04-22,58,37,
1997-04-23,58,37,
1997-04-24,58,40,
1997-04-25,65,38,
1997-04-26,69,40,
1997-04-27,55,42,
1997-04-28,65,38,
1997-04-29,72,40,
1997-04-30,77,42,
1997-05-01,64,41,
1997-05-02,59,49,
1997-05-03,56,44,
1997-05-04,65,41,
1997-05-05,71,46,
1997-05-06,69,47,
1997-05-07,70,44,
1997-05-08,73,51,
1997-05-09,61,45,
1997-05-10,68,40,
1997-05-11,77,44,
1997-05-12,64,46,
1997-05-13,60,44,
1997-05-14,67,44,
1997-05-15,57,38,
1997-05-16,70,35,
1997-05-17,84,52,
1997-05-18,85,51,
1997-05-19,73,49,
1997-05-20,66,44,
1997-05-21,63,43,
1997-05-22,69,37,
1997-05-23,76,44,
1997-05-24,83,54,
1997-05-25,71,57,
1997-05-26,57,49,
1997-05-27,69,48,
1997-05-28,63,53,
1997-05-29,63,52,
1997-05-30,61,52,
1997-05-31,69,56,
1997-06-01,60,53,
1997-06-02,71,57,
1997-06-03,65,56,
1997-06-04,72,52,
1997-06-05,75,53,
1997-06-06,70,58,
1997-06-07,70,58,
1997-06-08,64,55,
1997-06-09,76,55,
1997-06-10,79,54,
1997-06-11,79,59,
1997-06-12,77,62,
1997-06-13,78,57,
1997-06-14,74,58,
1997-06-15,80,51,
1997-06-16,81,60,
1997-06-17,83,58,
1997-06-18,86,63,
1997-06-19,90,61,
1997-06-20,88,70,
1997-06-21,86,72,
1997-06-22,90,68,
1997-06-23,92,67,
1997-06-24,93,70,
1997-06-25,92,70,
1997-06-26,85,64,
1997-06-27,85,63,
1997-06-28,87,66,
1997-06-29,85,66,
1997-06-30,86,66,
1997-07-01,89,65,
1997-07-02,91,66,
1997-07-03,75,60,
1997-07-04,68,54,
1997-07-05,76,54,
1997-07-06,82,54,
1997-07-07,85,61,
1997-07-08,88,65,
1997-07-09,72,58,
1997-07-10,78,57,
1997-07-11,81,58,
1997-07-12,86,60,
1997-07-13,93,67,
1997-07-14,94,67,
1997-07-15,87,65,
1997-07-16,89,66,
1997-07-17,89,66,
1997-07-18,93,68,
1997-07-19,88,69,
1997-07-20,89,68,
1997-07-21,87,71,
1997-07-22,82,70,
1997-07-23,79,67,
1997-07-24,85,64,
1997-07-25,88,66,
1997-07-26,96,76,
1997-07-27,96,76,
1997-07-28,87,66,
1997-07-29,77,61,
1997-07-30,78,59,
1997-07-31,83,58,
1997-08-01,85,57,
1997-08-02,88,68,
1997-08-03,92,64,
1997-08-04,85,64,
1997-08-05,76,57,
1997-08-06,77,51,
1997-08-07,81,54,
1997-08-08,83,56,
1997-08-09,70,66,
1997-08-10,79,66,
1997-08-11,82,66,
1997-08-12,83,67,
1997-08-13,76,63,
1997-08-14,81,59,
1997-08-15,86,68,
1997-08-16,92,66,
1997-08-17,77,65,
1997-08-18,73,60,
1997-08-19,66,59,
1997-08-20,73,60,
1997-08-21,73,55,
1997-08-22,74,55,
1997-08-23,76,51,
1997-08-24,73,61,
1997-08-25,78,61,
1997-08-26,84,62,
1997-08-27,82,68,
1997-08-28,85,62,
1997-08-29,79,59,
1997-08-30,78,59,
1997-08-31,84,64,
1997-09-01,88,62,
1997-09-02,86,59,
1997-09-03,69,52,
1997-09-04,72,48,
1997-09-05,73,47,
1997-09-06,82,56,
1997-09-07,85,60,
1997-09-08,77,65,
1997-09-09,74,60,
1997-09-10,72,54,
1997-09-11,73,52,
1997-09-12,76,51,
1997-09-13,79,52,
1997-09-14,81,64,
1997-09-15,84,63,
1997-09-16,87,64,
1997-09-17,82,56,
1997-09-18,83,53,
1997-09-19,89,63,
1997-09-20,73,52,
1997-09-21,68,49,
1997-09-22,72,49,
1997-09-23,63,54,
1997-09-24,72,48,
1997-09-25,79,46,
1997-09-26,77,52,
1997-09-27,79,50,
1997-09-28,70,50,
1997-09-29,81,48,
1997-09-30,73,52,
1997-10-01,68,44,
1997-10-02,77,42,
1997-10-03,85,56,
1997-10-04,82,60,
1997-10-05,86,56,
1997-10-06,84,54,
1997-10-07,85,57,
1997-10-08,85,60,
1997-10-09,75,53,
1997-10-10,75,45,
1997-10-11,78,47,
1997-10-12,82,58,
1997-10-13,70,42,
1997-10-14,54,34,
1997-10-15,54,33,
1997-10-16,57,43,
1997-10-17,56,39,
1997-10-18,59,35,
1997-10-19,65,33,
1997-10-20,58,40,
1997-10-21,52,34,
1997-10-22,47,30,
1997-10-23,58,34,
1997-10-24,53,41,
1997-10-25,55,43,
1997-10-26,44,35,
1997-10-27,43,28,
1997-10-28,53,28,
1997-10-29,61,35,
1997-10-30,63,36,
1997-10-31,67,52,
1997-11-01,54,38,
1997-11-02,44,33,
1997-11-03,35,31,
1997-11-04,37,32,
1997-11-05,51,32,
1997-11-06,47,38,
1997-11-07,48,37,
1997-11-08,50,38,
1997-11-09,44,40,
1997-11-10,42,32,
1997-11-11,38,26,
1997-11-12,36,23,
1997-11-13,34,27,
1997-11-14,37,29,
1997-11-15,32,25,
1997-11-16,28,16,
1997-11-17,37,15,
1997-11-18,44,22,
1997-11-19,45,28,
1997-11-20,54,28,
1997-11-21,46,37,
1997-11-22,44,29,
1997-11-23,38,22,
1997-11-24,39,23,
1997-11-25,57,36,
1997-11-26,55,29,
1997-11-27,48,23,
1997-11-28,58,48,
1997-11-29,64,50,
1997-11-30,54,38,
1997-12-01,46,31,
1997-12-02,44,29,
1997-12-03,41,36,
1997-12-04,36,26,
1997-12-05,26,20,
1997-12-06,27,22,
1997-12-07,29,26,
1997-12-08,31,27,
1997-12-09,34,29,
1997-12-10,35,33,
1997-12-11,37,30,
1997-12-12,34,25,
1997-12-13,34,22,
1997-12-14,42,19,
1997-12-15,46,24,
1997-12-16,50,27,
1997-12-17,47,26,
1997-12-18,52,26,
1997-12-19,56,31,
1997-12-20,38,32,
1997-12-21,37,30,
1997-12-22,37,34,
1997-12-23,39,33,
1997-12-24,41,33,
1997-12-25,33,28,
1997-12-26,37,28,
1997-12-27,33,21,
1997-12-28,35,22,
1997-12-29,33,25,
1997-12-30,25,18,
1997-12-31,24,9,
1998-01-01,44,15,
1998-01-02,49,35,
1998-01-03,56,49,
1998-01-04,58,52,
1998-01-05,57,52,
1998-01-06,53,50,
1998-01-07,52,36,
1998-01-08,38,32,
1998-01-09,35,30,
1998-01-10,30,13,
1998-01-11,27,16,
1998-01-12,34,22,
1998-01-13,23,6,
1998-01-14,33,12,
1998-01-15,30,21,
1998-01-16,29,25,
1998-01-17,29,25,
1998-01-18,31,16,
1998-01-19,22,14,
1998-01-20,28,20,
1998-01-21,42,28,
1998-01-22,36,32,
1998-01-23,32,22,
1998-01-24,34,14,
1998-01-25,35,26,
1998-01-26,38,25,
1998-01-27,49,28,
1998-01-28,54,25,
1998-01-29,40,30,
1998-01-30,40,28,
1998-01-31,45,25,
1998-02-01,47,30,
1998-02-02,41,30,
1998-02-03,40,29,
1998-02-04,33,30,
1998-02-05,36,30,
1998-02-06,43,28,
1998-02-07,47,26,
1998-02-08,42,25,
1998-02-09,52,22,
1998-02-10,49,32,
1998-02-11,49,37,
1998-02-12,37,30,
1998-02-13,39,29,
1998-02-14,42,26,
1998-02-15,48,29,
1998-02-16,48,39,
1998-02-17,46,39,
1998-02-18,41,38,
1998-02-19,41,37,
1998-02-20,44,38,
1998-02-21,43,35,
1998-02-22,53,31,
1998-02-23,51,35,
1998-02-24,60,37,
1998-02-25,61,33,
1998-02-26,64,44,
1998-02-27,52,36,
1998-02-28,49,32,
1998-03-01,40,32,
1998-03-02,37,30,
1998-03-03,38,34,
1998-03-04,39,30,
1998-03-05,38,26,
1998-03-06,47,31,
1998-03-07,44,33,
1998-03-08,48,39,
1998-03-09,39,17,
1998-03-10,19,11,
1998-03-11,20,9,
1998-03-12,23,4,
1998-03-13,41,16,
1998-03-14,37,23,
1998-03-15,37,24,
1998-03-16,41,30,
1998-03-17,50,36,
1998-03-18,56,45,
1998-03-19,45,37,
1998-03-20,37,31,
1998-03-21,44,31,
1998-03-22,46,28,
1998-03-23,43,32,
1998-03-24,50,27,
1998-03-25,64,42,
1998-03-26,74,56,
1998-03-27,75,51,
1998-03-28,66,51,
1998-03-29,76,51,
1998-03-30,78,60,
1998-03-31,67,46,
1998-04-01,48,40,
1998-04-02,56,39,
1998-04-03,48,38,
1998-04-04,53,38,
1998-04-05,59,33,
1998-04-06,65,39,
1998-04-07,65,46,
1998-04-08,65,47,
1998-04-09,50,41,
1998-04-10,57,38,
1998-04-11,66,36,
1998-04-12,70,47,
1998-04-13,63,50,
1998-04-14,69,50,
1998-04-15,67,50,
1998-04-16,57,40,
1998-04-17,57,34,
1998-04-18,58,37,
1998-04-19,65,44,
1998-04-20,65,40,
1998-04-21,57,43,
1998-04-22,61,48,
1998-04-23,71,47,
1998-04-24,74,46,
1998-04-25,67,48,
1998-04-26,77,46,
1998-04-27,61,41,
1998-04-28,62,42,
1998-04-29,69,50,
1998-04-30,66,55,
1998-05-01,65,54,
1998-05-02,70,51,
1998-05-03,60,49,
1998-05-04,67,53,
1998-05-05,76,49,
1998-05-06,67,54,
1998-05-07,65,58,
1998-05-08,72,57,
1998-05-09,72,54,
1998-05-10,73,54,
1998-05-11,76,51,
1998-05-12,80,52,
1998-05-13,80,59,
1998-05-14,89,58,
1998-05-15,83,64,
1998-05-16,82,58,
1998-05-17,88,55,
1998-05-18,87,57,
1998-05-19,92,66,
1998-05-20,79,60,
1998-05-21,77,59,
1998-05-22,66,56,
1998-05-23,64,55,
1998-05-24,75,56,
1998-05-25,72,54,
1998-05-26,75,53,
1998-05-27,80,59,
1998-05-28,87,65,
1998-05-29,87,66,
1998-05-30,88,66,
1998-05-31,88,67,
1998-06-01,77,56,
1998-06-02,85,58,
1998-06-03,66,51,
1998-06-04,64,52,
1998-06-05,59,47,
1998-06-06,62,43,
1998-06-07,73,43,
1998-06-08,61,57,
1998-06-09,80,57,
1998-06-10,81,58,
1998-06-11,82,66,
1998-06-12,88,64,
1998-06-13,78,62,
1998-06-14,74,61,
1998-06-15,78,62,
1998-06-16,77,62,
1998-06-17,83,61,
1998-06-18,87,64,
1998-06-19,83,65,
1998-06-20,82,65,
1998-06-21,86,67,
1998-06-22,80,67,
1998-06-23,86,65,
1998-06-24,91,70,
1998-06-25,93,74,
1998-06-26,93,76,
1998-06-27,92,74,
1998-06-28,91,73,
1998-06-29,90,68,
1998-06-30,82,68,
1998-07-01,83,64,
1998-07-02,84,62,
1998-07-03,89,65,
1998-07-04,83,65,
1998-07-05,83,64,
1998-07-06,83,68,
1998-07-07,81,72,
1998-07-08,85,71,
1998-07-09,86,69,
1998-07-10,84,68,
1998-07-11,82,61,
1998-07-12,82,58,
1998-07-13,84,63,
1998-07-14,85,68,
1998-07-15,82,66,
1998-07-16,88,68,
1998-07-17,84,65,
1998-07-18,85,65,
1998-07-19,94,69,
1998-07-20,88,76,
1998-07-21,94,77,
1998-07-22,88,69,
1998-07-23,82,65,
1998-07-24,80,59,
1998-07-25,80,58,
1998-07-26,80,59,
1998-07-27,81,56,
1998-07-28,85,63,
1998-07-29,85,70,
1998-07-30,70,60,
1998-07-31,81,59,
1998-08-01,82,61,
1998-08-02,82,59,
1998-08-03,82,66,
1998-08-04,85,67,
1998-08-05,83,69,
1998-08-06,83,70,
1998-08-07,78,69,
1998-08-08,81,70,
1998-08-09,83,69,
1998-08-10,87,69,
1998-08-11,82,68,
1998-08-12,82,64,
1998-08-13,80,64,
1998-08-14,83,59,
1998-08-15,87,64,
1998-08-16,87,66,
1998-08-17,87,65,
1998-08-18,87,66,
1998-08-19,82,62,
1998-08-20,86,61,
1998-08-21,87,61,
1998-08-22,88,67,
1998-08-23,90,70,
1998-08-24,93,72,
1998-08-25,88,69,
1998-08-26,85,63,
1998-08-27,86,66,
1998-08-28,82,67,
1998-08-29,87,65,
1998-08-30,89,66,
1998-08-31,82,62,
1998-09-01,81,60,
1998-09-02,80,58,
1998-09-03,89,58,
1998-09-04,87,62,
1998-09-05,94,61,
1998-09-06,96,66,
1998-09-07,86,57,
1998-09-08,75,55,
1998-09-09,76,53,
1998-09-10,81,49,
1998-09-11,87,51,
1998-09-12,92,53,
1998-09-13,92,58,
1998-09-14,87,69,
1998-09-15,81,68,
1998-09-16,86,67,
1998-09-17,81,66,
1998-09-18,87,65,
1998-09-19,90,62,
1998-09-20,88,62,
1998-09-21,82,62,
1998-09-22,77,52,
1998-09-23,71,48,
1998-09-24,72,48,
1998-09-25,85,61,
1998-09-26,90,66,
1998-09-27,91,65,
1998-09-28,82,60,
1998-09-29,85,56,
1998-09-30,79,57,
1998-10-01,65,45,
1998-10-02,65,46,
1998-10-03,55,49,
1998-10-04,64,50,
1998-10-05,80,59,
1998-10-06,74,53,
1998-10-07,65,52,
1998-10-08,60,48,
1998-10-09,62,43,
1998-10-10,68,39,
1998-10-11,72,45,
1998-10-12,74,47,
1998-10-13,66,40,
1998-10-14,65,38,
1998-10-15,75,47,
1998-10-16,82,50,
1998-10-17,76,63,
1998-10-18,64,43,
1998-10-19,66,39,
1998-10-20,62,39,
1998-10-21,60,38,
1998-10-22,56,32,
1998-10-23,62,31,
1998-10-24,66,33,
1998-10-25,71,39,
1998-10-26,76,45,
1998-10-27,77,49,
1998-10-28,65,51,
1998-10-29,71,49,
1998-10-30,64,53,
1998-10-31,59,53,
1998-11-01,58,52,
1998-11-02,52,45,
1998-11-03,45,36,
1998-11-04,40,32,
1998-11-05,41,36,
1998-11-06,39,28,
1998-11-07,42,24,
1998-11-08,43,34,
1998-11-09,52,40,
1998-11-10,63,40,
1998-11-11,47,31,
1998-11-12,56,31,
1998-11-13,55,37,
1998-11-14,64,37,
1998-11-15,44,33,
1998-11-16,59,31,
1998-11-17,50,35,
1998-11-18,60,32,
1998-11-19,52,39,
1998-11-20,45,26,
1998-11-21,47,21,
1998-11-22,57,32,
1998-11-23,64,40,
1998-11-24,58,29,
1998-11-25,53,37,
1998-11-26,62,33,
1998-11-27,64,32,
1998-11-28,68,37,
1998-11-29,66,56,
1998-11-30,60,40,
1998-12-01,56,33,
1998-12-02,62,39,
1998-12-03,67,52,
1998-12-04,71,60,
1998-12-05,64,55,
1998-12-06,69,42,
1998-12-07,43,38,
1998-12-08,42,28,
1998-12-09,47,26,
1998-12-10,42,26,
1998-12-11,45,21,
1998-12-12,51,24,
1998-12-13,49,27,
1998-12-14,48,27,
1998-12-15,55,26,
1998-12-16,42,30,
1998-12-17,39,26,
1998-12-18,51,29,
1998-12-19,42,34,
1998-12-20,38,34,
1998-12-21,38,14,
1998-12-22,15,5,
1998-12-23,22,8,
1998-12-24,28,12,
1998-12-25,32,11,
1998-12-26,34,19,
1998-12-27,42,27,
1998-12-28,43,23,
1998-12-29,37,11,
1998-12-30,14,2,
1998-12-31,14,0,
1999-01-01,18,-2,
1999-01-02,28,16,
1999-01-03,19,4,
1999-01-04,4,-10,
1999-01-05,22,-25,
1999-01-06,34,10,
1999-01-07,10,-1,
1999-01-08,18,10,
1999-01-09,15,-15,
1999-01-10,17,-4,
1999-01-11,34,5,
1999-01-12,40,32,
1999-01-13,32,16,
1999-01-14,16,12,
1999-01-15,30,16,
1999-01-16,43,NA,
1999-01-17,40,26,
1999-01-18,35,28,
1999-01-19,37,20,
1999-01-20,41,25,
1999-01-21,44,36,
1999-01-22,46,39,
1999-01-23,52,32,
1999-01-24,36,32,
1999-01-25,35,26,
1999-01-26,45,23,
1999-01-27,62,35,
1999-01-28,38,31,
1999-01-29,41,30,
1999-01-30,51,29,
1999-01-31,39,32,
1999-02-01,46,39,
1999-02-02,45,31,
1999-02-03,47,32,
1999-02-04,41,22,
1999-02-05,46,21,
1999-02-06,53,37,
1999-02-07,42,29,
1999-02-08,52,29,
1999-02-09,55,36,
1999-02-10,60,33,
1999-02-11,70,30,
1999-02-12,36,19,
1999-02-13,34,14,
1999-02-14,44,20,
1999-02-15,55,30,
1999-02-16,43,33,
1999-02-17,33,24,
1999-02-18,36,22,
1999-02-19,36,27,
1999-02-20,33,26,
1999-02-21,35,22,
1999-02-22,35,19,
1999-02-23,33,25,
1999-02-24,35,26,
1999-02-25,33,28,
1999-02-26,46,25,
1999-02-27,59,40,
1999-02-28,42,36,
1999-03-01,50,29,
1999-03-02,43,32,
1999-03-03,34,27,
1999-03-04,43,22,
1999-03-05,46,34,
1999-03-06,34,20,
1999-03-07,34,18,
1999-03-08,33,21,
1999-03-09,34,28,
1999-03-10,32,23,
1999-03-11,35,23,
1999-03-12,40,24,
1999-03-13,35,27,
1999-03-14,40,26,
1999-03-15,47,26,
1999-03-16,65,28,
1999-03-17,70,39,
1999-03-18,51,33,
1999-03-19,48,27,
1999-03-20,54,27,
1999-03-21,50,33,
1999-03-22,46,26,
1999-03-23,56,31,
1999-03-24,52,32,
1999-03-25,45,25,
1999-03-26,50,29,
1999-03-27,59,26,
1999-03-28,53,29,
1999-03-29,64,35,
1999-03-30,71,35,
1999-03-31,66,35,
1999-04-01,66,48,
1999-04-02,78,47,
1999-04-03,69,53,
1999-04-04,66,51,
1999-04-05,67,45,
1999-04-06,62,41,
1999-04-07,75,36,
1999-04-08,74,47,
1999-04-09,60,44,
1999-04-10,66,42,
1999-04-11,54,44,
1999-04-12,51,38,
1999-04-13,59,37,
1999-04-14,64,40,
1999-04-15,52,40,
1999-04-16,40,34,
1999-04-17,45,34,
1999-04-18,52,36,
1999-04-19,64,35,
1999-04-20,62,36,
1999-04-21,75,49,
1999-04-22,76,56,
1999-04-23,66,44,
1999-04-24,62,40,
1999-04-25,65,38,
1999-04-26,65,48,
1999-04-27,71,50,
1999-04-28,57,48,
1999-04-29,67,46,
1999-04-30,70,42,
1999-05-01,74,44,
1999-05-02,77,48,
1999-05-03,78,50,
1999-05-04,81,56,
1999-05-05,78,60,
1999-05-06,64,53,
1999-05-07,64,49,
1999-05-08,66,50,
1999-05-09,71,52,
1999-05-10,82,52,
1999-05-11,83,58,
1999-05-12,85,58,
1999-05-13,61,51,
1999-05-14,68,51,
1999-05-15,73,60,
1999-05-16,83,58,
1999-05-17,83,64,
1999-05-18,72,53,
1999-05-19,76,48,
1999-05-20,79,51,
1999-05-21,79,53,
1999-05-22,77,59,
1999-05-23,71,52,
1999-05-24,66,47,
1999-05-25,71,44,
1999-05-26,71,49,
1999-05-27,80,47,
1999-05-28,83,52,
1999-05-29,85,55,
1999-05-30,83,60,
1999-05-31,79,67,
1999-06-01,82,62,
1999-06-02,73,60,
1999-06-03,78,58,
1999-06-04,81,56,
1999-06-05,88,60,
1999-06-06,90,70,
1999-06-07,91,71,
1999-06-08,94,72,
1999-06-09,91,67,
1999-06-10,91,70,
1999-06-11,90,69,
1999-06-12,85,68,
1999-06-13,77,64,
1999-06-14,76,60,
1999-06-15,69,55,
1999-06-16,67,53,
1999-06-17,69,49,
1999-06-18,75,46,
1999-06-19,76,57,
1999-06-20,77,57,
1999-06-21,83,64,
1999-06-22,87,67,
1999-06-23,84,66,
1999-06-24,82,67,
1999-06-25,86,64,
1999-06-26,84,67,
1999-06-27,86,70,
1999-06-28,85,69,
1999-06-29,74,61,
1999-06-30,77,59,
1999-07-01,79,68,
1999-07-02,84,64,
1999-07-03,90,76,
1999-07-04,91,74,
1999-07-05,91,74,
1999-07-06,88,71,
1999-07-07,85,64,
1999-07-08,86,59,
1999-07-09,86,70,
1999-07-10,76,60,
1999-07-11,80,58,
1999-07-12,82,57,
1999-07-13,83,57,
1999-07-14,85,56,
1999-07-15,88,61,
1999-07-16,91,65,
1999-07-17,84,70,
1999-07-18,91,66,
1999-07-19,91,70,
1999-07-20,91,72,
1999-07-21,92,71,
1999-07-22,93,74,
1999-07-23,93,73,
1999-07-24,92,71,
1999-07-25,94,71,
1999-07-26,90,74,
1999-07-27,90,70,
1999-07-28,89,69,
1999-07-29,95,71,
1999-07-30,96,76,
1999-07-31,86,75,
1999-08-01,85,69,
1999-08-02,82,64,
1999-08-03,82,63,
1999-08-04,84,64,
1999-08-05,83,60,
1999-08-06,84,59,
1999-08-07,83,64,
1999-08-08,77,59,
1999-08-09,78,56,
1999-08-10,87,59,
1999-08-11,86,66,
1999-08-12,85,67,
1999-08-13,82,64,
1999-08-14,74,58,
1999-08-15,77,55,
1999-08-16,85,55,
1999-08-17,88,64,
1999-08-18,79,62,
1999-08-19,78,62,
1999-08-20,79,58,
1999-08-21,80,53,
1999-08-22,83,58,
1999-08-23,85,64,
1999-08-24,75,60,
1999-08-25,80,58,
1999-08-26,83,62,
1999-08-27,86,62,
1999-08-28,88,63,
1999-08-29,86,58,
1999-08-30,75,54,
1999-08-31,78,54,
1999-09-01,90,57,
1999-09-02,91,61,
1999-09-03,90,64,
1999-09-04,92,65,
1999-09-05,94,63,
1999-09-06,80,NA,
1999-09-07,84,53,
1999-09-08,84,54,
1999-09-09,76,46,
1999-09-10,78,45,
1999-09-11,88,52,
1999-09-12,84,62,
1999-09-13,71,48,
1999-09-14,75,45,
1999-09-15,75,52,
1999-09-16,73,48,
1999-09-17,74,45,
1999-09-18,80,47,
1999-09-19,74,50,
1999-09-20,73,48,
1999-09-21,66,42,
1999-09-22,73,38,
1999-09-23,80,42,
1999-09-24,76,52,
1999-09-25,88,47,
1999-09-26,86,50,
1999-09-27,88,60,
1999-09-28,85,53,
1999-09-29,66,44,
1999-09-30,69,39,
1999-10-01,71,44,
1999-10-02,58,44,
1999-10-03,48,43,
1999-10-04,56,36,
1999-10-05,64,33,
1999-10-06,70,40,
1999-10-07,74,43,
1999-10-08,65,51,
1999-10-09,66,60,
1999-10-10,78,59,
1999-10-11,72,47,
1999-10-12,77,44,
1999-10-13,69,43,
1999-10-14,63,37,
1999-10-15,79,40,
1999-10-16,76,54,
1999-10-17,54,41,
1999-10-18,56,32,
1999-10-19,61,31,
1999-10-20,55,32,
1999-10-21,70,32,
1999-10-22,59,42,
1999-10-23,52,34,
1999-10-24,53,30,
1999-10-25,65,27,
1999-10-26,69,37,
1999-10-27,69,38,
1999-10-28,80,43,
1999-10-29,78,48,
1999-10-30,75,48,
1999-10-31,76,55,
1999-11-01,78,46,
1999-11-02,46,29,
1999-11-03,50,25,
1999-11-04,63,26,
1999-11-05,73,45,
1999-11-06,66,44,
1999-11-07,61,44,
1999-11-08,77,40,
1999-11-09,74,52,
1999-11-10,73,50,
1999-11-11,59,38,
1999-11-12,64,34,
1999-11-13,74,39,
1999-11-14,60,33,
1999-11-15,55,29,
1999-11-16,52,29,
1999-11-17,51,29,
1999-11-18,71,34,
1999-11-19,58,40,
1999-11-20,48,30,
1999-11-21,56,29,
1999-11-22,66,45,
1999-11-23,62,42,
1999-11-24,49,34,
1999-11-25,44,31,
1999-11-26,51,33,
1999-11-27,55,37,
1999-11-28,49,30,
1999-11-29,41,27,
1999-11-30,42,22,
1999-12-01,47,20,
1999-12-02,60,31,
1999-12-03,57,50,
1999-12-04,59,54,
1999-12-05,57,32,
1999-12-06,37,27,
1999-12-07,44,26,
1999-12-08,49,29,
1999-12-09,55,31,
1999-12-10,42,27,
1999-12-11,43,22,
1999-12-12,40,35,
1999-12-13,45,33,
1999-12-14,39,33,
1999-12-15,40,31,
1999-12-16,31,24,
1999-12-17,40,26,
1999-12-18,33,24,
1999-12-19,42,26,
1999-12-20,38,12,
1999-12-21,21,7,
1999-12-22,25,7,
1999-12-23,25,11,
1999-12-24,25,2,
1999-12-25,27,-5,
1999-12-26,33,21,
1999-12-27,26,5,
1999-12-28,34,5,
1999-12-29,46,28,
1999-12-30,42,27,
1999-12-31,47,24,
2000-01-01,54,26,
2000-01-02,60,38,
2000-01-03,49,34,
2000-01-04,34,20,
2000-01-05,28,18,
2000-01-06,44,25,
2000-01-07,35,24,
2000-01-08,40,22,
2000-01-09,44,36,
2000-01-10,52,37,
2000-01-11,39,30,
2000-01-12,46,24,
2000-01-13,31,18,
2000-01-14,33,13,
2000-01-15,49,24,
2000-01-16,39,26,
2000-01-17,28,21,
2000-01-18,35,24,
2000-01-19,30,18,
2000-01-20,26,0,
2000-01-21,16,-4,
2000-01-22,30,8,
2000-01-23,29,2,
2000-01-24,14,-4,
2000-01-25,22,1,
2000-01-26,18,7,
2000-01-27,23,6,
2000-01-28,24,3,
2000-01-29,26,18,
2000-01-30,25,16,
2000-01-31,26,9,
2000-02-01,28,15,
2000-02-02,31,8,
2000-02-03,39,27,
2000-02-04,30,16,
2000-02-05,30,10,
2000-02-06,36,14,
2000-02-07,32,24,
2000-02-08,38,13,
2000-02-09,54,NA,
2000-02-10,53,32,
2000-02-11,32,25,
2000-02-12,42,22,
2000-02-13,35,28,
2000-02-14,32,28,
2000-02-15,45,30,
2000-02-16,42,21,
2000-02-17,41,20,
2000-02-18,35,30,
2000-02-19,33,29,
2000-02-20,44,27,
2000-02-21,53,25,
2000-02-22,64,44,
2000-02-23,65,43,
2000-02-24,69,48,
2000-02-25,72,46,
2000-02-26,60,50,
2000-02-27,53,33,
2000-02-28,59,29,
2000-02-29,66,36,
2000-03-01,52,36,
2000-03-02,47,30,
2000-03-03,46,28,
2000-03-04,57,28,
2000-03-05,68,36,
2000-03-06,69,34,
2000-03-07,79,45,
2000-03-08,77,45,
2000-03-09,61,34,
2000-03-10,38,32,
2000-03-11,32,22,
2000-03-12,41,16,
2000-03-13,52,30,
2000-03-14,55,26,
2000-03-15,70,38,
2000-03-16,48,29,
2000-03-17,44,25,
2000-03-18,44,24,
2000-03-19,50,39,
2000-03-20,50,41,
2000-03-21,50,38,
2000-03-22,60,35,
2000-03-23,67,45,
2000-03-24,74,48,
2000-03-25,65,44,
2000-03-26,70,36,
2000-03-27,56,37,
2000-03-28,45,32,
2000-03-29,56,28,
2000-03-30,56,32,
2000-03-31,64,35,
2000-04-01,67,42,
2000-04-02,64,50,
2000-04-03,57,40,
2000-04-04,48,31,
2000-04-05,66,27,
2000-04-06,62,47,
2000-04-07,54,33,
2000-04-08,43,27,
2000-04-09,65,21,
2000-04-10,53,37,
2000-04-11,47,33,
2000-04-12,53,31,
2000-04-13,67,32,
2000-04-14,71,36,
2000-04-15,74,47,
2000-04-16,71,47,
2000-04-17,54,43,
2000-04-18,53,43,
2000-04-19,72,44,
2000-04-20,72,42,
2000-04-21,53,39,
2000-04-22,66,36,
2000-04-23,58,43,
2000-04-24,66,44,
2000-04-25,66,39,
2000-04-26,70,39,
2000-04-27,71,40,
2000-04-28,73,41,
2000-04-29,69,45,
2000-04-30,76,39,
2000-05-01,62,49,
2000-05-02,73,45,
2000-05-03,79,51,
2000-05-04,80,57,
2000-05-05,80,58,
2000-05-06,82,59,
2000-05-07,77,65,
2000-05-08,82,67,
2000-05-09,76,54,
2000-05-10,71,48,
2000-05-11,85,52,
2000-05-12,87,61,
2000-05-13,61,44,
2000-05-14,67,39,
2000-05-15,73,44,
2000-05-16,78,51,
2000-05-17,73,56,
2000-05-18,77,60,
2000-05-19,60,47,
2000-05-20,57,47,
2000-05-21,69,42,
2000-05-22,76,55,
2000-05-23,82,59,
2000-05-24,84,56,
2000-05-25,78,54,
2000-05-26,68,52,
2000-05-27,78,58,
2000-05-28,62,54,
2000-05-29,73,52,
2000-05-30,83,56,
2000-05-31,87,66,
2000-06-01,88,63,
2000-06-02,78,58,
2000-06-03,73,50,
2000-06-04,74,50,
2000-06-05,61,51,
2000-06-06,73,48,
2000-06-07,78,48,
2000-06-08,86,60,
2000-06-09,87,63,
2000-06-10,87,67,
2000-06-11,81,69,
2000-06-12,86,68,
2000-06-13,89,68,
2000-06-14,84,67,
2000-06-15,81,59,
2000-06-16,80,63,
2000-06-17,71,57,
2000-06-18,76,57,
2000-06-19,79,57,
2000-06-20,82,66,
2000-06-21,79,64,
2000-06-22,88,64,
2000-06-23,88,62,
2000-06-24,80,66,
2000-06-25,84,67,
2000-06-26,80,64,
2000-06-27,75,61,
2000-06-28,77,61,
2000-06-29,78,58,
2000-06-30,79,55,
2000-07-01,81,57,
2000-07-02,86,65,
2000-07-03,87,70,
2000-07-04,84,67,
2000-07-05,86,70,
2000-07-06,86,68,
2000-07-07,82,64,
2000-07-08,84,61,
2000-07-09,85,64,
2000-07-10,88,72,
2000-07-11,83,70,
2000-07-12,82,68,
2000-07-13,87,70,
2000-07-14,87,68,
2000-07-15,83,64,
2000-07-16,84,61,
2000-07-17,83,62,
2000-07-18,81,59,
2000-07-19,76,58,
2000-07-20,75,55,
2000-07-21,78,58,
2000-07-22,78,53,
2000-07-23,77,57,
2000-07-24,82,58,
2000-07-25,82,57,
2000-07-26,84,58,
2000-07-27,87,63,
2000-07-28,84,64,
2000-07-29,76,68,
2000-07-30,82,67,
2000-07-31,82,66,
2000-08-01,87,64,
2000-08-02,89,66,
2000-08-03,78,61,
2000-08-04,80,59,
2000-08-05,76,57,
2000-08-06,86,70,
2000-08-07,86,67,
2000-08-08,83,69,
2000-08-09,90,70,
2000-08-10,85,64,
2000-08-11,87,62,
2000-08-12,84,60,
2000-08-13,81,59,
2000-08-14,89,59,
2000-08-15,84,67,
2000-08-16,85,65,
2000-08-17,97,62,
2000-08-18,80,62,
2000-08-19,76,59,
2000-08-20,78,58,
2000-08-21,84,55,
2000-08-22,84,67,
2000-08-23,86,65,
2000-08-24,85,61,
2000-08-25,85,59,
2000-08-26,83,61,
2000-08-27,82,64,
2000-08-28,80,65,
2000-08-29,96,67,
2000-08-30,93,70,
2000-08-31,92,66,
2000-09-01,93,66,
2000-09-02,94,68,
2000-09-03,93,68,
2000-09-04,79,62,
2000-09-05,75,51,
2000-09-06,82,48,
2000-09-07,88,60,
2000-09-08,86,63,
2000-09-09,83,65,
2000-09-10,77,69,
2000-09-11,90,67,
2000-09-12,78,55,
2000-09-13,87,51,
2000-09-14,73,52,
2000-09-15,67,48,
2000-09-16,70,40,
2000-09-17,82,46,
2000-09-18,87,50,
2000-09-19,89,53,
2000-09-20,73,51,
2000-09-21,68,42,
2000-09-22,83,44,
2000-09-23,78,59,
2000-09-24,62,51,
2000-09-25,52,45,
2000-09-26,67,37,
2000-09-27,76,42,
2000-09-28,72,46,
2000-09-29,75,43,
2000-09-30,77,44,
2000-10-01,81,52,
2000-10-02,84,57,
2000-10-03,84,57,
2000-10-04,69,54,
2000-10-05,58,47,
2000-10-06,51,33,
2000-10-07,49,29,
2000-10-08,49,30,
2000-10-09,57,29,
2000-10-10,62,32,
2000-10-11,69,33,
2000-10-12,72,34,
2000-10-13,76,42,
2000-10-14,77,53,
2000-10-15,69,55,
2000-10-16,58,51,
2000-10-17,64,47,
2000-10-18,68,42,
2000-10-19,74,43,
2000-10-20,74,45,
2000-10-21,77,46,
2000-10-22,66,51,
2000-10-23,78,59,
2000-10-24,71,58,
2000-10-25,76,56,
2000-10-26,78,59,
2000-10-27,76,56,
2000-10-28,59,42,
2000-10-29,63,37,
2000-10-30,67,44,
2000-10-31,74,47,
2000-11-01,79,54,
2000-11-02,66,48,
2000-11-03,63,46,
2000-11-04,59,36,
2000-11-05,61,33,
2000-11-06,56,43,
2000-11-07,57,40,
2000-11-08,49,39,
2000-11-09,45,34,
2000-11-10,38,34,
2000-11-11,49,34,
2000-11-12,52,34,
2000-11-13,43,31,
2000-11-14,35,27,
2000-11-15,43,23,
2000-11-16,44,26,
2000-11-17,30,21,
2000-11-18,36,17,
2000-11-19,43,18,
2000-11-20,29,19,
2000-11-21,26,12,
2000-11-22,38,12,
2000-11-23,42,17,
2000-11-24,49,22,
2000-11-25,38,34,
2000-11-26,42,32,
2000-11-27,32,27,
2000-11-28,46,25,
2000-11-29,40,33,
2000-11-30,35,33,
2000-12-01,34,29,
2000-12-02,29,22,
2000-12-03,36,20,
2000-12-04,36,21,
2000-12-05,34,14,
2000-12-06,23,13,
2000-12-07,39,19,
2000-12-08,35,13,
2000-12-09,33,12,
2000-12-10,40,28,
2000-12-11,34,10,
2000-12-12,10,2,
2000-12-13,23,3,
2000-12-14,22,NA,
2000-12-15,31,-1,
2000-12-16,35,7,
2000-12-17,7,2,
2000-12-18,19,1,
2000-12-19,16,1,
2000-12-20,19,-3,
2000-12-21,21,NA,
2000-12-22,6,-4,
2000-12-23,23,3,
2000-12-24,10,-1,
2000-12-25,15,-2,
2000-12-26,19,8,
2000-12-27,18,9,
2000-12-28,21,5,
2000-12-29,18,12,
2000-12-30,26,15,
2000-12-31,24,9,
2001-01-01,20,5,
2001-01-02,18,0,
2001-01-03,25,4,
2001-01-04,30,17,
2001-01-05,36,19,
2001-01-06,36,14,
2001-01-07,36,25,
2001-01-08,25,12,
2001-01-09,24,8,
2001-01-10,35,12,
2001-01-11,35,17,
2001-01-12,36,29,
2001-01-13,33,31,
2001-01-14,37,32,
2001-01-15,34,32,
2001-01-16,32,26,
2001-01-17,31,22,
2001-01-18,35,19,
2001-01-19,31,19,
2001-01-20,25,14,
2001-01-21,35,15,
2001-01-22,39,16,
2001-01-23,38,25,
2001-01-24,28,18,
2001-01-25,32,13,
2001-01-26,33,18,
2001-01-27,28,18,
2001-01-28,31,12,
2001-01-29,44,31,
2001-01-30,38,32,
2001-01-31,34,28,
2001-02-01,37,9,
2001-02-02,15,-1,
2001-02-03,35,14,
2001-02-04,47,30,
2001-02-05,33,25,
2001-02-06,42,28,
2001-02-07,45,24,
2001-02-08,59,40,
2001-02-09,57,21,
2001-02-10,27,15,
2001-02-11,36,16,
2001-02-12,39,22,
2001-02-13,42,29,
2001-02-14,43,32,
2001-02-15,36,31,
2001-02-16,34,16,
2001-02-17,NA,10,
2001-02-18,32,12,
2001-02-19,50,28,
2001-02-20,44,24,
2001-02-21,28,14,
2001-02-22,30,20,
2001-02-23,36,24,
2001-02-24,56,32,
2001-02-25,54,30,
2001-02-26,46,25,
2001-02-27,35,25,
2001-02-28,31,17,
2001-03-01,42,20,
2001-03-02,38,32,
2001-03-03,50,30,
2001-03-04,37,26,
2001-03-05,33,23,
2001-03-06,39,20,
2001-03-07,46,21,
2001-03-08,35,26,
2001-03-09,40,23,
2001-03-10,50,21,
2001-03-11,51,34,
2001-03-12,53,34,
2001-03-13,47,31,
2001-03-14,58,26,
2001-03-15,52,42,
2001-03-16,44,31,
2001-03-17,36,29,
2001-03-18,49,26,
2001-03-19,49,28,
2001-03-20,54,32,
2001-03-21,58,32,
2001-03-22,57,35,
2001-03-23,55,35,
2001-03-24,40,22,
2001-03-25,30,19,
2001-03-26,36,14,
2001-03-27,45,18,
2001-03-28,50,21,
2001-03-29,49,33,
2001-03-30,58,38,
2001-03-31,62,32,
2001-04-01,52,28,
2001-04-02,62,38,
2001-04-03,61,39,
2001-04-04,67,40,
2001-04-05,72,39,
2001-04-06,78,64,
2001-04-07,79,64,
2001-04-08,83,50,
2001-04-09,84,64,
2001-04-10,72,55,
2001-04-11,76,60,
2001-04-12,65,50,
2001-04-13,64,45,
2001-04-14,72,44,
2001-04-15,54,44,
2001-04-16,47,30,
2001-04-17,50,29,
2001-04-18,58,29,
2001-04-19,69,35,
2001-04-20,75,51,
2001-04-21,74,62,
2001-04-22,83,64,
2001-04-23,74,48,
2001-04-24,62,40,
2001-04-25,62,38,
2001-04-26,76,38,
2001-04-27,81,48,
2001-04-28,77,44,
2001-04-29,79,46,
2001-04-30,88,47,
2001-05-01,84,62,
2001-05-02,83,59,
2001-05-03,86,54,
2001-05-04,81,56,
2001-05-05,84,56,
2001-05-06,82,59,
2001-05-07,69,52,
2001-05-08,76,46,
2001-05-09,81,53,
2001-05-10,85,56,
2001-05-11,76,50,
2001-05-12,65,45,
2001-05-13,69,39,
2001-05-14,78,52,
2001-05-15,90,58,
2001-05-16,92,69,
2001-05-17,87,67,
2001-05-18,77,61,
2001-05-19,78,58,
2001-05-20,78,59,
2001-05-21,69,51,
2001-05-22,65,46,
2001-05-23,68,46,
2001-05-24,60,43,
2001-05-25,62,46,
2001-05-26,71,48,
2001-05-27,68,46,
2001-05-28,73,46,
2001-05-29,77,49,
2001-05-30,68,50,
2001-05-31,61,51,
2001-06-01,68,50,
2001-06-02,61,50,
2001-06-03,65,46,
2001-06-04,62,49,
2001-06-05,72,56,
2001-06-06,79,64,
2001-06-07,77,59,
2001-06-08,76,55,
2001-06-09,82,56,
2001-06-10,82,58,
2001-06-11,91,65,
2001-06-12,92,68,
2001-06-13,90,70,
2001-06-14,92,68,
2001-06-15,80,62,
2001-06-16,87,55,
2001-06-17,88,62,
2001-06-18,92,69,
2001-06-19,90,67,
2001-06-20,79,67,
2001-06-21,67,54,
2001-06-22,77,54,
2001-06-23,76,56,
2001-06-24,80,53,
2001-06-25,84,58,
2001-06-26,84,62,
2001-06-27,83,62,
2001-06-28,85,60,
2001-06-29,86,64,
2001-06-30,89,64,
2001-07-01,86,52,
2001-07-02,77,48,
2001-07-03,78,58,
2001-07-04,87,66,
2001-07-05,78,58,
2001-07-06,77,52,
2001-07-07,94,64,
2001-07-08,90,72,
2001-07-09,90,71,
2001-07-10,92,68,
2001-07-11,78,62,
2001-07-12,80,61,
2001-07-13,83,57,
2001-07-14,85,54,
2001-07-15,84,61,
2001-07-16,87,63,
2001-07-17,93,65,
2001-07-18,85,70,
2001-07-19,83,67,
2001-07-20,91,72,
2001-07-21,90,72,
2001-07-22,94,74,
2001-07-23,96,69,
2001-07-24,90,73,
2001-07-25,86,70,
2001-07-26,82,65,
2001-07-27,82,63,
2001-07-28,84,70,
2001-07-29,89,69,
2001-07-30,91,68,
2001-07-31,92,70,
2001-08-01,93,70,
2001-08-02,87,70,
2001-08-03,88,70,
2001-08-04,87,68,
2001-08-05,88,69,
2001-08-06,89,67,
2001-08-07,91,67,
2001-08-08,93,69,
2001-08-09,92,73,
2001-08-10,84,65,
2001-08-11,83,63,
2001-08-12,88,62,
2001-08-13,85,60,
2001-08-14,82,56,
2001-08-15,84,58,
2001-08-16,72,60,
2001-08-17,83,56,
2001-08-18,87,59,
2001-08-19,75,55,
2001-08-20,82,59,
2001-08-21,81,57,
2001-08-22,95,65,
2001-08-23,85,67,
2001-08-24,81,69,
2001-08-25,84,69,
2001-08-26,85,66,
2001-08-27,86,62,
2001-08-28,85,66,
2001-08-29,86,61,
2001-08-30,89,65,
2001-08-31,82,61,
2001-09-01,76,56,
2001-09-02,83,55,
2001-09-03,87,60,
2001-09-04,85,60,
2001-09-05,85,57,
2001-09-06,89,58,
2001-09-07,87,67,
2001-09-08,86,67,
2001-09-09,74,52,
2001-09-10,79,50,
2001-09-11,82,54,
2001-09-12,86,54,
2001-09-13,82,55,
2001-09-14,68,48,
2001-09-15,71,49,
2001-09-16,78,52,
2001-09-17,78,50,
2001-09-18,77,60,
2001-09-19,69,56,
2001-09-20,77,54,
2001-09-21,75,56,
2001-09-22,79,51,
2001-09-23,75,54,
2001-09-24,62,45,
2001-09-25,60,38,
2001-09-26,70,40,
2001-09-27,70,44,
2001-09-28,60,47,
2001-09-29,70,48,
2001-09-30,77,45,
2001-10-01,78,47,
2001-10-02,83,54,
2001-10-03,82,56,
2001-10-04,68,51,
2001-10-05,52,40,
2001-10-06,56,34,
2001-10-07,64,35,
2001-10-08,67,40,
2001-10-09,72,46,
2001-10-10,65,56,
2001-10-11,58,53,
2001-10-12,60,54,
2001-10-13,68,52,
2001-10-14,62,44,
2001-10-15,51,37,
2001-10-16,50,36,
2001-10-17,54,30,
2001-10-18,64,33,
2001-10-19,61,42,
2001-10-20,72,37,
2001-10-21,68,60,
2001-10-22,71,54,
2001-10-23,71,60,
2001-10-24,72,40,
2001-10-25,49,37,
2001-10-26,39,33,
2001-10-27,46,28,
2001-10-28,54,26,
2001-10-29,65,35,
2001-10-30,61,43,
2001-10-31,67,41,
2001-11-01,69,52,
2001-11-02,66,43,
2001-11-03,68,38,
2001-11-04,71,43,
2001-11-05,59,34,
2001-11-06,63,34,
2001-11-07,71,36,
2001-11-08,59,37,
2001-11-09,54,28,
2001-11-10,63,38,
2001-11-11,53,35,
2001-11-12,61,30,
2001-11-13,65,31,
2001-11-14,70,44,
2001-11-15,71,47,
2001-11-16,74,49,
2001-11-17,75,44,
2001-11-18,68,48,
2001-11-19,56,33,
2001-11-20,45,28,
2001-11-21,57,27,
2001-11-22,58,30,
2001-11-23,59,40,
2001-11-24,63,51,
2001-11-25,53,37,
2001-11-26,54,36,
2001-11-27,53,35,
2001-11-28,39,32,
2001-11-29,48,38,
2001-11-30,52,40,
2001-12-01,48,35,
2001-12-02,55,30,
2001-12-03,62,41,
2001-12-04,65,50,
2001-12-05,66,48,
2001-12-06,52,40,
2001-12-07,52,35,
2001-12-08,44,31,
2001-12-09,44,24,
2001-12-10,46,23,
2001-12-11,47,24,
2001-12-12,48,36,
2001-12-13,48,37,
2001-12-14,37,32,
2001-12-15,44,34,
2001-12-16,46,41,
2001-12-17,46,35,
2001-12-18,48,30,
2001-12-19,39,29,
2001-12-20,42,23,
2001-12-21,45,23,
2001-12-22,49,32,
2001-12-23,34,22,
2001-12-24,22,17,
2001-12-25,25,9,
2001-12-26,21,8,
2001-12-27,34,21,
2001-12-28,31,22,
2001-12-29,22,9,
2001-12-30,24,5,
2001-12-31,24,10,
2002-01-01,27,6,
2002-01-02,31,13,
2002-01-03,31,14,
2002-01-04,41,13,
2002-01-05,40,27,
2002-01-06,37,26,
2002-01-07,27,16,
2002-01-08,44,18,
2002-01-09,53,33,
2002-01-10,49,29,
2002-01-11,44,29,
2002-01-12,42,28,
2002-01-13,45,21,
2002-01-14,44,33,
2002-01-15,37,22,
2002-01-16,40,23,
2002-01-17,36,20,
2002-01-18,32,17,
2002-01-19,39,21,
2002-01-20,36,26,
2002-01-21,45,27,
2002-01-22,55,23,
2002-01-23,59,42,
2002-01-24,42,25,
2002-01-25,50,22,
2002-01-26,56,29,
2002-01-27,58,33,
2002-01-28,64,31,
2002-01-29,46,38,
2002-01-30,38,33,
2002-01-31,47,32,
2002-02-01,37,23,
2002-02-02,36,19,
2002-02-03,43,25,
2002-02-04,28,15,
2002-02-05,35,13,
2002-02-06,40,24,
2002-02-07,39,26,
2002-02-08,50,26,
2002-02-09,56,31,
2002-02-10,45,31,
2002-02-11,40,22,
2002-02-12,47,29,
2002-02-13,37,21,
2002-02-14,45,24,
2002-02-15,44,29,
2002-02-16,48,29,
2002-02-17,44,26,
2002-02-18,53,23,
2002-02-19,51,40,
2002-02-20,52,37,
2002-02-21,37,31,
2002-02-22,39,25,
2002-02-23,48,23,
2002-02-24,59,31,
2002-02-25,47,31,
2002-02-26,31,14,
2002-02-27,21,5,
2002-02-28,33,1,
2002-03-01,40,16,
2002-03-02,39,20,
2002-03-03,20,4,
2002-03-04,27,1,
2002-03-05,45,18,
2002-03-06,59,36,
2002-03-07,63,36,
2002-03-08,69,49,
2002-03-09,61,26,
2002-03-10,31,22,
2002-03-11,43,22,
2002-03-12,49,30,
2002-03-13,60,37,
2002-03-14,67,36,
2002-03-15,58,35,
2002-03-16,45,33,
2002-03-17,42,35,
2002-03-18,47,37,
2002-03-19,49,40,
2002-03-20,45,31,
2002-03-21,34,18,
2002-03-22,36,14,
2002-03-23,49,22,
2002-03-24,41,31,
2002-03-25,32,24,
2002-03-26,32,16,
2002-03-27,37,9,
2002-03-28,41,27,
2002-03-29,47,33,
2002-03-30,57,33,
2002-03-31,54,32,
2002-04-01,54,27,
2002-04-02,63,34,
2002-04-03,38,29,
2002-04-04,40,25,
2002-04-05,51,24,
2002-04-06,48,28,
2002-04-07,60,30,
2002-04-08,65,48,
2002-04-09,58,39,
2002-04-10,65,35,
2002-04-11,76,40,
2002-04-12,72,55,
2002-04-13,64,51,
2002-04-14,74,52,
2002-04-15,84,59,
2002-04-16,84,59,
2002-04-17,86,66,
2002-04-18,85,60,
2002-04-19,84,50,
2002-04-20,53,42,
2002-04-21,54,42,
2002-04-22,47,35,
2002-04-23,61,33,
2002-04-24,69,44,
2002-04-25,58,34,
2002-04-26,59,39,
2002-04-27,60,44,
2002-04-28,62,44,
2002-04-29,63,43,
2002-04-30,65,47,
2002-05-01,67,46,
2002-05-02,57,40,
2002-05-03,64,37,
2002-05-04,70,41,
2002-05-05,78,47,
2002-05-06,77,59,
2002-05-07,75,55,
2002-05-08,76,56,
2002-05-09,69,47,
2002-05-10,67,39,
2002-05-11,66,47,
2002-05-12,73,49,
2002-05-13,58,44,
2002-05-14,65,45,
2002-05-15,75,45,
2002-05-16,69,50,
2002-05-17,50,37,
2002-05-18,56,35,
2002-05-19,60,40,
2002-05-20,55,38,
2002-05-21,59,35,
2002-05-22,67,38,
2002-05-23,79,47,
2002-05-24,68,51,
2002-05-25,74,48,
2002-05-26,77,43,
2002-05-27,82,52,
2002-05-28,81,61,
2002-05-29,78,63,
2002-05-30,84,65,
2002-05-31,93,68,
2002-06-01,89,66,
2002-06-02,86,65,
2002-06-03,91,65,
2002-06-04,91,67,
2002-06-05,69,58,
2002-06-06,65,55,
2002-06-07,78,53,
2002-06-08,86,56,
2002-06-09,90,61,
2002-06-10,87,68,
2002-06-11,80,66,
2002-06-12,83,66,
2002-06-13,75,59,
2002-06-14,70,57,
2002-06-15,80,54,
2002-06-16,77,58,
2002-06-17,81,56,
2002-06-18,83,58,
2002-06-19,88,62,
2002-06-20,92,68,
2002-06-21,92,67,
2002-06-22,93,68,
2002-06-23,91,66,
2002-06-24,92,68,
2002-06-25,89,71,
2002-06-26,89,70,
2002-06-27,87,69,
2002-06-28,85,63,
2002-06-29,88,64,
2002-06-30,91,71,
2002-07-01,93,71,
2002-07-02,95,70,
2002-07-03,95,71,
2002-07-04,95,73,
2002-07-05,93,72,
2002-07-06,88,67,
2002-07-07,90,69,
2002-07-08,93,70,
2002-07-09,95,74,
2002-07-10,83,71,
2002-07-11,81,64,
2002-07-12,82,62,
2002-07-13,85,60,
2002-07-14,88,64,
2002-07-15,90,61,
2002-07-16,91,65,
2002-07-17,91,69,
2002-07-18,90,70,
2002-07-19,90,68,
2002-07-20,93,68,
2002-07-21,98,73,
2002-07-22,96,71,
2002-07-23,83,66,
2002-07-24,82,64,
2002-07-25,87,65,
2002-07-26,88,68,
2002-07-27,92,70,
2002-07-28,91,71,
2002-07-29,83,71,
2002-07-30,90,68,
2002-07-31,89,67,
2002-08-01,92,69,
2002-08-02,90,70,
2002-08-03,92,69,
2002-08-04,94,72,
2002-08-05,92,74,
2002-08-06,80,62,
2002-08-07,78,57,
2002-08-08,80,57,
2002-08-09,85,60,
2002-08-10,91,62,
2002-08-11,85,68,
2002-08-12,91,65,
2002-08-13,84,68,
2002-08-14,74,65,
2002-08-15,86,64,
2002-08-16,81,66,
2002-08-17,86,68,
2002-08-18,79,64,
2002-08-19,76,62,
2002-08-20,79,60,
2002-08-21,88,65,
2002-08-22,90,71,
2002-08-23,81,70,
2002-08-24,84,70,
2002-08-25,84,66,
2002-08-26,85,66,
2002-08-27,82,66,
2002-08-28,82,64,
2002-08-29,83,62,
2002-08-30,83,63,
2002-08-31,85,62,
2002-09-01,87,65,
2002-09-02,91,64,
2002-09-03,84,67,
2002-09-04,84,58,
2002-09-05,85,58,
2002-09-06,87,60,
2002-09-07,92,62,
2002-09-08,92,66,
2002-09-09,91,70,
2002-09-10,91,66,
2002-09-11,76,57,
2002-09-12,79,56,
2002-09-13,84,55,
2002-09-14,89,60,
2002-09-15,71,61,
2002-09-16,79,57,
2002-09-17,80,56,
2002-09-18,85,65,
2002-09-19,83,67,
2002-09-20,70,59,
2002-09-21,82,55,
2002-09-22,70,49,
2002-09-23,73,45,
2002-09-24,68,44,
2002-09-25,77,48,
2002-09-26,75,51,
2002-09-27,76,58,
2002-09-28,82,53,
2002-09-29,86,57,
2002-09-30,85,56,
2002-10-01,87,65,
2002-10-02,89,67,
2002-10-03,83,64,
2002-10-04,75,56,
2002-10-05,70,47,
2002-10-06,69,44,
2002-10-07,59,38,
2002-10-08,66,39,
2002-10-09,71,46,
2002-10-10,72,46,
2002-10-11,78,50,
2002-10-12,75,51,
2002-10-13,52,34,
2002-10-14,63,31,
2002-10-15,65,32,
2002-10-16,54,36,
2002-10-17,51,38,
2002-10-18,70,33,
2002-10-19,57,39,
2002-10-20,55,34,
2002-10-21,61,35,
2002-10-22,53,37,
2002-10-23,50,38,
2002-10-24,56,41,
2002-10-25,46,40,
2002-10-26,50,45,
2002-10-27,52,42,
2002-10-28,57,40,
2002-10-29,46,39,
2002-10-30,48,38,
2002-10-31,52,35,
2002-11-01,42,27,
2002-11-02,49,26,
2002-11-03,41,30,
2002-11-04,48,35,
2002-11-05,43,38,
2002-11-06,43,31,
2002-11-07,60,31,
2002-11-08,66,45,
2002-11-09,63,51,
2002-11-10,66,39,
2002-11-11,41,33,
2002-11-12,46,33,
2002-11-13,60,32,
2002-11-14,57,46,
2002-11-15,46,34,
2002-11-16,40,30,
2002-11-17,40,24,
2002-11-18,51,23,
2002-11-19,58,31,
2002-11-20,60,37,
2002-11-21,42,33,
2002-11-22,41,27,
2002-11-23,50,28,
2002-11-24,48,27,
2002-11-25,32,23,
2002-11-26,33,25,
2002-11-27,35,19,
2002-11-28,39,19,
2002-11-29,58,32,
2002-11-30,40,19,
2002-12-01,38,10,
2002-12-02,48,24,
2002-12-03,30,15,
2002-12-04,28,16,
2002-12-05,32,14,
2002-12-06,38,9,
2002-12-07,48,23,
2002-12-08,37,17,
2002-12-09,38,15,
2002-12-10,40,17,
2002-12-11,47,22,
2002-12-12,40,23,
2002-12-13,39,33,
2002-12-14,38,27,
2002-12-15,50,29,
2002-12-16,39,28,
2002-12-17,51,34,
2002-12-18,56,51,
2002-12-19,54,37,
2002-12-20,40,31,
2002-12-21,43,27,
2002-12-22,40,24,
2002-12-23,32,23,
2002-12-24,31,26,
2002-12-25,26,20,
2002-12-26,25,11,
2002-12-27,30,16,
2002-12-28,37,22,
2002-12-29,42,23,
2002-12-30,59,40,
2002-12-31,40,32,
2003-01-01,36,27,
2003-01-02,28,26,
2003-01-03,29,16,
2003-01-04,32,10,
2003-01-05,35,32,
2003-01-06,36,23,
2003-01-07,39,23,
2003-01-08,55,34,
2003-01-09,45,31,
2003-01-10,31,14,
2003-01-11,25,9,
2003-01-12,34,8,
2003-01-13,33,23,
2003-01-14,24,13,
2003-01-15,26,8,
2003-01-16,23,9,
2003-01-17,19,-4,
2003-01-18,20,-3,
2003-01-19,35,-2,
2003-01-20,32,17,
2003-01-21,20,10,
2003-01-22,15,4,
2003-01-23,9,-3,
2003-01-24,14,-5,
2003-01-25,33,9,
2003-01-26,27,-2,
2003-01-27,18,-7,
2003-01-28,37,16,
2003-01-29,32,23,
2003-01-30,32,12,
2003-01-31,34,30,
2003-02-01,36,32,
2003-02-02,42,30,
2003-02-03,56,32,
2003-02-04,32,14,
2003-02-05,30,9,
2003-02-06,33,21,
2003-02-07,21,7,
2003-02-08,35,10,
2003-02-09,29,14,
2003-02-10,31,12,
2003-02-11,37,6,
2003-02-12,23,7,
2003-02-13,41,9,
2003-02-14,34,26,
2003-02-15,32,19,
2003-02-16,23,15,
2003-02-17,28,18,
2003-02-18,34,25,
2003-02-19,37,24,
2003-02-20,47,21,
2003-02-21,42,27,
2003-02-22,36,25,
2003-02-23,27,18,
2003-02-24,23,5,
2003-02-25,18,2,
2003-02-26,28,16,
2003-02-27,31,16,
2003-02-28,39,22,
2003-03-01,35,30,
2003-03-02,33,19,
2003-03-03,35,17,
2003-03-04,46,31,
2003-03-05,34,21,
2003-03-06,35,19,
2003-03-07,46,26,
2003-03-08,64,21,
2003-03-09,24,13,
2003-03-10,27,9,
2003-03-11,47,18,
2003-03-12,64,40,
2003-03-13,54,30,
2003-03-14,58,27,
2003-03-15,64,36,
2003-03-16,72,38,
2003-03-17,74,44,
2003-03-18,73,49,
2003-03-19,67,44,
2003-03-20,73,46,
2003-03-21,52,40,
2003-03-22,58,38,
2003-03-23,67,36,
2003-03-24,75,41,
2003-03-25,60,40,
2003-03-26,65,32,
2003-03-27,67,39,
2003-03-28,65,37,
2003-03-29,42,31,
2003-03-30,44,26,
2003-03-31,58,30,
2003-04-01,81,51,
2003-04-02,77,55,
2003-04-03,76,57,
2003-04-04,73,39,
2003-04-05,39,30,
2003-04-06,39,29,
2003-04-07,43,33,
2003-04-08,38,33,
2003-04-09,50,30,
2003-04-10,62,31,
2003-04-11,72,38,
2003-04-12,67,37,
2003-04-13,71,32,
2003-04-14,84,42,
2003-04-15,83,58,
2003-04-16,76,55,
2003-04-17,61,46,
2003-04-18,61,45,
2003-04-19,76,49,
2003-04-20,68,50,
2003-04-21,53,46,
2003-04-22,63,38,
2003-04-23,66,35,
2003-04-24,60,44,
2003-04-25,52,42,
2003-04-26,66,38,
2003-04-27,73,40,
2003-04-28,74,49,
2003-04-29,77,53,
2003-04-30,81,52,
2003-05-01,71,53,
2003-05-02,64,41,
2003-05-03,68,37,
2003-05-04,55,45,
2003-05-05,79,54,
2003-05-06,76,50,
2003-05-07,74,56,
2003-05-08,64,52,
2003-05-09,87,64,
2003-05-10,78,64,
2003-05-11,69,51,
2003-05-12,70,50,
2003-05-13,73,46,
2003-05-14,75,55,
2003-05-15,66,50,
2003-05-16,69,52,
2003-05-17,70,56,
2003-05-18,76,62,
2003-05-19,78,64,
2003-05-20,69,50,
2003-05-21,66,46,
2003-05-22,69,44,
2003-05-23,68,47,
2003-05-24,72,47,
2003-05-25,68,53,
2003-05-26,74,50,
2003-05-27,78,53,
2003-05-28,74,53,
2003-05-29,72,53,
2003-05-30,75,49,
2003-05-31,67,46,
2003-06-01,67,42,
2003-06-02,65,46,
2003-06-03,56,51,
2003-06-04,71,52,
2003-06-05,77,49,
2003-06-06,71,51,
2003-06-07,75,53,
2003-06-08,73,59,
2003-06-09,80,55,
2003-06-10,76,59,
2003-06-11,83,60,
2003-06-12,78,60,
2003-06-13,75,65,
2003-06-14,80,63,
2003-06-15,84,60,
2003-06-16,84,62,
2003-06-17,84,62,
2003-06-18,87,59,
2003-06-19,77,54,
2003-06-20,77,51,
2003-06-21,82,52,
2003-06-22,84,56,
2003-06-23,87,57,
2003-06-24,90,62,
2003-06-25,91,63,
2003-06-26,75,58,
2003-06-27,82,54,
2003-06-28,84,61,
2003-06-29,83,66,
2003-06-30,84,65,
2003-07-01,87,66,
2003-07-02,88,67,
2003-07-03,91,66,
2003-07-04,96,74,
2003-07-05,94,73,
2003-07-06,93,67,
2003-07-07,94,73,
2003-07-08,92,69,
2003-07-09,83,65,
2003-07-10,82,62,
2003-07-11,79,61,
2003-07-12,79,60,
2003-07-13,81,58,
2003-07-14,85,62,
2003-07-15,88,66,
2003-07-16,83,67,
2003-07-17,87,65,
2003-07-18,82,65,
2003-07-19,82,62,
2003-07-20,87,63,
2003-07-21,84,67,
2003-07-22,77,64,
2003-07-23,78,59,
2003-07-24,80,55,
2003-07-25,83,57,
2003-07-26,85,61,
2003-07-27,89,69,
2003-07-28,78,63,
2003-07-29,79,59,
2003-07-30,82,60,
2003-07-31,85,62,
2003-08-01,87,65,
2003-08-02,82,63,
2003-08-03,82,61,
2003-08-04,81,61,
2003-08-05,81,62,
2003-08-06,84,68,
2003-08-07,84,65,
2003-08-08,81,65,
2003-08-09,81,63,
2003-08-10,80,60,
2003-08-11,83,63,
2003-08-12,81,66,
2003-08-13,83,65,
2003-08-14,88,70,
2003-08-15,89,67,
2003-08-16,92,70,
2003-08-17,87,67,
2003-08-18,83,63,
2003-08-19,84,58,
2003-08-20,89,60,
2003-08-21,97,67,
2003-08-22,88,64,
2003-08-23,84,61,
2003-08-24,87,60,
2003-08-25,94,65,
2003-08-26,98,67,
2003-08-27,94,68,
2003-08-28,93,64,
2003-08-29,77,67,
2003-08-30,79,65,
2003-08-31,71,62,
2003-09-01,68,59,
2003-09-02,67,61,
2003-09-03,80,62,
2003-09-04,75,55,
2003-09-05,74,51,
2003-09-06,80,50,
2003-09-07,84,54,
2003-09-08,NA,59,
2003-09-09,83,60,
2003-09-10,84,61,
2003-09-11,85,62,
2003-09-12,82,60,
2003-09-13,85,67,
2003-09-14,70,60,
2003-09-15,77,51,
2003-09-16,83,51,
2003-09-17,80,52,
2003-09-18,84,55,
2003-09-19,69,48,
2003-09-20,74,43,
2003-09-21,80,47,
2003-09-22,74,54,
2003-09-23,72,46,
2003-09-24,85,55,
2003-09-25,67,45,
2003-09-26,71,43,
2003-09-27,66,45,
2003-09-28,59,42,
2003-09-29,61,36,
2003-09-30,57,38,
2003-10-01,61,35,
2003-10-02,55,33,
2003-10-03,57,30,
2003-10-04,64,40,
2003-10-05,71,43,
2003-10-06,72,44,
2003-10-07,81,47,
2003-10-08,81,49,
2003-10-09,71,54,
2003-10-10,79,56,
2003-10-11,79,56,
2003-10-12,71,46,
2003-10-13,74,40,
2003-10-14,60,45,
2003-10-15,65,39,
2003-10-16,61,43,
2003-10-17,58,38,
2003-10-18,70,37,
2003-10-19,77,49,
2003-10-20,83,48,
2003-10-21,69,52,
2003-10-22,60,45,
2003-10-23,61,40,
2003-10-24,64,37,
2003-10-25,57,47,
2003-10-26,49,36,
2003-10-27,49,38,
2003-10-28,57,42,
2003-10-29,46,34,
2003-10-30,73,39,
2003-10-31,73,49,
2003-11-01,54,46,
2003-11-02,71,53,
2003-11-03,77,57,
2003-11-04,76,51,
2003-11-05,51,37,
2003-11-06,46,34,
2003-11-07,44,29,
2003-11-08,40,25,
2003-11-09,41,23,
2003-11-10,58,28,
2003-11-11,62,54,
2003-11-12,65,35,
2003-11-13,44,27,
2003-11-14,44,25,
2003-11-15,44,37,
2003-11-16,57,39,
2003-11-17,58,40,
2003-11-18,63,50,
2003-11-19,58,39,
2003-11-20,66,35,
2003-11-21,63,41,
2003-11-22,67,44,
2003-11-23,63,31,
2003-11-24,32,22,
2003-11-25,39,25,
2003-11-26,49,31,
2003-11-27,49,38,
2003-11-28,38,25,
2003-11-29,39,22,
2003-11-30,54,34,
2003-12-01,45,30,
2003-12-02,36,29,
2003-12-03,43,32,
2003-12-04,37,34,
2003-12-05,37,32,
2003-12-06,43,29,
2003-12-07,43,27,
2003-12-08,45,34,
2003-12-09,51,43,
2003-12-10,51,29,
2003-12-11,30,17,
2003-12-12,28,13,
2003-12-13,31,18,
2003-12-14,29,24,
2003-12-15,39,26,
2003-12-16,44,25,
2003-12-17,33,20,
2003-12-18,32,26,
2003-12-19,31,15,
2003-12-20,24,10,
2003-12-21,46,22,
2003-12-22,53,38,
2003-12-23,38,29,
2003-12-24,29,20,
2003-12-25,38,17,
2003-12-26,41,22,
2003-12-27,49,28,
2003-12-28,50,41,
2003-12-29,45,30,
2003-12-30,46,25,
2003-12-31,49,30,
2004-01-01,52,29,
2004-01-02,63,51,
2004-01-03,60,35,
2004-01-04,35,29,
2004-01-05,30,5,
2004-01-06,18,2,
2004-01-07,31,10,
2004-01-08,36,26,
2004-01-09,30,20,
2004-01-10,29,13,
2004-01-11,45,24,
2004-01-12,38,29,
2004-01-13,37,28,
2004-01-14,43,22,
2004-01-15,31,17,
2004-01-16,38,25,
2004-01-17,38,32,
2004-01-18,32,12,
2004-01-19,21,6,
2004-01-20,27,13,
2004-01-21,38,19,
2004-01-22,36,7,
2004-01-23,37,7,
2004-01-24,37,17,
2004-01-25,22,15,
2004-01-26,24,17,
2004-01-27,23,6,
2004-01-28,17,0,
2004-01-29,10,1,
2004-01-30,3,-10,
2004-01-31,11,-12,
2004-02-01,32,9,
2004-02-02,34,26,
2004-02-03,32,10,
2004-02-04,27,7,
2004-02-05,32,24,
2004-02-06,32,23,
2004-02-07,24,17,
2004-02-08,28,12,
2004-02-09,33,24,
2004-02-10,30,13,
2004-02-11,39,11,
2004-02-12,27,17,
2004-02-13,30,18,
2004-02-14,38,19,
2004-02-15,29,15,
2004-02-16,33,11,
2004-02-17,40,19,
2004-02-18,46,18,
2004-02-19,53,32,
2004-02-20,50,34,
2004-02-21,38,28,
2004-02-22,47,26,
2004-02-23,44,35,
2004-02-24,39,31,
2004-02-25,45,28,
2004-02-26,46,27,
2004-02-27,51,26,
2004-02-28,57,28,
2004-02-29,61,35,
2004-03-01,64,45,
2004-03-02,55,40,
2004-03-03,51,35,
2004-03-04,58,45,
2004-03-05,64,42,
2004-03-06,50,35,
2004-03-07,50,35,
2004-03-08,44,31,
2004-03-09,40,26,
2004-03-10,49,23,
2004-03-11,47,22,
2004-03-12,38,17,
2004-03-13,51,22,
2004-03-14,52,30,
2004-03-15,44,30,
2004-03-16,36,31,
2004-03-17,44,31,
2004-03-18,53,28,
2004-03-19,58,29,
2004-03-20,68,34,
2004-03-21,39,24,
2004-03-22,42,20,
2004-03-23,60,30,
2004-03-24,65,43,
2004-03-25,61,51,
2004-03-26,64,56,
2004-03-27,70,53,
2004-03-28,75,48,
2004-03-29,63,42,
2004-03-30,50,37,
2004-03-31,52,37,
2004-04-01,49,36,
2004-04-02,57,36,
2004-04-03,64,34,
2004-04-04,52,32,
2004-04-05,57,30,
2004-04-06,71,36,
2004-04-07,75,49,
2004-04-08,60,40,
2004-04-09,61,36,
2004-04-10,57,42,
2004-04-11,55,35,
2004-04-12,49,33,
2004-04-13,52,31,
2004-04-14,67,32,
2004-04-15,72,40,
2004-04-16,81,50,
2004-04-17,85,60,
2004-04-18,85,57,
2004-04-19,79,54,
2004-04-20,71,52,
2004-04-21,69,51,
2004-04-22,52,43,
2004-04-23,67,41,
2004-04-24,63,49,
2004-04-25,64,46,
2004-04-26,65,41,
2004-04-27,56,39,
2004-04-28,77,41,
2004-04-29,74,54,
2004-04-30,76,48,
2004-05-01,50,43,
2004-05-02,56,41,
2004-05-03,56,38,
2004-05-04,61,40,
2004-05-05,75,47,
2004-05-06,87,54,
2004-05-07,74,53,
2004-05-08,86,51,
2004-05-09,86,59,
2004-05-10,84,65,
2004-05-11,84,63,
2004-05-12,85,62,
2004-05-13,77,64,
2004-05-14,72,51,
2004-05-15,59,50,
2004-05-16,72,45,
2004-05-17,81,56,
2004-05-18,81,58,
2004-05-19,79,53,
2004-05-20,81,68,
2004-05-21,87,70,
2004-05-22,85,69,
2004-05-23,76,65,
2004-05-24,81,55,
2004-05-25,72,60,
2004-05-26,71,56,
2004-05-27,84,59,
2004-05-28,74,53,
2004-05-29,80,49,
2004-05-30,85,64,
2004-05-31,75,57,
2004-06-01,80,54,
2004-06-02,71,55,
2004-06-03,74,53,
2004-06-04,78,49,
2004-06-05,79,58,
2004-06-06,83,62,
2004-06-07,87,60,
2004-06-08,91,70,
2004-06-09,80,69,
2004-06-10,77,68,
2004-06-11,88,70,
2004-06-12,90,68,
2004-06-13,84,66,
2004-06-14,87,64,
2004-06-15,83,67,
2004-06-16,83,70,
2004-06-17,83,70,
2004-06-18,83,66,
2004-06-19,70,52,
2004-06-20,73,49,
2004-06-21,74,56,
2004-06-22,73,55,
2004-06-23,80,51,
2004-06-24,81,56,
2004-06-25,70,49,
2004-06-26,76,52,
2004-06-27,78,54,
2004-06-28,77,58,
2004-06-29,79,53,
2004-06-30,82,56,
2004-07-01,86,60,
2004-07-02,84,63,
2004-07-03,79,69,
2004-07-04,83,69,
2004-07-05,84,65,
2004-07-06,85,66,
2004-07-07,74,60,
2004-07-08,75,58,
2004-07-09,90,66,
2004-07-10,85,68,
2004-07-11,87,69,
2004-07-12,87,69,
2004-07-13,90,66,
2004-07-14,81,64,
2004-07-15,83,63,
2004-07-16,83,62,
2004-07-17,79,63,
2004-07-18,81,61,
2004-07-19,83,60,
2004-07-20,87,63,
2004-07-21,90,69,
2004-07-22,86,73,
2004-07-23,79,61,
2004-07-24,73,58,
2004-07-25,72,60,
2004-07-26,74,56,
2004-07-27,79,53,
2004-07-28,82,59,
2004-07-29,82,59,
2004-07-30,74,65,
2004-07-31,83,64,
2004-08-01,87,61,
2004-08-02,85,65,
2004-08-03,88,63,
2004-08-04,83,65,
2004-08-05,75,57,
2004-08-06,75,53,
2004-08-07,77,51,
2004-08-08,81,54,
2004-08-09,85,60,
2004-08-10,72,58,
2004-08-11,68,50,
2004-08-12,66,48,
2004-08-13,72,51,
2004-08-14,73,48,
2004-08-15,76,51,
2004-08-16,79,51,
2004-08-17,83,55,
2004-08-18,84,62,
2004-08-19,72,64,
2004-08-20,68,55,
2004-08-21,78,52,
2004-08-22,82,54,
2004-08-23,86,58,
2004-08-24,86,66,
2004-08-25,75,66,
2004-08-26,85,67,
2004-08-27,86,71,
2004-08-28,85,66,
2004-08-29,69,57,
2004-08-30,78,53,
2004-08-31,82,58,
2004-09-01,84,59,
2004-09-02,84,61,
2004-09-03,85,64,
2004-09-04,88,63,
2004-09-05,88,64,
2004-09-06,83,64,
2004-09-07,77,57,
2004-09-08,75,56,
2004-09-09,79,54,
2004-09-10,84,54,
2004-09-11,84,55,
2004-09-12,86,56,
2004-09-13,88,58,
2004-09-14,83,61,
2004-09-15,85,62,
2004-09-16,80,60,
2004-09-17,76,54,
2004-09-18,81,52,
2004-09-19,80,55,
2004-09-20,82,51,
2004-09-21,85,51,
2004-09-22,86,51,
2004-09-23,86,56,
2004-09-24,84,59,
2004-09-25,79,57,
2004-09-26,74,50,
2004-09-27,75,52,
2004-09-28,71,51,
2004-09-29,71,47,
2004-09-30,76,43,
2004-10-01,77,46,
2004-10-02,61,38,
2004-10-03,72,31,
2004-10-04,61,39,
2004-10-05,63,34,
2004-10-06,76,36,
2004-10-07,81,41,
2004-10-08,68,62,
2004-10-09,73,51,
2004-10-10,70,45,
2004-10-11,67,44,
2004-10-12,55,48,
2004-10-13,55,44,
2004-10-14,54,41,
2004-10-15,56,45,
2004-10-16,52,33,
2004-10-17,60,29,
2004-10-18,50,NA,
2004-10-19,51,44,
2004-10-20,56,49,
2004-10-21,59,47,
2004-10-22,67,46,
2004-10-23,76,53,
2004-10-24,68,42,
2004-10-25,78,44,
2004-10-26,65,50,
2004-10-27,59,50,
2004-10-28,65,49,
2004-10-29,80,64,
2004-10-30,70,46,
2004-10-31,66,42,
2004-11-01,65,51,
2004-11-02,54,41,
2004-11-03,53,40,
2004-11-04,51,38,
2004-11-05,54,32,
2004-11-06,65,39,
2004-11-07,64,39,
2004-11-08,50,33,
2004-11-09,55,30,
2004-11-10,64,37,
2004-11-11,49,37,
2004-11-12,48,31,
2004-11-13,49,28,
2004-11-14,54,29,
2004-11-15,58,31,
2004-11-16,59,45,
2004-11-17,70,51,
2004-11-18,65,54,
2004-11-19,55,53,
2004-11-20,53,43,
2004-11-21,47,40,
2004-11-22,53,39,
2004-11-23,52,46,
2004-11-24,46,30,
2004-11-25,35,22,
2004-11-26,49,34,
2004-11-27,47,36,
2004-11-28,42,33,
2004-11-29,38,35,
2004-11-30,40,32,
2004-12-01,40,29,
2004-12-02,44,27,
2004-12-03,43,26,
2004-12-04,52,32,
2004-12-05,52,29,
2004-12-06,55,44,
2004-12-07,54,40,
2004-12-08,44,33,
2004-12-09,53,37,
2004-12-10,44,39,
2004-12-11,41,34,
2004-12-12,47,33,
2004-12-13,35,20,
2004-12-14,28,16,
2004-12-15,37,15,
2004-12-16,43,25,
2004-12-17,37,24,
2004-12-18,45,27,
2004-12-19,27,8,
2004-12-20,30,12,
2004-12-21,42,20,
2004-12-22,20,12,
2004-12-23,21,8,
2004-12-24,15,0,
2004-12-25,24,6,
2004-12-26,24,12,
2004-12-27,27,6,
2004-12-28,44,23,
2004-12-29,55,32,
2004-12-30,56,32,
2004-12-31,64,39,
2005-01-01,52,34,
2005-01-02,58,40,
2005-01-03,41,37,
2005-01-04,39,36,
2005-01-05,38,30,
2005-01-06,31,20,
2005-01-07,29,20,
2005-01-08,29,23,
2005-01-09,40,27,
2005-01-10,36,32,
2005-01-11,40,35,
2005-01-12,63,40,
2005-01-13,60,13,
2005-01-14,15,7,
2005-01-15,16,10,
2005-01-16,14,2,
2005-01-17,14,2,
2005-01-18,25,-1,
2005-01-19,36,24,
2005-01-20,32,22,
2005-01-21,27,17,
2005-01-22,30,12,
2005-01-23,23,7,
2005-01-24,38,21,
2005-01-25,49,23,
2005-01-26,38,26,
2005-01-27,27,13,
2005-01-28,35,12,
2005-01-29,33,28,
2005-01-30,33,21,
2005-01-31,32,19,
2005-02-01,33,18,
2005-02-02,33,17,
2005-02-03,42,21,
2005-02-04,48,24,
2005-02-05,53,29,
2005-02-06,48,34,
2005-02-07,47,37,
2005-02-08,37,30,
2005-02-09,30,27,
2005-02-10,27,21,
2005-02-11,42,20,
2005-02-12,51,29,
2005-02-13,53,38,
2005-02-14,51,37,
2005-02-15,65,34,
2005-02-16,39,28,
2005-02-17,32,23,
2005-02-18,31,17,
2005-02-19,36,18,
2005-02-20,50,32,
2005-02-21,40,34,
2005-02-22,37,29,
2005-02-23,39,23,
2005-02-24,39,30,
2005-02-25,49,32,
2005-02-26,46,29,
2005-02-27,44,28,
2005-02-28,38,24,
2005-03-01,30,20,
2005-03-02,34,18,
2005-03-03,41,15,
2005-03-04,55,28,
2005-03-05,44,28,
2005-03-06,67,32,
2005-03-07,56,30,
2005-03-08,35,23,
2005-03-09,36,20,
2005-03-10,41,17,
2005-03-11,38,24,
2005-03-12,39,25,
2005-03-13,39,19,
2005-03-14,44,19,
2005-03-15,46,21,
2005-03-16,53,24,
2005-03-17,59,26,
2005-03-18,61,27,
2005-03-19,48,34,
2005-03-20,45,32,
2005-03-21,52,29,
2005-03-22,43,32,
2005-03-23,39,35,
2005-03-24,45,29,
2005-03-25,43,36,
2005-03-26,42,36,
2005-03-27,50,36,
2005-03-28,62,34,
2005-03-29,70,33,
2005-03-30,75,48,
2005-03-31,64,46,
2005-04-01,56,37,
2005-04-02,57,38,
2005-04-03,67,35,
2005-04-04,79,42,
2005-04-05,75,45,
2005-04-06,73,52,
2005-04-07,55,44,
2005-04-08,70,41,
2005-04-09,76,41,
2005-04-10,82,53,
2005-04-11,80,57,
2005-04-12,62,43,
2005-04-13,62,39,
2005-04-14,67,36,
2005-04-15,72,39,
2005-04-16,75,42,
2005-04-17,81,46,
2005-04-18,82,49,
2005-04-19,79,51,
2005-04-20,81,47,
2005-04-21,61,47,
2005-04-22,68,41,
2005-04-23,42,35,
2005-04-24,55,33,
2005-04-25,65,35,
2005-04-26,58,41,
2005-04-27,56,38,
2005-04-28,59,41,
2005-04-29,55,44,
2005-04-30,59,38,
2005-05-01,56,34,
2005-05-02,49,33,
2005-05-03,58,31,
2005-05-04,65,31,
2005-05-05,70,40,
2005-05-06,76,44,
2005-05-07,83,54,
2005-05-08,84,51,
2005-05-09,77,59,
2005-05-10,87,58,
2005-05-11,85,50,
2005-05-12,73,51,
2005-05-13,85,54,
2005-05-14,72,47,
2005-05-15,60,43,
2005-05-16,67,41,
2005-05-17,74,46,
2005-05-18,80,49,
2005-05-19,83,58,
2005-05-20,67,55,
2005-05-21,74,50,
2005-05-22,82,NA,
2005-05-23,81,54,
2005-05-24,72,52,
2005-05-25,74,50,
2005-05-26,77,51,
2005-05-27,76,53,
2005-05-28,74,50,
2005-05-29,80,45,
2005-05-30,79,NA,
2005-05-31,82,51,
2005-06-01,84,56,
2005-06-02,67,62,
2005-06-03,75,60,
2005-06-04,91,58,
2005-06-05,93,71,
2005-06-06,90,65,
2005-06-07,95,64,
2005-06-08,93,65,
2005-06-09,91,65,
2005-06-10,92,70,
2005-06-11,81,68,
2005-06-12,77,68,
2005-06-13,90,63,
2005-06-14,79,63,
2005-06-15,79,59,
2005-06-16,78,55,
2005-06-17,75,57,
2005-06-18,75,54,
2005-06-19,79,55,
2005-06-20,83,58,
2005-06-21,87,59,
2005-06-22,89,66,
2005-06-23,92,62,
2005-06-24,95,69,
2005-06-25,95,69,
2005-06-26,94,69,
2005-06-27,93,72,
2005-06-28,92,70,
2005-06-29,93,70,
2005-06-30,93,70,
2005-07-01,83,61,
2005-07-02,78,56,
2005-07-03,88,57,
2005-07-04,91,63,
2005-07-05,85,65,
2005-07-06,86,62,
2005-07-07,87,65,
2005-07-08,88,64,
2005-07-09,89,64,
2005-07-10,90,62,
2005-07-11,85,66,
2005-07-12,78,69,
2005-07-13,80,70,
2005-07-14,87,70,
2005-07-15,85,71,
2005-07-16,88,71,
2005-07-17,90,71,
2005-07-18,89,70,
2005-07-19,86,66,
2005-07-20,93,68,
2005-07-21,93,68,
2005-07-22,86,68,
2005-07-23,88,69,
2005-07-24,94,73,
2005-07-25,95,75,
2005-07-26,92,68,
2005-07-27,77,60,
2005-07-28,78,56,
2005-07-29,83,56,
2005-07-30,85,65,
2005-07-31,87,63,
2005-08-01,90,67,
2005-08-02,93,67,
2005-08-03,94,67,
2005-08-04,87,73,
2005-08-05,82,68,
2005-08-06,84,67,
2005-08-07,87,66,
2005-08-08,90,68,
2005-08-09,93,65,
2005-08-10,91,71,
2005-08-11,96,71,
2005-08-12,95,71,
2005-08-13,87,69,
2005-08-14,70,66,
2005-08-15,74,66,
2005-08-16,83,66,
2005-08-17,84,63,
2005-08-18,89,68,
2005-08-19,92,68,
2005-08-20,88,70,
2005-08-21,87,65,
2005-08-22,80,61,
2005-08-23,77,58,
2005-08-24,81,56,
2005-08-25,82,62,
2005-08-26,82,68,
2005-08-27,86,62,
2005-08-28,91,58,
2005-08-29,88,64,
2005-08-30,78,66,
2005-08-31,82,60,
2005-09-01,87,59,
2005-09-02,89,58,
2005-09-03,86,58,
2005-09-04,89,56,
2005-09-05,87,59,
2005-09-06,88,59,
2005-09-07,91,61,
2005-09-08,92,64,
2005-09-09,92,67,
2005-09-10,94,64,
2005-09-11,93,64,
2005-09-12,92,61,
2005-09-13,96,61,
2005-09-14,79,64,
2005-09-15,65,59,
2005-09-16,66,53,
2005-09-17,79,52,
2005-09-18,83,54,
2005-09-19,93,62,
2005-09-20,84,62,
2005-09-21,85,57,
2005-09-22,94,64,
2005-09-23,70,62,
2005-09-24,87,60,
2005-09-25,72,67,
2005-09-26,75,60,
2005-09-27,78,53,
2005-09-28,79,50,
2005-09-29,66,43,
2005-09-30,72,39,
2005-10-01,81,48,
2005-10-02,85,55,
2005-10-03,87,64,
2005-10-04,88,65,
2005-10-05,87,62,
2005-10-06,67,43,
2005-10-07,57,43,
2005-10-08,60,40,
2005-10-09,66,41,
2005-10-10,62,49,
2005-10-11,63,52,
2005-10-12,71,50,
2005-10-13,77,49,
2005-10-14,78,47,
2005-10-15,71,47,
2005-10-16,68,44,
2005-10-17,79,45,
2005-10-18,76,44,
2005-10-19,71,49,
2005-10-20,52,46,
2005-10-21,52,46,
2005-10-22,60,41,
2005-10-23,51,35,
2005-10-24,50,40,
2005-10-25,53,37,
2005-10-26,57,36,
2005-10-27,55,35,
2005-10-28,58,31,
2005-10-29,61,33,
2005-10-30,65,31,
2005-10-31,58,49,
2005-11-01,56,38,
2005-11-02,66,37,
2005-11-03,71,45,
2005-11-04,69,54,
2005-11-05,68,52,
2005-11-06,57,40,
2005-11-07,64,35,
2005-11-08,71,51,
2005-11-09,67,40,
2005-11-10,50,31,
2005-11-11,63,30,
2005-11-12,67,40,
2005-11-13,60,40,
2005-11-14,47,34,
2005-11-15,64,37,
2005-11-16,37,18,
2005-11-17,29,15,
2005-11-18,45,24,
2005-11-19,55,27,
2005-11-20,53,28,
2005-11-21,51,36,
2005-11-22,42,30,
2005-11-23,56,33,
2005-11-24,42,16,
2005-11-25,30,15,
2005-11-26,54,25,
2005-11-27,56,46,
2005-11-28,59,36,
2005-11-29,37,27,
2005-11-30,33,21,
2005-12-01,31,14,
2005-12-02,22,11,
2005-12-03,31,20,
2005-12-04,27,13,
2005-12-05,17,6,
2005-12-06,22,7,
2005-12-07,15,1,
2005-12-08,24,9,
2005-12-09,15,2,
2005-12-10,34,5,
2005-12-11,35,24,
2005-12-12,32,24,
2005-12-13,29,23,
2005-12-14,36,29,
2005-12-15,38,24,
2005-12-16,31,18,
2005-12-17,31,12,
2005-12-18,19,8,
2005-12-19,16,3,
2005-12-20,29,4,
2005-12-21,30,11,
2005-12-22,41,10,
2005-12-23,47,33,
2005-12-24,39,33,
2005-12-25,37,33,
2005-12-26,34,31,
2005-12-27,52,30,
2005-12-28,48,33,
2005-12-29,37,33,
2005-12-30,38,32,
2005-12-31,37,29,
2006-01-01,51,28,
2006-01-02,61,43,
2006-01-03,43,40,
2006-01-04,44,35,
2006-01-05,37,32,
2006-01-06,32,29,
2006-01-07,46,29,
2006-01-08,57,31,
2006-01-09,40,34,
2006-01-10,44,33,
2006-01-11,47,33,
2006-01-12,56,33,
2006-01-13,53,30,
2006-01-14,36,26,
2006-01-15,41,24,
2006-01-16,56,29,
2006-01-17,39,26,
2006-01-18,38,24,
2006-01-19,58,33,
2006-01-20,54,35,
2006-01-21,40,27,
2006-01-22,40,27,
2006-01-23,31,25,
2006-01-24,47,28,
2006-01-25,36,24,
2006-01-26,46,20,
2006-01-27,52,28,
2006-01-28,53,36,
2006-01-29,52,33,
2006-01-30,38,33,
2006-01-31,41,29,
2006-02-01,53,29,
2006-02-02,45,28,
2006-02-03,53,31,
2006-02-04,32,23,
2006-02-05,32,18,
2006-02-06,39,17,
2006-02-07,39,19,
2006-02-08,37,21,
2006-02-09,34,15,
2006-02-10,43,23,
2006-02-11,40,28,
2006-02-12,29,22,
2006-02-13,37,13,
2006-02-14,56,25,
2006-02-15,54,33,
2006-02-16,60,26,
2006-02-17,29,9,
2006-02-18,11,-1,
2006-02-19,20,2,
2006-02-20,30,10,
2006-02-21,46,17,
2006-02-22,50,22,
2006-02-23,54,22,
2006-02-24,50,22,
2006-02-25,46,23,
2006-02-26,39,17,
2006-02-27,57,27,
2006-02-28,53,27,
2006-03-01,60,35,
2006-03-02,50,32,
2006-03-03,47,25,
2006-03-04,44,22,
2006-03-05,38,25,
2006-03-06,39,33,
2006-03-07,49,28,
2006-03-08,58,39,
2006-03-09,58,44,
2006-03-10,56,41,
2006-03-11,63,45,
2006-03-12,68,55,
2006-03-13,66,32,
2006-03-14,45,26,
2006-03-15,47,28,
2006-03-16,63,35,
2006-03-17,47,28,
2006-03-18,45,26,
2006-03-19,48,24,
2006-03-20,39,32,
2006-03-21,34,24,
2006-03-22,44,19,
2006-03-23,47,27,
2006-03-24,40,32,
2006-03-25,46,30,
2006-03-26,48,29,
2006-03-27,48,29,
2006-03-28,49,41,
2006-03-29,53,37,
2006-03-30,72,35,
2006-03-31,75,50,
2006-04-01,50,45,
2006-04-02,66,NA,
2006-04-03,53,39,
2006-04-04,58,33,
2006-04-05,65,35,
2006-04-06,60,48,
2006-04-07,75,38,
2006-04-08,49,32,
2006-04-09,57,28,
2006-04-10,68,36,
2006-04-11,74,42,
2006-04-12,78,56,
2006-04-13,83,46,
2006-04-14,81,61,
2006-04-15,80,59,
2006-04-16,79,59,
2006-04-17,66,49,
2006-04-18,73,43,
2006-04-19,75,51,
2006-04-20,75,55,
2006-04-21,71,49,
2006-04-22,74,44,
2006-04-23,73,45,
2006-04-24,72,46,
2006-04-25,58,39,
2006-04-26,61,36,
2006-04-27,71,40,
2006-04-28,75,43,
2006-04-29,62,53,
2006-04-30,60,52,
2006-05-01,64,52,
2006-05-02,72,54,
2006-05-03,72,51,
2006-05-04,69,52,
2006-05-05,64,48,
2006-05-06,66,44,
2006-05-07,72,45,
2006-05-08,74,47,
2006-05-09,72,51,
2006-05-10,71,53,
2006-05-11,62,47,
2006-05-12,48,42,
2006-05-13,49,42,
2006-05-14,55,44,
2006-05-15,64,46,
2006-05-16,67,52,
2006-05-17,75,49,
2006-05-18,65,46,
2006-05-19,72,43,
2006-05-20,70,47,
2006-05-21,70,50,
2006-05-22,70,45,
2006-05-23,77,44,
2006-05-24,86,51,
2006-05-25,84,64,
2006-05-26,84,64,
2006-05-27,89,63,
2006-05-28,92,69,
2006-05-29,92,67,
2006-05-30,91,69,
2006-05-31,86,66,
2006-06-01,69,62,
2006-06-02,81,60,
2006-06-03,81,56,
2006-06-04,79,56,
2006-06-05,82,55,
2006-06-06,82,55,
2006-06-07,87,63,
2006-06-08,87,65,
2006-06-09,82,58,
2006-06-10,64,56,
2006-06-11,66,55,
2006-06-12,76,52,
2006-06-13,79,54,
2006-06-14,84,56,
2006-06-15,90,62,
2006-06-16,91,66,
2006-06-17,93,63,
2006-06-18,81,64,
2006-06-19,88,63,
2006-06-20,86,62,
2006-06-21,94,73,
2006-06-22,85,73,
2006-06-23,86,65,
2006-06-24,85,61,
2006-06-25,83,62,
2006-06-26,79,62,
2006-06-27,79,59,
2006-06-28,82,58,
2006-06-29,83,56,
2006-06-30,86,60,
2006-07-01,92,60,
2006-07-02,94,70,
2006-07-03,94,71,
2006-07-04,84,67,
2006-07-05,78,59,
2006-07-06,82,56,
2006-07-07,81,58,
2006-07-08,83,58,
2006-07-09,86,65,
2006-07-10,88,64,
2006-07-11,83,71,
2006-07-12,86,67,
2006-07-13,86,67,
2006-07-14,85,72,
2006-07-15,93,69,
2006-07-16,92,68,
2006-07-17,91,67,
2006-07-18,91,71,
2006-07-19,92,69,
2006-07-20,86,69,
2006-07-21,80,63,
2006-07-22,79,61,
2006-07-23,83,60,
2006-07-24,86,62,
2006-07-25,88,66,
2006-07-26,86,68,
2006-07-27,88,71,
2006-07-28,89,72,
2006-07-29,91,70,
2006-07-30,93,71,
2006-07-31,94,71,
2006-08-01,94,74,
2006-08-02,94,75,
2006-08-03,86,69,
2006-08-04,87,64,
2006-08-05,86,64,
2006-08-06,89,64,
2006-08-07,84,70,
2006-08-08,81,67,
2006-08-09,82,67,
2006-08-10,83,70,
2006-08-11,79,67,
2006-08-12,82,61,
2006-08-13,83,59,
2006-08-14,79,66,
2006-08-15,83,60,
2006-08-16,83,62,
2006-08-17,84,60,
2006-08-18,82,70,
2006-08-19,85,71,
2006-08-20,79,62,
2006-08-21,80,58,
2006-08-22,83,58,
2006-08-23,86,63,
2006-08-24,85,64,
2006-08-25,85,60,
2006-08-26,79,69,
2006-08-27,84,69,
2006-08-28,83,65,
2006-08-29,70,63,
2006-08-30,74,63,
2006-08-31,75,63,
2006-09-01,73,62,
2006-09-02,78,58,
2006-09-03,78,55,
2006-09-04,76,58,
2006-09-05,72,58,
2006-09-06,83,55,
2006-09-07,82,55,
2006-09-08,84,57,
2006-09-09,85,58,
2006-09-10,81,63,
2006-09-11,76,62,
2006-09-12,80,58,
2006-09-13,66,57,
2006-09-14,74,56,
2006-09-15,81,55,
2006-09-16,84,56,
2006-09-17,88,57,
2006-09-18,71,50,
2006-09-19,58,44,
2006-09-20,64,41,
2006-09-21,71,42,
2006-09-22,76,55,
2006-09-23,71,58,
2006-09-24,62,48,
2006-09-25,72,43,
2006-09-26,78,44,
2006-09-27,74,54,
2006-09-28,63,42,
2006-09-29,66,40,
2006-09-30,73,47,
2006-10-01,84,47,
2006-10-02,89,53,
2006-10-03,89,63,
2006-10-04,88,58,
2006-10-05,65,47,
2006-10-06,66,42,
2006-10-07,73,40,
2006-10-08,79,41,
2006-10-09,80,48,
2006-10-10,68,54,
2006-10-11,62,31,
2006-10-12,46,28,
2006-10-13,53,29,
2006-10-14,54,30,
2006-10-15,56,27,
2006-10-16,54,49,
2006-10-17,61,51,
2006-10-18,67,45,
2006-10-19,45,40,
2006-10-20,58,31,
2006-10-21,65,41,
2006-10-22,48,34,
2006-10-23,43,33,
2006-10-24,48,29,
2006-10-25,53,29,
2006-10-26,48,41,
2006-10-27,47,41,
2006-10-28,54,37,
2006-10-29,62,35,
2006-10-30,73,41,
2006-10-31,60,35,
2006-11-01,43,27,
2006-11-02,41,22,
2006-11-03,47,18,
2006-11-04,48,28,
2006-11-05,55,39,
2006-11-06,57,44,
2006-11-07,56,49,
2006-11-08,64,42,
2006-11-09,72,47,
2006-11-10,71,39,
2006-11-11,39,35,
2006-11-12,47,29,
2006-11-13,47,31,
2006-11-14,44,41,
2006-11-15,44,41,
2006-11-16,42,30,
2006-11-17,41,29,
2006-11-18,41,33,
2006-11-19,43,32,
2006-11-20,49,27,
2006-11-21,51,24,
2006-11-22,54,26,
2006-11-23,59,27,
2006-11-24,63,29,
2006-11-25,66,36,
2006-11-26,65,40,
2006-11-27,63,48,
2006-11-28,66,46,
2006-11-29,66,46,
2006-11-30,47,30,
2006-12-01,40,16,
2006-12-02,32,14,
2006-12-03,20,10,
2006-12-04,28,8,
2006-12-05,33,10,
2006-12-06,39,30,
2006-12-07,NA,9,
2006-12-08,27,5,
2006-12-09,42,19,
2006-12-10,46,24,
2006-12-11,46,37,
2006-12-12,56,40,
2006-12-13,55,34,
2006-12-14,59,41,
2006-12-15,46,31,
2006-12-16,55,33,
2006-12-17,54,41,
2006-12-18,45,32,
2006-12-19,40,26,
2006-12-20,42,25,
2006-12-21,52,41,
2006-12-22,52,37,
2006-12-23,41,33,
2006-12-24,36,26,
2006-12-25,41,32,
2006-12-26,36,26,
2006-12-27,42,26,
2006-12-28,51,33,
2006-12-29,58,31,
2006-12-30,55,43,
2006-12-31,61,41,
2007-01-01,41,29,
2007-01-02,44,26,
2007-01-03,47,30,
2007-01-04,48,37,
2007-01-05,50,46,
2007-01-06,46,30,
2007-01-07,42,30,
2007-01-08,40,28,
2007-01-09,37,25,
2007-01-10,36,19,
2007-01-11,47,33,
2007-01-12,53,34,
2007-01-13,36,34,
2007-01-14,37,33,
2007-01-15,37,24,
2007-01-16,24,14,
2007-01-17,26,11,
2007-01-18,32,26,
2007-01-19,37,20,
2007-01-20,30,16,
2007-01-21,32,27,
2007-01-22,32,27,
2007-01-23,34,26,
2007-01-24,28,19,
2007-01-25,27,14,
2007-01-26,44,17,
2007-01-27,38,17,
2007-01-28,18,7,
2007-01-29,32,10,
2007-01-30,22,8,
2007-01-31,23,4,
2007-02-01,28,20,
2007-02-02,23,7,
2007-02-03,15,2,
2007-02-04,15,-3,
2007-02-05,13,-7,
2007-02-06,15,3,
2007-02-07,12,-1,
2007-02-08,11,-1,
2007-02-09,16,6,
2007-02-10,13,0,
2007-02-11,32,4,
2007-02-12,36,25,
2007-02-13,29,16,
2007-02-14,19,7,
2007-02-15,13,0,
2007-02-16,22,-8,
2007-02-17,26,11,
2007-02-18,24,6,
2007-02-19,42,9,
2007-02-20,42,27,
2007-02-21,44,19,
2007-02-22,42,30,
2007-02-23,36,26,
2007-02-24,37,25,
2007-02-25,41,31,
2007-02-26,32,25,
2007-02-27,32,24,
2007-02-28,37,27,
2007-03-01,51,34,
2007-03-02,37,29,
2007-03-03,29,19,
2007-03-04,34,14,
2007-03-05,43,23,
2007-03-06,32,19,
2007-03-07,37,24,
2007-03-08,46,20,
2007-03-09,64,30,
2007-03-10,58,34,
2007-03-11,58,33,
2007-03-12,69,33,
2007-03-13,78,47,
2007-03-14,78,39,
2007-03-15,48,32,
2007-03-16,42,28,
2007-03-17,40,25,
2007-03-18,48,23,
2007-03-19,62,36,
2007-03-20,57,34,
2007-03-21,76,46,
2007-03-22,66,53,
2007-03-23,64,50,
2007-03-24,73,59,
2007-03-25,80,56,
2007-03-26,78,63,
2007-03-27,80,58,
2007-03-28,71,49,
2007-03-29,74,48,
2007-03-30,66,50,
2007-03-31,73,55,
2007-04-01,70,47,
2007-04-02,77,40,
2007-04-03,66,36,
2007-04-04,36,27,
2007-04-05,42,28,
2007-04-06,34,27,
2007-04-07,33,21,
2007-04-08,38,30,
2007-04-09,46,29,
2007-04-10,58,26,
2007-04-11,62,38,
2007-04-12,39,33,
2007-04-13,51,29,
2007-04-14,45,35,
2007-04-15,58,33,
2007-04-16,63,37,
2007-04-17,74,38,
2007-04-18,60,41,
2007-04-19,58,40,
2007-04-20,71,40,
2007-04-21,76,45,
2007-04-22,81,46,
2007-04-23,77,56,
2007-04-24,78,52,
2007-04-25,65,51,
2007-04-26,72,50,
2007-04-27,65,47,
2007-04-28,73,51,
2007-04-29,82,49,
2007-04-30,87,57,
2007-05-01,84,60,
2007-05-02,72,57,
2007-05-03,72,55,
2007-05-04,68,55,
2007-05-05,78,59,
2007-05-06,76,52,
2007-05-07,86,46,
2007-05-08,87,63,
2007-05-09,84,64,
2007-05-10,85,57,
2007-05-11,85,53,
2007-05-12,81,50,
2007-05-13,78,47,
2007-05-14,88,50,
2007-05-15,88,57,
2007-05-16,69,52,
2007-05-17,60,43,
2007-05-18,72,38,
2007-05-19,79,43,
2007-05-20,84,53,
2007-05-21,85,52,
2007-05-22,88,55,
2007-05-23,90,58,
2007-05-24,89,58,
2007-05-25,77,60,
2007-05-26,82,62,
2007-05-27,77,63,
2007-05-28,81,63,
2007-05-29,89,64,
2007-05-30,88,64,
2007-05-31,79,65,
2007-06-01,88,61,
2007-06-02,85,65,
2007-06-03,79,62,
2007-06-04,75,59,
2007-06-05,75,53,
2007-06-06,84,49,
2007-06-07,92,69,
2007-06-08,80,64,
2007-06-09,81,54,
2007-06-10,82,55,
2007-06-11,88,59,
2007-06-12,88,62,
2007-06-13,90,65,
2007-06-14,93,68,
2007-06-15,92,66,
2007-06-16,94,66,
2007-06-17,94,70,
2007-06-18,88,65,
2007-06-19,84,68,
2007-06-20,85,60,
2007-06-21,90,57,
2007-06-22,79,62,
2007-06-23,74,64,
2007-06-24,82,67,
2007-06-25,85,66,
2007-06-26,86,69,
2007-06-27,87,70,
2007-06-28,76,62,
2007-06-29,76,58,
2007-06-30,81,60,
2007-07-01,81,61,
2007-07-02,78,56,
2007-07-03,82,56,
2007-07-04,86,66,
2007-07-05,87,69,
2007-07-06,88,65,
2007-07-07,87,64,
2007-07-08,89,68,
2007-07-09,89,67,
2007-07-10,86,69,
2007-07-11,78,61,
2007-07-12,82,58,
2007-07-13,81,60,
2007-07-14,85,57,
2007-07-15,81,62,
2007-07-16,85,57,
2007-07-17,80,65,
2007-07-18,86,66,
2007-07-19,82,62,
2007-07-20,76,58,
2007-07-21,78,59,
2007-07-22,78,58,
2007-07-23,81,59,
2007-07-24,83,59,
2007-07-25,84,63,
2007-07-26,85,63,
2007-07-27,79,69,
2007-07-28,82,68,
2007-07-29,85,67,
2007-07-30,85,64,
2007-07-31,88,66,
2007-08-01,90,68,
2007-08-02,90,66,
2007-08-03,90,71,
2007-08-04,85,70,
2007-08-05,90,71,
2007-08-06,89,75,
2007-08-07,94,75,
2007-08-08,91,73,
2007-08-09,91,73,
2007-08-10,90,70,
2007-08-11,91,66,
2007-08-12,97,68,
2007-08-13,91,67,
2007-08-14,89,63,
2007-08-15,88,70,
2007-08-16,83,70,
2007-08-17,85,64,
2007-08-18,79,59,
2007-08-19,88,65,
2007-08-20,84,72,
2007-08-21,89,72,
2007-08-22,93,71,
2007-08-23,95,68,
2007-08-24,94,69,
2007-08-25,82,67,
2007-08-26,82,61,
2007-08-27,89,59,
2007-08-28,95,63,
2007-08-29,96,66,
2007-08-30,82,61,
2007-08-31,82,58,
2007-09-01,85,57,
2007-09-02,90,58,
2007-09-03,93,58,
2007-09-04,96,60,
2007-09-05,93,65,
2007-09-06,85,69,
2007-09-07,87,69,
2007-09-08,75,68,
2007-09-09,85,63,
2007-09-10,85,61,
2007-09-11,77,54,
2007-09-12,72,49,
2007-09-13,83,47,
2007-09-14,71,48,
2007-09-15,66,41,
2007-09-16,75,50,
2007-09-17,86,51,
2007-09-18,91,56,
2007-09-19,88,60,
2007-09-20,90,65,
2007-09-21,92,63,
2007-09-22,84,62,
2007-09-23,92,59,
2007-09-24,93,65,
2007-09-25,82,69,
2007-09-26,71,56,
2007-09-27,80,51,
2007-09-28,82,50,
2007-09-29,85,51,
2007-09-30,86,50,
2007-10-01,71,58,
2007-10-02,86,52,
2007-10-03,78,57,
2007-10-04,88,56,
2007-10-05,90,66,
2007-10-06,90,66,
2007-10-07,92,66,
2007-10-08,90,63,
2007-10-09,79,53,
2007-10-10,56,44,
2007-10-11,62,41,
2007-10-12,60,42,
2007-10-13,63,39,
2007-10-14,77,54,
2007-10-15,78,51,
2007-10-16,70,55,
2007-10-17,75,48,
2007-10-18,81,57,
2007-10-19,60,53,
2007-10-20,76,44,
2007-10-21,79,55,
2007-10-22,63,48,
2007-10-23,56,45,
2007-10-24,56,42,
2007-10-25,54,39,
2007-10-26,54,43,
2007-10-27,60,39,
2007-10-28,58,35,
2007-10-29,60,32,
2007-10-30,66,34,
2007-10-31,66,39,
2007-11-01,56,34,
2007-11-02,61,30,
2007-11-03,58,38,
2007-11-04,59,37,
2007-11-05,63,38,
2007-11-06,46,29,
2007-11-07,45,24,
2007-11-08,58,35,
2007-11-09,52,37,
2007-11-10,54,30,
2007-11-11,66,42,
2007-11-12,67,50,
2007-11-13,63,41,
2007-11-14,59,41,
2007-11-15,43,29,
2007-11-16,48,25,
2007-11-17,58,31,
2007-11-18,45,35,
2007-11-19,67,40,
2007-11-20,69,53,
2007-11-21,61,35,
2007-11-22,38,26,
2007-11-23,34,24,
2007-11-24,39,25,
2007-11-25,34,25,
2007-11-26,37,29,
2007-11-27,44,26,
2007-11-28,53,27,
2007-11-29,37,22,
2007-11-30,40,24,
2007-12-01,41,19,
2007-12-02,61,26,
2007-12-03,34,19,
2007-12-04,32,22,
2007-12-05,30,15,
2007-12-06,30,9,
2007-12-07,32,26,
2007-12-08,31,25,
2007-12-09,31,29,
2007-12-10,32,30,
2007-12-11,39,32,
2007-12-12,42,31,
2007-12-13,36,30,
2007-12-14,32,25,
2007-12-15,30,26,
2007-12-16,27,17,
2007-12-17,22,12,
2007-12-18,38,18,
2007-12-19,32,21,
2007-12-20,40,24,
2007-12-21,40,35,
2007-12-22,49,NA,
2007-12-23,52,19,
2007-12-24,NA,18,
2007-12-25,47,18,
2007-12-26,47,NA,
2007-12-27,35,NA,
2007-12-28,40,31,
2007-12-29,31,25,
2007-12-30,37,26,
2007-12-31,37,22,
2008-01-01,NA,5,
2008-01-02,14,1,
2008-01-03,26,1,
2008-01-04,40,22,
2008-01-05,45,35,
2008-01-06,61,43,
2008-01-07,67,56,
2008-01-08,58,36,
2008-01-09,42,29,
2008-01-10,44,30,
2008-01-11,36,26,
2008-01-12,46,26,
2008-01-13,33,25,
2008-01-14,25,14,
2008-01-15,27,11,
2008-01-16,38,18,
2008-01-17,33,17,
2008-01-18,34,11,
2008-01-19,12,1,
2008-01-20,17,-2,
2008-01-21,34,8,
2008-01-22,33,10,
2008-01-23,31,7,
2008-01-24,11,-3,
2008-01-25,24,-4,
2008-01-26,40,21,
2008-01-27,50,14,
2008-01-28,44,27,
2008-01-29,53,6,
2008-01-30,20,4,
2008-01-31,24,17,
2008-02-01,27,23,
2008-02-02,34,23,
2008-02-03,32,14,
2008-02-04,55,32,
2008-02-05,53,33,
2008-02-06,36,28,
2008-02-07,30,27,
2008-02-08,43,30,
2008-02-09,47,22,
2008-02-10,22,5,
2008-02-11,18,3,
2008-02-12,20,14,
2008-02-13,28,9,
2008-02-14,40,18,
2008-02-15,35,19,
2008-02-16,42,13,
2008-02-17,53,32,
2008-02-18,33,9,
2008-02-19,23,7,
2008-02-20,22,10,
2008-02-21,21,8,
2008-02-22,25,18,
2008-02-23,29,7,
2008-02-24,34,7,
2008-02-25,34,31,
2008-02-26,33,21,
2008-02-27,25,16,
2008-02-28,30,10,
2008-02-29,41,27,
2008-03-01,44,29,
2008-03-02,67,33,
2008-03-03,55,27,
2008-03-04,29,26,
2008-03-05,37,17,
2008-03-06,33,25,
2008-03-07,31,18,
2008-03-08,26,13,
2008-03-09,46,23,
2008-03-10,36,27,
2008-03-11,47,22,
2008-03-12,57,30,
2008-03-13,59,36,
2008-03-14,58,37,
2008-03-15,44,33,
2008-03-16,46,28,
2008-03-17,40,33,
2008-03-18,56,40,
2008-03-19,45,34,
2008-03-20,55,29,
2008-03-21,63,37,
2008-03-22,38,29,
2008-03-23,39,27,
2008-03-24,44,26,
2008-03-25,58,33,
2008-03-26,58,33,
2008-03-27,44,34,
2008-03-28,45,29,
2008-03-29,51,26,
2008-03-30,55,40,
2008-03-31,61,55,
2008-04-01,57,31,
2008-04-02,53,28,
2008-04-03,55,33,
2008-04-04,49,35,
2008-04-05,61,31,
2008-04-06,65,36,
2008-04-07,63,44,
2008-04-08,66,42,
2008-04-09,53,39,
2008-04-10,62,45,
2008-04-11,63,43,
2008-04-12,43,36,
2008-04-13,44,33,
2008-04-14,51,31,
2008-04-15,59,30,
2008-04-16,68,39,
2008-04-17,74,45,
2008-04-18,73,51,
2008-04-19,59,45,
2008-04-20,67,50,
2008-04-21,74,46,
2008-04-22,77,48,
2008-04-23,81,56,
2008-04-24,76,59,
2008-04-25,81,48,
2008-04-26,60,42,
2008-04-27,56,43,
2008-04-28,47,37,
2008-04-29,52,35,
2008-04-30,68,34,
2008-05-01,72,49,
2008-05-02,74,53,
2008-05-03,56,41,
2008-05-04,67,37,
2008-05-05,76,43,
2008-05-06,82,48,
2008-05-07,69,60,
2008-05-08,61,48,
2008-05-09,62,48,
2008-05-10,68,41,
2008-05-11,55,46,
2008-05-12,64,43,
2008-05-13,69,44,
2008-05-14,64,52,
2008-05-15,56,47,
2008-05-16,68,45,
2008-05-17,79,52,
2008-05-18,65,46,
2008-05-19,61,42,
2008-05-20,62,45,
2008-05-21,67,45,
2008-05-22,72,45,
2008-05-23,58,48,
2008-05-24,71,46,
2008-05-25,73,52,
2008-05-26,79,63,
2008-05-27,67,46,
2008-05-28,70,46,
2008-05-29,79,47,
2008-05-30,86,56,
2008-05-31,82,65,
2008-06-01,83,61,
2008-06-02,86,60,
2008-06-03,80,64,
2008-06-04,85,65,
2008-06-05,86,73,
2008-06-06,84,69,
2008-06-07,87,69,
2008-06-08,89,73,
2008-06-09,80,67,
2008-06-10,82,58,
2008-06-11,84,62,
2008-06-12,89,65,
2008-06-13,83,68,
2008-06-14,84,62,
2008-06-15,88,62,
2008-06-16,80,57,
2008-06-17,77,55,
2008-06-18,81,55,
2008-06-19,83,57,
2008-06-20,84,59,
2008-06-21,83,62,
2008-06-22,81,60,
2008-06-23,80,58,
2008-06-24,84,58,
2008-06-25,86,66,
2008-06-26,84,71,
2008-06-27,86,67,
2008-06-28,83,65,
2008-06-29,78,62,
2008-06-30,81,61,
2008-07-01,84,56,
2008-07-02,88,60,
2008-07-03,71,61,
2008-07-04,76,60,
2008-07-05,80,57,
2008-07-06,85,60,
2008-07-07,84,67,
2008-07-08,86,68,
2008-07-09,82,66,
2008-07-10,85,62,
2008-07-11,87,64,
2008-07-12,85,65,
2008-07-13,80,59,
2008-07-14,83,59,
2008-07-15,87,63,
2008-07-16,87,67,
2008-07-17,88,66,
2008-07-18,88,66,
2008-07-19,86,71,
2008-07-20,89,68,
2008-07-21,87,66,
2008-07-22,81,65,
2008-07-23,82,60,
2008-07-24,79,56,
2008-07-25,82,63,
2008-07-26,86,68,
2008-07-27,83,64,
2008-07-28,85,66,
2008-07-29,88,65,
2008-07-30,78,68,
2008-07-31,86,68,
2008-08-01,85,69,
2008-08-02,83,63,
2008-08-03,82,58,
2008-08-04,90,65,
2008-08-05,83,72,
2008-08-06,86,67,
2008-08-07,81,64,
2008-08-08,80,58,
2008-08-09,79,60,
2008-08-10,77,60,
2008-08-11,77,57,
2008-08-12,78,59,
2008-08-13,81,59,
2008-08-14,80,61,
2008-08-15,80,61,
2008-08-16,81,57,
2008-08-17,81,57,
2008-08-18,83,57,
2008-08-19,84,57,
2008-08-20,87,64,
2008-08-21,81,66,
2008-08-22,84,68,
2008-08-23,89,66,
2008-08-24,82,61,
2008-08-25,79,58,
2008-08-26,80,55,
2008-08-27,86,60,
2008-08-28,79,61,
2008-08-29,85,68,
2008-08-30,85,61,
2008-08-31,87,63,
2008-09-01,89,63,
2008-09-02,92,67,
2008-09-03,86,65,
2008-09-04,70,62,
2008-09-05,64,58,
2008-09-06,75,56,
2008-09-07,74,58,
2008-09-08,74,57,
2008-09-09,69,51,
2008-09-10,75,49,
2008-09-11,75,55,
2008-09-12,76,67,
2008-09-13,87,70,
2008-09-14,73,58,
2008-09-15,67,56,
2008-09-16,72,52,
2008-09-17,79,48,
2008-09-18,80,58,
2008-09-19,80,54,
2008-09-20,73,59,
2008-09-21,78,59,
2008-09-22,83,58,
2008-09-23,84,58,
2008-09-24,84,57,
2008-09-25,85,57,
2008-09-26,81,55,
2008-09-27,80,57,
2008-09-28,82,55,
2008-09-29,74,54,
2008-09-30,65,47,
2008-10-01,65,44,
2008-10-02,64,39,
2008-10-03,72,43,
2008-10-04,69,42,
2008-10-05,79,45,
2008-10-06,82,50,
2008-10-07,65,57,
2008-10-08,69,46,
2008-10-09,75,43,
2008-10-10,77,48,
2008-10-11,83,54,
2008-10-12,85,58,
2008-10-13,80,59,
2008-10-14,72,58,
2008-10-15,80,51,
2008-10-16,60,44,
2008-10-17,58,43,
2008-10-18,60,41,
2008-10-19,63,38,
2008-10-20,67,38,
2008-10-21,59,40,
2008-10-22,59,38,
2008-10-23,61,38,
2008-10-24,55,41,
2008-10-25,55,37,
2008-10-26,59,38,
2008-10-27,45,33,
2008-10-28,47,29,
2008-10-29,57,29,
2008-10-30,66,30,
2008-10-31,72,40,
2008-11-01,72,42,
2008-11-02,73,50,
2008-11-03,73,47,
2008-11-04,72,42,
2008-11-05,71,41,
2008-11-06,63,46,
2008-11-07,48,40,
2008-11-08,42,36,
2008-11-09,37,30,
2008-11-10,39,21,
2008-11-11,40,31,
2008-11-12,48,40,
2008-11-13,55,41,
2008-11-14,54,43,
2008-11-15,43,33,
2008-11-16,40,28,
2008-11-17,37,29,
2008-11-18,35,21,
2008-11-19,47,21,
2008-11-20,35,23,
2008-11-21,30,16,
2008-11-22,33,14,
2008-11-23,46,16,
2008-11-24,45,30,
2008-11-25,40,26,
2008-11-26,46,20,
2008-11-27,48,21,
2008-11-28,45,26,
2008-11-29,46,24,
2008-11-30,38,31,
2008-12-01,32,22,
2008-12-02,35,21,
2008-12-03,41,20,
2008-12-04,24,12,
2008-12-05,23,7,
2008-12-06,32,15,
2008-12-07,24,6,
2008-12-08,43,24,
2008-12-09,48,30,
2008-12-10,33,23,
2008-12-11,36,19,
2008-12-12,25,16,
2008-12-13,39,17,
2008-12-14,52,33,
2008-12-15,NA,NA,
2008-12-16,23,10,
2008-12-17,23,11,
2008-12-18,30,15,
2008-12-19,38,30,
2008-12-20,31,12,
2008-12-21,12,-2,
2008-12-22,16,-1,
2008-12-23,32,16,
2008-12-24,37,14,
2008-12-25,27,9,
2008-12-26,52,27,
2008-12-27,62,33,
2008-12-28,39,27,
2008-12-29,46,31,
2008-12-30,50,26,
2008-12-31,28,16,
2009-01-01,34,17,
2009-01-02,40,25,
2009-01-03,41,24,
2009-01-04,46,20,
2009-01-05,29,15,
2009-01-06,30,22,
2009-01-07,28,18,
2009-01-08,26,12,
2009-01-09,43,17,
2009-01-10,34,20,
2009-01-11,28,18,
2009-01-12,34,21,
2009-01-13,33,6,
2009-01-14,26,-3,
2009-01-15,-3,-14,
2009-01-16,9,-17,
2009-01-17,32,6,
2009-01-18,24,12,
2009-01-19,21,7,
2009-01-20,19,3,
2009-01-21,32,1,
2009-01-22,44,15,
2009-01-23,37,19,
2009-01-24,19,5,
2009-01-25,11,5,
2009-01-26,18,10,
2009-01-27,19,15,
2009-01-28,17,1,
2009-01-29,29,12,
2009-01-30,20,1,
2009-01-31,39,-6,
2009-02-01,41,25,
2009-02-02,31,10,
2009-02-03,21,2,
2009-02-04,17,-1,
2009-02-05,25,-2,
2009-02-06,44,16,
2009-02-07,59,41,
2009-02-08,44,30,
2009-02-09,62,32,
2009-02-10,62,48,
2009-02-11,59,36,
2009-02-12,49,30,
2009-02-13,45,24,
2009-02-14,33,25,
2009-02-15,33,22,
2009-02-16,36,18,
2009-02-17,39,23,
2009-02-18,44,27,
2009-02-19,27,15,
2009-02-20,31,13,
2009-02-21,36,20,
2009-02-22,29,12,
2009-02-23,33,12,
2009-02-24,42,21,
2009-02-25,59,29,
2009-02-26,57,36,
2009-02-27,45,24,
2009-02-28,32,21,
2009-03-01,29,15,
2009-03-02,27,12,
2009-03-03,32,10,
2009-03-04,50,21,
2009-03-05,67,34,
2009-03-06,72,49,
2009-03-07,69,40,
2009-03-08,53,33,
2009-03-09,52,32,
2009-03-10,68,41,
2009-03-11,41,23,
2009-03-12,30,17,
2009-03-13,43,20,
2009-03-14,55,29,
2009-03-15,62,33,
2009-03-16,68,44,
2009-03-17,73,37,
2009-03-18,65,43,
2009-03-19,54,29,
2009-03-20,50,24,
2009-03-21,62,38,
2009-03-22,57,35,
2009-03-23,68,49,
2009-03-24,75,50,
2009-03-25,56,41,
2009-03-26,59,40,
2009-03-27,59,34,
2009-03-28,46,31,
2009-03-29,42,31,
2009-03-30,57,27,
2009-03-31,56,35,
2009-04-01,58,34,
2009-04-02,66,41,
2009-04-03,53,37,
2009-04-04,59,31,
2009-04-05,54,32,
2009-04-06,39,30,
2009-04-07,47,29,
2009-04-08,56,29,
2009-04-09,58,31,
2009-04-10,47,35,
2009-04-11,54,33,
2009-04-12,59,31,
2009-04-13,47,39,
2009-04-14,42,38,
2009-04-15,56,35,
2009-04-16,66,40,
2009-04-17,72,42,
2009-04-18,71,47,
2009-04-19,71,47,
2009-04-20,58,41,
2009-04-21,48,36,
2009-04-22,66,34,
2009-04-23,71,40,
2009-04-24,81,55,
2009-04-25,82,61,
2009-04-26,82,62,
2009-04-27,76,60,
2009-04-28,60,50,
2009-04-29,69,52,
2009-04-30,72,59,
2009-05-01,63,46,
2009-05-02,64,46,
2009-05-03,68,46,
2009-05-04,71,48,
2009-05-05,73,51,
2009-05-06,69,56,
2009-05-07,80,55,
2009-05-08,70,56,
2009-05-09,68,51,
2009-05-10,69,44,
2009-05-11,69,47,
2009-05-12,72,45,
2009-05-13,72,54,
2009-05-14,71,52,
2009-05-15,77,51,
2009-05-16,62,47,
2009-05-17,63,42,
2009-05-18,68,42,
2009-05-19,77,47,
2009-05-20,82,52,
2009-05-21,85,54,
2009-05-22,86,63,
2009-05-23,85,61,
2009-05-24,86,61,
2009-05-25,69,61,
2009-05-26,81,62,
2009-05-27,81,66,
2009-05-28,68,58,
2009-05-29,80,56,
2009-05-30,82,54,
2009-05-31,80,56,
2009-06-01,91,60,
2009-06-02,84,61,
2009-06-03,64,51,
2009-06-04,72,49,
2009-06-05,79,50,
2009-06-06,80,57,
2009-06-07,82,59,
2009-06-08,82,67,
2009-06-09,79,62,
2009-06-10,85,64,
2009-06-11,77,62,
2009-06-12,79,60,
2009-06-13,83,66,
2009-06-14,85,63,
2009-06-15,81,66,
2009-06-16,82,68,
2009-06-17,89,69,
2009-06-18,89,67,
2009-06-19,93,72,
2009-06-20,90,71,
2009-06-21,90,76,
2009-06-22,94,75,
2009-06-23,95,77,
2009-06-24,97,75,
2009-06-25,92,74,
2009-06-26,91,69,
2009-06-27,91,66,
2009-06-28,81,64,
2009-06-29,82,60,
2009-06-30,75,58,
2009-07-01,69,60,
2009-07-02,75,61,
2009-07-03,80,59,
2009-07-04,67,62,
2009-07-05,80,62,
2009-07-06,83,61,
2009-07-07,84,63,
2009-07-08,73,60,
2009-07-09,81,60,
2009-07-10,85,64,
2009-07-11,82,67,
2009-07-12,78,63,
2009-07-13,83,62,
2009-07-14,80,58,
2009-07-15,83,65,
2009-07-16,82,61,
2009-07-17,73,59,
2009-07-18,73,57,
2009-07-19,75,58,
2009-07-20,79,56,
2009-07-21,80,57,
2009-07-22,76,60,
2009-07-23,81,61,
2009-07-24,85,58,
2009-07-25,80,63,
2009-07-26,81,61,
2009-07-27,83,61,
2009-07-28,87,66,
2009-07-29,79,61,
2009-07-30,79,58,
2009-07-31,80,60,
2009-08-01,77,56,
2009-08-02,77,56,
2009-08-03,82,57,
2009-08-04,78,64,
2009-08-05,81,62,
2009-08-06,80,58,
2009-08-07,77,60,
2009-08-08,90,64,
2009-08-09,91,74,
2009-08-10,85,67,
2009-08-11,85,67,
2009-08-12,81,62,
2009-08-13,84,56,
2009-08-14,86,62,
2009-08-15,88,62,
2009-08-16,90,66,
2009-08-17,87,67,
2009-08-18,83,66,
2009-08-19,83,65,
2009-08-20,78,62,
2009-08-21,76,58,
2009-08-22,70,57,
2009-08-23,74,59,
2009-08-24,77,54,
2009-08-25,81,55,
2009-08-26,83,56,
2009-08-27,87,64,
2009-08-28,73,64,
2009-08-29,73,53,
2009-08-30,67,52,
2009-08-31,70,47,
2009-09-01,73,50,
2009-09-02,76,52,
2009-09-03,81,57,
2009-09-04,80,59,
2009-09-05,75,59,
2009-09-06,78,63,
2009-09-07,79,60,
2009-09-08,79,59,
2009-09-09,77,62,
2009-09-10,82,61,
2009-09-11,81,61,
2009-09-12,80,57,
2009-09-13,79,56,
2009-09-14,82,55,
2009-09-15,83,59,
2009-09-16,81,58,
2009-09-17,77,52,
2009-09-18,79,51,
2009-09-19,80,57,
2009-09-20,71,57,
2009-09-21,80,62,
2009-09-22,78,65,
2009-09-23,80,63,
2009-09-24,69,64,
2009-09-25,65,59,
2009-09-26,75,56,
2009-09-27,77,50,
2009-09-28,66,51,
2009-09-29,64,49,
2009-09-30,65,47,
2009-10-01,60,43,
2009-10-02,59,46,
2009-10-03,54,45,
2009-10-04,63,40,
2009-10-05,67,42,
2009-10-06,66,47,
2009-10-07,63,41,
2009-10-08,52,45,
2009-10-09,52,40,
2009-10-10,55,33,
2009-10-11,50,35,
2009-10-12,57,38,
2009-10-13,52,40,
2009-10-14,47,40,
2009-10-15,43,39,
2009-10-16,47,38,
2009-10-17,50,39,
2009-10-18,57,31,
2009-10-19,68,36,
2009-10-20,72,42,
2009-10-21,70,47,
2009-10-22,63,49,
2009-10-23,62,43,
2009-10-24,55,38,
2009-10-25,68,42,
2009-10-26,60,48,
2009-10-27,52,46,
2009-10-28,56,47,
2009-10-29,61,50,
2009-10-30,66,45,
2009-10-31,51,33,
2009-11-01,57,30,
2009-11-02,66,38,
2009-11-03,51,32,
2009-11-04,60,38,
2009-11-05,55,31,
2009-11-06,63,35,
2009-11-07,72,49,
2009-11-08,74,44,
2009-11-09,68,50,
2009-11-10,55,46,
2009-11-11,58,36,
2009-11-12,59,30,
2009-11-13,58,30,
2009-11-14,67,39,
2009-11-15,56,41,
2009-11-16,44,41,
2009-11-17,46,40,
2009-11-18,48,40,
2009-11-19,46,35,
2009-11-20,53,30,
2009-11-21,58,36,
2009-11-22,60,38,
2009-11-23,57,37,
2009-11-24,54,40,
2009-11-25,48,38,
2009-11-26,38,31,
2009-11-27,43,28,
2009-11-28,60,29,
2009-11-29,53,39,
2009-11-30,42,33,
2009-12-01,56,32,
2009-12-02,41,31,
2009-12-03,38,22,
2009-12-04,26,18,
2009-12-05,35,14,
2009-12-06,37,18,
2009-12-07,34,27,
2009-12-08,37,29,
2009-12-09,40,12,
2009-12-10,19,6,
2009-12-11,36,12,
2009-12-12,41,16,
2009-12-13,40,33,
2009-12-14,49,29,
2009-12-15,29,11,
2009-12-16,29,10,
2009-12-17,44,20,
2009-12-18,43,31,
2009-12-19,33,29,
2009-12-20,29,25,
2009-12-21,34,26,
2009-12-22,35,29,
2009-12-23,37,33,
2009-12-24,43,37,
2009-12-25,46,22,
2009-12-26,28,20,
2009-12-27,26,12,
2009-12-28,30,14,
2009-12-29,22,10,
2009-12-30,32,19,
2009-12-31,33,8,
2010-01-01,13,3,
2010-01-02,9,-2,
2010-01-03,13,-3,
2010-01-04,12,1,
2010-01-05,11,-1,
2010-01-06,18,0,
2010-01-07,21,10,
2010-01-08,21,6,
2010-01-09,13,-5,
2010-01-10,18,-8,
2010-01-11,23,17,
2010-01-12,28,12,
2010-01-13,34,7,
2010-01-14,39,22,
2010-01-15,36,29,
2010-01-16,32,28,
2010-01-17,32,26,
2010-01-18,33,31,
2010-01-19,32,26,
2010-01-20,32,26,
2010-01-21,33,32,
2010-01-22,36,31,
2010-01-23,44,33,
2010-01-24,48,31,
2010-01-25,31,20,
2010-01-26,20,11,
2010-01-27,29,12,
2010-01-28,24,8,
2010-01-29,18,8,
2010-01-30,22,11,
2010-01-31,29,8,
2010-02-01,35,16,
2010-02-02,34,21,
2010-02-03,28,19,
2010-02-04,36,21,
2010-02-05,33,29,
2010-02-06,31,21,
2010-02-07,28,15,
2010-02-08,28,15,
2010-02-09,25,9,
2010-02-10,25,11,
2010-02-11,26,4,
2010-02-12,26,8,
2010-02-13,28,7,
2010-02-14,31,7,
2010-02-15,24,14,
2010-02-16,29,17,
2010-02-17,30,20,
2010-02-18,31,14,
2010-02-19,36,12,
2010-02-20,38,29,
2010-02-21,36,33,
2010-02-22,34,29,
2010-02-23,34,21,
2010-02-24,22,14,
2010-02-25,34,18,
2010-02-26,35,17,
2010-02-27,34,22,
2010-02-28,42,29,
2010-03-01,39,31,
2010-03-02,34,29,
2010-03-03,39,27,
2010-03-04,45,24,
2010-03-05,46,27,
2010-03-06,48,24,
2010-03-07,46,27,
2010-03-08,48,31,
2010-03-09,60,32,
2010-03-10,70,45,
2010-03-11,65,44,
2010-03-12,48,35,
2010-03-13,49,43,
2010-03-14,44,40,
2010-03-15,46,39,
2010-03-16,60,38,
2010-03-17,63,36,
2010-03-18,63,37,
2010-03-19,64,39,
2010-03-20,50,35,
2010-03-21,46,34,
2010-03-22,57,39,
2010-03-23,66,28,
2010-03-24,65,40,
2010-03-25,51,29,
2010-03-26,47,26,
2010-03-27,56,29,
2010-03-28,50,38,
2010-03-29,54,34,
2010-03-30,64,31,
2010-03-31,77,44,
2010-04-01,82,47,
2010-04-02,78,54,
2010-04-03,60,42,
2010-04-04,75,41,
2010-04-05,73,53,
2010-04-06,81,57,
2010-04-07,70,48,
2010-04-08,53,36,
2010-04-09,60,31,
2010-04-10,74,38,
2010-04-11,78,45,
2010-04-12,78,48,
2010-04-13,83,48,
2010-04-14,84,51,
2010-04-15,82,52,
2010-04-16,69,53,
2010-04-17,61,37,
2010-04-18,62,39,
2010-04-19,62,38,
2010-04-20,68,44,
2010-04-21,73,40,
2010-04-22,73,43,
2010-04-23,59,55,
2010-04-24,69,56,
2010-04-25,61,50,
2010-04-26,65,48,
2010-04-27,62,39,
2010-04-28,65,33,
2010-04-29,76,44,
2010-04-30,77,60,
2010-05-01,74,63,
2010-05-02,71,54,
2010-05-03,75,49,
2010-05-04,77,46,
2010-05-05,79,57,
2010-05-06,73,47,
2010-05-07,78,51,
2010-05-08,51,40,
2010-05-09,61,34,
2010-05-10,63,42,
2010-05-11,69,48,
2010-05-12,69,52,
2010-05-13,81,58,
2010-05-14,69,51,
2010-05-15,67,48,
2010-05-16,62,53,
2010-05-17,56,49,
2010-05-18,64,51,
2010-05-19,72,51,
2010-05-20,62,51,
2010-05-21,72,59,
2010-05-22,79,58,
2010-05-23,89,60,
2010-05-24,90,68,
2010-05-25,88,66,
2010-05-26,89,65,
2010-05-27,84,65,
2010-05-28,85,58,
2010-05-29,90,63,
2010-05-30,90,66,
2010-05-31,86,65,
2010-06-01,85,63,
2010-06-02,79,63,
2010-06-03,82,64,
2010-06-04,87,60,
2010-06-05,84,71,
2010-06-06,78,60,
2010-06-07,78,58,
2010-06-08,75,63,
2010-06-09,81,66,
2010-06-10,84,60,
2010-06-11,89,68,
2010-06-12,89,69,
2010-06-13,84,68,
2010-06-14,85,67,
2010-06-15,84,69,
2010-06-16,82,66,
2010-06-17,85,62,
2010-06-18,92,66,
2010-06-19,86,65,
2010-06-20,89,69,
2010-06-21,90,71,
2010-06-22,84,67,
2010-06-23,89,69,
2010-06-24,83,66,
2010-06-25,85,63,
2010-06-26,90,67,
2010-06-27,86,73,
2010-06-28,85,71,
2010-06-29,78,62,
2010-06-30,78,57,
2010-07-01,80,55,
2010-07-02,81,56,
2010-07-03,86,57,
2010-07-04,89,65,
2010-07-05,88,68,
2010-07-06,91,67,
2010-07-07,93,69,
2010-07-08,88,72,
2010-07-09,87,68,
2010-07-10,87,63,
2010-07-11,83,62,
2010-07-12,86,67,
2010-07-13,85,69,
2010-07-14,92,68,
2010-07-15,92,72,
2010-07-16,86,66,
2010-07-17,91,66,
2010-07-18,82,69,
2010-07-19,84,67,
2010-07-20,82,67,
2010-07-21,86,70,
2010-07-22,91,69,
2010-07-23,92,76,
2010-07-24,92,72,
2010-07-25,84,68,
2010-07-26,86,65,
2010-07-27,89,69,
2010-07-28,91,71,
2010-07-29,85,71,
2010-07-30,83,65,
2010-07-31,83,68,
2010-08-01,83,63,
2010-08-02,84,64,
2010-08-03,94,70,
2010-08-04,95,74,
2010-08-05,88,72,
2010-08-06,83,64,
2010-08-07,85,60,
2010-08-08,91,61,
2010-08-09,93,69,
2010-08-10,94,75,
2010-08-11,94,73,
2010-08-12,93,74,
2010-08-13,95,71,
2010-08-14,90,70,
2010-08-15,89,69,
2010-08-16,84,63,
2010-08-17,81,61,
2010-08-18,87,65,
2010-08-19,91,63,
2010-08-20,93,67,
2010-08-21,85,68,
2010-08-22,88,68,
2010-08-23,86,64,
2010-08-24,85,64,
2010-08-25,82,63,
2010-08-26,80,57,
2010-08-27,85,54,
2010-08-28,90,57,
2010-08-29,94,67,
2010-08-30,86,65,
2010-08-31,92,66,
2010-09-01,80,69,
2010-09-02,84,67,
2010-09-03,75,59,
2010-09-04,71,52,
2010-09-05,80,47,
2010-09-06,86,55,
2010-09-07,80,58,
2010-09-08,79,50,
2010-09-09,79,50,
2010-09-10,72,56,
2010-09-11,79,59,
2010-09-12,83,53,
2010-09-13,87,57,
2010-09-14,84,61,
2010-09-15,86,57,
2010-09-16,74,57,
2010-09-17,80,49,
2010-09-18,83,51,
2010-09-19,79,59,
2010-09-20,90,62,
2010-09-21,94,62,
2010-09-22,80,64,
2010-09-23,91,63,
2010-09-24,77,57,
2010-09-25,70,47,
2010-09-26,61,50,
2010-09-27,67,45,
2010-09-28,75,45,
2010-09-29,79,48,
2010-09-30,78,51,
2010-10-01,74,47,
2010-10-02,59,45,
2010-10-03,60,42,
2010-10-04,61,37,
2010-10-05,69,36,
2010-10-06,78,43,
2010-10-07,79,52,
2010-10-08,81,42,
2010-10-09,86,47,
2010-10-10,85,51,
2010-10-11,83,55,
2010-10-12,81,55,
2010-10-13,63,51,
2010-10-14,67,39,
2010-10-15,64,43,
2010-10-16,73,38,
2010-10-17,73,46,
2010-10-18,60,42,
2010-10-19,64,37,
2010-10-20,70,36,
2010-10-21,60,37,
2010-10-22,69,31,
2010-10-23,81,54,
2010-10-24,78,56,
2010-10-25,76,53,
2010-10-26,71,49,
2010-10-27,67,47,
2010-10-28,47,32,
2010-10-29,54,26,
2010-10-30,64,32,
2010-10-31,56,38,
2010-11-01,57,36,
2010-11-02,51,32,
2010-11-03,58,29,
2010-11-04,53,39,
2010-11-05,42,31,
2010-11-06,46,22,
2010-11-07,63,25,
2010-11-08,71,36,
2010-11-09,75,36,
2010-11-10,72,38,
2010-11-11,77,45,
2010-11-12,75,44,
2010-11-13,54,39,
2010-11-14,52,29,
2010-11-15,58,32,
2010-11-16,45,29,
2010-11-17,50,29,
2010-11-18,44,25,
2010-11-19,51,19,
2010-11-20,44,27,
2010-11-21,62,37,
2010-11-22,68,41,
2010-11-23,41,26,
2010-11-24,40,26,
2010-11-25,46,23,
2010-11-26,35,21,
2010-11-27,37,24,
2010-11-28,46,23,
2010-11-29,49,32,
2010-11-30,51,25,
2010-12-01,27,20,
2010-12-02,33,21,
2010-12-03,35,24,
2010-12-04,30,27,
2010-12-05,27,11,
2010-12-06,18,5,
2010-12-07,19,5,
2010-12-08,21,4,
2010-12-09,32,-1,
2010-12-10,39,25,
2010-12-11,39,20,
2010-12-12,25,13,
2010-12-13,13,5,
2010-12-14,19,1,
2010-12-15,24,3,
2010-12-16,24,21,
2010-12-17,22,13,
2010-12-18,27,9,
2010-12-19,29,2,
2010-12-20,31,21,
2010-12-21,36,31,
2010-12-22,33,18,
2010-12-23,32,20,
2010-12-24,30,24,
2010-12-25,28,24,
2010-12-26,27,18,
2010-12-27,21,13,
2010-12-28,29,11,
2010-12-29,35,11,
2010-12-30,48,35,
2010-12-31,58,45,
2011-01-01,45,17,
2011-01-02,29,13,
2011-01-03,38,17,
2011-01-04,30,15,
2011-01-05,36,13,
2011-01-06,31,22,
2011-01-07,27,16,
2011-01-08,20,6,
2011-01-09,27,4,
2011-01-10,35,20,
2011-01-11,26,21,
2011-01-12,23,12,
2011-01-13,17,3,
2011-01-14,28,8,
2011-01-15,32,16,
2011-01-16,25,10,
2011-01-17,36,20,
2011-01-18,36,26,
2011-01-19,27,21,
2011-01-20,21,5,
2011-01-21,6,-6,
2011-01-22,20,-1,
2011-01-23,22,7,
2011-01-24,31,15,
2011-01-25,28,14,
2011-01-26,27,20,
2011-01-27,39,19,
2011-01-28,28,18,
2011-01-29,36,21,
2011-01-30,36,24,
2011-01-31,26,18,
2011-02-01,21,16,
2011-02-02,21,7,
2011-02-03,15,0,
2011-02-04,25,7,
2011-02-05,28,20,
2011-02-06,33,24,
2011-02-07,30,17,
2011-02-08,17,1,
2011-02-09,12,2,
2011-02-10,18,-12,
2011-02-11,32,14,
2011-02-12,37,24,
2011-02-13,44,31,
2011-02-14,44,27,
2011-02-15,38,26,
2011-02-16,54,33,
2011-02-17,61,43,
2011-02-18,55,35,
2011-02-19,47,29,
2011-02-20,59,32,
2011-02-21,55,32,
2011-02-22,32,27,
2011-02-23,39,27,
2011-02-24,38,30,
2011-02-25,33,29,
2011-02-26,36,29,
2011-02-27,55,34,
2011-02-28,39,26,
2011-03-01,46,23,
2011-03-02,45,28,
2011-03-03,54,27,
2011-03-04,60,39,
2011-03-05,54,28,
2011-03-06,36,26,
2011-03-07,42,28,
2011-03-08,51,34,
2011-03-09,49,35,
2011-03-10,36,31,
2011-03-11,48,26,
2011-03-12,49,32,
2011-03-13,37,28,
2011-03-14,44,31,
2011-03-15,41,35,
2011-03-16,62,32,
2011-03-17,73,40,
2011-03-18,62,41,
2011-03-19,58,33,
2011-03-20,68,42,
2011-03-21,71,51,
2011-03-22,72,46,
2011-03-23,73,33,
2011-03-24,38,30,
2011-03-25,41,27,
2011-03-26,38,25,
2011-03-27,42,24,
2011-03-28,46,24,
2011-03-29,48,29,
2011-03-30,51,32,
2011-03-31,52,28,
2011-04-01,51,35,
2011-04-02,60,32,
2011-04-03,80,41,
2011-04-04,70,41,
2011-04-05,55,32,
2011-04-06,72,43,
2011-04-07,60,40,
2011-04-08,59,45,
2011-04-09,78,49,
2011-04-10,82,61,
2011-04-11,74,51,
2011-04-12,61,41,
2011-04-13,66,40,
2011-04-14,73,43,
2011-04-15,60,44,
2011-04-16,50,38,
2011-04-17,60,36,
2011-04-18,60,43,
2011-04-19,73,39,
2011-04-20,44,33,
2011-04-21,59,33,
2011-04-22,65,46,
2011-04-23,67,48,
2011-04-24,61,50,
2011-04-25,64,52,
2011-04-26,70,55,
2011-04-27,56,42,
2011-04-28,58,40,
2011-04-29,62,43,
2011-04-30,73,48,
2011-05-01,65,44,
2011-05-02,55,44,
2011-05-03,58,41,
2011-05-04,56,37,
2011-05-05,63,34,
2011-05-06,68,45,
2011-05-07,76,52,
2011-05-08,73,51,
2011-05-09,78,55,
2011-05-10,89,64,
2011-05-11,88,61,
2011-05-12,85,64,
2011-05-13,80,53,
2011-05-14,54,48,
2011-05-15,50,42,
2011-05-16,59,37,
2011-05-17,60,38,
2011-05-18,61,48,
2011-05-19,75,48,
2011-05-20,82,54,
2011-05-21,80,61,
2011-05-22,86,62,
2011-05-23,82,61,
2011-05-24,85,60,
2011-05-25,76,60,
2011-05-26,61,46,
2011-05-27,63,46,
2011-05-28,66,54,
2011-05-29,83,62,
2011-05-30,88,65,
2011-05-31,86,68,
2011-06-01,86,60,
2011-06-02,79,59,
2011-06-03,90,63,
2011-06-04,94,72,
2011-06-05,85,65,
2011-06-06,93,67,
2011-06-07,95,72,
2011-06-08,95,74,
2011-06-09,92,61,
2011-06-10,88,60,
2011-06-11,79,58,
2011-06-12,74,55,
2011-06-13,79,55,
2011-06-14,76,61,
2011-06-15,78,60,
2011-06-16,84,58,
2011-06-17,84,63,
2011-06-18,80,67,
2011-06-19,81,66,
2011-06-20,85,69,
2011-06-21,87,67,
2011-06-22,78,66,
2011-06-23,72,63,
2011-06-24,70,61,
2011-06-25,79,55,
2011-06-26,79,65,
2011-06-27,83,64,
2011-06-28,81,62,
2011-06-29,83,58,
2011-06-30,87,61,
2011-07-01,83,69,
2011-07-02,95,72,
2011-07-03,89,70,
2011-07-04,86,66,
2011-07-05,87,61,
2011-07-06,90,69,
2011-07-07,89,68,
2011-07-08,89,65,
2011-07-09,91,66,
2011-07-10,92,67,
2011-07-11,98,74,
2011-07-12,93,74,
2011-07-13,82,63,
2011-07-14,84,60,
2011-07-15,85,64,
2011-07-16,88,68,
2011-07-17,94,67,
2011-07-18,93,74,
2011-07-19,100,76,
2011-07-20,98,78,
2011-07-21,101,76,
2011-07-22,100,76,
2011-07-23,97,77,
2011-07-24,87,71,
2011-07-25,91,70,
2011-07-26,95,71,
2011-07-27,93,70,
2011-07-28,96,73,
2011-07-29,88,72,
2011-07-30,89,71,
2011-07-31,94,72,
2011-08-01,94,70,
2011-08-02,97,72,
2011-08-03,93,71,
2011-08-04,89,65,
2011-08-05,90,72,
2011-08-06,87,70,
2011-08-07,92,71,
2011-08-08,87,67,
2011-08-09,90,66,
2011-08-10,82,60,
2011-08-11,82,55,
2011-08-12,87,57,
2011-08-13,89,60,
2011-08-14,79,62,
2011-08-15,83,61,
2011-08-16,84,56,
2011-08-17,89,60,
2011-08-18,91,66,
2011-08-19,92,67,
2011-08-20,89,65,
2011-08-21,87,63,
2011-08-22,87,59,
2011-08-23,83,59,
2011-08-24,96,71,
2011-08-25,86,63,
2011-08-26,86,59,
2011-08-27,88,63,
2011-08-28,82,60,
2011-08-29,83,61,
2011-08-30,85,57,
2011-08-31,98,63,
2011-09-01,102,73,
2011-09-02,101,69,
2011-09-03,99,68,
2011-09-04,78,59,
2011-09-05,72,51,
2011-09-06,73,47,
2011-09-07,76,49,
2011-09-08,72,54,
2011-09-09,69,58,
2011-09-10,76,56,
2011-09-11,83,60,
2011-09-12,88,55,
2011-09-13,88,60,
2011-09-14,70,47,
2011-09-15,64,41,
2011-09-16,63,47,
2011-09-17,75,53,
2011-09-18,67,58,
2011-09-19,69,54,
2011-09-20,80,50,
2011-09-21,78,54,
2011-09-22,64,51,
2011-09-23,69,44,
2011-09-24,66,51,
2011-09-25,66,48,
2011-09-26,66,47,
2011-09-27,59,52,
2011-09-28,70,50,
2011-09-29,80,47,
2011-09-30,66,46,
2011-10-01,62,40,
2011-10-02,69,42,
2011-10-03,78,44,
2011-10-04,81,43,
2011-10-05,85,48,
2011-10-06,86,51,
2011-10-07,87,52,
2011-10-08,84,52,
2011-10-09,84,49,
2011-10-10,82,50,
2011-10-11,82,54,
2011-10-12,78,52,
2011-10-13,67,51,
2011-10-14,65,46,
2011-10-15,64,41,
2011-10-16,70,46,
2011-10-17,62,37,
2011-10-18,49,44,
2011-10-19,46,42,
2011-10-20,46,36,
2011-10-21,58,32,
2011-10-22,69,31,
2011-10-23,70,41,
2011-10-24,66,44,
2011-10-25,78,40,
2011-10-26,65,46,
2011-10-27,52,36,
2011-10-28,54,33,
2011-10-29,57,32,
2011-10-30,60,32,
2011-10-31,56,33,
2011-11-01,72,31,
2011-11-02,71,40,
2011-11-03,48,45,
2011-11-04,55,36,
2011-11-05,59,30,
2011-11-06,58,36,
2011-11-07,57,50,
2011-11-08,67,51,
2011-11-09,59,33,
2011-11-10,42,28,
2011-11-11,48,24,
2011-11-12,61,35,
2011-11-13,71,51,
2011-11-14,73,47,
2011-11-15,61,41,
2011-11-16,50,31,
2011-11-17,42,27,
2011-11-18,52,28,
2011-11-19,59,42,
2011-11-20,58,37,
2011-11-21,47,39,
2011-11-22,44,40,
2011-11-23,47,34,
2011-11-24,46,40,
2011-11-25,61,39,
2011-11-26,61,41,
2011-11-27,42,34,
2011-11-28,39,33,
2011-11-29,43,29,
2011-11-30,40,23,
2011-12-01,46,24,
2011-12-02,39,31,
2011-12-03,55,38,
2011-12-04,52,32,
2011-12-05,37,32,
2011-12-06,36,27,
2011-12-07,35,25,
2011-12-08,39,21,
2011-12-09,35,18,
2011-12-10,29,11,
2011-12-11,43,18,
2011-12-12,47,21,
2011-12-13,42,32,
2011-12-14,56,41,
2011-12-15,58,31,
2011-12-16,35,25,
2011-12-17,39,24,
2011-12-18,47,24,
2011-12-19,53,40,
2011-12-20,44,36,
2011-12-21,44,33,
2011-12-22,39,29,
2011-12-23,36,26,
2011-12-24,39,21,
2011-12-25,46,28,
2011-12-26,44,23,
2011-12-27,38,30,
2011-12-28,36,23,
2011-12-29,53,35,
2011-12-30,46,36,
2011-12-31,43,35,
2012-01-01,45,29,
2012-01-02,29,17,
2012-01-03,30,10,
2012-01-04,47,26,
2012-01-05,54,22,
2012-01-06,59,33,
2012-01-07,46,31,
2012-01-08,42,26,
2012-01-09,47,25,
2012-01-10,56,26,
2012-01-11,48,36,
2012-01-12,42,13,
2012-01-13,17,11,
2012-01-14,22,4,
2012-01-15,34,7,
2012-01-16,56,28,
2012-01-17,57,17,
2012-01-18,28,11,
2012-01-19,29,7,
2012-01-20,22,6,
2012-01-21,26,17,
2012-01-22,53,22,
2012-01-23,48,31,
2012-01-24,35,26,
2012-01-25,32,25,
2012-01-26,34,32,
2012-01-27,41,32,
2012-01-28,38,26,
2012-01-29,36,24,
2012-01-30,56,24,
2012-01-31,61,42,
2012-02-01,53,34,
2012-02-02,53,31,
2012-02-03,54,33,
2012-02-04,41,36,
2012-02-05,47,28,
2012-02-06,32,22,
2012-02-07,37,25,
2012-02-08,31,27,
2012-02-09,38,22,
2012-02-10,36,16,
2012-02-11,25,11,
2012-02-12,36,14,
2012-02-13,36,17,
2012-02-14,37,27,
2012-02-15,40,28,
2012-02-16,46,29,
2012-02-17,51,24,
2012-02-18,41,27,
2012-02-19,38,24,
2012-02-20,44,21,
2012-02-21,47,34,
2012-02-22,54,32,
2012-02-23,48,32,
2012-02-24,41,25,
2012-02-25,32,22,
2012-02-26,53,20,
2012-02-27,47,26,
2012-02-28,52,25,
2012-02-29,66,36,
2012-03-01,53,34,
2012-03-02,58,33,
2012-03-03,34,29,
2012-03-04,40,23,
2012-03-05,37,21,
2012-03-06,68,30,
2012-03-07,68,46,
2012-03-08,60,33,
2012-03-09,44,28,
2012-03-10,58,24,
2012-03-11,68,30,
2012-03-12,75,51,
2012-03-13,78,41,
2012-03-14,81,47,
2012-03-15,81,58,
2012-03-16,79,53,
2012-03-17,81,49,
2012-03-18,80,54,
2012-03-19,81,57,
2012-03-20,82,58,
2012-03-21,83,58,
2012-03-22,76,60,
2012-03-23,71,48,
2012-03-24,69,47,
2012-03-25,72,52,
2012-03-26,53,42,
2012-03-27,73,38,
2012-03-28,74,49,
2012-03-29,60,43,
2012-03-30,75,46,
2012-03-31,64,41,
2012-04-01,84,49,
2012-04-02,75,54,
2012-04-03,86,51,
2012-04-04,70,46,
2012-04-05,61,38,
2012-04-06,64,33,
2012-04-07,65,36,
2012-04-08,67,42,
2012-04-09,67,47,
2012-04-10,53,32,
2012-04-11,56,29,
2012-04-12,63,31,
2012-04-13,61,37,
2012-04-14,66,50,
2012-04-15,75,60,
2012-04-16,61,44,
2012-04-17,64,41,
2012-04-18,72,41,
2012-04-19,76,48,
2012-04-20,60,41,
2012-04-21,55,39,
2012-04-22,57,39,
2012-04-23,61,37,
2012-04-24,65,41,
2012-04-25,76,46,
2012-04-26,71,38,
2012-04-27,59,35,
2012-04-28,59,45,
2012-04-29,58,44,
2012-04-30,70,55,
2012-05-01,77,54,
2012-05-02,83,60,
2012-05-03,86,65,
2012-05-04,81,60,
2012-05-05,87,55,
2012-05-06,89,63,
2012-05-07,75,57,
2012-05-08,71,53,
2012-05-09,69,48,
2012-05-10,71,43,
2012-05-11,77,47,
2012-05-12,76,53,
2012-05-13,77,51,
2012-05-14,80,55,
2012-05-15,82,51,
2012-05-16,73,50,
2012-05-17,78,47,
2012-05-18,86,49,
2012-05-19,92,60,
2012-05-20,91,62,
2012-05-21,67,54,
2012-05-22,74,50,
2012-05-23,82,48,
2012-05-24,88,56,
2012-05-25,90,70,
2012-05-26,93,67,
2012-05-27,95,68,
2012-05-28,93,69,
2012-05-29,83,64,
2012-05-30,76,56,
2012-05-31,62,51,
2012-06-01,65,49,
2012-06-02,71,47,
2012-06-03,80,52,
2012-06-04,72,58,
2012-06-05,77,54,
2012-06-06,77,53,
2012-06-07,83,53,
2012-06-08,85,55,
2012-06-09,88,56,
2012-06-10,88,62,
2012-06-11,85,64,
2012-06-12,80,60,
2012-06-13,80,53,
2012-06-14,86,56,
2012-06-15,90,57,
2012-06-16,93,63,
2012-06-17,85,67,
2012-06-18,91,68,
2012-06-19,93,69,
2012-06-20,92,66,
2012-06-21,85,63,
2012-06-22,83,62,
2012-06-23,85,59,
2012-06-24,89,64,
2012-06-25,82,59,
2012-06-26,82,54,
2012-06-27,92,54,
2012-06-28,100,67,
2012-06-29,100,74,
2012-06-30,93,68,
2012-07-01,95,71,
2012-07-02,99,69,
2012-07-03,97,69,
2012-07-04,100,72,
2012-07-05,102,71,
2012-07-06,103,73,
2012-07-07,103,74,
2012-07-08,89,69,
2012-07-09,91,66,
2012-07-10,91,68,
2012-07-11,92,65,
2012-07-12,95,67,
2012-07-13,94,66,
2012-07-14,84,68,
2012-07-15,94,67,
2012-07-16,96,71,
2012-07-17,98,73,
2012-07-18,101,73,
2012-07-19,98,73,
2012-07-20,86,68,
2012-07-21,93,63,
2012-07-22,99,68,
2012-07-23,102,74,
2012-07-24,97,75,
2012-07-25,103,72,
2012-07-26,90,71,
2012-07-27,90,65,
2012-07-28,88,66,
2012-07-29,90,63,
2012-07-30,96,66,
2012-07-31,99,66,
2012-08-01,94,65,
2012-08-02,101,61,
2012-08-03,97,66,
2012-08-04,98,72,
2012-08-05,88,70,
2012-08-06,89,63,
2012-08-07,96,62,
2012-08-08,95,68,
2012-08-09,92,65,
2012-08-10,79,60,
2012-08-11,81,54,
2012-08-12,81,56,
2012-08-13,72,61,
2012-08-14,83,62,
2012-08-15,90,60,
2012-08-16,73,62,
2012-08-17,76,56,
2012-08-18,79,53,
2012-08-19,78,57,
2012-08-20,81,54,
2012-08-21,81,55,
2012-08-22,88,55,
2012-08-23,92,58,
2012-08-24,95,61,
2012-08-25,94,61,
2012-08-26,89,62,
2012-08-27,88,66,
2012-08-28,87,62,
2012-08-29,87,63,
2012-08-30,92,61,
2012-08-31,84,65,
2012-09-01,82,71,
2012-09-02,76,71,
2012-09-03,87,71,
2012-09-04,91,68,
2012-09-05,80,66,
2012-09-06,88,66,
2012-09-07,74,60,
2012-09-08,72,54,
2012-09-09,72,54,
2012-09-10,78,51,
2012-09-11,83,51,
2012-09-12,85,53,
2012-09-13,86,58,
2012-09-14,72,53,
2012-09-15,76,49,
2012-09-16,79,49,
2012-09-17,78,55,
2012-09-18,64,43,
2012-09-19,72,38,
2012-09-20,75,50,
2012-09-21,77,46,
2012-09-22,60,42,
2012-09-23,65,41,
2012-09-24,71,35,
2012-09-25,70,53,
2012-09-26,72,59,
2012-09-27,73,54,
2012-09-28,71,52,
2012-09-29,75,49,
2012-09-30,71,51,
2012-10-01,64,49,
2012-10-02,61,53,
2012-10-03,71,54,
2012-10-04,80,50,
2012-10-05,51,36,
2012-10-06,51,32,
2012-10-07,51,31,
2012-10-08,59,28,
2012-10-09,65,35,
2012-10-10,54,33,
2012-10-11,64,31,
2012-10-12,61,43,
2012-10-13,67,45,
2012-10-14,72,49,
2012-10-15,62,42,
2012-10-16,71,39,
2012-10-17,68,50,
2012-10-18,58,43,
2012-10-19,50,44,
2012-10-20,56,40,
2012-10-21,71,39,
2012-10-22,68,55,
2012-10-23,70,58,
2012-10-24,78,55,
2012-10-25,77,43,
2012-10-26,49,38,
2012-10-27,50,34,
2012-10-28,49,34,
2012-10-29,53,33,
2012-10-30,49,36,
2012-10-31,50,31,
2012-11-01,56,29,
2012-11-02,51,34,
2012-11-03,40,34,
2012-11-04,48,31,
2012-11-05,48,31,
2012-11-06,45,29,
2012-11-07,44,39,
2012-11-08,50,34,
2012-11-09,63,32,
2012-11-10,72,46,
2012-11-11,68,43,
2012-11-12,43,28,
2012-11-13,41,24,
2012-11-14,43,27,
2012-11-15,48,25,
2012-11-16,53,26,
2012-11-17,54,28,
2012-11-18,59,32,
2012-11-19,58,36,
2012-11-20,59,45,
2012-11-21,62,35,
2012-11-22,61,34,
2012-11-23,48,23,
2012-11-24,31,23,
2012-11-25,46,29,
2012-11-26,43,30,
2012-11-27,38,21,
2012-11-28,47,22,
2012-11-29,53,23,
2012-11-30,59,31,
2012-12-01,63,32,
2012-12-02,66,51,
2012-12-03,71,55,
2012-12-04,60,37,
2012-12-05,46,31,
2012-12-06,50,29,
2012-12-07,46,42,
2012-12-08,45,38,
2012-12-09,49,37,
2012-12-10,39,27,
2012-12-11,36,19,
2012-12-12,45,20,
2012-12-13,46,25,
2012-12-14,51,27,
2012-12-15,52,37,
2012-12-16,50,38,
2012-12-17,39,34,
2012-12-18,47,33,
2012-12-19,41,34,
2012-12-20,53,25,
2012-12-21,28,17,
2012-12-22,32,12,
2012-12-23,38,21,
2012-12-24,33,26,
2012-12-25,35,26,
2012-12-26,32,28,
2012-12-27,31,27,
2012-12-28,32,28,
2012-12-29,31,16,
2012-12-30,38,13,
2012-12-31,35,22,
2013-01-01,23,11,
2013-01-02,24,6,
2013-01-03,31,14,
2013-01-04,32,10,
2013-01-05,36,15,
2013-01-06,34,18,
2013-01-07,38,13,
2013-01-08,46,21,
2013-01-09,51,29,
2013-01-10,47,27,
2013-01-11,57,47,
2013-01-12,59,31,
2013-01-13,31,15,
2013-01-14,25,13,
2013-01-15,30,15,
2013-01-16,37,20,
2013-01-17,35,21,
2013-01-18,41,18,
2013-01-19,53,34,
2013-01-20,39,17,
2013-01-21,18,5,
2013-01-22,16,3,
2013-01-23,32,10,
2013-01-24,26,8,
2013-01-25,34,18,
2013-01-26,32,14,
2013-01-27,40,20,
2013-01-28,56,40,
2013-01-29,60,52,
2013-01-30,53,22,
2013-01-31,24,6,
2013-02-01,20,4,
2013-02-02,29,12,
2013-02-03,28,13,
2013-02-04,42,18,
2013-02-05,40,25,
2013-02-06,43,27,
2013-02-07,53,29,
2013-02-08,34,26,
2013-02-09,40,28,
2013-02-10,51,33,
2013-02-11,45,29,
2013-02-12,35,23,
2013-02-13,50,27,
2013-02-14,47,29,
2013-02-15,35,23,
2013-02-16,29,15,
2013-02-17,37,10,
2013-02-18,54,27,
2013-02-19,29,17,
2013-02-20,26,8,
2013-02-21,30,14,
2013-02-22,34,26,
2013-02-23,28,18,
2013-02-24,36,14,
2013-02-25,46,25,
2013-02-26,35,32,
2013-02-27,32,31,
2013-02-28,37,30,
2013-03-01,31,25,
2013-03-02,31,20,
2013-03-03,34,15,
2013-03-04,35,24,
2013-03-05,36,27,
2013-03-06,30,26,
2013-03-07,34,26,
2013-03-08,44,23,
2013-03-09,51,32,
2013-03-10,61,47,
2013-03-11,49,31,
2013-03-12,42,27,
2013-03-13,35,23,
2013-03-14,41,21,
2013-03-15,56,27,
2013-03-16,43,31,
2013-03-17,40,30,
2013-03-18,40,26,
2013-03-19,42,21,
2013-03-20,31,19,
2013-03-21,36,14,
2013-03-22,45,18,
2013-03-23,49,32,
2013-03-24,33,28,
2013-03-25,31,26,
2013-03-26,37,29,
2013-03-27,40,28,
2013-03-28,46,26,
2013-03-29,56,30,
2013-03-30,58,32,
2013-03-31,63,40,
2013-04-01,45,31,
2013-04-02,47,26,
2013-04-03,51,27,
2013-04-04,59,30,
2013-04-05,59,38,
2013-04-06,71,37,
2013-04-07,71,48,
2013-04-08,74,54,
2013-04-09,76,54,
2013-04-10,71,45,
2013-04-11,59,38,
2013-04-12,43,36,
2013-04-13,52,38,
2013-04-14,73,41,
2013-04-15,66,47,
2013-04-16,52,43,
2013-04-17,72,44,
2013-04-18,70,40,
2013-04-19,41,34,
2013-04-20,49,29,
2013-04-21,56,32,
2013-04-22,67,37,
2013-04-23,60,39,
2013-04-24,49,35,
2013-04-25,54,36,
2013-04-26,64,36,
2013-04-27,62,45,
2013-04-28,60,52,
2013-04-29,71,43,
2013-04-30,81,53,
2013-05-01,81,54,
2013-05-02,78,47,
2013-05-03,71,44,
2013-05-04,65,53,
2013-05-05,66,52,
2013-05-06,71,54,
2013-05-07,77,55,
2013-05-08,80,53,
2013-05-09,69,57,
2013-05-10,67,47,
2013-05-11,65,41,
2013-05-12,58,36,
2013-05-13,67,36,
2013-05-14,86,50,
2013-05-15,85,64,
2013-05-16,83,64,
2013-05-17,82,59,
2013-05-18,80,60,
2013-05-19,88,59,
2013-05-20,87,62,
2013-05-21,81,62,
2013-05-22,75,60,
2013-05-23,61,43,
2013-05-24,70,39,
2013-05-25,61,44,
2013-05-26,66,50,
2013-05-27,79,57,
2013-05-28,80,61,
2013-05-29,85,63,
2013-05-30,86,65,
2013-05-31,77,63,
2013-06-01,73,60,
2013-06-02,68,52,
2013-06-03,69,49,
2013-06-04,74,50,
2013-06-05,81,57,
2013-06-06,80,61,
2013-06-07,74,56,
2013-06-08,79,52,
2013-06-09,81,59,
2013-06-10,80,59,
2013-06-11,86,58,
2013-06-12,94,70,
2013-06-13,82,61,
2013-06-14,82,56,
2013-06-15,82,62,
2013-06-16,81,65,
2013-06-17,86,64,
2013-06-18,86,62,
2013-06-19,84,59,
2013-06-20,88,63,
2013-06-21,90,65,
2013-06-22,87,65,
2013-06-23,82,65,
2013-06-24,88,64,
2013-06-25,89,63,
2013-06-26,81,64,
2013-06-27,90,71,
2013-06-28,85,67,
2013-06-29,75,63,
2013-06-30,77,62,
2013-07-01,77,62,
2013-07-02,69,61,
2013-07-03,76,60,
2013-07-04,80,57,
2013-07-05,83,62,
2013-07-06,77,64,
2013-07-07,88,62,
2013-07-08,87,70,
2013-07-09,90,75,
2013-07-10,85,67,
2013-07-11,80,61,
2013-07-12,83,57,
2013-07-13,84,61,
2013-07-14,89,65,
2013-07-15,89,72,
2013-07-16,91,70,
2013-07-17,93,71,
2013-07-18,93,71,
2013-07-19,93,74,
2013-07-20,88,69,
2013-07-21,78,66,
2013-07-22,85,66,
2013-07-23,85,63,
2013-07-24,75,57,
2013-07-25,79,54,
2013-07-26,74,58,
2013-07-27,72,52,
2013-07-28,74,49,
2013-07-29,77,54,
2013-07-30,69,62,
2013-07-31,77,64,
2013-08-01,82,62,
2013-08-02,83,60,
2013-08-03,81,62,
2013-08-04,79,57,
2013-08-05,79,56,
2013-08-06,84,67,
2013-08-07,82,66,
2013-08-08,79,68,
2013-08-09,82,63,
2013-08-10,84,67,
2013-08-11,84,58,
2013-08-12,84,64,
2013-08-13,76,53,
2013-08-14,72,50,
2013-08-15,76,52,
2013-08-16,79,60,
2013-08-17,80,59,
2013-08-18,83,61,
2013-08-19,85,59,
2013-08-20,87,60,
2013-08-21,88,63,
2013-08-22,87,68,
2013-08-23,86,65,
2013-08-24,87,62,
2013-08-25,89,60,
2013-08-26,91,62,
2013-08-27,91,69,
2013-08-28,93,70,
2013-08-29,86,69,
2013-08-30,95,65,
2013-08-31,97,66,
2013-09-01,83,67,
2013-09-02,83,63,
2013-09-03,78,55,
2013-09-04,84,55,
2013-09-05,87,60,
2013-09-06,88,61,
2013-09-07,89,61,
2013-09-08,87,68,
2013-09-09,97,66,
2013-09-10,97,70,
2013-09-11,96,69,
2013-09-12,86,62,
2013-09-13,71,52,
2013-09-14,75,45,
2013-09-15,80,47,
2013-09-16,71,51,
2013-09-17,78,50,
2013-09-18,87,60,
2013-09-19,93,70,
2013-09-20,76,58,
2013-09-21,72,51,
2013-09-22,73,46,
2013-09-23,76,46,
2013-09-24,80,48,
2013-09-25,83,58,
2013-09-26,83,53,
2013-09-27,85,51,
2013-09-28,86,52,
2013-09-29,74,54,
2013-09-30,79,51,
2013-10-01,82,59,
2013-10-02,76,64,
2013-10-03,86,63,
2013-10-04,89,62,
2013-10-05,83,60,
2013-10-06,65,45,
2013-10-07,70,43,
2013-10-08,77,43,
2013-10-09,75,46,
2013-10-10,80,50,
2013-10-11,80,54,
2013-10-12,74,52,
2013-10-13,71,47,
2013-10-14,71,40,
2013-10-15,64,51,
2013-10-16,54,40,
2013-10-17,60,40,
2013-10-18,55,41,
2013-10-19,56,40,
2013-10-20,70,38,
2013-10-21,53,29,
2013-10-22,50,27,
2013-10-23,46,33,
2013-10-24,41,29,
2013-10-25,52,25,
2013-10-26,59,34,
2013-10-27,57,28,
2013-10-28,64,29,
2013-10-29,57,38,
2013-10-30,66,50,
2013-10-31,64,46,
2013-11-01,53,41,
2013-11-02,51,34,
2013-11-03,55,30,
2013-11-04,58,40,
2013-11-05,57,49,
2013-11-06,57,35,
2013-11-07,50,27,
2013-11-08,54,27,
2013-11-09,64,41,
2013-11-10,51,30,
2013-11-11,53,27,
2013-11-12,31,21,
2013-11-13,40,16,
2013-11-14,53,27,
2013-11-15,52,37,
2013-11-16,62,41,
2013-11-17,71,44,
2013-11-18,51,31,
2013-11-19,45,28,
2013-11-20,45,26,
2013-11-21,48,41,
2013-11-22,47,29,
2013-11-23,29,15,
2013-11-24,27,11,
2013-11-25,33,20,
2013-11-26,39,21,
2013-11-27,28,13,
2013-11-28,40,15,
2013-11-29,40,18,
2013-11-30,53,23,
2013-12-01,50,27,
2013-12-02,45,33,
2013-12-03,52,35,
2013-12-04,60,41,
2013-12-05,44,22,
2013-12-06,22,13,
2013-12-07,23,8,
2013-12-08,27,17,
2013-12-09,25,13,
2013-12-10,28,1,
2013-12-11,26,4,
2013-12-12,27,-3,
2013-12-13,38,12,
2013-12-14,33,23,
2013-12-15,23,13,
2013-12-16,23,15,
2013-12-17,30,20,
2013-12-18,37,9,
2013-12-19,42,28,
2013-12-20,58,32,
2013-12-21,35,31,
2013-12-22,35,27,
2013-12-23,27,5,
2013-12-24,19,2,
2013-12-25,30,19,
2013-12-26,38,17,
2013-12-27,47,25,
2013-12-28,54,32,
2013-12-29,37,15,
2013-12-30,18,6,
2013-12-31,30,15,
2014-01-01,32,18,
2014-01-02,19,5,
2014-01-03,18,-6,
2014-01-04,37,18,
2014-01-05,32,-3,
2014-01-06,-3,-14,
2014-01-07,9,-13,
2014-01-08,21,3,
2014-01-09,30,14,
2014-01-10,40,30,
2014-01-11,40,30,
2014-01-12,43,28,
2014-01-13,51,28,
2014-01-14,38,23,
2014-01-15,25,16,
2014-01-16,38,19,
2014-01-17,31,8,
2014-01-18,27,9,
2014-01-19,39,15,
2014-01-20,40,26,
2014-01-21,26,0,
2014-01-22,20,-3,
2014-01-23,6,-4,
2014-01-24,24,-7,
2014-01-25,33,9,
2014-01-26,44,10,
2014-01-27,14,-2,
2014-01-28,13,-6,
2014-01-29,30,4,
2014-01-30,36,17,
2014-01-31,31,20,
2014-02-01,37,26,
2014-02-02,26,10,
2014-02-03,25,5,
2014-02-04,23,15,
2014-02-05,25,6,
2014-02-06,6,-7,
2014-02-07,11,-14,
2014-02-08,21,7,
2014-02-09,20,7,
2014-02-10,9,-3,
2014-02-11,12,-6,
2014-02-12,26,-3,
2014-02-13,35,4,
2014-02-14,26,6,
2014-02-15,21,-1,
2014-02-16,24,11,
2014-02-17,36,15,
2014-02-18,43,22,
2014-02-19,41,31,
2014-02-20,57,34,
2014-02-21,44,31,
2014-02-22,44,26,
2014-02-23,30,21,
2014-02-24,27,17,
2014-02-25,24,10,
2014-02-26,19,3,
2014-02-27,21,6,
2014-02-28,38,6,
2014-03-01,36,18,
2014-03-02,20,4,
2014-03-03,18,0,
2014-03-04,34,9,
2014-03-05,31,20,
2014-03-06,41,17,
2014-03-07,53,22,
2014-03-08,38,30,
2014-03-09,47,23,
2014-03-10,61,35,
2014-03-11,66,32,
2014-03-12,38,23,
2014-03-13,44,19,
2014-03-14,61,36,
2014-03-15,54,30,
2014-03-16,31,21,
2014-03-17,40,16,
2014-03-18,51,26,
2014-03-19,48,32,
2014-03-20,55,26,
2014-03-21,71,33,
2014-03-22,46,31,
2014-03-23,35,23,
2014-03-24,37,20,
2014-03-25,33,20,
2014-03-26,44,14,
2014-03-27,52,34,
2014-03-28,54,39,
2014-03-29,40,29,
2014-03-30,58,23,
2014-03-31,70,32,
2014-04-01,56,34,
2014-04-02,52,41,
2014-04-03,53,43,
2014-04-04,55,37,
2014-04-05,53,32,
2014-04-06,58,32,
2014-04-07,51,42,
2014-04-08,61,40,
2014-04-09,63,36,
2014-04-10,75,45,
2014-04-11,71,46,
2014-04-12,78,44,
2014-04-13,72,59,
2014-04-14,62,31,
2014-04-15,41,28,
2014-04-16,53,27,
2014-04-17,65,30,
2014-04-18,68,43,
2014-04-19,72,36,
2014-04-20,78,43,
2014-04-21,71,53,
2014-04-22,64,42,
2014-04-23,62,37,
2014-04-24,71,48,
2014-04-25,72,50,
2014-04-26,79,49,
2014-04-27,75,50,
2014-04-28,71,54,
2014-04-29,67,47,
2014-04-30,50,44,
2014-05-01,52,40,
2014-05-02,53,44,
2014-05-03,71,44,
2014-05-04,69,46,
2014-05-05,74,46,
2014-05-06,78,49,
2014-05-07,86,62,
2014-05-08,88,64,
2014-05-09,79,56,
2014-05-10,77,53,
2014-05-11,83,56,
2014-05-12,83,67,
2014-05-13,69,51,
2014-05-14,53,44,
2014-05-15,57,43,
2014-05-16,53,41,
2014-05-17,58,38,
2014-05-18,66,37,
2014-05-19,71,44,
2014-05-20,84,57,
2014-05-21,88,67,
2014-05-22,77,58,
2014-05-23,77,51,
2014-05-24,77,50,
2014-05-25,81,60,
2014-05-26,88,59,
2014-05-27,86,61,
2014-05-28,87,63,
2014-05-29,85,62,
2014-05-30,87,65,
2014-05-31,86,62,
2014-06-01,89,62,
2014-06-02,80,69,
2014-06-03,86,68,
2014-06-04,76,60,
2014-06-05,78,57,
2014-06-06,81,58,
2014-06-07,81,59,
2014-06-08,75,58,
2014-06-09,79,54,
2014-06-10,68,61,
2014-06-11,72,63,
2014-06-12,81,60,
2014-06-13,74,54,
2014-06-14,76,51,
2014-06-15,84,54,
2014-06-16,87,70,
2014-06-17,89,72,
2014-06-18,88,69,
2014-06-19,91,70,
2014-06-20,87,69,
2014-06-21,88,67,
2014-06-22,86,64,
2014-06-23,88,67,
2014-06-24,82,67,
2014-06-25,85,65,
2014-06-26,85,66,
2014-06-27,87,65,
2014-06-28,85,68,
2014-06-29,83,71,
2014-06-30,87,66,
2014-07-01,84,66,
2014-07-02,71,60,
2014-07-03,75,59,
2014-07-04,79,54,
2014-07-05,79,58,
2014-07-06,84,62,
2014-07-07,87,71,
2014-07-08,82,65,
2014-07-09,80,62,
2014-07-10,80,59,
2014-07-11,83,58,
2014-07-12,84,68,
2014-07-13,84,70,
2014-07-14,85,62,
2014-07-15,70,53,
2014-07-16,74,53,
2014-07-17,77,53,
2014-07-18,77,59,
2014-07-19,78,56,
2014-07-20,79,58,
2014-07-21,84,60,
2014-07-22,87,62,
2014-07-23,77,59,
2014-07-24,77,55,
2014-07-25,73,54,
2014-07-26,85,66,
2014-07-27,85,64,
2014-07-28,72,56,
2014-07-29,77,55,
2014-07-30,81,58,
2014-07-31,81,59,
2014-08-01,81,61,
2014-08-02,81,59,
2014-08-03,84,60,
2014-08-04,85,61,
2014-08-05,83,65,
2014-08-06,77,65,
2014-08-07,74,62,
2014-08-08,75,65,
2014-08-09,78,65,
2014-08-10,80,67,
2014-08-11,83,65,
2014-08-12,72,61,
2014-08-13,80,56,
2014-08-14,81,56,
2014-08-15,73,51,
2014-08-16,77,63,
2014-08-17,80,65,
2014-08-18,83,64,
2014-08-19,85,63,
2014-08-20,80,64,
2014-08-21,89,70,
2014-08-22,84,71,
2014-08-23,87,70,
2014-08-24,89,68,
2014-08-25,94,68,
2014-08-26,91,66,
2014-08-27,87,67,
2014-08-28,85,64,
2014-08-29,89,69,
2014-08-30,85,71,
2014-08-31,85,70,
2014-09-01,83,69,
2014-09-02,80,67,
2014-09-03,85,62,
2014-09-04,88,65,
2014-09-05,94,63,
2014-09-06,74,55,
2014-09-07,78,50,
2014-09-08,81,54,
2014-09-09,71,58,
2014-09-10,78,64,
2014-09-11,64,51,
2014-09-12,60,46,
2014-09-13,62,40,
2014-09-14,70,42,
2014-09-15,59,47,
2014-09-16,70,48,
2014-09-17,70,45,
2014-09-18,74,48,
2014-09-19,77,50,
2014-09-20,83,52,
2014-09-21,71,55,
2014-09-22,70,49,
2014-09-23,75,45,
2014-09-24,77,50,
2014-09-25,80,52,
2014-09-26,82,53,
2014-09-27,83,58,
2014-09-28,84,54,
2014-09-29,84,55,
2014-09-30,71,50,
2014-10-01,83,48,
2014-10-02,76,64,
2014-10-03,65,44,
2014-10-04,49,37,
2014-10-05,63,36,
2014-10-06,67,42,
2014-10-07,71,46,
2014-10-08,69,43,
2014-10-09,61,49,
2014-10-10,55,46,
2014-10-11,61,41,
2014-10-12,59,39,
2014-10-13,71,58,
2014-10-14,64,54,
2014-10-15,54,52,
2014-10-16,58,49,
2014-10-17,63,48,
2014-10-18,53,45,
2014-10-19,57,35,
2014-10-20,69,46,
2014-10-21,60,44,
2014-10-22,61,36,
2014-10-23,61,34,
2014-10-24,70,45,
2014-10-25,77,50,
2014-10-26,71,43,
2014-10-27,76,52,
2014-10-28,68,42,
2014-10-29,50,34,
2014-10-30,56,30,
2014-10-31,45,33,
2014-11-01,48,28,
2014-11-02,54,23,
2014-11-03,67,41,
2014-11-04,55,39,
2014-11-05,62,38,
2014-11-06,48,37,
2014-11-07,48,28,
2014-11-08,48,32,
2014-11-09,55,28,
2014-11-10,64,37,
2014-11-11,52,32,
2014-11-12,33,22,
2014-11-13,29,19,
2014-11-14,30,16,
2014-11-15,36,13,
2014-11-16,33,23,
2014-11-17,23,11,
2014-11-18,19,8,
2014-11-19,37,13,
2014-11-20,33,16,
2014-11-21,36,9,
2014-11-22,57,32,
2014-11-23,53,44,
2014-11-24,52,31,
2014-11-25,31,21,
2014-11-26,29,18,
2014-11-27,28,13,
2014-11-28,39,14,
2014-11-29,53,31,
2014-11-30,64,30,
2014-12-01,31,21,
2014-12-02,32,23,
2014-12-03,42,27,
2014-12-04,33,25,
2014-12-05,40,33,
2014-12-06,39,29,
2014-12-07,36,26,
2014-12-08,39,30,
2014-12-09,38,30,
2014-12-10,35,31,
2014-12-11,32,23,
2014-12-12,37,22,
2014-12-13,50,33,
2014-12-14,47,43,
2014-12-15,45,42,
2014-12-16,45,26,
2014-12-17,26,21,
2014-12-18,28,23,
2014-12-19,35,20,
2014-12-20,34,24,
2014-12-21,40,29,
2014-12-22,46,29,
2014-12-23,48,40,
2014-12-24,43,34,
2014-12-25,45,34,
2014-12-26,54,31,
2014-12-27,48,30,
2014-12-28,32,22,
2014-12-29,37,19,
2014-12-30,26,13,
2014-12-31,23,7,
2015-01-01,32,15,
2015-01-02,39,21,
2015-01-03,40,32,
2015-01-04,34,8,
2015-01-05,13,1,
2015-01-06,13,8,
2015-01-07,12,-7,
2015-01-08,24,-8,
2015-01-09,16,0,
2015-01-10,23,-7,
2015-01-11,32,23,
2015-01-12,32,11,
2015-01-13,16,5,
2015-01-14,19,-1,
2015-01-15,37,9,
2015-01-16,38,21,
2015-01-17,47,30,
2015-01-18,44,26,
2015-01-19,44,24,
2015-01-20,44,29,
2015-01-21,37,28,
2015-01-22,37,31,
2015-01-23,32,24,
2015-01-24,46,25,
2015-01-25,37,27,
2015-01-26,29,23,
2015-01-27,31,19,
2015-01-28,37,18,
2015-01-29,41,33,
2015-01-30,33,22,
2015-01-31,39,22,
2015-02-01,33,16,
2015-02-02,18,10,
2015-02-03,36,15,
2015-02-04,34,9,
2015-02-05,17,2,
2015-02-06,35,13,
2015-02-07,50,27,
2015-02-08,55,32,
2015-02-09,32,26,
2015-02-10,37,26,
2015-02-11,36,21,
2015-02-12,21,10,
2015-02-13,29,6,
2015-02-14,28,4,
2015-02-15,19,2,
2015-02-16,21,8,
2015-02-17,30,7,
2015-02-18,17,1,
2015-02-19,10,-4,
2015-02-20,19,-3,
2015-02-21,32,17,
2015-02-22,29,6,
2015-02-23,17,-5,
2015-02-24,29,-16,
2015-02-25,32,11,
2015-02-26,23,10,
2015-02-27,17,-3,
2015-02-28,24,4,
2015-03-01,28,17,
2015-03-02,29,14,
2015-03-03,37,24,
2015-03-04,33,15,
2015-03-05,16,-4,
2015-03-06,27,-9,
2015-03-07,41,23,
2015-03-08,44,23,
2015-03-09,45,30,
2015-03-10,52,33,
2015-03-11,64,32,
2015-03-12,60,33,
2015-03-13,48,39,
2015-03-14,59,41,
2015-03-15,65,33,
2015-03-16,74,42,
2015-03-17,54,33,
2015-03-18,45,28,
2015-03-19,52,37,
2015-03-20,48,36,
2015-03-21,61,32,
2015-03-22,53,33,
2015-03-23,37,29,
2015-03-24,44,26,
2015-03-25,48,40,
2015-03-26,49,33,
2015-03-27,36,22,
2015-03-28,40,17,
2015-03-29,49,23,
2015-03-30,65,34,
2015-03-31,65,41,
2015-04-01,72,37,
2015-04-02,72,50,
2015-04-03,56,36,
2015-04-04,59,28,
2015-04-05,66,36,
2015-04-06,62,47,
2015-04-07,65,55,
2015-04-08,75,55,
2015-04-09,77,51,
2015-04-10,67,41,
2015-04-11,62,35,
2015-04-12,66,40,
2015-04-13,69,54,
2015-04-14,66,51,
2015-04-15,71,47,
2015-04-16,70,52,
2015-04-17,76,48,
2015-04-18,79,53,
2015-04-19,60,54,
2015-04-20,56,41,
2015-04-21,62,36,
2015-04-22,53,35,
2015-04-23,58,31,
2015-04-24,61,32,
2015-04-25,52,43,
2015-04-26,58,38,
2015-04-27,60,40,
2015-04-28,66,39,
2015-04-29,70,41,
2015-04-30,56,40,
2015-05-01,70,40,
2015-05-02,76,49,
2015-05-03,81,54,
2015-05-04,80,58,
2015-05-05,84,60,
2015-05-06,85,59,
2015-05-07,85,58,
2015-05-08,83,63,
2015-05-09,76,62,
2015-05-10,80,62,
2015-05-11,72,52,
2015-05-12,63,47,
2015-05-13,66,43,
2015-05-14,71,47,
2015-05-15,83,59,
2015-05-16,79,64,
2015-05-17,82,64,
2015-05-18,82,52,
2015-05-19,62,43,
2015-05-20,51,44,
2015-05-21,66,44,
2015-05-22,77,48,
2015-05-23,80,56,
2015-05-24,84,62,
2015-05-25,82,66,
2015-05-26,78,65,
2015-05-27,80,61,
2015-05-28,86,55,
2015-05-29,85,65,
2015-05-30,76,49,
2015-05-31,56,48,
2015-06-01,68,52,
2015-06-02,73,51,
2015-06-03,77,52,
2015-06-04,82,55,
2015-06-05,85,56,
2015-06-06,79,55,
2015-06-07,89,61,
2015-06-08,82,64,
2015-06-09,86,63,
2015-06-10,90,68,
2015-06-11,89,68,
2015-06-12,87,68,
2015-06-13,87,68,
2015-06-14,84,71,
2015-06-15,88,70,
2015-06-16,81,65,
2015-06-17,77,63,
2015-06-18,84,66,
2015-06-19,74,63,
2015-06-20,82,67,
2015-06-21,83,67,
2015-06-22,87,70,
2015-06-23,81,65,
2015-06-24,75,63,
2015-06-25,82,65,
2015-06-26,71,64,
2015-06-27,76,58,
2015-06-28,77,56,
2015-06-29,79,63,
2015-06-30,82,64,
2015-07-01,76,61,
2015-07-02,76,58,
2015-07-03,76,62,
2015-07-04,80,58,
2015-07-05,83,59,
2015-07-06,88,62,
2015-07-07,75,56,
2015-07-08,71,56,
2015-07-09,67,60,
2015-07-10,78,62,
2015-07-11,81,61,
2015-07-12,86,70,
2015-07-13,91,71,
2015-07-14,87,64,
2015-07-15,80,60,
2015-07-16,83,65,
2015-07-17,90,72,
2015-07-18,91,70,
2015-07-19,85,70,
2015-07-20,85,68,
2015-07-21,82,64,
2015-07-22,82,59,
2015-07-23,83,62,
2015-07-24,84,62,
2015-07-25,87,65,
2015-07-26,84,70,
2015-07-27,86,68,
2015-07-28,92,71,
2015-07-29,87,68,
2015-07-30,86,63,
2015-07-31,88,66,
2015-08-01,84,63,
2015-08-02,90,65,
2015-08-03,85,65,
2015-08-04,81,58,
2015-08-05,83,62,
2015-08-06,82,62,
2015-08-07,83,58,
2015-08-08,86,63,
2015-08-09,83,70,
2015-08-10,84,70,
2015-08-11,83,64,
2015-08-12,82,60,
2015-08-13,84,60,
2015-08-14,87,65,
2015-08-15,90,67,
2015-08-16,89,67,
2015-08-17,88,65,
2015-08-18,86,67,
2015-08-19,78,58,
2015-08-20,77,54,
2015-08-21,82,53,
2015-08-22,80,56,
2015-08-23,77,58,
2015-08-24,76,53,
2015-08-25,74,52,
2015-08-26,71,57,
2015-08-27,78,53,
2015-08-28,80,57,
2015-08-29,81,63,
2015-08-30,86,63,
2015-08-31,88,65,
2015-09-01,87,67,
2015-09-02,91,68,
2015-09-03,92,67,
2015-09-04,93,67,
2015-09-05,90,66,
2015-09-06,94,67,
2015-09-07,93,67,
2015-09-08,89,68,
2015-09-09,79,64,
2015-09-10,84,58,
2015-09-11,71,55,
2015-09-12,65,49,
2015-09-13,72,46,
2015-09-14,81,47,
2015-09-15,83,54,
2015-09-16,84,52,
2015-09-17,85,56,
2015-09-18,82,68,
2015-09-19,71,52,
2015-09-20,73,48,
2015-09-21,77,50,
2015-09-22,81,50,
2015-09-23,85,55,
2015-09-24,83,56,
2015-09-25,83,56,
2015-09-26,80,58,
2015-09-27,77,60,
2015-09-28,81,61,
2015-09-29,72,58,
2015-09-30,69,50,
2015-10-01,66,45,
2015-10-02,66,45,
2015-10-03,59,47,
2015-10-04,70,47,
2015-10-05,72,52,
2015-10-06,74,54,
2015-10-07,80,50,
2015-10-08,79,53,
2015-10-09,64,48,
2015-10-10,70,43,
2015-10-11,79,43,
2015-10-12,77,54,
2015-10-13,67,47,
2015-10-14,68,43,
2015-10-15,74,37,
2015-10-16,60,39,
2015-10-17,53,31,
2015-10-18,62,31,
2015-10-19,71,36,
2015-10-20,78,50,
2015-10-21,81,53,
2015-10-22,78,54,
2015-10-23,71,51,
2015-10-24,71,51,
2015-10-25,64,45,
2015-10-26,67,42,
2015-10-27,55,46,
2015-10-28,57,38,
2015-10-29,45,34,
2015-10-30,56,39,
2015-10-31,56,44,
2015-11-01,69,43,
2015-11-02,72,40,
2015-11-03,65,43,
2015-11-04,73,45,
2015-11-05,71,55,
2015-11-06,64,41,
2015-11-07,56,36,
2015-11-08,55,31,
2015-11-09,57,35,
2015-11-10,58,31,
2015-11-11,64,36,
2015-11-12,58,42,
2015-11-13,51,29,
2015-11-14,64,23,
2015-11-15,67,32,
2015-11-16,50,40,
2015-11-17,61,48,
2015-11-18,61,43,
2015-11-19,48,31,
2015-11-20,49,27,
2015-11-21,42,18,
2015-11-22,28,13,
2015-11-23,44,25,
2015-11-24,52,27,
2015-11-25,55,32,
2015-11-26,65,50,
2015-11-27,58,39,
2015-11-28,40,36,
2015-11-29,40,34,
2015-11-30,45,35,
2015-12-01,46,32,
2015-12-02,37,30,
2015-12-03,34,26,
2015-12-04,40,29,
2015-12-05,38,27,
2015-12-06,50,27,
2015-12-07,40,30,
2015-12-08,52,38,
2015-12-09,54,36,
2015-12-10,57,36,
2015-12-11,57,34,
2015-12-12,66,54,
2015-12-13,61,57,
2015-12-14,62,40,
2015-12-15,41,37,
2015-12-16,58,33,
2015-12-17,35,28,
2015-12-18,35,24,
2015-12-19,35,18,
2015-12-20,49,24,
2015-12-21,59,40,
2015-12-22,46,35,
2015-12-23,61,41,
2015-12-24,47,31,
2015-12-25,48,37,
2015-12-26,53,37,
2015-12-27,47,36,
2015-12-28,46,33,
2015-12-29,39,29,
2015-12-30,31,28,
2015-12-31,30,24,
2016-01-01,30,22,
2016-01-02,37,24,
2016-01-03,32,23,
2016-01-04,34,22,
2016-01-05,37,18,
2016-01-06,41,21,
2016-01-07,49,32,
2016-01-08,46,38,
2016-01-09,43,22,
2016-01-10,22,8,
2016-01-11,31,8,
2016-01-12,31,7,
2016-01-13,31,5,
2016-01-14,53,23,
2016-01-15,43,28,
2016-01-16,31,22,
2016-01-17,22,1,
2016-01-18,9,-2,
2016-01-19,18,3,
2016-01-20,21,7,
2016-01-21,26,7,
2016-01-22,28,18,
2016-01-23,31,8,
2016-01-24,37,7,
2016-01-25,43,24,
2016-01-26,33,28,
2016-01-27,35,26,
2016-01-28,46,29,
2016-01-29,40,28,
2016-01-30,54,33,
2016-01-31,61,35,
2016-02-01,50,34,
2016-02-02,57,32,
2016-02-03,48,27,
2016-02-04,33,21,
2016-02-05,32,23,
2016-02-06,48,21,
2016-02-07,50,33,
2016-02-08,35,18,
2016-02-09,18,13,
2016-02-10,20,7,
2016-02-11,24,11,
2016-02-12,27,12,
2016-02-13,20,5,
2016-02-14,20,14,
2016-02-15,30,20,
2016-02-16,38,18,
2016-02-17,35,27,
2016-02-18,46,27,
2016-02-19,65,38,
2016-02-20,71,36,
2016-02-21,52,34,
2016-02-22,47,31,
2016-02-23,49,29,
2016-02-24,36,31,
2016-02-25,37,31,
2016-02-26,35,26,
2016-02-27,53,23,
2016-02-28,67,39,
2016-02-29,58,29,
2016-03-01,49,25,
2016-03-02,39,18,
2016-03-03,40,31,
2016-03-04,42,27,
2016-03-05,45,34,
2016-03-06,55,28,
2016-03-07,65,43,
2016-03-08,71,52,
2016-03-09,67,55,
2016-03-10,56,43,
2016-03-11,58,38,
2016-03-12,58,44,
2016-03-13,64,52,
2016-03-14,58,45,
2016-03-15,73,45,
2016-03-16,62,43,
2016-03-17,62,36,
2016-03-18,51,36,
2016-03-19,48,35,
2016-03-20,45,34,
2016-03-21,53,29,
2016-03-22,67,37,
2016-03-23,67,53,
2016-03-24,62,31,
2016-03-25,47,30,
2016-03-26,62,31,
2016-03-27,69,39,
2016-03-28,54,37,
2016-03-29,60,35,
2016-03-30,59,37,
2016-03-31,71,44,
2016-04-01,53,38,
2016-04-02,50,31,
2016-04-03,67,26,
2016-04-04,57,30,
2016-04-05,52,26,
2016-04-06,52,44,
2016-04-07,46,36,
2016-04-08,45,31,
2016-04-09,42,25,
2016-04-10,52,34,
2016-04-11,52,37,
2016-04-12,53,34,
2016-04-13,62,33,
2016-04-14,69,38,
2016-04-15,76,43,
2016-04-16,79,52,
2016-04-17,81,52,
2016-04-18,82,51,
2016-04-19,80,53,
2016-04-20,72,52,
2016-04-21,71,52,
2016-04-22,68,43,
2016-04-23,69,40,
2016-04-24,78,41,
2016-04-25,81,55,
2016-04-26,78,50,
2016-04-27,60,50,
2016-04-28,69,50,
2016-04-29,60,45,
2016-04-30,61,48,
2016-05-01,67,49,
2016-05-02,57,47,
2016-05-03,66,44,
2016-05-04,58,44,
2016-05-05,67,40,
2016-05-06,79,44,
2016-05-07,76,52,
2016-05-08,65,48,
2016-05-09,71,52,
2016-05-10,72,57,
2016-05-11,79,55,
2016-05-12,70,52,
2016-05-13,71,46,
2016-05-14,53,40,
2016-05-15,57,39,
2016-05-16,66,40,
2016-05-17,60,48,
2016-05-18,69,43,
2016-05-19,73,47,
2016-05-20,68,52,
2016-05-21,76,53,
2016-05-22,84,47,
2016-05-23,82,52,
2016-05-24,85,53,
2016-05-25,85,60,
2016-05-26,82,62,
2016-05-27,81,63,
2016-05-28,82,66,
2016-05-29,84,61,
2016-05-30,88,61,
2016-05-31,85,63,
2016-06-01,81,65,
2016-06-02,82,63,
2016-06-03,84,60,
2016-06-04,74,61,
2016-06-05,79,61,
2016-06-06,85,60,
2016-06-07,74,58,
2016-06-08,78,51,
2016-06-09,85,55,
2016-06-10,92,69,
2016-06-11,91,71,
2016-06-12,89,64,
2016-06-13,92,59,
2016-06-14,87,70,
2016-06-15,92,71,
2016-06-16,83,64,
2016-06-17,86,62,
2016-06-18,87,60,
2016-06-19,90,66,
2016-06-20,91,70,
2016-06-21,84,67,
2016-06-22,85,62,
2016-06-23,89,70,
2016-06-24,84,65,
2016-06-25,92,66,
2016-06-26,92,69,
2016-06-27,90,68,
2016-06-28,77,54,
2016-06-29,78,51,
2016-06-30,79,54,
2016-07-01,77,59,
2016-07-02,66,53,
2016-07-03,65,57,
2016-07-04,76,63,
2016-07-05,86,70,
2016-07-06,84,67,
2016-07-07,85,66,
2016-07-08,88,67,
2016-07-09,81,62,
2016-07-10,84,59,
2016-07-11,88,65,
2016-07-12,90,68,
2016-07-13,89,67,
2016-07-14,87,66,
2016-07-15,82,65,
2016-07-16,80,63,
2016-07-17,87,62,
2016-07-18,86,71,
2016-07-19,88,67,
2016-07-20,89,70,
2016-07-21,92,71,
2016-07-22,88,70,
2016-07-23,90,71,
2016-07-24,93,67,
2016-07-25,85,69,
2016-07-26,85,68,
2016-07-27,86,66,
2016-07-28,86,70,
2016-07-29,84,68,
2016-07-30,82,65,
2016-07-31,83,65,
2016-08-01,86,67,
2016-08-02,85,67,
2016-08-03,88,69,
2016-08-04,90,69,
2016-08-05,84,71,
2016-08-06,84,67,
2016-08-07,83,64,
2016-08-08,85,66,
2016-08-09,88,67,
2016-08-10,90,68,
2016-08-11,93,71,
2016-08-12,88,72,
2016-08-13,80,69,
2016-08-14,78,65,
2016-08-15,76,68,
2016-08-16,84,70,
2016-08-17,86,69,
2016-08-18,87,66,
2016-08-19,84,66,
2016-08-20,81,64,
2016-08-21,77,58,
2016-08-22,81,56,
2016-08-23,82,57,
2016-08-24,87,67,
2016-08-25,86,67,
2016-08-26,87,69,
2016-08-27,89,69,
2016-08-28,90,69,
2016-08-29,90,68,
2016-08-30,86,70,
2016-08-31,84,63,
2016-09-01,78,60,
2016-09-02,78,57,
2016-09-03,80,56,
2016-09-04,83,58,
2016-09-05,92,64,
2016-09-06,92,68,
2016-09-07,92,71,
2016-09-08,80,69,
2016-09-09,80,67,
2016-09-10,76,56,
2016-09-11,79,52,
2016-09-12,81,53,
2016-09-13,87,56,
2016-09-14,82,66,
2016-09-15,84,63,
2016-09-16,79,64,
2016-09-17,82,64,
2016-09-18,85,60,
2016-09-19,88,55,
2016-09-20,91,61,
2016-09-21,90,62,
2016-09-22,91,60,
2016-09-23,90,62,
2016-09-24,89,65,
2016-09-25,91,65,
2016-09-26,72,52,
2016-09-27,76,50,
2016-09-28,61,53,
2016-09-29,71,54,
2016-09-30,69,58,
2016-10-01,71,58,
2016-10-02,71,54,
2016-10-03,73,55,
2016-10-04,81,56,
2016-10-05,82,60,
2016-10-06,85,62,
2016-10-07,74,50,
2016-10-08,69,45,
2016-10-09,76,43,
2016-10-10,79,45,
2016-10-11,81,50,
2016-10-12,71,48,
2016-10-13,61,41,
2016-10-14,71,41,
2016-10-15,77,54,
2016-10-16,71,63,
2016-10-17,85,64,
2016-10-18,80,62,
2016-10-19,68,52,
2016-10-20,61,47,
2016-10-21,58,40,
2016-10-22,63,34,
2016-10-23,75,41,
2016-10-24,63,42,
2016-10-25,61,40,
2016-10-26,65,47,
2016-10-27,53,43,
2016-10-28,70,40,
2016-10-29,81,61,
2016-10-30,66,45,
2016-10-31,68,43,
2016-11-01,79,57,
2016-11-02,76,57,
2016-11-03,65,52,
2016-11-04,62,42,
2016-11-05,64,39,
2016-11-06,68,40,
2016-11-07,71,40,
2016-11-08,56,46,
2016-11-09,55,36,
2016-11-10,60,33,
2016-11-11,57,37,
2016-11-12,53,30,
2016-11-13,57,25,
2016-11-14,64,32,
2016-11-15,60,39,
2016-11-16,65,35,
2016-11-17,74,42,
2016-11-18,69,39,
2016-11-19,39,28,
2016-11-20,37,23,
2016-11-21,42,21,
2016-11-22,48,31,
2016-11-23,47,38,
2016-11-24,42,37,
2016-11-25,40,37,
2016-11-26,49,31,
2016-11-27,43,29,
2016-11-28,50,41,
2016-11-29,59,42,
2016-11-30,46,30,
2016-12-01,39,35,
2016-12-02,40,35,
2016-12-03,38,30,
2016-12-04,34,31,
2016-12-05,39,31,
2016-12-06,38,29,
2016-12-07,36,23,
2016-12-08,23,18,
2016-12-09,27,20,
2016-12-10,28,20,
2016-12-11,36,25,
2016-12-12,35,22,
2016-12-13,29,10,
2016-12-14,26,4,
2016-12-15,17,5,
2016-12-16,27,14,
2016-12-17,31,17,
2016-12-18,17,-2,
2016-12-19,20,-4,
2016-12-20,34,10,
2016-12-21,43,16,
2016-12-22,43,28,
2016-12-23,36,27,
2016-12-24,45,35,
2016-12-25,47,34,
2016-12-26,58,32,
2016-12-27,39,25,
2016-12-28,45,24,
2016-12-29,41,31,
2016-12-30,38,25,
2016-12-31,48,23,
2017-01-01,43,19,
2017-01-02,47,33,
2017-01-03,45,21,
2017-01-04,22,13,
2017-01-05,15,7,
2017-01-06,11,-2,
2017-01-07,20,-3,
2017-01-08,19,1,
2017-01-09,36,18,
2017-01-10,53,29,
2017-01-11,59,25,
2017-01-12,46,23,
2017-01-13,31,20,
2017-01-14,31,28,
2017-01-15,34,28,
2017-01-16,52,32,
2017-01-17,54,35,
2017-01-18,41,32,
2017-01-19,43,31,
2017-01-20,51,42,
2017-01-21,64,41,
2017-01-22,53,40,
2017-01-23,40,37,
2017-01-24,41,34,
2017-01-25,51,34,
2017-01-26,34,30,
2017-01-27,30,22,
2017-01-28,37,22,
2017-01-29,29,22,
2017-01-30,42,11,
2017-01-31,44,34,
2017-02-01,42,26,
2017-02-02,30,18,
2017-02-03,31,15,
2017-02-04,37,11,
2017-02-05,46,26,
2017-02-06,47,25,
2017-02-07,62,32,
2017-02-08,33,16,
2017-02-09,20,9,
2017-02-10,50,13,
2017-02-11,67,39,
2017-02-12,52,33,
2017-02-13,46,24,
2017-02-14,53,31,
2017-02-15,43,27,
2017-02-16,52,24,
2017-02-17,70,37,
2017-02-18,70,40,
2017-02-19,68,44,
2017-02-20,71,43,
2017-02-21,62,48,
2017-02-22,70,43,
2017-02-23,60,44,
2017-02-24,68,37,
2017-02-25,37,23,
2017-02-26,49,16,
2017-02-27,59,31,
2017-02-28,63,45,
2017-03-01,63,32,
2017-03-02,40,28,
2017-03-03,38,21,
2017-03-04,55,29,
2017-03-05,64,31,
2017-03-06,61,50,
2017-03-07,63,40,
2017-03-08,59,33,
2017-03-09,57,33,
2017-03-10,39,27,
2017-03-11,34,23,
2017-03-12,38,19,
2017-03-13,32,24,
2017-03-14,28,18,
2017-03-15,30,14,
2017-03-16,46,15,
2017-03-17,54,34,
2017-03-18,42,35,
2017-03-19,56,27,
2017-03-20,70,43,
2017-03-21,54,33,
2017-03-22,43,26,
2017-03-23,49,29,
2017-03-24,77,47,
2017-03-25,69,55,
2017-03-26,63,48,
2017-03-27,63,43,
2017-03-28,57,42,
2017-03-29,60,43,
2017-03-30,67,48,
2017-03-31,51,39,
2017-04-01,57,36,
2017-04-02,65,41,
2017-04-03,67,51,
2017-04-04,57,48,
2017-04-05,53,39,
2017-04-06,52,38,
2017-04-07,56,33,
2017-04-08,69,33,
2017-04-09,76,46,
2017-04-10,70,56,
2017-04-11,57,43,
2017-04-12,68,37,
2017-04-13,80,46,
2017-04-14,83,51,
2017-04-15,80,59,
2017-04-16,70,56,
2017-04-17,71,50,
2017-04-18,76,46,
2017-04-19,81,60,
2017-04-20,80,51,
2017-04-21,58,44,
2017-04-22,63,42,
2017-04-23,71,40,
2017-04-24,77,45,
2017-04-25,79,48,
2017-04-26,78,58,
2017-04-27,58,44,
2017-04-28,55,45,
2017-04-29,59,47,
2017-04-30,67,54,
2017-05-01,62,44,
2017-05-02,59,42,
2017-05-03,51,38,
2017-05-04,47,44,
2017-05-05,63,41,
2017-05-06,61,43,
2017-05-07,65,38,
2017-05-08,66,40,
2017-05-09,81,49,
2017-05-10,82,54,
2017-05-11,63,54,
2017-05-12,72,49,
2017-05-13,79,48,
2017-05-14,83,57,
2017-05-15,86,56,
2017-05-16,84,59,
2017-05-17,82,67,
2017-05-18,87,60,
2017-05-19,60,50,
2017-05-20,79,52,
2017-05-21,66,46,
2017-05-22,73,45,
2017-05-23,70,56,
2017-05-24,61,55,
2017-05-25,67,53,
2017-05-26,80,52,
2017-05-27,75,59,
2017-05-28,80,61,
2017-05-29,81,57,
2017-05-30,77,53,
2017-05-31,78,54,
2017-06-01,82,50,
2017-06-02,86,53,
2017-06-03,90,61,
2017-06-04,89,69,
2017-06-05,91,60,
2017-06-06,79,53,
2017-06-07,78,56,
2017-06-08,82,51,
2017-06-09,86,58,
2017-06-10,87,64,
2017-06-11,90,65,
2017-06-12,93,67,
2017-06-13,94,68,
2017-06-14,93,68,
2017-06-15,88,66,
2017-06-16,88,66,
2017-06-17,87,70,
2017-06-18,81,64,
2017-06-19,81,59,
2017-06-20,86,56,
2017-06-21,86,63,
2017-06-22,86,69,
2017-06-23,81,63,
2017-06-24,76,56,
2017-06-25,76,54,
2017-06-26,72,51,
2017-06-27,76,49,
2017-06-28,84,53,
2017-06-29,89,70,
2017-06-30,84,68,
2017-07-01,84,66,
2017-07-02,88,61,
2017-07-03,89,67,
2017-07-04,89,67,
2017-07-05,86,70,
2017-07-06,89,70,
2017-07-07,92,69,
2017-07-08,83,64,
2017-07-09,88,59,
2017-07-10,90,68,
2017-07-11,85,69,
2017-07-12,91,69,
2017-07-13,85,74,
2017-07-14,81,65,
2017-07-15,80,59,
2017-07-16,88,60,
2017-07-17,86,63,
2017-07-18,88,62,
2017-07-19,91,71,
2017-07-20,92,70,
2017-07-21,94,72,
2017-07-22,90,70,
2017-07-23,90,68,
2017-07-24,81,64,
2017-07-25,84,61,
2017-07-26,89,63,
2017-07-27,83,69,
2017-07-28,83,65,
2017-07-29,79,60,
2017-07-30,84,60,
2017-07-31,85,64,
2017-08-01,87,66,
2017-08-02,86,62,
2017-08-03,88,64,
2017-08-04,71,55,
2017-08-05,78,52,
2017-08-06,72,61,
2017-08-07,77,62,
2017-08-08,82,57,
2017-08-09,83,55,
2017-08-10,87,59,
2017-08-11,84,64,
2017-08-12,79,60,
2017-08-13,81,56,
2017-08-14,85,60,
2017-08-15,89,65,
2017-08-16,86,66,
2017-08-17,86,67,
2017-08-18,85,63,
2017-08-19,87,63,
2017-08-20,92,64,
2017-08-21,89,69,
2017-08-22,81,62,
2017-08-23,79,57,
2017-08-24,79,53,
2017-08-25,78,53,
2017-08-26,81,56,
2017-08-27,83,56,
2017-08-28,84,60,
2017-08-29,81,58,
2017-08-30,80,61,
2017-08-31,78,60,
2017-09-01,71,54,
2017-09-02,75,49,
2017-09-03,83,57,
2017-09-04,90,54,
2017-09-05,72,53,
2017-09-06,67,48,
2017-09-07,72,45,
2017-09-08,81,46,
2017-09-09,80,53,
2017-09-10,76,47,
2017-09-11,74,48,
2017-09-12,79,56,
2017-09-13,71,62,
2017-09-14,81,61,
2017-09-15,90,57,
2017-09-16,90,60,
2017-09-17,90,63,
2017-09-18,85,67,
2017-09-19,82,65,
2017-09-20,95,63,
2017-09-21,95,68,
2017-09-22,95,67,
2017-09-23,94,67,
2017-09-24,93,64,
2017-09-25,91,62,
2017-09-26,93,64,
2017-09-27,75,57,
2017-09-28,73,51,
2017-09-29,78,47,
2017-09-30,72,49,
2017-10-01,77,44,
2017-10-02,85,58,
2017-10-03,79,61,
2017-10-04,76,66,
2017-10-05,74,60,
2017-10-06,71,65,
2017-10-07,85,59,
2017-10-08,79,51,
2017-10-09,84,57,
2017-10-10,77,58,
2017-10-11,58,54,
2017-10-12,63,48,
2017-10-13,78,47,
2017-10-14,85,57,
2017-10-15,73,48,
2017-10-16,65,39,
2017-10-17,70,39,
2017-10-18,71,40,
2017-10-19,78,46,
2017-10-20,79,49,
2017-10-21,76,48,
2017-10-22,71,52,
2017-10-23,53,48,
2017-10-24,48,40,
2017-10-25,52,35,
2017-10-26,64,33,
2017-10-27,52,37,
2017-10-28,39,34,
2017-10-29,48,31,
2017-10-30,51,32,
2017-10-31,42,30,
2017-11-01,54,35,
2017-11-02,64,49,
2017-11-03,56,41,
2017-11-04,61,42,
2017-11-05,70,48,
2017-11-06,49,37,
2017-11-07,50,39,
2017-11-08,50,32,
2017-11-09,52,26,
2017-11-10,37,20,
2017-11-11,45,24,
2017-11-12,40,36,
2017-11-13,45,32,
2017-11-14,52,29,
2017-11-15,56,32,
2017-11-16,34,28,
2017-11-17,52,27,
2017-11-18,61,34,
2017-11-19,36,27,
2017-11-20,52,28,
2017-11-21,52,28,
2017-11-22,37,22,
2017-11-23,49,28,
2017-11-24,60,27,
2017-11-25,57,33,
2017-11-26,54,26,
2017-11-27,64,32,
2017-11-28,67,41,
2017-11-29,52,37,
2017-11-30,54,32,
2017-12-01,53,28,
2017-12-02,58,30,
2017-12-03,60,28,
2017-12-04,64,47,
2017-12-05,49,26,
2017-12-06,41,26,
2017-12-07,30,17,
2017-12-08,36,13,
2017-12-09,32,19,
2017-12-10,41,16,
2017-12-11,52,19,
2017-12-12,33,20,
2017-12-13,44,21,
2017-12-14,32,21,
2017-12-15,36,19,
2017-12-16,53,29,
2017-12-17,50,31,
2017-12-18,49,36,
2017-12-19,49,34,
2017-12-20,46,30,
2017-12-21,47,27,
2017-12-22,48,36,
2017-12-23,37,24,
2017-12-24,24,17,
2017-12-25,19,8,
2017-12-26,11,1,
2017-12-27,6,-4,
2017-12-28,17,1,
2017-12-29,17,13,
2017-12-30,17,-1,
2017-12-31,3,-5,
2018-01-01,-3,-15,
2018-01-02,8,-14,
2018-01-03,19,0,
2018-01-04,8,-4,
2018-01-05,8,-4,
2018-01-06,12,-6,
2018-01-07,33,4,
2018-01-08,33,28,
2018-01-09,32,27,
2018-01-10,54,32,
2018-01-11,59,17,
2018-01-12,23,14,
2018-01-13,20,7,
2018-01-14,24,2,
2018-01-15,25,-1,
2018-01-16,7,-5,
2018-01-17,17,-2,
2018-01-18,32,12,
2018-01-19,39,20,
2018-01-20,41,28,
2018-01-21,51,37,
2018-01-22,55,36,
2018-01-23,37,28,
2018-01-24,29,22,
2018-01-25,49,23,
2018-01-26,53,30,
2018-01-27,53,28,
2018-01-28,51,26,
2018-01-29,30,19,
2018-01-30,33,13,
2018-01-31,46,29,
2018-02-01,36,11,
2018-02-02,23,5,
2018-02-03,40,22,
2018-02-04,36,6,
2018-02-05,20,-7,
2018-02-06,17,5,
2018-02-07,22,9,
2018-02-08,30,5,
2018-02-09,48,27,
2018-02-10,27,20,
2018-02-11,25,14,
2018-02-12,31,10,
2018-02-13,42,18,
2018-02-14,51,30,
2018-02-15,62,41,
2018-02-16,41,23,
2018-02-17,35,21,
2018-02-18,47,20,
2018-02-19,62,42,
2018-02-20,65,34,
2018-02-21,34,30,
2018-02-22,45,31,
2018-02-23,46,36,
2018-02-24,55,36,
2018-02-25,48,29,
2018-02-26,56,27,
2018-02-27,63,32,
2018-02-28,56,44,
2018-03-01,51,33,
2018-03-02,48,31,
2018-03-03,52,28,
2018-03-04,54,29,
2018-03-05,41,32,
2018-03-06,47,27,
2018-03-07,39,26,
2018-03-08,35,21,
2018-03-09,42,21,
2018-03-10,46,28,
2018-03-11,41,29,
2018-03-12,45,27,
2018-03-13,40,23,
2018-03-14,49,19,
2018-03-15,56,31,
2018-03-16,47,25,
2018-03-17,38,30,
2018-03-18,53,26,
2018-03-19,57,37,
2018-03-20,40,28,
2018-03-21,46,26,
2018-03-22,52,23,
2018-03-23,51,31,
2018-03-24,39,29,
2018-03-25,40,23,
2018-03-26,50,28,
2018-03-27,55,39,
2018-03-28,52,39,
2018-03-29,49,38,
2018-03-30,52,34,
2018-03-31,54,32,
2018-04-01,36,23,
2018-04-02,41,14,
2018-04-03,66,34,
2018-04-04,34,26,
2018-04-05,50,23,
2018-04-06,43,26,
2018-04-07,39,21,
2018-04-08,42,24,
2018-04-09,40,30,
2018-04-10,45,28,
2018-04-11,67,31,
2018-04-12,77,52,
2018-04-13,72,56,
2018-04-14,66,50,
2018-04-15,50,32,
2018-04-16,34,27,
2018-04-17,49,28,
2018-04-18,56,32,
2018-04-19,55,33,
2018-04-20,62,30,
2018-04-21,64,41,
2018-04-22,68,46,
2018-04-23,64,45,
2018-04-24,63,48,
2018-04-25,63,41,
2018-04-26,67,35,
2018-04-27,70,42,
2018-04-28,58,37,
2018-04-29,64,31,
2018-04-30,76,36,
2018-05-01,83,45,
2018-05-02,86,63,
2018-05-03,74,61,
2018-05-04,72,54,
2018-05-05,80,50,
2018-05-06,80,53,
2018-05-07,76,50,
2018-05-08,80,51,
2018-05-09,82,53,
2018-05-10,81,55,
2018-05-11,85,59,
2018-05-12,76,58,
2018-05-13,85,58,
2018-05-14,90,63,
2018-05-15,77,57,
2018-05-16,83,57,
2018-05-17,84,60,
2018-05-18,77,62,
2018-05-19,85,63,
2018-05-20,80,58,
2018-05-21,77,58,
2018-05-22,83,61,
2018-05-23,85,55,
2018-05-24,87,60,
2018-05-25,91,60,
2018-05-26,89,68,
2018-05-27,94,67,
2018-05-28,96,66,
2018-05-29,87,69,
2018-05-30,82,70,
2018-05-31,90,67,
2018-06-01,90,61,
2018-06-02,85,55,
2018-06-03,82,61,
2018-06-04,79,56,
2018-06-05,87,56,
2018-06-06,83,53,
2018-06-07,91,64,
2018-06-08,87,67,
2018-06-09,81,66,
2018-06-10,79,64,
2018-06-11,77,65,
2018-06-12,84,66,
2018-06-13,83,63,
2018-06-14,82,60,
2018-06-15,91,65,
2018-06-16,92,70,
2018-06-17,92,71,
2018-06-18,92,74,
2018-06-19,89,70,
2018-06-20,87,70,
2018-06-21,81,64,
2018-06-22,76,64,
2018-06-23,73,63,
2018-06-24,82,61,
2018-06-25,83,62,
2018-06-26,83,68,
2018-06-27,84,65,
2018-06-28,86,66,
2018-06-29,91,68,
2018-06-30,91,72,
2018-07-01,91,70,
2018-07-02,87,70,
2018-07-03,92,70,
2018-07-04,92,71,
2018-07-05,91,71,
2018-07-06,80,61,
2018-07-07,81,58,
2018-07-08,85,58,
2018-07-09,89,65,
2018-07-10,91,70,
2018-07-11,86,66,
2018-07-12,86,64,
2018-07-13,89,63,
2018-07-14,83,67,
2018-07-15,84,70,
2018-07-16,89,71,
2018-07-17,85,66,
2018-07-18,81,62,
2018-07-19,85,60,
2018-07-20,82,68,
2018-07-21,80,66,
2018-07-22,80,66,
2018-07-23,83,63,
2018-07-24,86,64,
2018-07-25,84,66,
2018-07-26,83,63,
2018-07-27,79,58,
2018-07-28,80,57,
2018-07-29,67,59,
2018-07-30,76,62,
2018-07-31,74,61,
2018-08-01,82,59,
2018-08-02,86,60,
2018-08-03,88,65,
2018-08-04,90,67,
2018-08-05,91,67,
2018-08-06,91,69,
2018-08-07,80,67,
2018-08-08,85,68,
2018-08-09,88,63,
2018-08-10,89,68,
2018-08-11,86,67,
2018-08-12,88,63,
2018-08-13,88,65,
2018-08-14,87,61,
2018-08-15,78,69,
2018-08-16,87,69,
2018-08-17,83,68,
2018-08-18,83,67,
2018-08-19,87,66,
2018-08-20,86,68,
2018-08-21,76,66,
2018-08-22,78,59,
2018-08-23,80,56,
2018-08-24,72,59,
2018-08-25,87,62,
2018-08-26,92,73,
2018-08-27,92,72,
2018-08-28,93,72,
2018-08-29,79,68,
2018-08-30,80,63,
2018-08-31,89,60,
2018-09-01,88,68,
2018-09-02,91,68,
2018-09-03,93,70,
2018-09-04,95,68,
2018-09-05,95,68,
2018-09-06,83,69,
2018-09-07,71,63,
2018-09-08,64,59,
2018-09-09,71,57,
2018-09-10,81,56,
2018-09-11,82,56,
2018-09-12,82,53,
2018-09-13,85,56,
2018-09-14,90,61,
2018-09-15,89,64,
2018-09-16,91,67,
2018-09-17,94,67,
2018-09-18,92,66,
2018-09-19,93,66,
2018-09-20,94,67,
2018-09-21,81,59,
2018-09-22,68,51,
2018-09-23,79,49,
2018-09-24,74,59,
2018-09-25,85,63,
2018-09-26,70,52,
2018-09-27,71,49,
2018-09-28,75,48,
2018-09-29,58,47,
2018-09-30,85,53,
2018-10-01,84,55,
2018-10-02,81,65,
2018-10-03,88,64,
2018-10-04,77,53,
2018-10-05,82,52,
2018-10-06,87,60,
2018-10-07,84,58,
2018-10-08,88,63,
2018-10-09,86,66,
2018-10-10,75,51,
2018-10-11,55,39,
2018-10-12,41,34,
2018-10-13,52,34,
2018-10-14,62,40,
2018-10-15,50,32,
2018-10-16,58,28,
2018-10-17,54,38,
2018-10-18,61,30,
2018-10-19,56,35,
2018-10-20,59,29,
2018-10-21,54,25,
2018-10-22,68,36,
2018-10-23,58,35,
2018-10-24,56,31,
2018-10-25,60,38,
2018-10-26,48,43,
2018-10-27,58,38,
2018-10-28,60,38,
2018-10-29,62,34,
2018-10-30,75,42,
2018-10-31,65,50,
2018-11-01,50,41,
2018-11-02,51,35,
2018-11-03,55,35,
2018-11-04,53,44,
2018-11-05,53,42,
2018-11-06,54,37,
2018-11-07,45,32,
2018-11-08,45,30,
2018-11-09,36,20,
2018-11-10,33,17,
2018-11-11,44,21,
2018-11-12,36,26,
2018-11-13,28,17,
2018-11-14,31,15,
2018-11-15,32,22,
2018-11-16,39,23,
2018-11-17,38,30,
2018-11-18,38,34,
2018-11-19,40,31,
2018-11-20,38,26,
2018-11-21,44,26,
2018-11-22,52,27,
2018-11-23,50,32,
2018-11-24,57,38,
2018-11-25,54,38,
2018-11-26,42,22,
2018-11-27,23,14,
2018-11-28,31,15,
2018-11-29,43,26,
2018-11-30,49,29,
2018-12-01,58,37,
2018-12-02,49,36,
2018-12-03,36,30,
2018-12-04,31,27,
2018-12-05,35,25,
2018-12-06,34,18,
2018-12-07,29,11,
2018-12-08,28,14,
2018-12-09,33,16,
2018-12-10,29,13,
2018-12-11,41,19,
2018-12-12,46,28,
2018-12-13,44,26,
2018-12-14,45,37,
2018-12-15,43,34,
2018-12-16,52,27,
2018-12-17,43,28,
2018-12-18,45,24,
2018-12-19,50,30,
2018-12-20,50,37,
2018-12-21,37,30,
2018-12-22,44,28,
2018-12-23,41,26,
2018-12-24,42,20,
2018-12-25,49,28,
2018-12-26,47,27,
2018-12-27,52,38,
2018-12-28,51,27,
2018-12-29,29,22,
2018-12-30,37,18,
2018-12-31,47,34,
2019-01-01,36,31,
2019-01-02,32,27,
2019-01-03,40,23,
2019-01-04,42,24,
2019-01-05,53,32,
2019-01-06,49,33,
2019-01-07,57,44,
2019-01-08,50,30,
2019-01-09,30,18,
2019-01-10,29,15,
2019-01-11,30,17,
2019-01-12,31,27,
2019-01-13,28,18,
2019-01-14,27,15,
2019-01-15,31,25,
2019-01-16,33,31,
2019-01-17,36,30,
2019-01-18,33,29,
2019-01-19,32,15,
2019-01-20,16,4,
2019-01-21,20,3,
2019-01-22,37,16,
2019-01-23,41,18,
2019-01-24,24,6,
2019-01-25,22,-1,
2019-01-26,28,-1,
2019-01-27,20,4,
2019-01-28,36,9,
2019-01-29,15,-2,
2019-01-30,-2,-17,
2019-01-31,12,-9,
2019-02-01,28,12,
2019-02-02,45,16,
2019-02-03,56,35,
2019-02-04,54,29,
2019-02-05,35,25,
2019-02-06,37,34,
2019-02-07,53,14,
2019-02-08,19,10,
2019-02-09,28,7,
2019-02-10,32,21,
2019-02-11,34,30,
2019-02-12,36,22,
2019-02-13,34,16,
2019-02-14,52,30,
2019-02-15,30,15,
2019-02-16,33,15,
2019-02-17,30,24,
2019-02-18,29,22,
2019-02-19,35,20,
2019-02-20,40,30,
2019-02-21,40,28,
2019-02-22,43,27,
2019-02-23,54,35,
2019-02-24,50,18,
2019-02-25,31,13,
2019-02-26,40,23,
2019-02-27,35,20,
2019-02-28,31,17,
2019-03-01,42,22,
2019-03-02,33,28,
2019-03-03,28,4,
2019-03-04,11,-3,
2019-03-05,21,6,
2019-03-06,30,5,
2019-03-07,30,20,
2019-03-08,40,27,
2019-03-09,50,33,
2019-03-10,43,31,
2019-03-11,47,28,
2019-03-12,49,26,
2019-03-13,61,38,
2019-03-14,70,41,
2019-03-15,44,32,
2019-03-16,47,27,
2019-03-17,46,30,
2019-03-18,47,28,
2019-03-19,53,26,
2019-03-20,51,37,
2019-03-21,45,34,
2019-03-22,52,30,
2019-03-23,55,26,
2019-03-24,55,42,
2019-03-25,51,30,
2019-03-26,50,27,
2019-03-27,60,27,
2019-03-28,69,43,
2019-03-29,55,49,
2019-03-30,55,33,
2019-03-31,40,26,
2019-04-01,48,25,
2019-04-02,58,35,
2019-04-03,57,30,
2019-04-04,58,45,
2019-04-05,59,44,
2019-04-06,70,41,
2019-04-07,72,50,
2019-04-08,74,55,
2019-04-09,70,52,
2019-04-10,59,41,
2019-04-11,76,44,
2019-04-12,58,40,
2019-04-13,55,35,
2019-04-14,43,33,
2019-04-15,54,30,
2019-04-16,76,43,
2019-04-17,78,52,
2019-04-18,63,43,
2019-04-19,51,40,
2019-04-20,66,39,
2019-04-21,76,36,
2019-04-22,79,48,
2019-04-23,63,48,
2019-04-24,59,46,
2019-04-25,57,52,
2019-04-26,65,46,
2019-04-27,53,37,
2019-04-28,58,36,
2019-04-29,62,46,
2019-04-30,65,50,
2019-05-01,71,57,
2019-05-02,66,49,
2019-05-03,57,47,
2019-05-04,64,46,
2019-05-05,71,42,
2019-05-06,78,47,
2019-05-07,72,49,
2019-05-08,82,51,
2019-05-09,68,47,
2019-05-10,59,45,
2019-05-11,53,40,
2019-05-12,48,43,
2019-05-13,65,43,
2019-05-14,69,41,
2019-05-15,76,54,
2019-05-16,83,56,
2019-05-17,82,63,
2019-05-18,86,60,
2019-05-19,76,58,
2019-05-20,60,49,
2019-05-21,59,45,
2019-05-22,81,56,
2019-05-23,80,64,
2019-05-24,87,63,
2019-05-25,85,70,
2019-05-26,78,63,
2019-05-27,85,60,
2019-05-28,85,60,
2019-05-29,80,60,
2019-05-30,79,61,
2019-05-31,79,61,
2019-06-01,84,62,
2019-06-02,75,55,
2019-06-03,80,52,
2019-06-04,83,61,
2019-06-05,87,69,
2019-06-06,88,67,
2019-06-07,85,66,
2019-06-08,83,64,
2019-06-09,81,67,
2019-06-10,78,56,
2019-06-11,83,51,
2019-06-12,75,56,
2019-06-13,70,50,
2019-06-14,78,46,
2019-06-15,73,61,
2019-06-16,82,63,
2019-06-17,72,59,
2019-06-18,82,63,
2019-06-19,80,62,
2019-06-20,75,58,
2019-06-21,76,57,
2019-06-22,79,64,
2019-06-23,83,67,
2019-06-24,80,63,
2019-06-25,84,61,
2019-06-26,90,65,
2019-06-27,89,66,
2019-06-28,90,66,
2019-06-29,91,68,
2019-06-30,94,68,
2019-07-01,91,70,
2019-07-02,92,72,
2019-07-03,90,68,
2019-07-04,90,67,
2019-07-05,86,69,
2019-07-06,91,70,
2019-07-07,83,66,
2019-07-08,86,66,
2019-07-09,89,65,
2019-07-10,93,72,
2019-07-11,86,68,
2019-07-12,85,61,
2019-07-13,89,64,
2019-07-14,92,70,
2019-07-15,87,68,
2019-07-16,85,71,
2019-07-17,89,72,
2019-07-18,94,71,
2019-07-19,94,77,
2019-07-20,94,75,
2019-07-21,91,71,
2019-07-22,79,62,
2019-07-23,83,60,
2019-07-24,82,59,
2019-07-25,83,57,
2019-07-26,85,61,
2019-07-27,88,62,
2019-07-28,89,67,
2019-07-29,82,69,
2019-07-30,86,65,
2019-07-31,79,62,
2019-08-01,83,60,
2019-08-02,85,63,
2019-08-03,86,64,
2019-08-04,89,60,
2019-08-05,90,66,
2019-08-06,87,67,
2019-08-07,87,63,
2019-08-08,89,65,
2019-08-09,83,64,
2019-08-10,84,60,
2019-08-11,80,60,
2019-08-12,84,70,
2019-08-13,85,70,
2019-08-14,86,66,
2019-08-15,83,62,
2019-08-16,85,62,
2019-08-17,82,68,
2019-08-18,88,69,
2019-08-19,91,68,
2019-08-20,81,66,
2019-08-21,84,65,
2019-08-22,83,65,
2019-08-23,81,60,
2019-08-24,78,57,
2019-08-25,80,57,
2019-08-26,82,66,
2019-08-27,83,61,
2019-08-28,78,56,
2019-08-29,81,53,
2019-08-30,76,65,
2019-08-31,77,61,
2019-09-01,81,63,
2019-09-02,80,61,
2019-09-03,87,59,
2019-09-04,77,60,
2019-09-05,76,54,
2019-09-06,79,59,
2019-09-07,79,55,
2019-09-08,74,62,
2019-09-09,86,62,
2019-09-10,90,64,
2019-09-11,89,70,
2019-09-12,92,67,
2019-09-13,83,59,
2019-09-14,84,53,
2019-09-15,83,58,
2019-09-16,87,64,
2019-09-17,85,64,
2019-09-18,87,60,
2019-09-19,89,59,
2019-09-20,92,65,
2019-09-21,85,69,
2019-09-22,84,69,
2019-09-23,76,56,
2019-09-24,79,51,
2019-09-25,81,59,
2019-09-26,75,53,
2019-09-27,87,51,
2019-09-28,84,64,
2019-09-29,85,66,
2019-09-30,90,65,
2019-10-01,91,66,
2019-10-02,85,66,
2019-10-03,72,51,
2019-10-04,67,46,
2019-10-05,74,46,
2019-10-06,71,56,
2019-10-07,72,48,
2019-10-08,75,43,
2019-10-09,76,44,
2019-10-10,73,54,
2019-10-11,67,35,
2019-10-12,57,32,
2019-10-13,65,40,
2019-10-14,62,35,
2019-10-15,66,39,
2019-10-16,52,39,
2019-10-17,58,37,
2019-10-18,64,36,
2019-10-19,71,39,
2019-10-20,68,52,
2019-10-21,69,49,
2019-10-22,58,39,
2019-10-23,70,34,
2019-10-24,55,42,
2019-10-25,54,44,
2019-10-26,53,43,
2019-10-27,65,41,
2019-10-28,52,40,
2019-10-29,51,37,
2019-10-30,42,37,
2019-10-31,41,24,
2019-11-01,49,22,
2019-11-02,50,29,
2019-11-03,55,26,
2019-11-04,52,38,
2019-11-05,49,30,
2019-11-06,55,31,
2019-11-07,40,22,
2019-11-08,33,17,
2019-11-09,52,25,
2019-11-10,57,32,
2019-11-11,39,12,
2019-11-12,18,0,
2019-11-13,28,1,
2019-11-14,36,19,
2019-11-15,44,17,
2019-11-16,45,28,
2019-11-17,44,25,
2019-11-18,40,31,
2019-11-19,40,30,
2019-11-20,51,28,
2019-11-21,58,39,
2019-11-22,40,29,
2019-11-23,40,29,
2019-11-24,53,30,
2019-11-25,60,31,
2019-11-26,55,32,
2019-11-27,55,33,
2019-11-28,36,32,
2019-11-29,40,34,
2019-11-30,49,37,
2019-12-01,46,31,
2019-12-02,34,29,
2019-12-03,40,28,
2019-12-04,49,32,
2019-12-05,54,25,
2019-12-06,46,26,
2019-12-07,44,20,
2019-12-08,52,26,
2019-12-09,50,21,
2019-12-10,27,16,
2019-12-11,33,17,
2019-12-12,44,21,
2019-12-13,47,28,
2019-12-14,37,24,
2019-12-15,25,17,
2019-12-16,30,25,
2019-12-17,28,17,
2019-12-18,24,5,
2019-12-19,35,4,
2019-12-20,39,17,
2019-12-21,44,22,
2019-12-22,51,23,
2019-12-23,56,28,
2019-12-24,56,27,
2019-12-25,63,33,
2019-12-26,64,44,
2019-12-27,46,33,
2019-12-28,56,32,
2019-12-29,59,40,
2019-12-30,40,31,
2019-12-31,34,30,
2020-01-01,48,25,
2020-01-02,51,33,
2020-01-03,42,34,
2020-01-04,34,24,
2020-01-05,48,22,
2020-01-06,44,23,
2020-01-07,44,24,
2020-01-08,31,20,
2020-01-09,51,24,
2020-01-10,58,44,
2020-01-11,57,27,
2020-01-12,33,25,
2020-01-13,37,30,
2020-01-14,42,30,
2020-01-15,45,29,
2020-01-16,29,17,
2020-01-17,31,18,
2020-01-18,41,10,
2020-01-19,12,4,
2020-01-20,24,11,
2020-01-21,33,13,
2020-01-22,33,22,
2020-01-23,36,30,
2020-01-24,37,32,
2020-01-25,32,31,
2020-01-26,39,26,
2020-01-27,30,27,
2020-01-28,31,28,
2020-01-29,33,29,
2020-01-30,36,30,
2020-01-31,39,30,
2020-02-01,38,32,
2020-02-02,61,33,
2020-02-03,66,33,
2020-02-04,51,31,
2020-02-05,32,25,
2020-02-06,28,24,
2020-02-07,35,24,
2020-02-08,33,24,
2020-02-09,38,20,
2020-02-10,35,27,
2020-02-11,40,28,
2020-02-12,35,26,
2020-02-13,31,1,
2020-02-14,11,-5,
2020-02-15,36,1,
2020-02-16,42,22,
2020-02-17,43,30,
2020-02-18,44,28,
2020-02-19,35,21,
2020-02-20,26,16,
2020-02-21,36,11,
2020-02-22,49,21,
2020-02-23,57,29,
2020-02-24,45,34,
2020-02-25,39,32,
2020-02-26,33,26,
2020-02-27,38,19,
2020-02-28,29,22,
2020-02-29,39,14,
2020-03-01,60,27,
2020-03-02,52,39,
2020-03-03,55,32,
2020-03-04,52,30,
2020-03-05,58,29,
2020-03-06,42,27,
2020-03-07,53,21,
2020-03-08,66,30,
2020-03-09,61,46,
2020-03-10,56,39,
2020-03-11,43,39,
2020-03-12,55,40,
2020-03-13,50,33,
2020-03-14,43,31,
2020-03-15,43,30,
2020-03-16,42,32,
2020-03-17,50,37,
2020-03-18,47,38,
2020-03-19,64,43,
2020-03-20,65,31,
2020-03-21,33,28,
2020-03-22,33,27,
2020-03-23,NA,NA,
2020-03-24,NA,NA,
2020-03-25,NA,NA,
2020-03-26,NA,NA,
2020-03-27,NA,NA,
2020-03-28,NA,NA,
2020-03-29,NA,NA,
2020-03-30,NA,NA,
2020-03-31,NA,NA,
2020-04-01,57,35,
2020-04-02,64,36,
2020-04-03,70,47,
2020-04-04,47,38,
2020-04-05,60,34,
2020-04-06,68,40,
2020-04-07,80,57,
2020-04-08,82,47,
2020-04-09,52,34,
2020-04-10,54,29,
2020-04-11,65,41,
2020-04-12,63,44,
2020-04-13,53,31,
2020-04-14,46,25,
2020-04-15,44,24,
2020-04-16,43,24,
2020-04-17,43,31,
2020-04-18,57,29,
2020-04-19,66,40,
2020-04-20,65,36,
2020-04-21,57,36,
2020-04-22,75,33,
2020-04-23,60,47,
2020-04-24,66,46,
2020-04-25,59,44,
2020-04-26,64,41,
2020-04-27,67,37,
2020-04-28,77,52,
2020-04-29,58,46,
2020-04-30,59,43,
2020-05-01,68,40,
2020-05-02,82,55,
2020-05-03,67,50,
2020-05-04,59,45,
2020-05-05,49,40,
2020-05-06,61,38,
2020-05-07,67,45,
2020-05-08,52,34,
2020-05-09,58,30,
2020-05-10,55,40,
2020-05-11,51,38,
2020-05-12,63,35,
2020-05-13,57,40,
2020-05-14,76,52,
2020-05-15,73,59,
2020-05-16,81,56,
2020-05-17,70,56,
2020-05-18,68,54,
2020-05-19,70,54,
2020-05-20,63,55,
2020-05-21,62,51,
2020-05-22,75,51,
2020-05-23,83,60,
2020-05-24,87,65,
2020-05-25,86,64,
2020-05-26,86,66,
2020-05-27,82,64,
2020-05-28,83,62,
2020-05-29,78,58,
2020-05-30,75,53,
2020-05-31,75,52,
2020-06-01,79,52,
2020-06-02,91,62,
2020-06-03,90,65,
2020-06-04,84,64,
2020-06-05,87,65,
2020-06-06,88,65,
2020-06-07,87,59,
2020-06-08,89,62,
2020-06-09,83,71,
2020-06-10,80,58,
2020-06-11,82,54,
2020-06-12,87,58,
2020-06-13,79,57,
2020-06-14,77,56,
2020-06-15,80,51,
2020-06-16,85,57,
2020-06-17,86,58,
2020-06-18,88,63,
2020-06-19,91,64,
2020-06-20,91,65,
2020-06-21,83,67,
2020-06-22,89,64,
2020-06-23,78,59,
2020-06-24,80,57,
2020-06-25,85,59,
2020-06-26,91,64,
2020-06-27,84,69,
2020-06-28,87,68,
2020-06-29,90,71,
2020-06-30,84,70,
2020-07-01,87,67,
2020-07-02,90,70,
2020-07-03,90,67,
2020-07-04,91,69,
2020-07-05,90,70,
2020-07-06,93,72,
2020-07-07,93,70,
2020-07-08,92,70,
2020-07-09,92,69,
2020-07-10,88,69,
2020-07-11,90,61,
2020-07-12,85,61,
2020-07-13,81,60,
2020-07-14,85,60,
2020-07-15,88,65,
2020-07-16,83,66,
2020-07-17,88,64,
2020-07-18,91,70,
2020-07-19,85,72,
2020-07-20,84,70,
2020-07-21,84,68,
2020-07-22,86,68,
2020-07-23,84,65,
2020-07-24,84,63,
2020-07-25,88,63,
2020-07-26,91,70,
2020-07-27,86,69,
2020-07-28,86,65,
2020-07-29,89,64,
2020-07-30,75,69,
2020-07-31,78,66,
2020-08-01,71,62,
2020-08-02,83,61,
2020-08-03,77,62,
2020-08-04,74,56,
2020-08-05,75,53,
2020-08-06,78,54,
2020-08-07,82,57,
2020-08-08,85,59,
2020-08-09,87,66,
2020-08-10,93,67,
2020-08-11,82,64,
2020-08-12,84,65,
2020-08-13,85,65,
2020-08-14,86,68,
2020-08-15,87,64,
2020-08-16,84,62,
2020-08-17,86,64,
2020-08-18,80,63,
2020-08-19,78,58,
2020-08-20,81,54,
2020-08-21,84,57,
2020-08-22,84,60,
2020-08-23,89,62,
2020-08-24,92,69,
2020-08-25,92,70,
2020-08-26,91,69,
2020-08-27,88,73,
2020-08-28,90,71,
2020-08-29,82,62,
2020-08-30,79,55,
2020-08-31,84,59,
2020-09-01,79,67,
2020-09-02,85,66,
2020-09-03,87,61,
2020-09-04,79,53,
2020-09-05,85,55,
2020-09-06,82,59,
2020-09-07,80,65,
2020-09-08,86,62,
2020-09-09,84,63,
2020-09-10,75,62,
2020-09-11,76,62,
2020-09-12,73,65,
2020-09-13,78,59,
2020-09-14,75,57,
2020-09-15,78,54,
2020-09-16,80,50,
2020-09-17,75,55,
2020-09-18,66,47,
2020-09-19,69,43,
2020-09-20,74,45,
2020-09-21,78,45,
2020-09-22,77,49,
2020-09-23,76,48,
2020-09-24,79,51,
2020-09-25,81,52,
2020-09-26,83,55,
2020-09-27,80,55,
2020-09-28,65,47,
2020-09-29,61,43,
2020-09-30,71,46,
2020-10-01,63,42,
2020-10-02,59,39,
2020-10-03,61,43,
2020-10-04,55,36,
2020-10-05,65,32,
2020-10-06,76,44,
2020-10-07,83,54,
2020-10-08,80,49,
2020-10-09,83,49,
2020-10-10,80,55,
2020-10-11,83,55,
2020-10-12,70,43,
2020-10-13,73,36,
2020-10-14,80,42,
2020-10-15,64,34,
2020-10-16,60,30,
2020-10-17,66,31,
2020-10-18,66,40,
2020-10-19,51,39,
2020-10-20,60,43,
2020-10-21,56,47,
2020-10-22,82,54,
2020-10-23,69,41,
2020-10-24,48,35,
2020-10-25,49,41,
2020-10-26,42,36,
2020-10-27,41,35,
2020-10-28,50,39,
2020-10-29,52,38,
2020-10-30,49,31,
2020-10-31,61,29,
2020-11-01,52,26,
2020-11-02,53,21,
2020-11-03,71,34,
2020-11-04,75,40,
2020-11-05,70,45,
2020-11-06,74,41,
2020-11-07,73,39,
2020-11-08,79,49,
2020-11-09,77,53,
2020-11-10,73,43,
2020-11-11,48,32,
2020-11-12,54,29,
2020-11-13,43,27,
2020-11-14,51,23,
2020-11-15,55,35,
2020-11-16,56,30,
2020-11-17,44,30,
2020-11-18,51,26,
2020-11-19,67,42,
2020-11-20,67,49,
2020-11-21,49,40,
2020-11-22,43,34,
2020-11-23,46,30,
2020-11-24,49,38,
2020-11-25,54,NA,
2020-11-26,46,36,
2020-11-27,48,30,
2020-11-28,48,26,
2020-11-29,49,29,
2020-11-30,36,25,
2020-12-01,34,25,
2020-12-02,35,20,
2020-12-03,46,20,
2020-12-04,49,24,
2020-12-05,43,26,
2020-12-06,36,27,
2020-12-07,38,31,
2020-12-08,39,31,
2020-12-09,56,30,
2020-12-10,62,31,
2020-12-11,58,34,
2020-12-12,53,33,
2020-12-13,38,31,
2020-12-14,34,25,
2020-12-15,31,23,
2020-12-16,29,26,
2020-12-17,36,22,
2020-12-18,37,19,
2020-12-19,48,34,
2020-12-20,45,30,
2020-12-21,51,33,
2020-12-22,46,27,
2020-12-23,56,25,
2020-12-24,25,10,
2020-12-25,19,6,
2020-12-26,39,16,
2020-12-27,51,24,
2020-12-28,31,22,
2020-12-29,35,19,
2020-12-30,40,25,
2020-12-31,30,21,
2021-01-01,32,26,
2021-01-02,33,31,
2021-01-03,31,22,
2021-01-04,33,18,
2021-01-05,32,28,
2021-01-06,38,28,
2021-01-07,37,30,
2021-01-08,34,30,
2021-01-09,31,26,
2021-01-10,27,23,
2021-01-11,28,21,
2021-01-12,41,20,
2021-01-13,44,29,
2021-01-14,42,28,
2021-01-15,35,29,
2021-01-16,33,28,
2021-01-17,30,25,
2021-01-18,35,23,
2021-01-19,38,26,
2021-01-20,35,16,
2021-01-21,48,27,
2021-01-22,31,14,
2021-01-23,35,10,
2021-01-24,37,29,
2021-01-25,32,29,
2021-01-26,32,27,
2021-01-27,28,16,
2021-01-28,28,12,
2021-01-29,34,13,
2021-01-30,34,25,
2021-01-31,35,30,
2021-02-01,31,24,
2021-02-02,33,20,
2021-02-03,37,16,
2021-02-04,36,20,
2021-02-05,29,17,
2021-02-06,24,5,
2021-02-07,7,-4,
2021-02-08,7,-4,
2021-02-09,14,7,
2021-02-10,18,7,
2021-02-11,21,12,
2021-02-12,19,9,
2021-02-13,12,-1,
2021-02-14,5,-4,
2021-02-15,9,0,
2021-02-16,14,-5,
2021-02-17,18,-8,
2021-02-18,21,9,
2021-02-19,NA,NA,
2021-02-20,29,NA,
2021-02-21,39,12,
2021-02-22,42,29,
2021-02-23,53,35,
2021-02-24,52,32,
2021-02-25,45,24,
2021-02-26,49,25,
2021-02-27,55,30,
2021-02-28,59,33,
2021-03-01,40,26,
2021-03-02,47,20,
2021-03-03,59,34,
2021-03-04,47,27,
2021-03-05,48,24,
2021-03-06,52,NA,
2021-03-07,NA,NA,
2021-03-08,67,NA,
2021-03-09,69,37,
2021-03-10,68,51,
2021-03-11,60,43,
2021-03-12,54,39,
2021-03-13,55,36,
2021-03-14,52,40,
2021-03-15,43,31,
2021-03-16,43,35,
2021-03-17,51,38,
2021-03-18,45,34,
2021-03-19,49,30,
2021-03-20,57,28,
2021-03-21,65,31,
2021-03-22,67,36,
2021-03-23,64,47,
2021-03-24,61,44,
2021-03-25,58,42,
2021-03-26,51,40,
2021-03-27,74,42,
2021-03-28,51,31,
2021-03-29,61,29,
2021-03-30,71,43,
2021-03-31,47,29,
2021-04-01,41,27,
2021-04-02,51,22,
2021-04-03,68,29,
2021-04-04,76,43,
2021-04-05,78,48,
2021-04-06,82,51,
2021-04-07,80,53,
2021-04-08,65,51,
2021-04-09,73,50,
2021-04-10,66,46,
2021-04-11,50,44,
2021-04-12,63,44,
2021-04-13,60,39,
2021-04-14,57,37,
2021-04-15,59,34,
2021-04-16,62,38,
2021-04-17,62,44,
2021-04-18,61,38,
2021-04-19,66,39,
2021-04-20,40,30,
2021-04-21,50,30,
2021-04-22,56,30,
2021-04-23,60,37,
2021-04-24,56,46,
2021-04-25,61,40,
2021-04-26,78,38,
2021-04-27,83,57,
2021-04-28,69,61,
2021-04-29,68,50,
2021-04-30,66,43,
2021-05-01,79,39,
2021-05-02,77,58,
2021-05-03,74,57,
2021-05-04,63,49,
2021-05-05,64,43,
2021-05-06,66,43,
2021-05-07,69,40,
2021-05-08,60,34,
2021-05-09,49,36,
2021-05-10,63,36,
2021-05-11,57,38,
2021-05-12,61,37,
2021-05-13,67,38,
2021-05-14,70,40,
2021-05-15,67,47,
2021-05-16,73,53,
2021-05-17,64,58,
2021-05-18,69,59,
2021-05-19,76,62,
2021-05-20,83,63,
2021-05-21,84,60,
2021-05-22,84,62,
2021-05-23,87,63,
2021-05-24,87,63,
2021-05-25,87,64,
2021-05-26,84,65,
2021-05-27,80,61,
2021-05-28,64,46,
2021-05-29,63,43,
2021-05-30,71,43,
2021-05-31,72,54,
2021-06-01,74,55,
2021-06-02,NA,NA,
2021-06-03,84,59,
2021-06-04,87,60,
2021-06-05,88,61,
2021-06-06,84,63,
2021-06-07,84,69,
2021-06-08,84,66,
2021-06-09,85,67,
2021-06-10,88,68,
2021-06-11,92,68,
2021-06-12,95,70,
2021-06-13,86,66,
2021-06-14,83,64,
2021-06-15,83,58,
2021-06-16,83,60,
2021-06-17,89,56,
2021-06-18,92,72,
2021-06-19,83,66,
2021-06-20,88,68,
2021-06-21,80,57,
2021-06-22,74,51,
2021-06-23,80,58,
2021-06-24,79,57,
2021-06-25,84,69,
2021-06-26,86,69,
2021-06-27,87,70,
2021-06-28,89,68,
2021-06-29,89,70,
2021-06-30,80,70,
2021-07-01,81,61,
2021-07-02,75,57,
2021-07-03,75,56,
2021-07-04,80,64,
2021-07-05,86,66,
2021-07-06,87,69,
2021-07-07,87,69,
2021-07-08,83,60,
2021-07-09,75,64,
2021-07-10,77,66,
2021-07-11,77,66,
2021-07-12,81,67,
2021-07-13,82,68,
2021-07-14,80,64,
2021-07-15,85,70,
2021-07-16,86,67,
2021-07-17,75,61,
2021-07-18,78,64,
2021-07-19,84,65,
2021-07-20,83,66,
2021-07-21,84,67,
2021-07-22,83,68,
2021-07-23,86,68,
2021-07-24,88,69,
2021-07-25,90,70,
2021-07-26,90,70,
2021-07-27,87,65,
2021-07-28,87,67,
2021-07-29,88,73,
2021-07-30,86,67,
2021-07-31,78,62,
2021-08-01,72,56,
2021-08-02,80,57,
2021-08-03,76,62,
2021-08-04,80,57,
2021-08-05,82,58,
2021-08-06,83,64,
2021-08-07,83,65,
2021-08-08,88,68,
2021-08-09,90,68,
2021-08-10,84,68,
2021-08-11,92,71,
2021-08-12,89,70,
2021-08-13,75,66,
2021-08-14,85,62,
2021-08-15,83,59,
2021-08-16,79,62,
2021-08-17,82,67,
2021-08-18,86,69,
2021-08-19,88,65,
2021-08-20,89,66,
2021-08-21,89,68,
2021-08-22,87,70,
2021-08-23,87,64,
2021-08-24,90,70,
2021-08-25,94,68,
2021-08-26,94,70,
2021-08-27,86,67,
2021-08-28,91,68,
2021-08-29,91,70,
2021-08-30,90,71,
2021-08-31,85,65,
2021-09-01,85,66,
2021-09-02,79,59,
2021-09-03,80,57,
2021-09-04,75,61,
2021-09-05,72,59,
2021-09-06,81,57,
2021-09-07,85,63,
2021-09-08,87,56,
2021-09-09,80,55,
2021-09-10,78,54,
2021-09-11,81,59,
2021-09-12,85,66,
2021-09-13,87,62,
2021-09-14,88,66,
2021-09-15,90,63,
2021-09-16,81,54,
2021-09-17,84,61,
2021-09-18,90,64,
2021-09-19,91,64,
2021-09-20,90,68,
2021-09-21,85,65,
2021-09-22,68,52,
2021-09-23,63,45,
2021-09-24,70,43,
2021-09-25,79,50,
2021-09-26,71,45,
2021-09-27,82,54,
2021-09-28,90,59,
2021-09-29,85,60,
2021-09-30,89,62,
2021-10-01,88,61,
2021-10-02,87,63,
2021-10-03,78,65,
2021-10-04,76,61,
2021-10-05,76,63,
2021-10-06,75,64,
2021-10-07,73,64,
2021-10-08,70,60,
2021-10-09,77,58,
2021-10-10,85,61,
2021-10-11,87,67,
2021-10-12,78,58,
2021-10-13,74,51,
2021-10-14,72,53,
2021-10-15,70,57,
2021-10-16,64,41,
2021-10-17,60,40,
2021-10-18,68,39,
2021-10-19,74,41,
2021-10-20,71,44,
2021-10-21,76,47,
2021-10-22,53,48,
2021-10-23,56,41,
2021-10-24,54,44,
2021-10-25,62,48,
2021-10-26,53,41,
2021-10-27,57,38,
2021-10-28,61,39,
2021-10-29,53,47,
2021-10-30,56,50,
2021-10-31,55,41,
2021-11-01,54,32,
2021-11-02,45,30,
2021-11-03,48,28,
2021-11-04,48,28,
2021-11-05,49,28,
2021-11-06,53,28,
2021-11-07,59,29,
2021-11-08,67,38,
2021-11-09,67,41,
2021-11-10,58,43,
2021-11-11,60,45,
2021-11-12,54,38,
2021-11-13,43,33,
2021-11-14,38,32,
2021-11-15,39,26,
2021-11-16,41,30,
2021-11-17,59,35,
2021-11-18,63,32,
2021-11-19,42,21,
2021-11-20,40,28,
2021-11-21,54,35,
2021-11-22,56,23,
2021-11-23,37,20,
2021-11-24,43,25,
2021-11-25,54,37,
2021-11-26,41,18,
2021-11-27,32,20,
2021-11-28,42,28,
2021-11-29,40,21,
2021-11-30,43,27,
2021-12-01,52,32,
2021-12-02,49,39,
2021-12-03,61,33,
2021-12-04,59,34,
2021-12-05,46,31,
2021-12-06,54,30,
2021-12-07,37,15,
2021-12-08,26,16,
2021-12-09,39,24,
2021-12-10,53,34,
2021-12-11,62,36,
2021-12-12,41,29,
2021-12-13,49,28,
2021-12-14,52,31,
2021-12-15,55,35,
2021-12-16,62,52,
2021-12-17,52,25,
2021-12-18,37,30,
2021-12-19,36,26,
2021-12-20,39,24,
2021-12-21,42,23,
2021-12-22,44,20,
2021-12-23,35,21,
2021-12-24,50,29,
2021-12-25,60,43,
2021-12-26,56,41,
2021-12-27,57,42,
2021-12-28,58,35,
2021-12-29,42,33,
2021-12-30,36,32,
2021-12-31,43,35,
2022-01-01,52,37,
2022-01-02,38,21,
2022-01-03,24,9,
2022-01-04,29,10,
2022-01-05,34,22,
2022-01-06,22,9,
2022-01-07,14,-1,
2022-01-08,18,0,
2022-01-09,38,17,
2022-01-10,32,11,
2022-01-11,27,7,
2022-01-12,36,10,
2022-01-13,44,27,
2022-01-14,43,29,
2022-01-15,38,23,
2022-01-16,28,14,
2022-01-17,30,15,
2022-01-18,29,15,
2022-01-19,47,26,
2022-01-20,30,6,
2022-01-21,21,6,
2022-01-22,25,9,
2022-01-23,38,19,
2022-01-24,29,16,
2022-01-25,38,6,
2022-01-26,21,-2,
2022-01-27,24,-1,
2022-01-28,35,22,
2022-01-29,24,0,
2022-01-30,26,3,
2022-01-31,32,12,
2022-02-01,40,15,
2022-02-02,56,25,
2022-02-03,26,15,
2022-02-04,21,11,
2022-02-05,21,-1,
2022-02-06,16,1,
2022-02-07,35,12,
2022-02-08,21,9,
2022-02-09,41,16,
2022-02-10,39,30,
2022-02-11,38,24,
2022-02-12,39,19,
2022-02-13,20,11,
2022-02-14,20,8,
2022-02-15,30,10,
2022-02-16,43,20,
2022-02-17,52,35,
2022-02-18,35,5,
2022-02-19,33,8,
2022-02-20,30,12,
2022-02-21,50,30,
2022-02-22,56,38,
2022-02-23,57,16,
2022-02-24,25,15,
2022-02-25,28,21,
2022-02-26,25,11,
2022-02-27,32,18,
2022-02-28,44,22,
2022-03-01,53,33,
2022-03-02,63,32,
2022-03-03,66,31,
2022-03-04,39,28,
2022-03-05,52,33,
2022-03-06,73,40,
2022-03-07,50,30,
2022-03-08,35,25,
2022-03-09,40,26,
2022-03-10,48,25,
2022-03-11,40,21,
