"STATION","DATE","LATITUDE","LONGITUDE","ELEVATION","NAME","month","day","hour","DLY-TAVG-NORMAL","meas_flag_DLY-TAVG-NORMAL","comp_flag_DLY-TAVG-NORMAL","years_DLY-TAVG-NORMAL","DLY-TMAX-NORMAL","meas_flag_DLY-TMAX-NORMAL","comp_flag_DLY-TMAX-NORMAL","years_DLY-TMAX-NORMAL","DLY-TMIN-NORMAL","meas_flag_DLY-TMIN-NORMAL","comp_flag_DLY-TMIN-NORMAL","years_DLY-TMIN-NORMAL","DLY-DUTR-NORMAL","meas_flag_DLY-DUTR-NORMAL","comp_flag_DLY-DUTR-NORMAL","years_DLY-DUTR-NORMAL","DLY-TAVG-STDDEV","meas_flag_DLY-TAVG-STDDEV","comp_flag_DLY-TAVG-STDDEV","years_DLY-TAVG-STDDEV","DLY-TMAX-STDDEV","meas_flag_DLY-TMAX-STDDEV","comp_flag_DLY-TMAX-STDDEV","years_DLY-TMAX-STDDEV","DLY-TMIN-STDDEV","meas_flag_DLY-TMIN-STDDEV","comp_flag_DLY-TMIN-STDDEV","years_DLY-TMIN-STDDEV","DLY-DUTR-STDDEV","meas_flag_DLY-DUTR-STDDEV","comp_flag_DLY-DUTR-STDDEV","years_DLY-DUTR-STDDEV","DLY-HTDD-NORMAL","meas_flag_DLY-HTDD-NORMAL","comp_flag_DLY-HTDD-NORMAL","years_DLY-HTDD-NORMAL","DLY-HTDD-BASE40","meas_flag_DLY-HTDD-BASE40","comp_flag_DLY-HTDD-BASE40","years_DLY-HTDD-BASE40","DLY-HTDD-BASE45","meas_flag_DLY-HTDD-BASE45","comp_flag_DLY-HTDD-BASE45","years_DLY-HTDD-BASE45","DLY-HTDD-BASE50","meas_flag_DLY-HTDD-BASE50","comp_flag_DLY-HTDD-BASE50","years_DLY-HTDD-BASE50","DLY-HTDD-BASE55","meas_flag_DLY-HTDD-BASE55","comp_flag_DLY-HTDD-BASE55","years_DLY-HTDD-BASE55","DLY-HTDD-BASE57","meas_flag_DLY-HTDD-BASE57","comp_flag_DLY-HTDD-BASE57","years_DLY-HTDD-BASE57","DLY-HTDD-BASE60","meas_flag_DLY-HTDD-BASE60","comp_flag_DLY-HTDD-BASE60","years_DLY-HTDD-BASE60","DLY-CLDD-NORMAL","meas_flag_DLY-CLDD-NORMAL","comp_flag_DLY-CLDD-NORMAL","years_DLY-CLDD-NORMAL","DLY-CLDD-BASE40","meas_flag_DLY-CLDD-BASE40","comp_flag_DLY-CLDD-BASE40","years_DLY-CLDD-BASE40","DLY-CLDD-BASE45","meas_flag_DLY-CLDD-BASE45","comp_flag_DLY-CLDD-BASE45","years_DLY-CLDD-BASE45","DLY-CLDD-BASE50","meas_flag_DLY-CLDD-BASE50","comp_flag_DLY-CLDD-BASE50","years_DLY-CLDD-BASE50","DLY-CLDD-BASE55","meas_flag_DLY-CLDD-BASE55","comp_flag_DLY-CLDD-BASE55","years_DLY-CLDD-BASE55","DLY-CLDD-BASE57","meas_flag_DLY-CLDD-BASE57","comp_flag_DLY-CLDD-BASE57","years_DLY-CLDD-BASE57","DLY-CLDD-BASE60","meas_flag_DLY-CLDD-BASE60","comp_flag_DLY-CLDD-BASE60","years_DLY-CLDD-BASE60","DLY-CLDD-BASE70","meas_flag_DLY-CLDD-BASE70","comp_flag_DLY-CLDD-BASE70","years_DLY-CLDD-BASE70","DLY-CLDD-BASE72","meas_flag_DLY-CLDD-BASE72","comp_flag_DLY-CLDD-BASE72","years_DLY-CLDD-BASE72","DLY-GRDD-BASE65","meas_flag_DLY-GRDD-BASE65","comp_flag_DLY-GRDD-BASE65","years_DLY-GRDD-BASE65","DLY-GRDD-BASE40","meas_flag_DLY-GRDD-BASE40","comp_flag_DLY-GRDD-BASE40","years_DLY-GRDD-BASE40","DLY-GRDD-BASE45","meas_flag_DLY-GRDD-BASE45","comp_flag_DLY-GRDD-BASE45","years_DLY-GRDD-BASE45","DLY-GRDD-BASE50","meas_flag_DLY-GRDD-BASE50","comp_flag_DLY-GRDD-BASE50","years_DLY-GRDD-BASE50","DLY-GRDD-BASE55","meas_flag_DLY-GRDD-BASE55","comp_flag_DLY-GRDD-BASE55","years_DLY-GRDD-BASE55","DLY-GRDD-BASE57","meas_flag_DLY-GRDD-BASE57","comp_flag_DLY-GRDD-BASE57","years_DLY-GRDD-BASE57","DLY-GRDD-BASE60","meas_flag_DLY-GRDD-BASE60","comp_flag_DLY-GRDD-BASE60","years_DLY-GRDD-BASE60","DLY-GRDD-BASE70","meas_flag_DLY-GRDD-BASE70","comp_flag_DLY-GRDD-BASE70","years_DLY-GRDD-BASE70","DLY-GRDD-BASE72","meas_flag_DLY-GRDD-BASE72","comp_flag_DLY-GRDD-BASE72","years_DLY-GRDD-BASE72","DLY-GRDD-TB4886","meas_flag_DLY-GRDD-TB4886","comp_flag_DLY-GRDD-TB4886","years_DLY-GRDD-TB4886","DLY-GRDD-TB5086","meas_flag_DLY-GRDD-TB5086","comp_flag_DLY-GRDD-TB5086","years_DLY-GRDD-TB5086","DLY-PRCP-PCTALL-GE001HI","meas_flag_DLY-PRCP-PCTALL-GE001HI","comp_flag_DLY-PRCP-PCTALL-GE001HI","years_DLY-PRCP-PCTALL-GE001HI","DLY-PRCP-PCTALL-GE010HI","meas_flag_DLY-PRCP-PCTALL-GE010HI","comp_flag_DLY-PRCP-PCTALL-GE010HI","years_DLY-PRCP-PCTALL-GE010HI","DLY-PRCP-PCTALL-GE025HI","meas_flag_DLY-PRCP-PCTALL-GE025HI","comp_flag_DLY-PRCP-PCTALL-GE025HI","years_DLY-PRCP-PCTALL-GE025HI","DLY-PRCP-PCTALL-GE050HI","meas_flag_DLY-PRCP-PCTALL-GE050HI","comp_flag_DLY-PRCP-PCTALL-GE050HI","years_DLY-PRCP-PCTALL-GE050HI","DLY-PRCP-PCTALL-GE100HI","meas_flag_DLY-PRCP-PCTALL-GE100HI","comp_flag_DLY-PRCP-PCTALL-GE100HI","years_DLY-PRCP-PCTALL-GE100HI","DLY-PRCP-PCTALL-GE200HI","meas_flag_DLY-PRCP-PCTALL-GE200HI","comp_flag_DLY-PRCP-PCTALL-GE200HI","years_DLY-PRCP-PCTALL-GE200HI","DLY-PRCP-PCTALL-GE400HI","meas_flag_DLY-PRCP-PCTALL-GE400HI","comp_flag_DLY-PRCP-PCTALL-GE400HI","years_DLY-PRCP-PCTALL-GE400HI","DLY-PRCP-PCTALL-GE600HI","meas_flag_DLY-PRCP-PCTALL-GE600HI","comp_flag_DLY-PRCP-PCTALL-GE600HI","years_DLY-PRCP-PCTALL-GE600HI","DLY-PRCP-25PCTL","meas_flag_DLY-PRCP-25PCTL","comp_flag_DLY-PRCP-25PCTL","years_DLY-PRCP-25PCTL","DLY-PRCP-50PCTL","meas_flag_DLY-PRCP-50PCTL","comp_flag_DLY-PRCP-50PCTL","years_DLY-PRCP-50PCTL","DLY-PRCP-75PCTL","meas_flag_DLY-PRCP-75PCTL","comp_flag_DLY-PRCP-75PCTL","years_DLY-PRCP-75PCTL","MTD-PRCP-NORMAL","meas_flag_MTD-PRCP-NORMAL","comp_flag_MTD-PRCP-NORMAL","years_MTD-PRCP-NORMAL","YTD-PRCP-NORMAL","meas_flag_YTD-PRCP-NORMAL","comp_flag_YTD-PRCP-NORMAL","years_YTD-PRCP-NORMAL"
"USW00094870","01-01"," 40.0397"," -88.2778"," 229.8","CHAMPAIGN WILLARD AP, IL US","01","01","99","    27.3"," ","R","22","    34.8"," ","R","22","    19.7"," ","R","23","    15.1"," ","R","22","    11.9"," ","R","22","    12.0"," ","R","22","    12.7"," ","R","23","     7.0"," ","R","22","    37.7"," ","R","22","    13.6"," ","R","22","    18.1"," ","R","22","    22.8"," ","R","22","    27.7"," ","R","22","    29.7"," ","R","22","    32.7"," ","R","22","     0.0"," ","R","22","     0.9"," ","R","22","     0.3"," ","R","22","     0.1"," ","R","22","     0.0","X","R","22","     0.0","X","R","22","     0.0","X","R","22","     0.0"," ","R","22","     0.0"," ","R","22","     0.0"," ","R","22","     0.9"," ","R","22","     0.3"," ","R","22","     0.1"," ","R","22","     0.0","X","R","22","     0.0","X","R","22","     0.0","X","R","22","     0.0"," ","R","22","     0.0"," ","R","22","     0.5"," ","R","22","     0.4"," ","R","22","    29.5"," ","P","22","    15.0"," ","P","22","     8.7"," ","P","22","     4.7"," ","P","22","     1.1"," ","P","22","     0.0"," ","P","22","     0.0"," ","P","22","     0.0"," ","P","22","    0.03"," ","P","22","    0.10"," ","P","22","    0.31"," ","P","22","    0.09"," ","R","20","    0.09"," ","R","20"
"USW00094870","01-02"," 40.0397"," -88.2778"," 229.8","CHAMPAIGN WILLARD AP, IL US","01","02","99","    27.1"," ","R","22","    34.7"," ","R","22","    19.5"," ","R","23","    15.1"," ","R","22","    11.9"," ","R","22","    12.0"," ","R","22","    12.7"," ","R","23","     7.0"," ","R","22","    37.9"," ","R","22","    13.7"," ","R","22","    18.2"," ","R","22","    23.0"," ","R","22","    27.9"," ","R","22","    29.9"," ","R","22","    32.9"," ","R","22","     0.0"," ","R","22","     0.8"," ","R","22","     0.4"," ","R","22","     0.1"," ","R","22","     0.0","X","R","22","     0.0","X","R","22","     0.0","X","R","22","     0.0"," ","R","22","     0.0"," ","R","22","     0.0"," ","R","22","     0.8"," ","R","22","     0.4"," ","R","22","     0.1"," ","R","22","     0.0","X","R","22","     0.0","X","R","22","     0.0","X","R","22","     0.0"," ","R","22","     0.0"," ","R","22","     0.5"," ","R","22","     0.4"," ","R","22","    29.4"," ","P","22","    14.9"," ","P","22","     8.6"," ","P","22","     4.7"," ","P","22","     1.1"," ","P","22","     0.0"," ","P","22","     0.0"," ","P","22","     0.0"," ","P","22","    0.03"," ","P","22","    0.10"," ","P","22","    0.31"," ","P","22","    0.18"," ","R","20","    0.18"," ","R","20"
"USW00094870","01-03"," 40.0397"," -88.2778"," 229.8","CHAMPAIGN WILLARD AP, IL US","01","03","99","    26.9"," ","R","22","    34.5"," ","R","22","    19.3"," ","R","23","    15.2"," ","R","22","    11.9"," ","R","22","    12.0"," ","R","22","    12.8"," ","R","23","     7.1"," ","R","22","    38.1"," ","R","22","    13.9"," ","R","22","    18.4"," ","R","22","    23.2"," ","R","22","    28.1"," ","R","22","    30.1"," ","R","22","    33.1"," ","R","22","     0.0"," ","R","22","     0.8"," ","R","22","     0.4"," ","R","22","     0.1"," ","R","22","     0.0","X","R","22","     0.0","X","R","22","     0.0","X","R","22","     0.0"," ","R","22","     0.0"," ","R","22","     0.0"," ","R","22","     0.8"," ","R","22","     0.4"," ","R","22","     0.1"," ","R","22","     0.0","X","R","22","     0.0","X","R","22","     0.0","X","R","22","     0.0"," ","R","22","     0.0"," ","R","22","     0.5"," ","R","22","     0.4"," ","R","22","    29.3"," ","P","22","    14.8"," ","P","22","     8.5"," ","P","22","     4.7"," ","P","22","     1.1"," ","P","22","     0.0"," ","P","22","     0.0"," ","P","22","     0.0"," ","P","22","    0.03"," ","P","22","    0.10"," ","P","22","    0.30"," ","P","22","    0.27"," ","R","20","    0.27"," ","R","20"
"USW00094870","01-04"," 40.0397"," -88.2778"," 229.8","CHAMPAIGN WILLARD AP, IL US","01","04","99","    26.8"," ","R","22","    34.4"," ","R","22","    19.1"," ","R","23","    15.3"," ","R","22","    11.9"," ","R","22","    12.0"," ","R","22","    12.8"," ","R","23","     7.1"," ","R","22","    38.2"," ","R","22","    14.0"," ","R","22","    18.6"," ","R","22","    23.4"," ","R","22","    28.3"," ","R","22","    30.3"," ","R","22","    33.2"," ","R","22","     0.0"," ","R","22","     0.8"," ","R","22","     0.3"," ","R","22","     0.1"," ","R","22","     0.0","X","R","22","     0.0","X","R","22","     0.0","X","R","22","     0.0"," ","R","22","     0.0"," ","R","22","     0.0"," ","R","22","     0.8"," ","R","22","     0.3"," ","R","22","     0.1"," ","R","22","     0.0","X","R","22","     0.0","X","R","22","     0.0","X","R","22","     0.0"," ","R","22","     0.0"," ","R","22","     0.5"," ","R","22","     0.3"," ","R","22","    29.2"," ","P","22","    14.7"," ","P","22","     8.4"," ","P","22","     4.7"," ","P","22","     1.2"," ","P","22","     0.0"," ","P","22","     0.0"," ","P","22","     0.0"," ","P","22","    0.03"," ","P","22","    0.10"," ","P","22","    0.30"," ","P","22","    0.35"," ","R","20","    0.35"," ","R","20"
"USW00094870","01-05"," 40.0397"," -88.2778"," 229.8","CHAMPAIGN WILLARD AP, IL US","01","05","99","    26.6"," ","R","22","    34.3"," ","R","22","    18.9"," ","R","23","    15.4"," ","R","22","    11.8"," ","R","22","    12.0"," ","R","22","    12.8"," ","R","23","     7.2"," ","R","22","    38.4"," ","R","22","    14.2"," ","R","22","    18.7"," ","R","22","    23.5"," ","R","22","    28.4"," ","R","22","    30.4"," ","R","22","    33.4"," ","R","22","     0.0"," ","R","22","     0.8"," ","R","22","     0.3"," ","R","22","     0.1"," ","R","22","     0.0","X","R","22","     0.0","X","R","22","     0.0","X","R","22","     0.0"," ","R","22","     0.0"," ","R","22","     0.0"," ","R","22","     0.8"," ","R","22","     0.3"," ","R","22","     0.1"," ","R","22","     0.0","X","R","22","     0.0","X","R","22","     0.0","X","R","22","     0.0"," ","R","22","     0.0"," ","R","22","     0.5"," ","R","22","     0.3"," ","R","22","    29.1"," ","P","22","    14.6"," ","P","22","     8.3"," ","P","22","     4.7"," ","P","22","     1.2"," ","P","22","     0.0"," ","P","22","     0.0"," ","P","22","     0.0"," ","P","22","    0.03"," ","P","22","    0.10"," ","P","22","    0.30"," ","P","22","    0.44"," ","R","20","    0.44"," ","R","20"
"USW00094870","01-06"," 40.0397"," -88.2778"," 229.8","CHAMPAIGN WILLARD AP, IL US","01","06","99","    26.4"," ","R","22","    34.2"," ","R","22","    18.7"," ","R","23","    15.4"," ","R","22","    11.8"," ","R","22","    12.0"," ","R","22","    12.8"," ","R","23","     7.2"," ","R","22","    38.5"," ","R","22","    14.3"," ","R","22","    18.9"," ","R","22","    23.7"," ","R","22","    28.6"," ","R","22","    30.6"," ","R","22","    33.5"," ","R","22","     0.0"," ","R","22","     0.8"," ","R","22","     0.3"," ","R","22","     0.1"," ","R","22","     0.0","X","R","22","     0.0","X","R","22","     0.0","X","R","22","     0.0"," ","R","22","     0.0"," ","R","22","     0.0"," ","R","22","     0.8"," ","R","22","     0.3"," ","R","22","     0.1"," ","R","22","     0.0","X","R","22","     0.0","X","R","22","     0.0","X","R","22","     0.0"," ","R","22","     0.0"," ","R","22","     0.5"," ","R","22","     0.3"," ","R","22","    29.0"," ","P","22","    14.5"," ","P","22","     8.2"," ","P","22","     4.6"," ","P","22","     1.2"," ","P","22","     0.0"," ","P","22","     0.0"," ","P","22","     0.0"," ","P","22","    0.03"," ","P","22","    0.10"," ","P","22","    0.29"," ","P","22","    0.52"," ","R","20","    0.52"," ","R","20"
"USW00094870","01-07"," 40.0397"," -88.2778"," 229.8","CHAMPAIGN WILLARD AP, IL US","01","07","99","    26.3"," ","R","22","    34.1"," ","R","22","    18.5"," ","R","23","    15.5"," ","R","22","    11.9"," ","R","22","    12.0"," ","R","22","    12.9"," ","R","23","     7.3"," ","R","22","    38.7"," ","R","22","    14.4"," ","R","22","    19.0"," ","R","22","    23.8"," ","R","22","    28.7"," ","R","22","    30.7"," ","R","22","    33.7"," ","R","22","     0.0"," ","R","22","     0.7"," ","R","22","     0.3"," ","R","22","     0.1"," ","R","22","     0.0","X","R","22","     0.0","X","R","22","     0.0","X","R","22","     0.0"," ","R","22","     0.0"," ","R","22","     0.0"," ","R","22","     0.7"," ","R","22","     0.3"," ","R","22","     0.1"," ","R","22","     0.0","X","R","22","     0.0","X","R","22","     0.0","X","R","22","     0.0"," ","R","22","     0.0"," ","R","22","     0.5"," ","R","22","     0.3"," ","R","22","    28.9"," ","P","22","    14.4"," ","P","22","     8.1"," ","P","22","     4.6"," ","P","22","     1.2"," ","P","22","     0.0"," ","P","22","     0.0"," ","P","22","     0.0"," ","P","22","    0.03"," ","P","22","    0.10"," ","P","22","    0.29"," ","P","22","    0.60"," ","R","20","    0.60"," ","R","20"
"USW00094870","01-08"," 40.0397"," -88.2778"," 229.8","CHAMPAIGN WILLARD AP, IL US","01","08","99","    26.2"," ","R","22","    34.0"," ","R","22","    18.4"," ","R","23","    15.6"," ","R","22","    11.9"," ","R","22","    12.0"," ","R","22","    12.9"," ","R","23","     7.3"," ","R","22","    38.8"," ","R","22","    14.5"," ","R","22","    19.1"," ","R","22","    23.9"," ","R","22","    28.8"," ","R","22","    30.8"," ","R","22","    33.8"," ","R","22","     0.0"," ","R","22","     0.7"," ","R","22","     0.3"," ","R","22","     0.1"," ","R","22","     0.0","X","R","22","     0.0","X","R","22","     0.0","X","R","22","     0.0"," ","R","22","     0.0"," ","R","22","     0.0"," ","R","22","     0.7"," ","R","22","     0.3"," ","R","22","     0.1"," ","R","22","     0.0","X","R","22","     0.0","X","R","22","     0.0","X","R","22","     0.0"," ","R","22","     0.0"," ","R","22","     0.5"," ","R","22","     0.3"," ","R","22","    28.8"," ","P","22","    14.3"," ","P","22","     8.1"," ","P","22","     4.5"," ","P","22","     1.2"," ","P","22","     0.0"," ","P","22","     0.0"," ","P","22","     0.0"," ","P","22","    0.03"," ","P","22","    0.10"," ","P","22","    0.29"," ","P","22","    0.67"," ","R","20","    0.67"," ","R","20"
"USW00094870","01-09"," 40.0397"," -88.2778"," 229.8","CHAMPAIGN WILLARD AP, IL US","01","09","99","    26.1"," ","R","22","    33.9"," ","R","22","    18.2"," ","R","23","    15.7"," ","R","22","    11.9"," ","R","22","    11.9"," ","R","22","    12.9"," ","R","23","     7.4"," ","R","22","    38.9"," ","R","22","    14.6"," ","R","22","    19.2"," ","R","22","    24.0"," ","R","22","    29.0"," ","R","22","    31.0"," ","R","22","    33.9"," ","R","22","     0.0"," ","R","22","     0.6"," ","R","22","     0.3"," ","R","22","     0.1"," ","R","22","     0.0","X","R","22","     0.0","X","R","22","     0.0","X","R","22","     0.0"," ","R","22","     0.0"," ","R","22","     0.0"," ","R","22","     0.6"," ","R","22","     0.3"," ","R","22","     0.1"," ","R","22","     0.0","X","R","22","     0.0","X","R","22","     0.0","X","R","22","     0.0"," ","R","22","     0.0"," ","R","22","     0.4"," ","R","22","     0.3"," ","R","22","    28.7"," ","P","22","    14.3"," ","P","22","     8.0"," ","P","22","     4.5"," ","P","22","     1.2"," ","P","22","     0.0"," ","P","22","     0.0"," ","P","22","     0.0"," ","P","22","    0.03"," ","P","22","    0.10"," ","P","22","    0.29"," ","P","22","    0.75"," ","R","20","    0.75"," ","R","20"
"USW00094870","01-10"," 40.0397"," -88.2778"," 229.8","CHAMPAIGN WILLARD AP, IL US","01","10","99","    25.9"," ","R","22","    33.8"," ","R","22","    18.1"," ","R","23","    15.8"," ","R","22","    11.8"," ","R","22","    11.9"," ","R","22","    12.9"," ","R","23","     7.4"," ","R","22","    39.0"," ","R","22","    14.6"," ","R","22","    19.3"," ","R","22","    24.1"," ","R","22","    29.1"," ","R","22","    31.1"," ","R","22","    34.0"," ","R","22","     0.0"," ","R","22","     0.6"," ","R","22","     0.2"," ","R","22","     0.1"," ","R","22","     0.0","X","R","22","     0.0","X","R","22","     0.0","X","R","22","     0.0"," ","R","22","     0.0"," ","R","22","     0.0"," ","R","22","     0.6"," ","R","22","     0.2"," ","R","22","     0.1"," ","R","22","     0.0","X","R","22","     0.0","X","R","22","     0.0","X","R","22","     0.0"," ","R","22","     0.0"," ","R","22","     0.4"," ","R","22","     0.3"," ","R","22","    28.6"," ","P","22","    14.2"," ","P","22","     7.9"," ","P","22","     4.5"," ","P","22","     1.2"," ","P","22","     0.0"," ","P","22","     0.0"," ","P","22","     0.0"," ","P","22","    0.03"," ","P","22","    0.10"," ","P","22","    0.28"," ","P","22","    0.82"," ","R","20","    0.82"," ","R","20"
"USW00094870","01-11"," 40.0397"," -88.2778"," 229.8","CHAMPAIGN WILLARD AP, IL US","01","11","99","    25.8"," ","R","22","    33.8"," ","R","22","    17.9"," ","R","23","    15.9"," ","R","22","    11.8"," ","R","22","    11.9"," ","R","22","    12.9"," ","R","23","     7.5"," ","R","22","    39.1"," ","R","22","    14.6"," ","R","22","    19.3"," ","R","22","    24.2"," ","R","22","    29.2"," ","R","22","    31.2"," ","R","22","    34.1"," ","R","22","     0.0"," ","R","22","     0.5"," ","R","22","     0.2"," ","R","22","     0.1"," ","R","22","     0.0","X","R","22","     0.0","X","R","22","     0.0","X","R","22","     0.0"," ","R","22","     0.0"," ","R","22","     0.0"," ","R","22","     0.5"," ","R","22","     0.2"," ","R","22","     0.1"," ","R","22","     0.0","X","R","22","     0.0","X","R","22","     0.0","X","R","22","     0.0"," ","R","22","     0.0"," ","R","22","     0.4"," ","R","22","     0.3"," ","R","22","    28.5"," ","P","22","    14.1"," ","P","22","     7.8"," ","P","22","     4.4"," ","P","22","     1.2"," ","P","22","     0.0"," ","P","22","     0.0"," ","P","22","     0.0"," ","P","22","    0.03"," ","P","22","    0.10"," ","P","22","    0.28"," ","P","22","    0.89"," ","R","20","    0.89"," ","R","20"
"USW00094870","01-12"," 40.0397"," -88.2778"," 229.8","CHAMPAIGN WILLARD AP, IL US","01","12","99","    25.8"," ","R","22","    33.7"," ","R","22","    17.8"," ","R","23","    15.9"," ","R","22","    11.8"," ","R","22","    11.9"," ","R","22","    12.9"," ","R","23","     7.5"," ","R","22","    39.2"," ","R","22","    14.7"," ","R","22","    19.4"," ","R","22","    24.3"," ","R","22","    29.3"," ","R","22","    31.2"," ","R","22","    34.2"," ","R","22","     0.0"," ","R","22","     0.5"," ","R","22","     0.2"," ","R","22","     0.1"," ","R","22","     0.0","X","R","22","     0.0","X","R","22","     0.0","X","R","22","     0.0"," ","R","22","     0.0"," ","R","22","     0.0"," ","R","22","     0.5"," ","R","22","     0.2"," ","R","22","     0.1"," ","R","22","     0.0","X","R","22","     0.0","X","R","22","     0.0","X","R","22","     0.0"," ","R","22","     0.0"," ","R","22","     0.4"," ","R","22","     0.2"," ","R","22","    28.4"," ","P","22","    14.0"," ","P","22","     7.8"," ","P","22","     4.4"," ","P","22","     1.2"," ","P","22","     0.0"," ","P","22","     0.0"," ","P","22","     0.0"," ","P","22","    0.03"," ","P","22","    0.10"," ","P","22","    0.28"," ","P","22","    0.96"," ","R","20","    0.96"," ","R","20"
"USW00094870","01-13"," 40.0397"," -88.2778"," 229.8","CHAMPAIGN WILLARD AP, IL US","01","13","99","    25.7"," ","R","22","    33.7"," ","R","22","    17.7"," ","R","23","    16.0"," ","R","22","    11.8"," ","R","22","    11.8"," ","R","22","    12.9"," ","R","23","     7.5"," ","R","22","    39.3"," ","R","22","    14.7"," ","R","22","    19.5"," ","R","22","    24.4"," ","R","22","    29.3"," ","R","22","    31.3"," ","R","22","    34.3"," ","R","22","     0.0"," ","R","22","     0.4"," ","R","22","     0.2"," ","R","22","     0.1"," ","R","22","     0.0","X","R","22","     0.0","X","R","22","     0.0","X","R","22","     0.0"," ","R","22","     0.0"," ","R","22","     0.0"," ","R","22","     0.4"," ","R","22","     0.2"," ","R","22","     0.1"," ","R","22","     0.0","X","R","22","     0.0","X","R","22","     0.0","X","R","22","     0.0"," ","R","22","     0.0"," ","R","22","     0.4"," ","R","22","     0.2"," ","R","22","    28.2"," ","P","22","    13.9"," ","P","22","     7.7"," ","P","22","     4.3"," ","P","22","     1.2"," ","P","22","     0.0"," ","P","22","     0.0"," ","P","22","     0.0"," ","P","22","    0.03"," ","P","22","    0.10"," ","P","22","    0.28"," ","P","22","    1.02"," ","R","20","    1.02"," ","R","20"
"USW00094870","01-14"," 40.0397"," -88.2778"," 229.8","CHAMPAIGN WILLARD AP, IL US","01","14","99","    25.6"," ","R","22","    33.7"," ","R","22","    17.6"," ","R","23","    16.1"," ","R","22","    11.7"," ","R","22","    11.8"," ","R","22","    12.9"," ","R","23","     7.6"," ","R","22","    39.4"," ","R","22","    14.8"," ","R","22","    19.5"," ","R","22","    24.4"," ","R","22","    29.4"," ","R","22","    31.4"," ","R","22","    34.4"," ","R","22","     0.0"," ","R","22","     0.4"," ","R","22","     0.1"," ","R","22","     0.0","X","R","22","     0.0","X","R","22","     0.0","X","R","22","     0.0","X","R","22","     0.0"," ","R","22","     0.0"," ","R","22","     0.0"," ","R","22","     0.4"," ","R","22","     0.1"," ","R","22","     0.0","X","R","22","     0.0","X","R","22","     0.0","X","R","22","     0.0","X","R","22","     0.0"," ","R","22","     0.0"," ","R","22","     0.3"," ","R","22","     0.2"," ","R","22","    28.1"," ","P","22","    13.8"," ","P","22","     7.7"," ","P","22","     4.2"," ","P","22","     1.2"," ","P","22","     0.0"," ","P","22","     0.0"," ","P","22","     0.0"," ","P","22","    0.03"," ","P","22","    0.10"," ","P","22","    0.27"," ","P","22","    1.08"," ","R","20","    1.08"," ","R","20"
"USW00094870","01-15"," 40.0397"," -88.2778"," 229.8","CHAMPAIGN WILLARD AP, IL US","01","15","99","    25.6"," ","R","22","    33.7"," ","R","22","    17.5"," ","R","23","    16.2"," ","R","22","    11.7"," ","R","22","    11.8"," ","R","22","    12.9"," ","R","23","     7.6"," ","R","22","    39.4"," ","R","22","    14.8"," ","R","22","    19.5"," ","R","22","    24.5"," ","R","22","    29.4"," ","R","22","    31.4"," ","R","22","    34.4"," ","R","22","     0.0"," ","R","22","     0.4"," ","R","22","     0.1"," ","R","22","     0.0","X","R","22","     0.0","X","R","22","     0.0","X","R","22","     0.0","X","R","22","     0.0"," ","R","22","     0.0"," ","R","22","     0.0"," ","R","22","     0.4"," ","R","22","     0.1"," ","R","22","     0.0","X","R","22","     0.0","X","R","22","     0.0","X","R","22","     0.0","X","R","22","     0.0"," ","R","22","     0.0"," ","R","22","     0.3"," ","R","22","     0.2"," ","R","22","    27.9"," ","P","22","    13.7"," ","P","22","     7.6"," ","P","22","     4.2"," ","P","22","     1.1"," ","P","22","     0.0"," ","P","22","     0.0"," ","P","22","     0.0"," ","P","22","    0.03"," ","P","22","    0.09"," ","P","22","    0.27"," ","P","22","    1.14"," ","R","20","    1.14"," ","R","20"
"USW00094870","01-16"," 40.0397"," -88.2778"," 229.8","CHAMPAIGN WILLARD AP, IL US","01","16","99","    25.5"," ","R","22","    33.7"," ","R","22","    17.4"," ","R","23","    16.3"," ","R","22","    11.6"," ","R","22","    11.7"," ","R","22","    12.8"," ","R","23","     7.6"," ","R","22","    39.5"," ","R","22","    14.8"," ","R","22","    19.6"," ","R","22","    24.5"," ","R","22","    29.5"," ","R","22","    31.5"," ","R","22","    34.5"," ","R","22","     0.0"," ","R","22","     0.4"," ","R","22","     0.1"," ","R","22","     0.0","X","R","22","     0.0","X","R","22","     0.0","X","R","22","     0.0","X","R","22","     0.0"," ","R","22","     0.0"," ","R","22","     0.0"," ","R","22","     0.4"," ","R","22","     0.1"," ","R","22","     0.0","X","R","22","     0.0","X","R","22","     0.0","X","R","22","     0.0","X","R","22","     0.0"," ","R","22","     0.0"," ","R","22","     0.3"," ","R","22","     0.2"," ","R","22","    27.8"," ","P","22","    13.6"," ","P","22","     7.6"," ","P","22","     4.1"," ","P","22","     1.1"," ","P","22","     0.0"," ","P","22","     0.0"," ","P","22","     0.0"," ","P","22","    0.03"," ","P","22","    0.09"," ","P","22","    0.27"," ","P","22","    1.21"," ","R","20","    1.21"," ","R","20"
"USW00094870","01-17"," 40.0397"," -88.2778"," 229.8","CHAMPAIGN WILLARD AP, IL US","01","17","99","    25.5"," ","R","22","    33.7"," ","R","22","    17.3"," ","R","23","    16.4"," ","R","22","    11.6"," ","R","22","    11.7"," ","R","22","    12.8"," ","R","23","     7.7"," ","R","22","    39.5"," ","R","22","    14.8"," ","R","22","    19.6"," ","R","22","    24.5"," ","R","22","    29.5"," ","R","22","    31.5"," ","R","22","    34.5"," ","R","22","     0.0"," ","R","22","     0.3"," ","R","22","     0.1"," ","R","22","     0.0","X","R","22","     0.0","X","R","22","     0.0","X","R","22","     0.0","X","R","22","     0.0"," ","R","22","     0.0"," ","R","22","     0.0"," ","R","22","     0.3"," ","R","22","     0.1"," ","R","22","     0.0","X","R","22","     0.0","X","R","22","     0.0","X","R","22","     0.0","X","R","22","     0.0"," ","R","22","     0.0"," ","R","22","     0.3"," ","R","22","     0.2"," ","R","22","    27.8"," ","P","22","    13.5"," ","P","22","     7.5"," ","P","22","     4.0"," ","P","22","     1.1"," ","P","22","     0.0"," ","P","22","     0.0"," ","P","22","     0.0"," ","P","22","    0.03"," ","P","22","    0.09"," ","P","22","    0.27"," ","P","22","    1.27"," ","R","20","    1.27"," ","R","20"
"USW00094870","01-18"," 40.0397"," -88.2778"," 229.8","CHAMPAIGN WILLARD AP, IL US","01","18","99","    25.5"," ","R","22","    33.7"," ","R","22","    17.2"," ","R","23","    16.4"," ","R","22","    11.5"," ","R","22","    11.6"," ","R","22","    12.7"," ","R","23","     7.7"," ","R","22","    39.5"," ","R","22","    14.9"," ","R","22","    19.6"," ","R","22","    24.5"," ","R","22","    29.5"," ","R","22","    31.5"," ","R","22","    34.5"," ","R","22","     0.0"," ","R","22","     0.3"," ","R","22","     0.1"," ","R","22","     0.0","X","R","22","     0.0","X","R","22","     0.0"," ","R","22","     0.0"," ","R","22","     0.0"," ","R","22","     0.0"," ","R","22","     0.0"," ","R","22","     0.3"," ","R","22","     0.1"," ","R","22","     0.0","X","R","22","     0.0","X","R","22","     0.0"," ","R","22","     0.0"," ","R","22","     0.0"," ","R","22","     0.0"," ","R","22","     0.3"," ","R","22","     0.2"," ","R","22","    27.6"," ","P","22","    13.4"," ","P","22","     7.5"," ","P","22","     3.9"," ","P","22","     1.1"," ","P","22","     0.0"," ","P","22","     0.0"," ","P","22","     0.0"," ","P","22","    0.03"," ","P","22","    0.09"," ","P","22","    0.27"," ","P","22","    1.34"," ","R","20","    1.34"," ","R","20"
"USW00094870","01-19"," 40.0397"," -88.2778"," 229.8","CHAMPAIGN WILLARD AP, IL US","01","19","99","    25.5"," ","R","22","    33.7"," ","R","22","    17.2"," ","R","23","    16.5"," ","R","22","    11.5"," ","R","22","    11.6"," ","R","22","    12.6"," ","R","23","     7.7"," ","R","22","    39.5"," ","R","22","    14.9"," ","R","22","    19.6"," ","R","22","    24.5"," ","R","22","    29.5"," ","R","22","    31.5"," ","R","22","    34.5"," ","R","22","     0.0"," ","R","22","     0.3"," ","R","22","     0.1"," ","R","22","     0.0","X","R","22","     0.0","X","R","22","     0.0"," ","R","22","     0.0"," ","R","22","     0.0"," ","R","22","     0.0"," ","R","22","     0.0"," ","R","22","     0.3"," ","R","22","     0.1"," ","R","22","     0.0","X","R","22","     0.0","X","R","22","     0.0"," ","R","22","     0.0"," ","R","22","     0.0"," ","R","22","     0.0"," ","R","22","     0.3"," ","R","22","     0.2"," ","R","22","    27.6"," ","P","22","    13.4"," ","P","22","     7.4"," ","P","22","     3.8"," ","P","22","     1.0"," ","P","22","     0.0"," ","P","22","     0.0"," ","P","22","     0.0"," ","P","22","    0.03"," ","P","22","    0.09"," ","P","22","    0.26"," ","P","22","    1.39"," ","R","20","    1.39"," ","R","20"
"USW00094870","01-20"," 40.0397"," -88.2778"," 229.8","CHAMPAIGN WILLARD AP, IL US","01","20","99","    25.5"," ","R","22","    33.8"," ","R","22","    17.2"," ","R","23","    16.6"," ","R","22","    11.4"," ","R","22","    11.6"," ","R","22","    12.6"," ","R","23","     7.8"," ","R","22","    39.5"," ","R","22","    14.9"," ","R","22","    19.6"," ","R","22","    24.5"," ","R","22","    29.5"," ","R","22","    31.5"," ","R","22","    34.5"," ","R","22","     0.0"," ","R","22","     0.4"," ","R","22","     0.1"," ","R","22","     0.0","X","R","22","     0.0","X","R","22","     0.0"," ","R","22","     0.0"," ","R","22","     0.0"," ","R","22","     0.0"," ","R","22","     0.0"," ","R","22","     0.4"," ","R","22","     0.1"," ","R","22","     0.0","X","R","22","     0.0","X","R","22","     0.0"," ","R","22","     0.0"," ","R","22","     0.0"," ","R","22","     0.0"," ","R","22","     0.3"," ","R","22","     0.2"," ","R","22","    27.5"," ","P","22","    13.3"," ","P","22","     7.4"," ","P","22","     3.8"," ","P","22","     1.0"," ","P","22","     0.0"," ","P","22","     0.0"," ","P","22","     0.0"," ","P","22","    0.03"," ","P","22","    0.09"," ","P","22","    0.26"," ","P","22","    1.45"," ","R","20","    1.45"," ","R","20"
"USW00094870","01-21"," 40.0397"," -88.2778"," 229.8","CHAMPAIGN WILLARD AP, IL US","01","21","99","    25.5"," ","R","22","    33.8"," ","R","22","    17.2"," ","R","23","    16.7"," ","R","22","    11.4"," ","R","22","    11.6"," ","R","22","    12.5"," ","R","23","     7.8"," ","R","22","    39.5"," ","R","22","    14.9"," ","R","22","    19.6"," ","R","22","    24.5"," ","R","22","    29.5"," ","R","22","    31.5"," ","R","22","    34.5"," ","R","22","     0.0"," ","R","22","     0.4"," ","R","22","     0.1"," ","R","22","     0.0","X","R","22","     0.0","X","R","22","     0.0"," ","R","22","     0.0"," ","R","22","     0.0"," ","R","22","     0.0"," ","R","22","     0.0"," ","R","22","     0.4"," ","R","22","     0.1"," ","R","22","     0.0","X","R","22","     0.0","X","R","22","     0.0"," ","R","22","     0.0"," ","R","22","     0.0"," ","R","22","     0.0"," ","R","22","     0.3"," ","R","22","     0.2"," ","R","22","    27.4"," ","P","22","    13.2"," ","P","22","     7.4"," ","P","22","     3.7"," ","P","22","     1.0"," ","P","22","     0.0"," ","P","22","     0.0"," ","P","22","     0.0"," ","P","22","    0.03"," ","P","22","    0.09"," ","P","22","    0.26"," ","P","22","    1.51"," ","R","20","    1.51"," ","R","20"
"USW00094870","01-22"," 40.0397"," -88.2778"," 229.8","CHAMPAIGN WILLARD AP, IL US","01","22","99","    25.5"," ","R","22","    33.9"," ","R","22","    17.2"," ","R","23","    16.7"," ","R","22","    11.4"," ","R","22","    11.6"," ","R","22","    12.5"," ","R","23","     7.8"," ","R","22","    39.5"," ","R","22","    14.9"," ","R","22","    19.6"," ","R","22","    24.5"," ","R","22","    29.5"," ","R","22","    31.5"," ","R","22","    34.5"," ","R","22","     0.0"," ","R","22","     0.4"," ","R","22","     0.1"," ","R","22","     0.0","X","R","22","     0.0","X","R","22","     0.0"," ","R","22","     0.0"," ","R","22","     0.0"," ","R","22","     0.0"," ","R","22","     0.0"," ","R","22","     0.4"," ","R","22","     0.1"," ","R","22","     0.0","X","R","22","     0.0","X","R","22","     0.0"," ","R","22","     0.0"," ","R","22","     0.0"," ","R","22","     0.0"," ","R","22","     0.3"," ","R","22","     0.2"," ","R","22","    27.4"," ","P","22","    13.2"," ","P","22","     7.3"," ","P","22","     3.6"," ","P","22","     1.0"," ","P","22","     0.0"," ","P","22","     0.0"," ","P","22","     0.0"," ","P","22","    0.03"," ","P","22","    0.09"," ","P","22","    0.26"," ","P","22","    1.57"," ","R","20","    1.57"," ","R","20"
"USW00094870","01-23"," 40.0397"," -88.2778"," 229.8","CHAMPAIGN WILLARD AP, IL US","01","23","99","    25.6"," ","R","22","    34.0"," ","R","22","    17.2"," ","R","23","    16.8"," ","R","22","    11.3"," ","R","22","    11.5"," ","R","22","    12.4"," ","R","23","     7.8"," ","R","22","    39.4"," ","R","22","    14.8"," ","R","22","    19.5"," ","R","22","    24.4"," ","R","22","    29.4"," ","R","22","    31.4"," ","R","22","    34.4"," ","R","22","     0.0"," ","R","22","     0.4"," ","R","22","     0.1"," ","R","22","     0.0","X","R","22","     0.0","X","R","22","     0.0"," ","R","22","     0.0"," ","R","22","     0.0"," ","R","22","     0.0"," ","R","22","     0.0"," ","R","22","     0.4"," ","R","22","     0.1"," ","R","22","     0.0","X","R","22","     0.0","X","R","22","     0.0"," ","R","22","     0.0"," ","R","22","     0.0"," ","R","22","     0.0"," ","R","22","     0.4"," ","R","22","     0.3"," ","R","22","    27.3"," ","P","22","    13.1"," ","P","22","     7.3"," ","P","22","     3.6"," ","P","22","     1.0"," ","P","22","     0.0"," ","P","22","     0.0"," ","P","22","     0.0"," ","P","22","    0.03"," ","P","22","    0.09"," ","P","22","    0.26"," ","P","22","    1.62"," ","R","20","    1.62"," ","R","20"
"USW00094870","01-24"," 40.0397"," -88.2778"," 229.8","CHAMPAIGN WILLARD AP, IL US","01","24","99","    25.6"," ","R","22","    34.1"," ","R","22","    17.2"," ","R","23","    16.8"," ","R","22","    11.3"," ","R","22","    11.5"," ","R","22","    12.4"," ","R","23","     7.8"," ","R","22","    39.3"," ","R","22","    14.8"," ","R","22","    19.5"," ","R","22","    24.4"," ","R","22","    29.4"," ","R","22","    31.3"," ","R","22","    34.3"," ","R","22","     0.0"," ","R","22","     0.5"," ","R","22","     0.1"," ","R","22","     0.0","X","R","22","     0.0","X","R","22","     0.0"," ","R","22","     0.0"," ","R","22","     0.0"," ","R","22","     0.0"," ","R","22","     0.0"," ","R","22","     0.5"," ","R","22","     0.1"," ","R","22","     0.0","X","R","22","     0.0","X","R","22","     0.0"," ","R","22","     0.0"," ","R","22","     0.0"," ","R","22","     0.0"," ","R","22","     0.4"," ","R","22","     0.3"," ","R","22","    27.2"," ","P","22","    13.1"," ","P","22","     7.3"," ","P","22","     3.5"," ","P","22","     1.0"," ","P","22","     0.0"," ","P","22","     0.0"," ","P","22","     0.0"," ","P","22","    0.03"," ","P","22","    0.09"," ","P","22","    0.26"," ","P","22","    1.68"," ","R","20","    1.68"," ","R","20"
"USW00094870","01-25"," 40.0397"," -88.2778"," 229.8","CHAMPAIGN WILLARD AP, IL US","01","25","99","    25.7"," ","R","22","    34.1"," ","R","22","    17.3"," ","R","23","    16.9"," ","R","22","    11.3"," ","R","22","    11.5"," ","R","22","    12.3"," ","R","23","     7.8"," ","R","22","    39.3"," ","R","22","    14.7"," ","R","22","    19.4"," ","R","22","    24.3"," ","R","22","    29.3"," ","R","22","    31.3"," ","R","22","    34.3"," ","R","22","     0.0"," ","R","22","     0.5"," ","R","22","     0.1"," ","R","22","     0.0","X","R","22","     0.0","X","R","22","     0.0"," ","R","22","     0.0"," ","R","22","     0.0"," ","R","22","     0.0"," ","R","22","     0.0"," ","R","22","     0.5"," ","R","22","     0.1"," ","R","22","     0.0","X","R","22","     0.0","X","R","22","     0.0"," ","R","22","     0.0"," ","R","22","     0.0"," ","R","22","     0.0"," ","R","22","     0.4"," ","R","22","     0.3"," ","R","22","    27.2"," ","P","22","    13.0"," ","P","22","     7.3"," ","P","22","     3.5"," ","P","22","     1.0"," ","P","22","     0.0"," ","P","22","     0.0"," ","P","22","     0.0"," ","P","22","    0.03"," ","P","22","    0.09"," ","P","22","    0.26"," ","P","22","    1.74"," ","R","20","    1.74"," ","R","20"
"USW00094870","01-26"," 40.0397"," -88.2778"," 229.8","CHAMPAIGN WILLARD AP, IL US","01","26","99","    25.8"," ","R","22","    34.3"," ","R","22","    17.3"," ","R","23","    16.9"," ","R","22","    11.3"," ","R","22","    11.5"," ","R","22","    12.3"," ","R","23","     7.8"," ","R","22","    39.2"," ","R","22","    14.7"," ","R","22","    19.3"," ","R","22","    24.2"," ","R","22","    29.2"," ","R","22","    31.2"," ","R","22","    34.2"," ","R","22","     0.0"," ","R","22","     0.5"," ","R","22","     0.1"," ","R","22","     0.0","X","R","22","     0.0","X","R","22","     0.0"," ","R","22","     0.0"," ","R","22","     0.0"," ","R","22","     0.0"," ","R","22","     0.0"," ","R","22","     0.5"," ","R","22","     0.1"," ","R","22","     0.0","X","R","22","     0.0","X","R","22","     0.0"," ","R","22","     0.0"," ","R","22","     0.0"," ","R","22","     0.0"," ","R","22","     0.4"," ","R","22","     0.3"," ","R","22","    27.2"," ","P","22","    13.0"," ","P","22","     7.3"," ","P","22","     3.4"," ","P","22","     1.0"," ","P","22","     0.0"," ","P","22","     0.0"," ","P","22","     0.0"," ","P","22","    0.03"," ","P","22","    0.09"," ","P","22","    0.26"," ","P","22","    1.80"," ","R","20","    1.80"," ","R","20"
"USW00094870","01-27"," 40.0397"," -88.2778"," 229.8","CHAMPAIGN WILLARD AP, IL US","01","27","99","    25.9"," ","R","22","    34.4"," ","R","22","    17.4"," ","R","23","    16.9"," ","R","22","    11.3"," ","R","22","    11.6"," ","R","22","    12.3"," ","R","23","     7.8"," ","R","22","    39.1"," ","R","22","    14.6"," ","R","22","    19.2"," ","R","22","    24.1"," ","R","22","    29.1"," ","R","22","    31.1"," ","R","22","    34.1"," ","R","22","     0.0"," ","R","22","     0.5"," ","R","22","     0.1"," ","R","22","     0.0","X","R","22","     0.0","X","R","22","     0.0"," ","R","22","     0.0"," ","R","22","     0.0"," ","R","22","     0.0"," ","R","22","     0.0"," ","R","22","     0.5"," ","R","22","     0.1"," ","R","22","     0.0","X","R","22","     0.0","X","R","22","     0.0"," ","R","22","     0.0"," ","R","22","     0.0"," ","R","22","     0.0"," ","R","22","     0.4"," ","R","22","     0.3"," ","R","22","    27.3"," ","P","22","    13.1"," ","P","22","     7.4"," ","P","22","     3.4"," ","P","22","     1.0"," ","P","22","     0.0"," ","P","22","     0.0"," ","P","22","     0.0"," ","P","22","    0.03"," ","P","22","    0.09"," ","P","22","    0.26"," ","P","22","    1.85"," ","R","20","    1.85"," ","R","20"
"USW00094870","01-28"," 40.0397"," -88.2778"," 229.8","CHAMPAIGN WILLARD AP, IL US","01","28","99","    26.0"," ","R","22","    34.5"," ","R","22","    17.5"," ","R","23","    17.0"," ","R","22","    11.3"," ","R","22","    11.6"," ","R","22","    12.2"," ","R","23","     7.8"," ","R","22","    39.0"," ","R","22","    14.4"," ","R","22","    19.1"," ","R","22","    24.0"," ","R","22","    29.0"," ","R","22","    31.0"," ","R","22","    34.0"," ","R","22","     0.0"," ","R","22","     0.5"," ","R","22","     0.1"," ","R","22","     0.0","X","R","22","     0.0","X","R","22","     0.0"," ","R","22","     0.0"," ","R","22","     0.0"," ","R","22","     0.0"," ","R","22","     0.0"," ","R","22","     0.5"," ","R","22","     0.1"," ","R","22","     0.0","X","R","22","     0.0","X","R","22","     0.0"," ","R","22","     0.0"," ","R","22","     0.0"," ","R","22","     0.0"," ","R","22","     0.4"," ","R","22","     0.3"," ","R","22","    27.3"," ","P","22","    13.2"," ","P","22","     7.4"," ","P","22","     3.4"," ","P","22","     1.0"," ","P","22","     0.0"," ","P","22","     0.0"," ","P","22","     0.0"," ","P","22","    0.03"," ","P","22","    0.09"," ","P","22","    0.26"," ","P","22","    1.91"," ","R","20","    1.91"," ","R","20"
"USW00094870","01-29"," 40.0397"," -88.2778"," 229.8","CHAMPAIGN WILLARD AP, IL US","01","29","99","    26.1"," ","R","22","    34.6"," ","R","22","    17.6"," ","R","23","    17.0"," ","R","22","    11.3"," ","R","22","    11.6"," ","R","22","    12.2"," ","R","23","     7.7"," ","R","22","    38.8"," ","R","22","    14.3"," ","R","22","    19.0"," ","R","22","    23.9"," ","R","22","    28.8"," ","R","22","    30.8"," ","R","22","    33.8"," ","R","22","     0.0"," ","R","22","     0.5"," ","R","22","     0.1"," ","R","22","     0.0","X","R","22","     0.0","X","R","22","     0.0"," ","R","22","     0.0"," ","R","22","     0.0"," ","R","22","     0.0"," ","R","22","     0.0"," ","R","22","     0.5"," ","R","22","     0.1"," ","R","22","     0.0","X","R","22","     0.0","X","R","22","     0.0"," ","R","22","     0.0"," ","R","22","     0.0"," ","R","22","     0.0"," ","R","22","     0.4"," ","R","22","     0.3"," ","R","22","    27.4"," ","P","22","    13.2"," ","P","22","     7.5"," ","P","22","     3.4"," ","P","22","     1.1"," ","P","22","     0.0"," ","P","22","     0.0"," ","P","22","     0.0"," ","P","22","    0.03"," ","P","22","    0.09"," ","P","22","    0.26"," ","P","22","    1.96"," ","R","20","    1.96"," ","R","20"
"USW00094870","01-30"," 40.0397"," -88.2778"," 229.8","CHAMPAIGN WILLARD AP, IL US","01","30","99","    26.3"," ","R","22","    34.8"," ","R","22","    17.8"," ","R","23","    17.0"," ","R","22","    11.3"," ","R","22","    11.7"," ","R","22","    12.2"," ","R","23","     7.7"," ","R","22","    38.7"," ","R","22","    14.2"," ","R","22","    18.8"," ","R","22","    23.7"," ","R","22","    28.7"," ","R","22","    30.7"," ","R","22","    33.7"," ","R","22","     0.0"," ","R","22","     0.5"," ","R","22","     0.1"," ","R","22","     0.0","X","R","22","     0.0","X","R","22","     0.0"," ","R","22","     0.0"," ","R","22","     0.0"," ","R","22","     0.0"," ","R","22","     0.0"," ","R","22","     0.5"," ","R","22","     0.1"," ","R","22","     0.0","X","R","22","     0.0","X","R","22","     0.0"," ","R","22","     0.0"," ","R","22","     0.0"," ","R","22","     0.0"," ","R","22","     0.4"," ","R","22","     0.3"," ","R","22","    27.4"," ","P","22","    13.3"," ","P","22","     7.5"," ","P","22","     3.4"," ","P","22","     1.1"," ","P","22","     0.0"," ","P","22","     0.0"," ","P","22","     0.0"," ","P","22","    0.03"," ","P","22","    0.09"," ","P","22","    0.26"," ","P","22","    2.01"," ","R","20","    2.01"," ","R","20"
"USW00094870","01-31"," 40.0397"," -88.2778"," 229.8","CHAMPAIGN WILLARD AP, IL US","01","31","99","    26.4"," ","R","22","    35.0"," ","R","22","    17.9"," ","R","23","    17.0"," ","R","22","    11.3"," ","R","22","    11.7"," ","R","22","    12.2"," ","R","23","     7.7"," ","R","22","    38.5"," ","R","22","    14.0"," ","R","22","    18.7"," ","R","22","    23.6"," ","R","22","    28.5"," ","R","22","    30.5"," ","R","22","    33.5"," ","R","22","     0.0"," ","R","22","     0.5"," ","R","22","     0.1"," ","R","22","     0.0","X","R","22","     0.0"," ","R","22","     0.0","X","R","22","     0.0"," ","R","22","     0.0"," ","R","22","     0.0"," ","R","22","     0.0"," ","R","22","     0.5"," ","R","22","     0.1"," ","R","22","     0.0","X","R","22","     0.0"," ","R","22","     0.0","X","R","22","     0.0"," ","R","22","     0.0"," ","R","22","     0.0"," ","R","22","     0.4"," ","R","22","     0.3"," ","R","22","    27.4"," ","P","22","    13.3"," ","P","22","     7.5"," ","P","22","     3.3"," ","P","22","     1.1"," ","P","22","     0.0"," ","P","22","     0.0"," ","P","22","     0.0"," ","P","22","    0.03"," ","P","22","    0.09"," ","P","22","    0.26"," ","P","22","    2.07"," ","R","20","    2.07"," ","R","20"
"USW00094870","02-01"," 40.0397"," -88.2778"," 229.8","CHAMPAIGN WILLARD AP, IL US","02","01","99","    26.6"," ","R","22","    35.1"," ","R","22","    18.1"," ","R","23","    17.1"," ","R","22","    11.3"," ","R","22","    11.8"," ","R","22","    12.2"," ","R","23","     7.7"," ","R","22","    38.4"," ","R","22","    13.9"," ","R","22","    18.5"," ","R","22","    23.4"," ","R","22","    28.4"," ","R","22","    30.4"," ","R","22","    33.4"," ","R","22","     0.0"," ","R","22","     0.5"," ","R","22","     0.1"," ","R","22","     0.0","X","R","22","     0.0","X","R","22","     0.0","X","R","22","     0.0"," ","R","22","     0.0"," ","R","22","     0.0"," ","R","22","     0.0"," ","R","22","     0.5"," ","R","22","     0.1"," ","R","22","     0.0","X","R","22","     0.0","X","R","22","     0.0","X","R","22","     0.0"," ","R","22","     0.0"," ","R","22","     0.0"," ","R","22","     0.5"," ","R","22","     0.3"," ","R","22","    27.4"," ","P","22","    13.3"," ","P","22","     7.5"," ","P","22","     3.3"," ","P","22","     1.1"," ","P","22","     0.2"," ","P","22","     0.0"," ","P","22","     0.0"," ","P","22","    0.03"," ","P","22","    0.09"," ","P","22","    0.26"," ","P","22","    0.05"," ","R","18","    2.12"," ","R","18"
"USW00094870","02-02"," 40.0397"," -88.2778"," 229.8","CHAMPAIGN WILLARD AP, IL US","02","02","99","    26.8"," ","R","22","    35.3"," ","R","22","    18.3"," ","R","23","    17.1"," ","R","22","    11.4"," ","R","22","    11.8"," ","R","22","    12.2"," ","R","23","     7.7"," ","R","22","    38.2"," ","R","22","    13.7"," ","R","22","    18.3"," ","R","22","    23.2"," ","R","22","    28.2"," ","R","22","    30.2"," ","R","22","    33.2"," ","R","22","     0.0"," ","R","22","     0.5"," ","R","22","     0.1"," ","R","22","     0.0","X","R","22","     0.0","X","R","22","     0.0","X","R","22","     0.0"," ","R","22","     0.0"," ","R","22","     0.0"," ","R","22","     0.0"," ","R","22","     0.5"," ","R","22","     0.1"," ","R","22","     0.0","X","R","22","     0.0","X","R","22","     0.0","X","R","22","     0.0"," ","R","22","     0.0"," ","R","22","     0.0"," ","R","22","     0.5"," ","R","22","     0.4"," ","R","22","    27.4"," ","P","22","    13.3"," ","P","22","     7.5"," ","P","22","     3.3"," ","P","22","     1.1"," ","P","22","     0.2"," ","P","22","     0.0"," ","P","22","     0.0"," ","P","22","    0.03"," ","P","22","    0.09"," ","P","22","    0.26"," ","P","22","    0.10"," ","R","18","    2.17"," ","R","18"
"USW00094870","02-03"," 40.0397"," -88.2778"," 229.8","CHAMPAIGN WILLARD AP, IL US","02","03","99","    27.0"," ","R","22","    35.5"," ","R","22","    18.4"," ","R","23","    17.1"," ","R","22","    11.4"," ","R","22","    11.9"," ","R","22","    12.2"," ","R","23","     7.7"," ","R","22","    38.0"," ","R","22","    13.6"," ","R","22","    18.2"," ","R","22","    23.0"," ","R","22","    28.0"," ","R","22","    30.0"," ","R","22","    33.0"," ","R","22","     0.0"," ","R","22","     0.6"," ","R","22","     0.2"," ","R","22","     0.0","X","R","22","     0.0","X","R","22","     0.0","X","R","22","     0.0"," ","R","22","     0.0"," ","R","22","     0.0"," ","R","22","     0.0"," ","R","22","     0.6"," ","R","22","     0.2"," ","R","22","     0.0","X","R","22","     0.0","X","R","22","     0.0","X","R","22","     0.0"," ","R","22","     0.0"," ","R","22","     0.0"," ","R","22","     0.6"," ","R","22","     0.4"," ","R","22","    27.5"," ","P","22","    13.3"," ","P","22","     7.5"," ","P","22","     3.3"," ","P","22","     1.1"," ","P","22","     0.2"," ","P","22","     0.0"," ","P","22","     0.0"," ","P","22","    0.03"," ","P","22","    0.09"," ","P","22","    0.26"," ","P","22","    0.14"," ","R","18","    2.21"," ","R","18"
"USW00094870","02-04"," 40.0397"," -88.2778"," 229.8","CHAMPAIGN WILLARD AP, IL US","02","04","99","    27.2"," ","R","22","    35.7"," ","R","22","    18.7"," ","R","23","    17.1"," ","R","22","    11.4"," ","R","22","    11.9"," ","R","22","    12.1"," ","R","23","     7.6"," ","R","22","    37.8"," ","R","22","    13.4"," ","R","22","    18.0"," ","R","22","    22.8"," ","R","22","    27.8"," ","R","22","    29.8"," ","R","22","    32.8"," ","R","22","     0.0"," ","R","22","     0.6"," ","R","22","     0.2"," ","R","22","     0.0","X","R","22","     0.0","X","R","22","     0.0","X","R","22","     0.0"," ","R","22","     0.0"," ","R","22","     0.0"," ","R","22","     0.0"," ","R","22","     0.6"," ","R","22","     0.2"," ","R","22","     0.0","X","R","22","     0.0","X","R","22","     0.0","X","R","22","     0.0"," ","R","22","     0.0"," ","R","22","     0.0"," ","R","22","     0.6"," ","R","22","     0.4"," ","R","22","    27.5"," ","P","22","    13.4"," ","P","22","     7.6"," ","P","22","     3.3"," ","P","22","     1.2"," ","P","22","     0.2"," ","P","22","     0.0"," ","P","22","     0.0"," ","P","22","    0.03"," ","P","22","    0.09"," ","P","22","    0.27"," ","P","22","    0.19"," ","R","18","    2.26"," ","R","18"
"USW00094870","02-05"," 40.0397"," -88.2778"," 229.8","CHAMPAIGN WILLARD AP, IL US","02","05","99","    27.4"," ","R","22","    35.9"," ","R","22","    18.9"," ","R","23","    17.1"," ","R","22","    11.4"," ","R","22","    11.9"," ","R","22","    12.1"," ","R","23","     7.6"," ","R","22","    37.6"," ","R","22","    13.2"," ","R","22","    17.8"," ","R","22","    22.6"," ","R","22","    27.6"," ","R","22","    29.6"," ","R","22","    32.6"," ","R","22","     0.0"," ","R","22","     0.7"," ","R","22","     0.2"," ","R","22","     0.0","X","R","22","     0.0","X","R","22","     0.0","X","R","22","     0.0"," ","R","22","     0.0"," ","R","22","     0.0"," ","R","22","     0.0"," ","R","22","     0.7"," ","R","22","     0.2"," ","R","22","     0.0","X","R","22","     0.0","X","R","22","     0.0","X","R","22","     0.0"," ","R","22","     0.0"," ","R","22","     0.0"," ","R","22","     0.6"," ","R","22","     0.4"," ","R","22","    27.5"," ","P","22","    13.4"," ","P","22","     7.6"," ","P","22","     3.3"," ","P","22","     1.2"," ","P","22","     0.3"," ","P","22","     0.0"," ","P","22","     0.0"," ","P","22","    0.03"," ","P","22","    0.09"," ","P","22","    0.27"," ","P","22","    0.25"," ","R","18","    2.32"," ","R","18"
"USW00094870","02-06"," 40.0397"," -88.2778"," 229.8","CHAMPAIGN WILLARD AP, IL US","02","06","99","    27.6"," ","R","22","    36.2"," ","R","22","    19.1"," ","R","23","    17.1"," ","R","22","    11.4"," ","R","22","    12.0"," ","R","22","    12.1"," ","R","23","     7.6"," ","R","22","    37.4"," ","R","22","    13.0"," ","R","22","    17.5"," ","R","22","    22.4"," ","R","22","    27.4"," ","R","22","    29.4"," ","R","22","    32.4"," ","R","22","     0.0"," ","R","22","     0.7"," ","R","22","     0.2"," ","R","22","     0.0","X","R","22","     0.0","X","R","22","     0.0","X","R","22","     0.0"," ","R","22","     0.0"," ","R","22","     0.0"," ","R","22","     0.0"," ","R","22","     0.7"," ","R","22","     0.2"," ","R","22","     0.0","X","R","22","     0.0","X","R","22","     0.0","X","R","22","     0.0"," ","R","22","     0.0"," ","R","22","     0.0"," ","R","22","     0.6"," ","R","22","     0.4"," ","R","22","    27.5"," ","P","22","    13.4"," ","P","22","     7.6"," ","P","22","     3.2"," ","P","22","     1.2"," ","P","22","     0.3"," ","P","22","     0.0"," ","P","22","     0.0"," ","P","22","    0.03"," ","P","22","    0.09"," ","P","22","    0.27"," ","P","22","    0.30"," ","R","18","    2.37"," ","R","18"
"USW00094870","02-07"," 40.0397"," -88.2778"," 229.8","CHAMPAIGN WILLARD AP, IL US","02","07","99","    27.9"," ","R","22","    36.4"," ","R","22","    19.3"," ","R","23","    17.1"," ","R","22","    11.4"," ","R","22","    12.0"," ","R","22","    12.0"," ","R","23","     7.6"," ","R","22","    37.1"," ","R","22","    12.8"," ","R","22","    17.3"," ","R","22","    22.2"," ","R","22","    27.1"," ","R","22","    29.1"," ","R","22","    32.1"," ","R","22","     0.0"," ","R","22","     0.7"," ","R","22","     0.2"," ","R","22","     0.0","X","R","22","     0.0","X","R","22","     0.0","X","R","22","     0.0"," ","R","22","     0.0"," ","R","22","     0.0"," ","R","22","     0.0"," ","R","22","     0.7"," ","R","22","     0.2"," ","R","22","     0.0","X","R","22","     0.0","X","R","22","     0.0","X","R","22","     0.0"," ","R","22","     0.0"," ","R","22","     0.0"," ","R","22","     0.6"," ","R","22","     0.4"," ","R","22","    27.5"," ","P","22","    13.5"," ","P","22","     7.7"," ","P","22","     3.2"," ","P","22","     1.2"," ","P","22","     0.3"," ","P","22","     0.0"," ","P","22","     0.0"," ","P","22","    0.03"," ","P","22","    0.09"," ","P","22","    0.27"," ","P","22","    0.37"," ","R","18","    2.44"," ","R","18"
"USW00094870","02-08"," 40.0397"," -88.2778"," 229.8","CHAMPAIGN WILLARD AP, IL US","02","08","99","    28.1"," ","R","22","    36.7"," ","R","22","    19.6"," ","R","23","    17.1"," ","R","22","    11.4"," ","R","22","    12.0"," ","R","22","    12.0"," ","R","23","     7.5"," ","R","22","    36.9"," ","R","22","    12.6"," ","R","22","    17.1"," ","R","22","    21.9"," ","R","22","    26.9"," ","R","22","    28.9"," ","R","22","    31.9"," ","R","22","     0.0"," ","R","22","     0.7"," ","R","22","     0.2"," ","R","22","     0.0","X","R","22","     0.0","X","R","22","     0.0","X","R","22","     0.0"," ","R","22","     0.0"," ","R","22","     0.0"," ","R","22","     0.0"," ","R","22","     0.7"," ","R","22","     0.2"," ","R","22","     0.0","X","R","22","     0.0","X","R","22","     0.0","X","R","22","     0.0"," ","R","22","     0.0"," ","R","22","     0.0"," ","R","22","     0.6"," ","R","22","     0.4"," ","R","22","    27.6"," ","P","22","    13.5"," ","P","22","     7.7"," ","P","22","     3.2"," ","P","22","     1.2"," ","P","22","     0.3"," ","P","22","     0.0"," ","P","22","     0.0"," ","P","22","    0.03"," ","P","22","    0.09"," ","P","22","    0.27"," ","P","22","    0.43"," ","R","18","    2.50"," ","R","18"
"USW00094870","02-09"," 40.0397"," -88.2778"," 229.8","CHAMPAIGN WILLARD AP, IL US","02","09","99","    28.4"," ","R","22","    36.9"," ","R","22","    19.9"," ","R","23","    17.1"," ","R","22","    11.4"," ","R","22","    12.1"," ","R","22","    11.9"," ","R","23","     7.5"," ","R","22","    36.6"," ","R","22","    12.4"," ","R","22","    16.8"," ","R","22","    21.7"," ","R","22","    26.6"," ","R","22","    28.6"," ","R","22","    31.6"," ","R","22","     0.0"," ","R","22","     0.8"," ","R","22","     0.2"," ","R","22","     0.1"," ","R","22","     0.0","X","R","22","     0.0","X","R","22","     0.0"," ","R","22","     0.0"," ","R","22","     0.0"," ","R","22","     0.0"," ","R","22","     0.8"," ","R","22","     0.2"," ","R","22","     0.1"," ","R","22","     0.0","X","R","22","     0.0","X","R","22","     0.0"," ","R","22","     0.0"," ","R","22","     0.0"," ","R","22","     0.6"," ","R","22","     0.5"," ","R","22","    27.6"," ","P","22","    13.5"," ","P","22","     7.8"," ","P","22","     3.2"," ","P","22","     1.3"," ","P","22","     0.3"," ","P","22","     0.0"," ","P","22","     0.0"," ","P","22","    0.03"," ","P","22","    0.09"," ","P","22","    0.27"," ","P","22","    0.49"," ","R","18","    2.56"," ","R","18"
"USW00094870","02-10"," 40.0397"," -88.2778"," 229.8","CHAMPAIGN WILLARD AP, IL US","02","10","99","    28.7"," ","R","22","    37.2"," ","R","22","    20.1"," ","R","23","    17.1"," ","R","22","    11.4"," ","R","22","    12.1"," ","R","22","    11.8"," ","R","23","     7.5"," ","R","22","    36.3"," ","R","22","    12.1"," ","R","22","    16.6"," ","R","22","    21.4"," ","R","22","    26.3"," ","R","22","    28.3"," ","R","22","    31.3"," ","R","22","     0.0"," ","R","22","     0.8"," ","R","22","     0.3"," ","R","22","     0.1"," ","R","22","     0.0","X","R","22","     0.0","X","R","22","     0.0"," ","R","22","     0.0"," ","R","22","     0.0"," ","R","22","     0.0"," ","R","22","     0.8"," ","R","22","     0.3"," ","R","22","     0.1"," ","R","22","     0.0","X","R","22","     0.0","X","R","22","     0.0"," ","R","22","     0.0"," ","R","22","     0.0"," ","R","22","     0.7"," ","R","22","     0.5"," ","R","22","    27.7"," ","P","22","    13.6"," ","P","22","     7.8"," ","P","22","     3.3"," ","P","22","     1.3"," ","P","22","     0.3"," ","P","22","     0.0"," ","P","22","     0.0"," ","P","22","    0.03"," ","P","22","    0.09"," ","P","22","    0.27"," ","P","22","    0.55"," ","R","18","    2.62"," ","R","18"
"USW00094870","02-11"," 40.0397"," -88.2778"," 229.8","CHAMPAIGN WILLARD AP, IL US","02","11","99","    29.0"," ","R","22","    37.5"," ","R","22","    20.4"," ","R","23","    17.1"," ","R","22","    11.3"," ","R","22","    12.1"," ","R","22","    11.8"," ","R","23","     7.5"," ","R","22","    36.0"," ","R","22","    11.9"," ","R","22","    16.4"," ","R","22","    21.1"," ","R","22","    26.1"," ","R","22","    28.0"," ","R","22","    31.0"," ","R","22","     0.0"," ","R","22","     0.9"," ","R","22","     0.3"," ","R","22","     0.1"," ","R","22","     0.0","X","R","22","     0.0","X","R","22","     0.0"," ","R","22","     0.0"," ","R","22","     0.0"," ","R","22","     0.0"," ","R","22","     0.9"," ","R","22","     0.3"," ","R","22","     0.1"," ","R","22","     0.0","X","R","22","     0.0","X","R","22","     0.0"," ","R","22","     0.0"," ","R","22","     0.0"," ","R","22","     0.7"," ","R","22","     0.5"," ","R","22","    27.9"," ","P","22","    13.7"," ","P","22","     7.9"," ","P","22","     3.3"," ","P","22","     1.3"," ","P","22","     0.3"," ","P","22","     0.0"," ","P","22","     0.0"," ","P","22","    0.03"," ","P","22","    0.09"," ","P","22","    0.28"," ","P","22","    0.62"," ","R","18","    2.69"," ","R","18"
"USW00094870","02-12"," 40.0397"," -88.2778"," 229.8","CHAMPAIGN WILLARD AP, IL US","02","12","99","    29.2"," ","R","22","    37.8"," ","R","22","    20.7"," ","R","23","    17.1"," ","R","22","    11.3"," ","R","22","    12.1"," ","R","22","    11.7"," ","R","23","     7.5"," ","R","22","    35.7"," ","R","22","    11.7"," ","R","22","    16.1"," ","R","22","    20.9"," ","R","22","    25.8"," ","R","22","    27.7"," ","R","22","    30.7"," ","R","22","     0.0"," ","R","22","     1.0"," ","R","22","     0.4"," ","R","22","     0.1"," ","R","22","     0.0","X","R","22","     0.0","X","R","22","     0.0"," ","R","22","     0.0"," ","R","22","     0.0"," ","R","22","     0.0"," ","R","22","     1.0"," ","R","22","     0.4"," ","R","22","     0.1"," ","R","22","     0.0","X","R","22","     0.0","X","R","22","     0.0"," ","R","22","     0.0"," ","R","22","     0.0"," ","R","22","     0.8"," ","R","22","     0.6"," ","R","22","    28.0"," ","P","22","    13.8"," ","P","22","     8.0"," ","P","22","     3.3"," ","P","22","     1.4"," ","P","22","     0.3"," ","P","22","     0.0"," ","P","22","     0.0"," ","P","22","    0.03"," ","P","22","    0.09"," ","P","22","    0.28"," ","P","22","    0.69"," ","R","18","    2.76"," ","R","18"
"USW00094870","02-13"," 40.0397"," -88.2778"," 229.8","CHAMPAIGN WILLARD AP, IL US","02","13","99","    29.6"," ","R","22","    38.1"," ","R","22","    21.0"," ","R","23","    17.1"," ","R","22","    11.3"," ","R","22","    12.1"," ","R","22","    11.7"," ","R","23","     7.4"," ","R","22","    35.4"," ","R","22","    11.5"," ","R","22","    15.9"," ","R","22","    20.6"," ","R","22","    25.5"," ","R","22","    27.4"," ","R","22","    30.4"," ","R","22","     0.0"," ","R","22","     1.0"," ","R","22","     0.4"," ","R","22","     0.1"," ","R","22","     0.0","X","R","22","     0.0","X","R","22","     0.0"," ","R","22","     0.0"," ","R","22","     0.0"," ","R","22","     0.0"," ","R","22","     1.0"," ","R","22","     0.4"," ","R","22","     0.1"," ","R","22","     0.0","X","R","22","     0.0","X","R","22","     0.0"," ","R","22","     0.0"," ","R","22","     0.0"," ","R","22","     0.8"," ","R","22","     0.6"," ","R","22","    28.2"," ","P","22","    13.9"," ","P","22","     8.0"," ","P","22","     3.4"," ","P","22","     1.4"," ","P","22","     0.3"," ","P","22","     0.0"," ","P","22","     0.0"," ","P","22","    0.03"," ","P","22","    0.09"," ","P","22","    0.28"," ","P","22","    0.75"," ","R","18","    2.82"," ","R","18"
"USW00094870","02-14"," 40.0397"," -88.2778"," 229.8","CHAMPAIGN WILLARD AP, IL US","02","14","99","    29.9"," ","R","22","    38.4"," ","R","22","    21.3"," ","R","23","    17.1"," ","R","22","    11.3"," ","R","22","    12.2"," ","R","22","    11.6"," ","R","23","     7.4"," ","R","22","    35.1"," ","R","22","    11.2"," ","R","22","    15.6"," ","R","22","    20.3"," ","R","22","    25.1"," ","R","22","    27.1"," ","R","22","    30.1"," ","R","22","     0.0"," ","R","22","     1.1"," ","R","22","     0.5"," ","R","22","     0.2"," ","R","22","     0.0","X","R","22","     0.0","X","R","22","     0.0"," ","R","22","     0.0"," ","R","22","     0.0"," ","R","22","     0.0"," ","R","22","     1.1"," ","R","22","     0.5"," ","R","22","     0.2"," ","R","22","     0.0","X","R","22","     0.0","X","R","22","     0.0"," ","R","22","     0.0"," ","R","22","     0.0"," ","R","22","     0.9"," ","R","22","     0.7"," ","R","22","    28.3"," ","P","22","    14.0"," ","P","22","     8.1"," ","P","22","     3.4"," ","P","22","     1.4"," ","P","22","     0.3"," ","P","22","     0.0"," ","P","22","     0.0"," ","P","22","    0.03"," ","P","22","    0.09"," ","P","22","    0.28"," ","P","22","    0.82"," ","R","18","    2.89"," ","R","18"
"USW00094870","02-15"," 40.0397"," -88.2778"," 229.8","CHAMPAIGN WILLARD AP, IL US","02","15","99","    30.2"," ","R","22","    38.7"," ","R","22","    21.6"," ","R","23","    17.1"," ","R","22","    11.3"," ","R","22","    12.2"," ","R","22","    11.5"," ","R","23","     7.4"," ","R","22","    34.8"," ","R","22","    11.0"," ","R","22","    15.3"," ","R","22","    20.0"," ","R","22","    24.8"," ","R","22","    26.8"," ","R","22","    29.8"," ","R","22","     0.0"," ","R","22","     1.2"," ","R","22","     0.5"," ","R","22","     0.2"," ","R","22","     0.0","X","R","22","     0.0","X","R","22","     0.0"," ","R","22","     0.0"," ","R","22","     0.0"," ","R","22","     0.0"," ","R","22","     1.2"," ","R","22","     0.5"," ","R","22","     0.2"," ","R","22","     0.0","X","R","22","     0.0","X","R","22","     0.0"," ","R","22","     0.0"," ","R","22","     0.0"," ","R","22","     0.9"," ","R","22","     0.7"," ","R","22","    28.5"," ","P","22","    14.1"," ","P","22","     8.1"," ","P","22","     3.5"," ","P","22","     1.4"," ","P","22","     0.3"," ","P","22","     0.0"," ","P","22","     0.0"," ","P","22","    0.03"," ","P","22","    0.10"," ","P","22","    0.29"," ","P","22","    0.88"," ","R","18","    2.95"," ","R","18"
"USW00094870","02-16"," 40.0397"," -88.2778"," 229.8","CHAMPAIGN WILLARD AP, IL US","02","16","99","    30.5"," ","R","22","    39.1"," ","R","22","    22.0"," ","R","23","    17.1"," ","R","22","    11.3"," ","R","22","    12.2"," ","R","22","    11.5"," ","R","23","     7.4"," ","R","22","    34.5"," ","R","22","    10.7"," ","R","22","    15.0"," ","R","22","    19.7"," ","R","22","    24.5"," ","R","22","    26.5"," ","R","22","    29.5"," ","R","22","     0.0"," ","R","22","     1.2"," ","R","22","     0.5"," ","R","22","     0.2"," ","R","22","     0.0","X","R","22","     0.0","X","R","22","     0.0"," ","R","22","     0.0"," ","R","22","     0.0"," ","R","22","     0.0"," ","R","22","     1.2"," ","R","22","     0.5"," ","R","22","     0.2"," ","R","22","     0.0","X","R","22","     0.0","X","R","22","     0.0"," ","R","22","     0.0"," ","R","22","     0.0"," ","R","22","     0.9"," ","R","22","     0.7"," ","R","22","    28.7"," ","P","22","    14.2"," ","P","22","     8.2"," ","P","22","     3.6"," ","P","22","     1.5"," ","P","22","     0.3"," ","P","22","     0.0"," ","P","22","     0.0"," ","P","22","    0.03"," ","P","22","    0.10"," ","P","22","    0.29"," ","P","22","    0.95"," ","R","18","    3.02"," ","R","18"
"USW00094870","02-17"," 40.0397"," -88.2778"," 229.8","CHAMPAIGN WILLARD AP, IL US","02","17","99","    30.9"," ","R","22","    39.4"," ","R","22","    22.3"," ","R","23","    17.1"," ","R","22","    11.2"," ","R","22","    12.2"," ","R","22","    11.4"," ","R","23","     7.4"," ","R","22","    34.1"," ","R","22","    10.4"," ","R","22","    14.7"," ","R","22","    19.4"," ","R","22","    24.2"," ","R","22","    26.1"," ","R","22","    29.1"," ","R","22","     0.0"," ","R","22","     1.3"," ","R","22","     0.6"," ","R","22","     0.2"," ","R","22","     0.0","X","R","22","     0.0","X","R","22","     0.0"," ","R","22","     0.0"," ","R","22","     0.0"," ","R","22","     0.0"," ","R","22","     1.3"," ","R","22","     0.6"," ","R","22","     0.2"," ","R","22","     0.0","X","R","22","     0.0","X","R","22","     0.0"," ","R","22","     0.0"," ","R","22","     0.0"," ","R","22","     1.0"," ","R","22","     0.8"," ","R","22","    28.9"," ","P","22","    14.3"," ","P","22","     8.3"," ","P","22","     3.6"," ","P","22","     1.5"," ","P","22","     0.3"," ","P","22","     0.0"," ","P","22","     0.0"," ","P","22","    0.03"," ","P","22","    0.10"," ","P","22","    0.29"," ","P","22","    1.02"," ","R","18","    3.09"," ","R","18"
"USW00094870","02-18"," 40.0397"," -88.2778"," 229.8","CHAMPAIGN WILLARD AP, IL US","02","18","99","    31.2"," ","R","22","    39.8"," ","R","22","    22.6"," ","R","23","    17.1"," ","R","22","    11.2"," ","R","22","    12.2"," ","R","22","    11.4"," ","R","23","     7.4"," ","R","22","    33.8"," ","R","22","    10.1"," ","R","22","    14.4"," ","R","22","    19.0"," ","R","22","    23.8"," ","R","22","    25.8"," ","R","22","    28.8"," ","R","22","     0.0"," ","R","22","     1.3"," ","R","22","     0.6"," ","R","22","     0.2"," ","R","22","     0.0","X","R","22","     0.0","X","R","22","     0.0"," ","R","22","     0.0"," ","R","22","     0.0"," ","R","22","     0.0"," ","R","22","     1.3"," ","R","22","     0.6"," ","R","22","     0.2"," ","R","22","     0.0","X","R","22","     0.0","X","R","22","     0.0"," ","R","22","     0.0"," ","R","22","     0.0"," ","R","22","     1.0"," ","R","22","     0.8"," ","R","22","    29.1"," ","P","22","    14.4"," ","P","22","     8.3"," ","P","22","     3.7"," ","P","22","     1.5"," ","P","22","     0.3"," ","P","22","     0.0"," ","P","22","     0.0"," ","P","22","    0.03"," ","P","22","    0.10"," ","P","22","    0.29"," ","P","22","    1.09"," ","R","18","    3.16"," ","R","18"
"USW00094870","02-19"," 40.0397"," -88.2778"," 229.8","CHAMPAIGN WILLARD AP, IL US","02","19","99","    31.6"," ","R","22","    40.1"," ","R","22","    23.0"," ","R","23","    17.2"," ","R","22","    11.2"," ","R","22","    12.2"," ","R","22","    11.3"," ","R","23","     7.4"," ","R","22","    33.4"," ","R","22","     9.8"," ","R","22","    14.1"," ","R","22","    18.7"," ","R","22","    23.5"," ","R","22","    25.5"," ","R","22","    28.4"," ","R","22","     0.0"," ","R","22","     1.4"," ","R","22","     0.6"," ","R","22","     0.3"," ","R","22","     0.0","X","R","22","     0.0","X","R","22","     0.0"," ","R","22","     0.0"," ","R","22","     0.0"," ","R","22","     0.0"," ","R","22","     1.4"," ","R","22","     0.6"," ","R","22","     0.3"," ","R","22","     0.0","X","R","22","     0.0","X","R","22","     0.0"," ","R","22","     0.0"," ","R","22","     0.0"," ","R","22","     1.0"," ","R","22","     0.8"," ","R","22","    29.3"," ","P","22","    14.5"," ","P","22","     8.4"," ","P","22","     3.8"," ","P","22","     1.5"," ","P","22","     0.3"," ","P","22","     0.0"," ","P","22","     0.0"," ","P","22","    0.03"," ","P","22","    0.10"," ","P","22","    0.29"," ","P","22","    1.16"," ","R","18","    3.23"," ","R","18"
"USW00094870","02-20"," 40.0397"," -88.2778"," 229.8","CHAMPAIGN WILLARD AP, IL US","02","20","99","    31.9"," ","R","22","    40.5"," ","R","22","    23.3"," ","R","23","    17.2"," ","R","22","    11.1"," ","R","22","    12.2"," ","R","22","    11.3"," ","R","23","     7.4"," ","R","22","    33.1"," ","R","22","     9.6"," ","R","22","    13.8"," ","R","22","    18.4"," ","R","22","    23.1"," ","R","22","    25.1"," ","R","22","    28.1"," ","R","22","     0.0"," ","R","22","     1.5"," ","R","22","     0.7"," ","R","22","     0.3"," ","R","22","     0.0","X","R","22","     0.0","X","R","22","     0.0"," ","R","22","     0.0"," ","R","22","     0.0"," ","R","22","     0.0"," ","R","22","     1.5"," ","R","22","     0.7"," ","R","22","     0.3"," ","R","22","     0.0","X","R","22","     0.0","X","R","22","     0.0"," ","R","22","     0.0"," ","R","22","     0.0"," ","R","22","     1.1"," ","R","22","     0.9"," ","R","22","    29.5"," ","P","22","    14.6"," ","P","22","     8.4"," ","P","22","     3.8"," ","P","22","     1.5"," ","P","22","     0.3"," ","P","22","     0.0"," ","P","22","     0.0"," ","P","22","    0.03"," ","P","22","    0.09"," ","P","22","    0.29"," ","P","22","    1.23"," ","R","18","    3.30"," ","R","18"
"USW00094870","02-21"," 40.0397"," -88.2778"," 229.8","CHAMPAIGN WILLARD AP, IL US","02","21","99","    32.3"," ","R","22","    40.9"," ","R","22","    23.6"," ","R","23","    17.3"," ","R","22","    11.1"," ","R","22","    12.2"," ","R","22","    11.2"," ","R","23","     7.5"," ","R","22","    32.7"," ","R","22","     9.3"," ","R","22","    13.4"," ","R","22","    18.0"," ","R","22","    22.8"," ","R","22","    24.7"," ","R","22","    27.7"," ","R","22","     0.0"," ","R","22","     1.6"," ","R","22","     0.7"," ","R","22","     0.3"," ","R","22","     0.0","X","R","22","     0.0","X","R","22","     0.0"," ","R","22","     0.0"," ","R","22","     0.0"," ","R","22","     0.0"," ","R","22","     1.6"," ","R","22","     0.7"," ","R","22","     0.3"," ","R","22","     0.0","X","R","22","     0.0","X","R","22","     0.0"," ","R","22","     0.0"," ","R","22","     0.0"," ","R","22","     1.2"," ","R","22","     0.9"," ","R","22","    29.8"," ","P","22","    14.7"," ","P","22","     8.5"," ","P","22","     3.9"," ","P","22","     1.5"," ","P","22","     0.3"," ","P","22","     0.0"," ","P","22","     0.0"," ","P","22","    0.03"," ","P","22","    0.09"," ","P","22","    0.29"," ","P","22","    1.30"," ","R","18","    3.37"," ","R","18"
"USW00094870","02-22"," 40.0397"," -88.2778"," 229.8","CHAMPAIGN WILLARD AP, IL US","02","22","99","    32.6"," ","R","22","    41.3"," ","R","22","    24.0"," ","R","23","    17.3"," ","R","22","    11.1"," ","R","22","    12.3"," ","R","22","    11.1"," ","R","23","     7.5"," ","R","22","    32.4"," ","R","22","     9.0"," ","R","22","    13.1"," ","R","22","    17.7"," ","R","22","    22.4"," ","R","22","    24.4"," ","R","22","    27.4"," ","R","22","     0.0"," ","R","22","     1.7"," ","R","22","     0.8"," ","R","22","     0.3"," ","R","22","     0.0","X","R","22","     0.0","X","R","22","     0.0"," ","R","22","     0.0"," ","R","22","     0.0"," ","R","22","     0.0"," ","R","22","     1.7"," ","R","22","     0.8"," ","R","22","     0.3"," ","R","22","     0.0","X","R","22","     0.0","X","R","22","     0.0"," ","R","22","     0.0"," ","R","22","     0.0"," ","R","22","     1.3"," ","R","22","     1.0"," ","R","22","    30.0"," ","P","22","    14.8"," ","P","22","     8.5"," ","P","22","     3.9"," ","P","22","     1.5"," ","P","22","     0.3"," ","P","22","     0.0"," ","P","22","     0.0"," ","P","22","    0.03"," ","P","22","    0.09"," ","P","22","    0.28"," ","P","22","    1.37"," ","R","18","    3.44"," ","R","18"
"USW00094870","02-23"," 40.0397"," -88.2778"," 229.8","CHAMPAIGN WILLARD AP, IL US","02","23","99","    33.0"," ","R","22","    41.7"," ","R","22","    24.3"," ","R","23","    17.4"," ","R","22","    11.1"," ","R","22","    12.3"," ","R","22","    11.1"," ","R","23","     7.5"," ","R","22","    32.0"," ","R","22","     8.7"," ","R","22","    12.8"," ","R","22","    17.3"," ","R","22","    22.0"," ","R","22","    24.0"," ","R","22","    27.0"," ","R","22","     0.0"," ","R","22","     1.7"," ","R","22","     0.8"," ","R","22","     0.3"," ","R","22","     0.0","X","R","22","     0.0","X","R","22","     0.0"," ","R","22","     0.0"," ","R","22","     0.0"," ","R","22","     0.0"," ","R","22","     1.7"," ","R","22","     0.8"," ","R","22","     0.3"," ","R","22","     0.0","X","R","22","     0.0","X","R","22","     0.0"," ","R","22","     0.0"," ","R","22","     0.0"," ","R","22","     1.3"," ","R","22","     1.0"," ","R","22","    30.2"," ","P","22","    14.9"," ","P","22","     8.5"," ","P","22","     3.9"," ","P","22","     1.5"," ","P","22","     0.3"," ","P","22","     0.0"," ","P","22","     0.0"," ","P","22","    0.03"," ","P","22","    0.09"," ","P","22","    0.28"," ","P","22","    1.44"," ","R","18","    3.51"," ","R","18"
"USW00094870","02-24"," 40.0397"," -88.2778"," 229.8","CHAMPAIGN WILLARD AP, IL US","02","24","99","    33.4"," ","R","22","    42.1"," ","R","22","    24.7"," ","R","23","    17.4"," ","R","22","    11.1"," ","R","22","    12.3"," ","R","22","    11.0"," ","R","23","     7.5"," ","R","22","    31.6"," ","R","22","     8.4"," ","R","22","    12.4"," ","R","22","    16.9"," ","R","22","    21.6"," ","R","22","    23.6"," ","R","22","    26.6"," ","R","22","     0.0"," ","R","22","     1.8"," ","R","22","     0.8"," ","R","22","     0.3"," ","R","22","     0.0","X","R","22","     0.0","X","R","22","     0.0","X","R","22","     0.0"," ","R","22","     0.0"," ","R","22","     0.0"," ","R","22","     1.8"," ","R","22","     0.8"," ","R","22","     0.3"," ","R","22","     0.0","X","R","22","     0.0","X","R","22","     0.0","X","R","22","     0.0"," ","R","22","     0.0"," ","R","22","     1.4"," ","R","22","     1.1"," ","R","22","    30.3"," ","P","22","    14.9"," ","P","22","     8.5"," ","P","22","     4.0"," ","P","22","     1.5"," ","P","22","     0.3"," ","P","22","     0.0"," ","P","22","     0.0"," ","P","22","    0.03"," ","P","22","    0.09"," ","P","22","    0.28"," ","P","22","    1.51"," ","R","18","    3.58"," ","R","18"
"USW00094870","02-25"," 40.0397"," -88.2778"," 229.8","CHAMPAIGN WILLARD AP, IL US","02","25","99","    33.8"," ","R","22","    42.5"," ","R","22","    25.0"," ","R","23","    17.5"," ","R","22","    11.0"," ","R","22","    12.4"," ","R","22","    10.9"," ","R","23","     7.6"," ","R","22","    31.2"," ","R","22","     8.1"," ","R","22","    12.1"," ","R","22","    16.6"," ","R","22","    21.3"," ","R","22","    23.2"," ","R","22","    26.2"," ","R","22","     0.0"," ","R","22","     1.9"," ","R","22","     0.9"," ","R","22","     0.3"," ","R","22","     0.1"," ","R","22","     0.0","X","R","22","     0.0","X","R","22","     0.0"," ","R","22","     0.0"," ","R","22","     0.0"," ","R","22","     1.9"," ","R","22","     0.9"," ","R","22","     0.3"," ","R","22","     0.1"," ","R","22","     0.0","X","R","22","     0.0","X","R","22","     0.0"," ","R","22","     0.0"," ","R","22","     1.4"," ","R","22","     1.1"," ","R","22","    30.5"," ","P","22","    14.9"," ","P","22","     8.5"," ","P","22","     4.0"," ","P","22","     1.5"," ","P","22","     0.3"," ","P","22","     0.0"," ","P","22","     0.0"," ","P","22","    0.03"," ","P","22","    0.09"," ","P","22","    0.28"," ","P","22","    1.58"," ","R","18","    3.65"," ","R","18"
"USW00094870","02-26"," 40.0397"," -88.2778"," 229.8","CHAMPAIGN WILLARD AP, IL US","02","26","99","    34.2"," ","R","22","    43.0"," ","R","22","    25.4"," ","R","23","    17.6"," ","R","22","    11.0"," ","R","22","    12.4"," ","R","22","    10.9"," ","R","23","     7.6"," ","R","22","    30.8"," ","R","22","     7.8"," ","R","22","    11.7"," ","R","22","    16.2"," ","R","22","    20.9"," ","R","22","    22.8"," ","R","22","    25.8"," ","R","22","     0.0"," ","R","22","     2.0"," ","R","22","     0.9"," ","R","22","     0.4"," ","R","22","     0.1"," ","R","22","     0.0","X","R","22","     0.0","X","R","22","     0.0"," ","R","22","     0.0"," ","R","22","     0.0"," ","R","22","     2.0"," ","R","22","     0.9"," ","R","22","     0.4"," ","R","22","     0.1"," ","R","22","     0.0","X","R","22","     0.0","X","R","22","     0.0"," ","R","22","     0.0"," ","R","22","     1.5"," ","R","22","     1.2"," ","R","22","    30.6"," ","P","22","    15.0"," ","P","22","     8.5"," ","P","22","     4.1"," ","P","22","     1.5"," ","P","22","     0.3"," ","P","22","     0.0"," ","P","22","     0.0"," ","P","22","    0.03"," ","P","22","    0.09"," ","P","22","    0.28"," ","P","22","    1.65"," ","R","18","    3.72"," ","R","18"
"USW00094870","02-27"," 40.0397"," -88.2778"," 229.8","CHAMPAIGN WILLARD AP, IL US","02","27","99","    34.6"," ","R","22","    43.4"," ","R","22","    25.7"," ","R","23","    17.7"," ","R","22","    11.0"," ","R","22","    12.4"," ","R","22","    10.8"," ","R","23","     7.6"," ","R","22","    30.4"," ","R","22","     7.6"," ","R","22","    11.4"," ","R","22","    15.8"," ","R","22","    20.5"," ","R","22","    22.5"," ","R","22","    25.4"," ","R","22","     0.0"," ","R","22","     2.1"," ","R","22","     1.0"," ","R","22","     0.4"," ","R","22","     0.1"," ","R","22","     0.0","X","R","22","     0.0","X","R","22","     0.0"," ","R","22","     0.0"," ","R","22","     0.0"," ","R","22","     2.1"," ","R","22","     1.0"," ","R","22","     0.4"," ","R","22","     0.1"," ","R","22","     0.0","X","R","22","     0.0","X","R","22","     0.0"," ","R","22","     0.0"," ","R","22","     1.6"," ","R","22","     1.3"," ","R","22","    30.8"," ","P","22","    15.0"," ","P","22","     8.6"," ","P","22","     4.1"," ","P","22","     1.5"," ","P","22","     0.3"," ","P","22","     0.0"," ","P","22","     0.0"," ","P","22","    0.03"," ","P","22","    0.09"," ","P","22","    0.28"," ","P","22","    1.73"," ","R","18","    3.80"," ","R","18"
"USW00094870","02-28"," 40.0397"," -88.2778"," 229.8","CHAMPAIGN WILLARD AP, IL US","02","28","99","    35.0"," ","R","22","    43.8"," ","R","22","    26.1"," ","R","23","    17.8"," ","R","22","    11.0"," ","R","22","    12.4"," ","R","22","    10.7"," ","R","23","     7.6"," ","R","22","    30.0"," ","R","22","     7.3"," ","R","22","    11.1"," ","R","22","    15.5"," ","R","22","    20.2"," ","R","22","    22.1"," ","R","22","    25.1"," ","R","22","     0.0"," ","R","22","     2.3"," ","R","22","     1.1"," ","R","22","     0.4"," ","R","22","     0.1"," ","R","22","     0.0","X","R","22","     0.0","X","R","22","     0.0"," ","R","22","     0.0"," ","R","22","     0.0"," ","R","22","     2.3"," ","R","22","     1.1"," ","R","22","     0.4"," ","R","22","     0.1"," ","R","22","     0.0","X","R","22","     0.0","X","R","22","     0.0"," ","R","22","     0.0"," ","R","22","     1.7"," ","R","22","     1.4"," ","R","22","    31.0"," ","P","22","    15.1"," ","P","22","     8.6"," ","P","22","     4.2"," ","P","22","     1.4"," ","P","22","     0.3"," ","P","22","     0.0"," ","P","22","     0.0"," ","P","22","    0.03"," ","P","22","    0.09"," ","P","22","    0.28"," ","P","22","    1.80"," ","R","18","    3.87"," ","R","18"
"USW00094870","02-29"," 40.0397"," -88.2778"," 229.8","CHAMPAIGN WILLARD AP, IL US","02","29","99","    35.1"," ","R","22","    44.1"," ","R","22","    26.2"," ","R","23","    17.8"," ","R","22","    10.9"," ","R","22","    12.4"," ","R","22","    10.7"," ","R","23","     7.6"," ","R","22","    29.8"," ","R","22","     7.2"," ","R","22","    11.0"," ","R","22","    15.3"," ","R","22","    20.0"," ","R","22","    21.9"," ","R","22","    24.9"," ","R","22","     0.0"," ","R","22","     2.3"," ","R","22","     1.1"," ","R","22","     0.5"," ","R","22","     0.1"," ","R","22","     0.1"," ","R","22","     0.0","X","R","22","     0.0"," ","R","22","     0.0"," ","R","22","     0.0"," ","R","22","     2.3"," ","R","22","     1.1"," ","R","22","     0.5"," ","R","22","     0.1"," ","R","22","     0.1"," ","R","22","     0.0","X","R","22","     0.0"," ","R","22","     0.0"," ","R","22","     1.8"," ","R","22","     1.4"," ","R","22","    31.2"," ","P","22","    15.3"," ","P","22","     8.7"," ","P","22","     4.3"," ","P","22","     1.4"," ","P","22","     0.3"," ","P","22","     0.0"," ","P","22","     0.0"," ","P","22","    0.03"," ","P","22","    0.09"," ","P","22","    0.28"," ","P","22","-9999.00","M"," "," 0","-9999.00","M"," "," 0"
"USW00094870","03-01"," 40.0397"," -88.2778"," 229.8","CHAMPAIGN WILLARD AP, IL US","03","01","99","    35.3"," ","R","22","    44.3"," ","R","22","    26.4"," ","R","23","    17.9"," ","R","22","    10.9"," ","R","22","    12.4"," ","R","22","    10.6"," ","R","23","     7.7"," ","R","22","    29.7"," ","R","22","     7.1"," ","R","22","    10.8"," ","R","22","    15.1"," ","R","22","    19.8"," ","R","22","    21.7"," ","R","22","    24.7"," ","R","22","     0.0"," ","R","22","     2.4"," ","R","22","     1.2"," ","R","22","     0.5"," ","R","22","     0.1"," ","R","22","     0.1"," ","R","22","     0.0","X","R","22","     0.0"," ","R","22","     0.0"," ","R","22","     0.0"," ","R","22","     2.4"," ","R","22","     1.2"," ","R","22","     0.5"," ","R","22","     0.1"," ","R","22","     0.1"," ","R","22","     0.0","X","R","22","     0.0"," ","R","22","     0.0"," ","R","22","     1.8"," ","R","22","     1.5"," ","R","22","    31.4"," ","P","22","    15.4"," ","P","22","     8.7"," ","P","22","     4.3"," ","P","22","     1.4"," ","P","22","     0.3"," ","P","22","     0.0"," ","P","22","     0.0"," ","P","22","    0.03"," ","P","22","    0.09"," ","P","22","    0.28"," ","P","22","    0.08"," ","R","19","    3.95"," ","R","19"
"USW00094870","03-02"," 40.0397"," -88.2778"," 229.8","CHAMPAIGN WILLARD AP, IL US","03","02","99","    35.7"," ","R","22","    44.8"," ","R","22","    26.7"," ","R","23","    18.0"," ","R","22","    10.9"," ","R","22","    12.4"," ","R","22","    10.6"," ","R","23","     7.7"," ","R","22","    29.3"," ","R","22","     6.8"," ","R","22","    10.5"," ","R","22","    14.8"," ","R","22","    19.4"," ","R","22","    21.3"," ","R","22","    24.3"," ","R","22","     0.0","X","R","22","     2.6"," ","R","22","     1.2"," ","R","22","     0.5"," ","R","22","     0.2"," ","R","22","     0.1"," ","R","22","     0.0","X","R","22","     0.0"," ","R","22","     0.0"," ","R","22","     0.0","X","R","22","     2.6"," ","R","22","     1.2"," ","R","22","     0.5"," ","R","22","     0.2"," ","R","22","     0.1"," ","R","22","     0.0","X","R","22","     0.0"," ","R","22","     0.0"," ","R","22","     1.9"," ","R","22","     1.6"," ","R","22","    31.6"," ","P","22","    15.5"," ","P","22","     8.8"," ","P","22","     4.4"," ","P","22","     1.4"," ","P","22","     0.3"," ","P","22","     0.0"," ","P","22","     0.0"," ","P","22","    0.03"," ","P","22","    0.09"," ","P","22","    0.28"," ","P","22","    0.17"," ","R","19","    4.04"," ","R","19"
"USW00094870","03-03"," 40.0397"," -88.2778"," 229.8","CHAMPAIGN WILLARD AP, IL US","03","03","99","    36.1"," ","R","22","    45.2"," ","R","22","    27.1"," ","R","23","    18.1"," ","R","22","    10.9"," ","R","22","    12.4"," ","R","22","    10.5"," ","R","23","     7.7"," ","R","22","    28.9"," ","R","22","     6.6"," ","R","22","    10.2"," ","R","22","    14.4"," ","R","22","    19.0"," ","R","22","    20.9"," ","R","22","    23.9"," ","R","22","     0.0","X","R","22","     2.7"," ","R","22","     1.3"," ","R","22","     0.6"," ","R","22","     0.2"," ","R","22","     0.1"," ","R","22","     0.0","X","R","22","     0.0"," ","R","22","     0.0"," ","R","22","     0.0","X","R","22","     2.7"," ","R","22","     1.3"," ","R","22","     0.6"," ","R","22","     0.2"," ","R","22","     0.1"," ","R","22","     0.0","X","R","22","     0.0"," ","R","22","     0.0"," ","R","22","     2.0"," ","R","22","     1.7"," ","R","22","    31.8"," ","P","22","    15.6"," ","P","22","     8.9"," ","P","22","     4.5"," ","P","22","     1.4"," ","P","22","     0.3"," ","P","22","     0.0"," ","P","22","     0.0"," ","P","22","    0.03"," ","P","22","    0.09"," ","P","22","    0.29"," ","P","22","    0.25"," ","R","19","    4.12"," ","R","19"
"USW00094870","03-04"," 40.0397"," -88.2778"," 229.8","CHAMPAIGN WILLARD AP, IL US","03","04","99","    36.5"," ","R","22","    45.7"," ","R","22","    27.4"," ","R","23","    18.3"," ","R","22","    10.8"," ","R","22","    12.5"," ","R","22","    10.4"," ","R","23","     7.7"," ","R","22","    28.5"," ","R","22","     6.3"," ","R","22","     9.9"," ","R","22","    14.0"," ","R","22","    18.6"," ","R","22","    20.6"," ","R","22","    23.5"," ","R","22","     0.0","X","R","22","     2.9"," ","R","22","     1.4"," ","R","22","     0.6"," ","R","22","     0.2"," ","R","22","     0.1"," ","R","22","     0.0","X","R","22","     0.0"," ","R","22","     0.0"," ","R","22","     0.0","X","R","22","     2.9"," ","R","22","     1.4"," ","R","22","     0.6"," ","R","22","     0.2"," ","R","22","     0.1"," ","R","22","     0.0","X","R","22","     0.0"," ","R","22","     0.0"," ","R","22","     2.1"," ","R","22","     1.7"," ","R","22","    32.1"," ","P","22","    15.7"," ","P","22","     8.9"," ","P","22","     4.6"," ","P","22","     1.4"," ","P","22","     0.3"," ","P","22","     0.0"," ","P","22","     0.0"," ","P","22","    0.03"," ","P","22","    0.09"," ","P","22","    0.29"," ","P","22","    0.33"," ","R","19","    4.20"," ","R","19"
"USW00094870","03-05"," 40.0397"," -88.2778"," 229.8","CHAMPAIGN WILLARD AP, IL US","03","05","99","    36.9"," ","R","22","    46.2"," ","R","22","    27.7"," ","R","23","    18.4"," ","R","22","    10.8"," ","R","22","    12.5"," ","R","22","    10.4"," ","R","23","     7.8"," ","R","22","    28.1"," ","R","22","     6.1"," ","R","22","     9.5"," ","R","22","    13.7"," ","R","22","    18.3"," ","R","22","    20.2"," ","R","22","    23.1"," ","R","22","     0.0","X","R","22","     3.0"," ","R","22","     1.5"," ","R","22","     0.6"," ","R","22","     0.2"," ","R","22","     0.1"," ","R","22","     0.0","X","R","22","     0.0"," ","R","22","     0.0"," ","R","22","     0.0","X","R","22","     3.0"," ","R","22","     1.5"," ","R","22","     0.6"," ","R","22","     0.2"," ","R","22","     0.1"," ","R","22","     0.0","X","R","22","     0.0"," ","R","22","     0.0"," ","R","22","     2.2"," ","R","22","     1.8"," ","R","22","    32.3"," ","P","22","    15.8"," ","P","22","     8.9"," ","P","22","     4.7"," ","P","22","     1.3"," ","P","22","     0.3"," ","P","22","     0.0"," ","P","22","     0.0"," ","P","22","    0.03"," ","P","22","    0.09"," ","P","22","    0.29"," ","P","22","    0.42"," ","R","19","    4.29"," ","R","19"
"USW00094870","03-06"," 40.0397"," -88.2778"," 229.8","CHAMPAIGN WILLARD AP, IL US","03","06","99","    37.3"," ","R","22","    46.6"," ","R","22","    28.1"," ","R","23","    18.6"," ","R","22","    10.8"," ","R","22","    12.5"," ","R","22","    10.3"," ","R","23","     7.8"," ","R","22","    27.7"," ","R","22","     5.8"," ","R","22","     9.2"," ","R","22","    13.3"," ","R","22","    17.9"," ","R","22","    19.8"," ","R","22","    22.7"," ","R","22","     0.0","X","R","22","     3.2"," ","R","22","     1.6"," ","R","22","     0.7"," ","R","22","     0.2"," ","R","22","     0.1"," ","R","22","     0.1"," ","R","22","     0.0"," ","R","22","     0.0"," ","R","22","     0.0","X","R","22","     3.2"," ","R","22","     1.6"," ","R","22","     0.7"," ","R","22","     0.2"," ","R","22","     0.1"," ","R","22","     0.1"," ","R","22","     0.0"," ","R","22","     0.0"," ","R","22","     2.4"," ","R","22","     1.9"," ","R","22","    32.6"," ","P","22","    15.9"," ","P","22","     9.0"," ","P","22","     4.8"," ","P","22","     1.3"," ","P","22","     0.3"," ","P","22","     0.0"," ","P","22","     0.0"," ","P","22","    0.03"," ","P","22","    0.09"," ","P","22","    0.29"," ","P","22","    0.50"," ","R","19","    4.37"," ","R","19"
"USW00094870","03-07"," 40.0397"," -88.2778"," 229.8","CHAMPAIGN WILLARD AP, IL US","03","07","99","    37.8"," ","R","22","    47.1"," ","R","22","    28.4"," ","R","23","    18.7"," ","R","22","    10.8"," ","R","22","    12.5"," ","R","22","    10.3"," ","R","23","     7.8"," ","R","22","    27.3"," ","R","22","     5.6"," ","R","22","     8.9"," ","R","22","    13.0"," ","R","22","    17.5"," ","R","22","    19.4"," ","R","22","    22.3"," ","R","22","     0.0","X","R","22","     3.3"," ","R","22","     1.7"," ","R","22","     0.8"," ","R","22","     0.3"," ","R","22","     0.2"," ","R","22","     0.1"," ","R","22","     0.0"," ","R","22","     0.0"," ","R","22","     0.0","X","R","22","     3.3"," ","R","22","     1.7"," ","R","22","     0.8"," ","R","22","     0.3"," ","R","22","     0.2"," ","R","22","     0.1"," ","R","22","     0.0"," ","R","22","     0.0"," ","R","22","     2.5"," ","R","22","     2.0"," ","R","22","    32.9"," ","P","22","    16.1"," ","P","22","     9.1"," ","P","22","     4.9"," ","P","22","     1.3"," ","P","22","     0.3"," ","P","22","     0.0"," ","P","22","     0.0"," ","P","22","    0.03"," ","P","22","    0.09"," ","P","22","    0.29"," ","P","22","    0.57"," ","R","19","    4.44"," ","R","19"
"USW00094870","03-08"," 40.0397"," -88.2778"," 229.8","CHAMPAIGN WILLARD AP, IL US","03","08","99","    38.2"," ","R","22","    47.6"," ","R","22","    28.7"," ","R","23","    18.9"," ","R","22","    10.7"," ","R","22","    12.5"," ","R","22","    10.2"," ","R","23","     7.8"," ","R","22","    26.9"," ","R","22","     5.3"," ","R","22","     8.6"," ","R","22","    12.7"," ","R","22","    17.2"," ","R","22","    19.1"," ","R","22","    22.0"," ","R","22","     0.0","X","R","22","     3.5"," ","R","22","     1.8"," ","R","22","     0.8"," ","R","22","     0.3"," ","R","22","     0.2"," ","R","22","     0.1"," ","R","22","     0.0"," ","R","22","     0.0"," ","R","22","     0.0","X","R","22","     3.5"," ","R","22","     1.8"," ","R","22","     0.8"," ","R","22","     0.3"," ","R","22","     0.2"," ","R","22","     0.1"," ","R","22","     0.0"," ","R","22","     0.0"," ","R","22","     2.6"," ","R","22","     2.1"," ","R","22","    33.1"," ","P","22","    16.2"," ","P","22","     9.2"," ","P","22","     5.0"," ","P","22","     1.3"," ","P","22","     0.3"," ","P","22","     0.0"," ","P","22","     0.0"," ","P","22","    0.03"," ","P","22","    0.09"," ","P","22","    0.29"," ","P","22","    0.63"," ","R","19","    4.50"," ","R","19"
"USW00094870","03-09"," 40.0397"," -88.2778"," 229.8","CHAMPAIGN WILLARD AP, IL US","03","09","99","    38.6"," ","R","22","    48.1"," ","R","22","    29.0"," ","R","23","    19.1"," ","R","22","    10.7"," ","R","22","    12.5"," ","R","22","    10.2"," ","R","23","     7.9"," ","R","22","    26.5"," ","R","22","     5.1"," ","R","22","     8.3"," ","R","22","    12.3"," ","R","22","    16.8"," ","R","22","    18.7"," ","R","22","    21.6"," ","R","22","     0.0","X","R","22","     3.6"," ","R","22","     1.9"," ","R","22","     0.9"," ","R","22","     0.4"," ","R","22","     0.2"," ","R","22","     0.1"," ","R","22","     0.0"," ","R","22","     0.0"," ","R","22","     0.0","X","R","22","     3.6"," ","R","22","     1.9"," ","R","22","     0.9"," ","R","22","     0.4"," ","R","22","     0.2"," ","R","22","     0.1"," ","R","22","     0.0"," ","R","22","     0.0"," ","R","22","     2.7"," ","R","22","     2.3"," ","R","22","    33.4"," ","P","22","    16.3"," ","P","22","     9.2"," ","P","22","     5.1"," ","P","22","     1.3"," ","P","22","     0.3"," ","P","22","     0.0"," ","P","22","     0.0"," ","P","22","    0.03"," ","P","22","    0.09"," ","P","22","    0.29"," ","P","22","    0.70"," ","R","19","    4.57"," ","R","19"
"USW00094870","03-10"," 40.0397"," -88.2778"," 229.8","CHAMPAIGN WILLARD AP, IL US","03","10","99","    39.0"," ","R","22","    48.6"," ","R","22","    29.3"," ","R","23","    19.2"," ","R","22","    10.7"," ","R","22","    12.5"," ","R","22","    10.1"," ","R","23","     7.9"," ","R","22","    26.1"," ","R","22","     4.8"," ","R","22","     8.1"," ","R","22","    12.0"," ","R","22","    16.5"," ","R","22","    18.3"," ","R","22","    21.2"," ","R","22","     0.0","X","R","22","     3.8"," ","R","22","     2.0"," ","R","22","     1.0"," ","R","22","     0.4"," ","R","22","     0.3"," ","R","22","     0.1"," ","R","22","     0.0"," ","R","22","     0.0"," ","R","22","     0.0","X","R","22","     3.8"," ","R","22","     2.0"," ","R","22","     1.0"," ","R","22","     0.4"," ","R","22","     0.3"," ","R","22","     0.1"," ","R","22","     0.0"," ","R","22","     0.0"," ","R","22","     2.9"," ","R","22","     2.4"," ","R","22","    33.6"," ","P","22","    16.4"," ","P","22","     9.3"," ","P","22","     5.1"," ","P","22","     1.3"," ","P","22","     0.2"," ","P","22","     0.0"," ","P","22","     0.0"," ","P","22","    0.03"," ","P","22","    0.09"," ","P","22","    0.29"," ","P","22","    0.78"," ","R","19","    4.65"," ","R","19"
"USW00094870","03-11"," 40.0397"," -88.2778"," 229.8","CHAMPAIGN WILLARD AP, IL US","03","11","99","    39.4"," ","R","22","    49.1"," ","R","22","    29.6"," ","R","23","    19.4"," ","R","22","    10.6"," ","R","22","    12.5"," ","R","22","    10.1"," ","R","23","     7.9"," ","R","22","    25.7"," ","R","22","     4.6"," ","R","22","     7.8"," ","R","22","    11.7"," ","R","22","    16.1"," ","R","22","    17.9"," ","R","22","    20.8"," ","R","22","     0.0","X","R","22","     3.9"," ","R","22","     2.1"," ","R","22","     1.1"," ","R","22","     0.5"," ","R","22","     0.3"," ","R","22","     0.2"," ","R","22","     0.0","X","R","22","     0.0"," ","R","22","     0.0","X","R","22","     3.9"," ","R","22","     2.1"," ","R","22","     1.1"," ","R","22","     0.5"," ","R","22","     0.3"," ","R","22","     0.2"," ","R","22","     0.0","X","R","22","     0.0"," ","R","22","     3.0"," ","R","22","     2.5"," ","R","22","    33.8"," ","P","22","    16.5"," ","P","22","     9.3"," ","P","22","     5.2"," ","P","22","     1.2"," ","P","22","     0.2"," ","P","22","     0.0"," ","P","22","     0.0"," ","P","22","    0.03"," ","P","22","    0.09"," ","P","22","    0.29"," ","P","22","    0.85"," ","R","19","    4.72"," ","R","19"
"USW00094870","03-12"," 40.0397"," -88.2778"," 229.8","CHAMPAIGN WILLARD AP, IL US","03","12","99","    39.8"," ","R","22","    49.6"," ","R","22","    30.0"," ","R","23","    19.6"," ","R","22","    10.6"," ","R","22","    12.5"," ","R","22","    10.1"," ","R","23","     7.9"," ","R","22","    25.3"," ","R","22","     4.3"," ","R","22","     7.5"," ","R","22","    11.4"," ","R","22","    15.7"," ","R","22","    17.6"," ","R","22","    20.4"," ","R","22","     0.0","X","R","22","     4.1"," ","R","22","     2.2"," ","R","22","     1.1"," ","R","22","     0.5"," ","R","22","     0.3"," ","R","22","     0.2"," ","R","22","     0.0","X","R","22","     0.0","X","R","22","     0.0","X","R","22","     4.1"," ","R","22","     2.2"," ","R","22","     1.1"," ","R","22","     0.5"," ","R","22","     0.3"," ","R","22","     0.2"," ","R","22","     0.0","X","R","22","     0.0","X","R","22","     3.1"," ","R","22","     2.6"," ","R","22","    34.0"," ","P","22","    16.6"," ","P","22","     9.3"," ","P","22","     5.3"," ","P","22","     1.2"," ","P","22","     0.2"," ","P","22","     0.0"," ","P","22","     0.0"," ","P","22","    0.03"," ","P","22","    0.09"," ","P","22","    0.29"," ","P","22","    0.92"," ","R","19","    4.79"," ","R","19"
"USW00094870","03-13"," 40.0397"," -88.2778"," 229.8","CHAMPAIGN WILLARD AP, IL US","03","13","99","    40.2"," ","R","22","    50.1"," ","R","22","    30.3"," ","R","23","    19.8"," ","R","22","    10.6"," ","R","22","    12.5"," ","R","22","    10.0"," ","R","23","     7.9"," ","R","22","    24.9"," ","R","22","     4.1"," ","R","22","     7.2"," ","R","22","    11.0"," ","R","22","    15.4"," ","R","22","    17.2"," ","R","22","    20.1"," ","R","22","     0.1"," ","R","22","     4.2"," ","R","22","     2.3"," ","R","22","     1.2"," ","R","22","     0.6"," ","R","22","     0.4"," ","R","22","     0.2"," ","R","22","     0.0","X","R","22","     0.0","X","R","22","     0.1"," ","R","22","     4.2"," ","R","22","     2.3"," ","R","22","     1.2"," ","R","22","     0.6"," ","R","22","     0.4"," ","R","22","     0.2"," ","R","22","     0.0","X","R","22","     0.0","X","R","22","     3.2"," ","R","22","     2.7"," ","R","22","    34.1"," ","P","22","    16.7"," ","P","22","     9.4"," ","P","22","     5.4"," ","P","22","     1.2"," ","P","22","     0.2"," ","P","22","     0.0"," ","P","22","     0.0"," ","P","22","    0.03"," ","P","22","    0.09"," ","P","22","    0.29"," ","P","22","    1.00"," ","R","19","    4.87"," ","R","19"
"USW00094870","03-14"," 40.0397"," -88.2778"," 229.8","CHAMPAIGN WILLARD AP, IL US","03","14","99","    40.6"," ","R","22","    50.5"," ","R","22","    30.6"," ","R","23","    20.0"," ","R","22","    10.6"," ","R","22","    12.4"," ","R","22","    10.0"," ","R","23","     7.9"," ","R","22","    24.5"," ","R","22","     3.8"," ","R","22","     6.9"," ","R","22","    10.7"," ","R","22","    15.1"," ","R","22","    16.9"," ","R","22","    19.7"," ","R","22","     0.1"," ","R","22","     4.4"," ","R","22","     2.4"," ","R","22","     1.3"," ","R","22","     0.6"," ","R","22","     0.4"," ","R","22","     0.3"," ","R","22","     0.0","X","R","22","     0.0","X","R","22","     0.1"," ","R","22","     4.4"," ","R","22","     2.4"," ","R","22","     1.3"," ","R","22","     0.6"," ","R","22","     0.4"," ","R","22","     0.3"," ","R","22","     0.0","X","R","22","     0.0","X","R","22","     3.3"," ","R","22","     2.8"," ","R","22","    34.2"," ","P","22","    16.8"," ","P","22","     9.4"," ","P","22","     5.4"," ","P","22","     1.2"," ","P","22","     0.2"," ","P","22","     0.0"," ","P","22","     0.0"," ","P","22","    0.03"," ","P","22","    0.09"," ","P","22","    0.29"," ","P","22","    1.08"," ","R","19","    4.95"," ","R","19"
"USW00094870","03-15"," 40.0397"," -88.2778"," 229.8","CHAMPAIGN WILLARD AP, IL US","03","15","99","    41.0"," ","R","22","    51.0"," ","R","22","    30.9"," ","R","23","    20.2"," ","R","22","    10.5"," ","R","22","    12.4"," ","R","22","    10.0"," ","R","23","     7.9"," ","R","22","    24.1"," ","R","22","     3.6"," ","R","22","     6.6"," ","R","22","    10.4"," ","R","22","    14.7"," ","R","22","    16.5"," ","R","22","    19.3"," ","R","22","     0.1"," ","R","22","     4.5"," ","R","22","     2.5"," ","R","22","     1.3"," ","R","22","     0.7"," ","R","22","     0.5"," ","R","22","     0.3"," ","R","22","     0.0","X","R","22","     0.0","X","R","22","     0.1"," ","R","22","     4.5"," ","R","22","     2.5"," ","R","22","     1.3"," ","R","22","     0.7"," ","R","22","     0.5"," ","R","22","     0.3"," ","R","22","     0.0","X","R","22","     0.0","X","R","22","     3.5"," ","R","22","     2.9"," ","R","22","    34.3"," ","P","22","    16.9"," ","P","22","     9.5"," ","P","22","     5.5"," ","P","22","     1.2"," ","P","22","     0.2"," ","P","22","     0.0"," ","P","22","     0.0"," ","P","22","    0.03"," ","P","22","    0.09"," ","P","22","    0.29"," ","P","22","    1.15"," ","R","19","    5.02"," ","R","19"
"USW00094870","03-16"," 40.0397"," -88.2778"," 229.8","CHAMPAIGN WILLARD AP, IL US","03","16","99","    41.3"," ","R","22","    51.5"," ","R","22","    31.2"," ","R","23","    20.4"," ","R","22","    10.5"," ","R","22","    12.4"," ","R","22","     9.9"," ","R","23","     7.9"," ","R","22","    23.8"," ","R","22","     3.3"," ","R","22","     6.3"," ","R","22","    10.1"," ","R","22","    14.4"," ","R","22","    16.2"," ","R","22","    19.0"," ","R","22","     0.1"," ","R","22","     4.7"," ","R","22","     2.7"," ","R","22","     1.4"," ","R","22","     0.7"," ","R","22","     0.5"," ","R","22","     0.3"," ","R","22","     0.0","X","R","22","     0.0","X","R","22","     0.1"," ","R","22","     4.7"," ","R","22","     2.7"," ","R","22","     1.4"," ","R","22","     0.7"," ","R","22","     0.5"," ","R","22","     0.3"," ","R","22","     0.0","X","R","22","     0.0","X","R","22","     3.6"," ","R","22","     3.0"," ","R","22","    34.4"," ","P","22","    17.0"," ","P","22","     9.6"," ","P","22","     5.6"," ","P","22","     1.2"," ","P","22","     0.2"," ","P","22","     0.0"," ","P","22","     0.0"," ","P","22","    0.03"," ","P","22","    0.09"," ","P","22","    0.29"," ","P","22","    1.23"," ","R","19","    5.10"," ","R","19"
"USW00094870","03-17"," 40.0397"," -88.2778"," 229.8","CHAMPAIGN WILLARD AP, IL US","03","17","99","    41.7"," ","R","22","    52.0"," ","R","22","    31.5"," ","R","23","    20.6"," ","R","22","    10.5"," ","R","22","    12.4"," ","R","22","     9.9"," ","R","23","     7.9"," ","R","22","    23.4"," ","R","22","     3.2"," ","R","22","     6.1"," ","R","22","     9.8"," ","R","22","    14.0"," ","R","22","    15.8"," ","R","22","    18.6"," ","R","22","     0.1"," ","R","22","     4.9"," ","R","22","     2.8"," ","R","22","     1.5"," ","R","22","     0.8"," ","R","22","     0.6"," ","R","22","     0.3"," ","R","22","     0.0","X","R","22","     0.0","X","R","22","     0.1"," ","R","22","     4.9"," ","R","22","     2.8"," ","R","22","     1.5"," ","R","22","     0.8"," ","R","22","     0.6"," ","R","22","     0.3"," ","R","22","     0.0","X","R","22","     0.0","X","R","22","     3.8"," ","R","22","     3.2"," ","R","22","    34.6"," ","P","22","    17.1"," ","P","22","     9.7"," ","P","22","     5.7"," ","P","22","     1.2"," ","P","22","     0.2"," ","P","22","     0.0"," ","P","22","     0.0"," ","P","22","    0.03"," ","P","22","    0.09"," ","P","22","    0.30"," ","P","22","    1.32"," ","R","19","    5.19"," ","R","19"
"USW00094870","03-18"," 40.0397"," -88.2778"," 229.8","CHAMPAIGN WILLARD AP, IL US","03","18","99","    42.1"," ","R","22","    52.5"," ","R","22","    31.8"," ","R","23","    20.8"," ","R","22","    10.5"," ","R","22","    12.3"," ","R","22","     9.9"," ","R","23","     7.9"," ","R","22","    23.0"," ","R","22","     3.0"," ","R","22","     5.9"," ","R","22","     9.5"," ","R","22","    13.7"," ","R","22","    15.5"," ","R","22","    18.2"," ","R","22","     0.1"," ","R","22","     5.1"," ","R","22","     3.0"," ","R","22","     1.7"," ","R","22","     0.9"," ","R","22","     0.6"," ","R","22","     0.4"," ","R","22","     0.0","X","R","22","     0.0","X","R","22","     0.1"," ","R","22","     5.1"," ","R","22","     3.0"," ","R","22","     1.7"," ","R","22","     0.9"," ","R","22","     0.6"," ","R","22","     0.4"," ","R","22","     0.0","X","R","22","     0.0","X","R","22","     3.9"," ","R","22","     3.3"," ","R","22","    34.7"," ","P","22","    17.3"," ","P","22","     9.8"," ","P","22","     5.8"," ","P","22","     1.2"," ","P","22","     0.2"," ","P","22","     0.0"," ","P","22","     0.0"," ","P","22","    0.03"," ","P","22","    0.09"," ","P","22","    0.30"," ","P","22","    1.40"," ","R","19","    5.27"," ","R","19"
"USW00094870","03-19"," 40.0397"," -88.2778"," 229.8","CHAMPAIGN WILLARD AP, IL US","03","19","99","    42.5"," ","R","22","    53.0"," ","R","22","    32.0"," ","R","23","    21.0"," ","R","22","    10.4"," ","R","22","    12.3"," ","R","22","     9.9"," ","R","23","     7.9"," ","R","22","    22.6"," ","R","22","     2.8"," ","R","22","     5.7"," ","R","22","     9.3"," ","R","22","    13.4"," ","R","22","    15.2"," ","R","22","    17.9"," ","R","22","     0.1"," ","R","22","     5.4"," ","R","22","     3.2"," ","R","22","     1.8"," ","R","22","     0.9"," ","R","22","     0.7"," ","R","22","     0.4"," ","R","22","     0.0","X","R","22","     0.0","X","R","22","     0.1"," ","R","22","     5.4"," ","R","22","     3.2"," ","R","22","     1.8"," ","R","22","     0.9"," ","R","22","     0.7"," ","R","22","     0.4"," ","R","22","     0.0","X","R","22","     0.0","X","R","22","     4.1"," ","R","22","     3.5"," ","R","22","    34.8"," ","P","22","    17.5"," ","P","22","     9.9"," ","P","22","     5.9"," ","P","22","     1.2"," ","P","22","     0.2"," ","P","22","     0.0"," ","P","22","     0.0"," ","P","22","    0.03"," ","P","22","    0.10"," ","P","22","    0.31"," ","P","22","    1.48"," ","R","19","    5.35"," ","R","19"
"USW00094870","03-20"," 40.0397"," -88.2778"," 229.8","CHAMPAIGN WILLARD AP, IL US","03","20","99","    42.9"," ","R","22","    53.5"," ","R","22","    32.3"," ","R","23","    21.2"," ","R","22","    10.4"," ","R","22","    12.3"," ","R","22","     9.8"," ","R","23","     7.9"," ","R","22","    22.2"," ","R","22","     2.7"," ","R","22","     5.4"," ","R","22","     9.0"," ","R","22","    13.1"," ","R","22","    14.8"," ","R","22","    17.5"," ","R","22","     0.1"," ","R","22","     5.6"," ","R","22","     3.3"," ","R","22","     1.9"," ","R","22","     1.0"," ","R","22","     0.7"," ","R","22","     0.4"," ","R","22","     0.0","X","R","22","     0.0","X","R","22","     0.1"," ","R","22","     5.6"," ","R","22","     3.3"," ","R","22","     1.9"," ","R","22","     1.0"," ","R","22","     0.7"," ","R","22","     0.4"," ","R","22","     0.0","X","R","22","     0.0","X","R","22","     4.3"," ","R","22","     3.6"," ","R","22","    34.9"," ","P","22","    17.6"," ","P","22","    10.0"," ","P","22","     5.9"," ","P","22","     1.2"," ","P","22","     0.2"," ","P","22","     0.0"," ","P","22","     0.0"," ","P","22","    0.03"," ","P","22","    0.10"," ","P","22","    0.31"," ","P","22","    1.56"," ","R","19","    5.43"," ","R","19"
"USW00094870","03-21"," 40.0397"," -88.2778"," 229.8","CHAMPAIGN WILLARD AP, IL US","03","21","99","    43.3"," ","R","22","    54.0"," ","R","22","    32.6"," ","R","23","    21.3"," ","R","22","    10.3"," ","R","22","    12.2"," ","R","22","     9.8"," ","R","23","     7.9"," ","R","22","    21.8"," ","R","22","     2.5"," ","R","22","     5.2"," ","R","22","     8.7"," ","R","22","    12.7"," ","R","22","    14.5"," ","R","22","    17.2"," ","R","22","     0.1"," ","R","22","     5.8"," ","R","22","     3.5"," ","R","22","     2.0"," ","R","22","     1.0"," ","R","22","     0.8"," ","R","22","     0.5"," ","R","22","     0.0","X","R","22","     0.0","X","R","22","     0.1"," ","R","22","     5.8"," ","R","22","     3.5"," ","R","22","     2.0"," ","R","22","     1.0"," ","R","22","     0.8"," ","R","22","     0.5"," ","R","22","     0.0","X","R","22","     0.0","X","R","22","     4.4"," ","R","22","     3.8"," ","R","22","    34.9"," ","P","22","    17.8"," ","P","22","    10.2"," ","P","22","     6.0"," ","P","22","     1.2"," ","P","22","     0.2"," ","P","22","     0.0"," ","P","22","     0.0"," ","P","22","    0.03"," ","P","22","    0.10"," ","P","22","    0.31"," ","P","22","    1.65"," ","R","19","    5.52"," ","R","19"
"USW00094870","03-22"," 40.0397"," -88.2778"," 229.8","CHAMPAIGN WILLARD AP, IL US","03","22","99","    43.7"," ","R","22","    54.5"," ","R","22","    32.9"," ","R","23","    21.5"," ","R","22","    10.3"," ","R","22","    12.2"," ","R","22","     9.8"," ","R","23","     8.0"," ","R","22","    21.5"," ","R","22","     2.3"," ","R","22","     4.9"," ","R","22","     8.4"," ","R","22","    12.4"," ","R","22","    14.1"," ","R","22","    16.8"," ","R","22","     0.1"," ","R","22","     6.0"," ","R","22","     3.6"," ","R","22","     2.1"," ","R","22","     1.1"," ","R","22","     0.8"," ","R","22","     0.5"," ","R","22","     0.0","X","R","22","     0.0","X","R","22","     0.1"," ","R","22","     6.0"," ","R","22","     3.6"," ","R","22","     2.1"," ","R","22","     1.1"," ","R","22","     0.8"," ","R","22","     0.5"," ","R","22","     0.0","X","R","22","     0.0","X","R","22","     4.6"," ","R","22","     3.9"," ","R","22","    35.0"," ","P","22","    17.9"," ","P","22","    10.4"," ","P","22","     6.2"," ","P","22","     1.3"," ","P","22","     0.2"," ","P","22","     0.0"," ","P","22","     0.0"," ","P","22","    0.03"," ","P","22","    0.10"," ","P","22","    0.32"," ","P","22","    1.73"," ","R","19","    5.60"," ","R","19"
"USW00094870","03-23"," 40.0397"," -88.2778"," 229.8","CHAMPAIGN WILLARD AP, IL US","03","23","99","    44.1"," ","R","22","    54.9"," ","R","22","    33.2"," ","R","23","    21.7"," ","R","22","    10.3"," ","R","22","    12.2"," ","R","22","     9.7"," ","R","23","     8.0"," ","R","22","    21.1"," ","R","22","     2.1"," ","R","22","     4.7"," ","R","22","     8.1"," ","R","22","    12.0"," ","R","22","    13.7"," ","R","22","    16.4"," ","R","22","     0.1"," ","R","22","     6.2"," ","R","22","     3.7"," ","R","22","     2.1"," ","R","22","     1.1"," ","R","22","     0.8"," ","R","22","     0.5"," ","R","22","     0.0","X","R","22","     0.0","X","R","22","     0.1"," ","R","22","     6.2"," ","R","22","     3.7"," ","R","22","     2.1"," ","R","22","     1.1"," ","R","22","     0.8"," ","R","22","     0.5"," ","R","22","     0.0","X","R","22","     0.0","X","R","22","     4.7"," ","R","22","     4.0"," ","R","22","    35.1"," ","P","22","    18.2"," ","P","22","    10.5"," ","P","22","     6.3"," ","P","22","     1.3"," ","P","22","     0.2"," ","P","22","     0.0"," ","P","22","     0.0"," ","P","22","    0.03"," ","P","22","    0.10"," ","P","22","    0.32"," ","P","22","    1.82"," ","R","19","    5.69"," ","R","19"
"USW00094870","03-24"," 40.0397"," -88.2778"," 229.8","CHAMPAIGN WILLARD AP, IL US","03","24","99","    44.5"," ","R","22","    55.4"," ","R","22","    33.5"," ","R","23","    21.9"," ","R","22","    10.2"," ","R","22","    12.1"," ","R","22","     9.7"," ","R","23","     8.0"," ","R","22","    20.7"," ","R","22","     2.0"," ","R","22","     4.4"," ","R","22","     7.8"," ","R","22","    11.7"," ","R","22","    13.4"," ","R","22","    16.0"," ","R","22","     0.1"," ","R","22","     6.5"," ","R","22","     3.9"," ","R","22","     2.2"," ","R","22","     1.1"," ","R","22","     0.8"," ","R","22","     0.5"," ","R","22","     0.0","X","R","22","     0.0","X","R","22","     0.1"," ","R","22","     6.5"," ","R","22","     3.9"," ","R","22","     2.2"," ","R","22","     1.1"," ","R","22","     0.8"," ","R","22","     0.5"," ","R","22","     0.0","X","R","22","     0.0","X","R","22","     4.8"," ","R","22","     4.1"," ","R","22","    35.3"," ","P","22","    18.5"," ","P","22","    10.7"," ","P","22","     6.4"," ","P","22","     1.3"," ","P","22","     0.2"," ","P","22","     0.0"," ","P","22","     0.0"," ","P","22","    0.03"," ","P","22","    0.11"," ","P","22","    0.33"," ","P","22","    1.91"," ","R","19","    5.78"," ","R","19"
"USW00094870","03-25"," 40.0397"," -88.2778"," 229.8","CHAMPAIGN WILLARD AP, IL US","03","25","99","    44.8"," ","R","22","    55.9"," ","R","22","    33.8"," ","R","23","    22.1"," ","R","22","    10.2"," ","R","22","    12.1"," ","R","22","     9.7"," ","R","23","     8.0"," ","R","22","    20.3"," ","R","22","     1.9"," ","R","22","     4.2"," ","R","22","     7.5"," ","R","22","    11.3"," ","R","22","    13.0"," ","R","22","    15.6"," ","R","22","     0.1"," ","R","22","     6.7"," ","R","22","     4.0"," ","R","22","     2.3"," ","R","22","     1.2"," ","R","22","     0.9"," ","R","22","     0.5"," ","R","22","     0.0","X","R","22","     0.0","X","R","22","     0.1"," ","R","22","     6.7"," ","R","22","     4.0"," ","R","22","     2.3"," ","R","22","     1.2"," ","R","22","     0.9"," ","R","22","     0.5"," ","R","22","     0.0","X","R","22","     0.0","X","R","22","     5.0"," ","R","22","     4.2"," ","R","22","    35.5"," ","P","22","    18.7"," ","P","22","    10.9"," ","P","22","     6.5"," ","P","22","     1.4"," ","P","22","     0.2"," ","P","22","     0.0"," ","P","22","     0.0"," ","P","22","    0.03"," ","P","22","    0.11"," ","P","22","    0.33"," ","P","22","    2.00"," ","R","19","    5.87"," ","R","19"
"USW00094870","03-26"," 40.0397"," -88.2778"," 229.8","CHAMPAIGN WILLARD AP, IL US","03","26","99","    45.2"," ","R","22","    56.3"," ","R","22","    34.1"," ","R","23","    22.2"," ","R","22","    10.2"," ","R","22","    12.1"," ","R","22","     9.7"," ","R","23","     8.0"," ","R","22","    19.9"," ","R","22","     1.8"," ","R","22","     4.0"," ","R","22","     7.2"," ","R","22","    11.0"," ","R","22","    12.7"," ","R","22","    15.3"," ","R","22","     0.1"," ","R","22","     7.0"," ","R","22","     4.2"," ","R","22","     2.4"," ","R","22","     1.2"," ","R","22","     0.9"," ","R","22","     0.5"," ","R","22","     0.0","X","R","22","     0.0","X","R","22","     0.1"," ","R","22","     7.0"," ","R","22","     4.2"," ","R","22","     2.4"," ","R","22","     1.2"," ","R","22","     0.9"," ","R","22","     0.5"," ","R","22","     0.0","X","R","22","     0.0","X","R","22","     5.2"," ","R","22","     4.4"," ","R","22","    35.5"," ","P","22","    18.9"," ","P","22","    11.1"," ","P","22","     6.6"," ","P","22","     1.4"," ","P","22","     0.2"," ","P","22","     0.0"," ","P","22","     0.0"," ","P","22","    0.03"," ","P","22","    0.11"," ","P","22","    0.34"," ","P","22","    2.09"," ","R","19","    5.96"," ","R","19"
"USW00094870","03-27"," 40.0397"," -88.2778"," 229.8","CHAMPAIGN WILLARD AP, IL US","03","27","99","    45.6"," ","R","22","    56.8"," ","R","22","    34.4"," ","R","23","    22.4"," ","R","22","    10.2"," ","R","22","    12.0"," ","R","22","     9.7"," ","R","23","     8.0"," ","R","22","    19.5"," ","R","22","     1.7"," ","R","22","     3.8"," ","R","22","     6.9"," ","R","22","    10.7"," ","R","22","    12.3"," ","R","22","    14.9"," ","R","22","     0.1"," ","R","22","     7.3"," ","R","22","     4.4"," ","R","22","     2.5"," ","R","22","     1.3"," ","R","22","     0.9"," ","R","22","     0.5"," ","R","22","     0.0","X","R","22","     0.0","X","R","22","     0.1"," ","R","22","     7.3"," ","R","22","     4.4"," ","R","22","     2.5"," ","R","22","     1.3"," ","R","22","     0.9"," ","R","22","     0.5"," ","R","22","     0.0","X","R","22","     0.0","X","R","22","     5.4"," ","R","22","     4.6"," ","R","22","    35.6"," ","P","22","    19.1"," ","P","22","    11.3"," ","P","22","     6.7"," ","P","22","     1.5"," ","P","22","     0.2"," ","P","22","     0.0"," ","P","22","     0.0"," ","P","22","    0.03"," ","P","22","    0.11"," ","P","22","    0.35"," ","P","22","    2.18"," ","R","19","    6.05"," ","R","19"
"USW00094870","03-28"," 40.0397"," -88.2778"," 229.8","CHAMPAIGN WILLARD AP, IL US","03","28","99","    46.0"," ","R","22","    57.3"," ","R","22","    34.7"," ","R","23","    22.6"," ","R","22","    10.2"," ","R","22","    12.0"," ","R","22","     9.7"," ","R","23","     8.0"," ","R","22","    19.2"," ","R","22","     1.6"," ","R","22","     3.6"," ","R","22","     6.6"," ","R","22","    10.3"," ","R","22","    12.0"," ","R","22","    14.5"," ","R","22","     0.1"," ","R","22","     7.6"," ","R","22","     4.6"," ","R","22","     2.6"," ","R","22","     1.3"," ","R","22","     0.9"," ","R","22","     0.5"," ","R","22","     0.0","X","R","22","     0.0","X","R","22","     0.1"," ","R","22","     7.6"," ","R","22","     4.6"," ","R","22","     2.6"," ","R","22","     1.3"," ","R","22","     0.9"," ","R","22","     0.5"," ","R","22","     0.0","X","R","22","     0.0","X","R","22","     5.6"," ","R","22","     4.7"," ","R","22","    35.8"," ","P","22","    19.3"," ","P","22","    11.4"," ","P","22","     6.8"," ","P","22","     1.5"," ","P","22","     0.2"," ","P","22","     0.0"," ","P","22","     0.0"," ","P","22","    0.03"," ","P","22","    0.12"," ","P","22","    0.35"," ","P","22","    2.27"," ","R","19","    6.14"," ","R","19"
"USW00094870","03-29"," 40.0397"," -88.2778"," 229.8","CHAMPAIGN WILLARD AP, IL US","03","29","99","    46.3"," ","R","22","    57.7"," ","R","22","    35.0"," ","R","23","    22.7"," ","R","22","    10.1"," ","R","22","    12.0"," ","R","22","     9.7"," ","R","23","     8.0"," ","R","22","    18.8"," ","R","22","     1.5"," ","R","22","     3.4"," ","R","22","     6.3"," ","R","22","    10.0"," ","R","22","    11.6"," ","R","22","    14.2"," ","R","22","     0.1"," ","R","22","     7.8"," ","R","22","     4.7"," ","R","22","     2.7"," ","R","22","     1.3"," ","R","22","     0.9"," ","R","22","     0.5"," ","R","22","     0.0","X","R","22","     0.0","X","R","22","     0.1"," ","R","22","     7.8"," ","R","22","     4.7"," ","R","22","     2.7"," ","R","22","     1.3"," ","R","22","     0.9"," ","R","22","     0.5"," ","R","22","     0.0","X","R","22","     0.0","X","R","22","     5.8"," ","R","22","     4.9"," ","R","22","    35.8"," ","P","22","    19.5"," ","P","22","    11.6"," ","P","22","     6.9"," ","P","22","     1.5"," ","P","22","     0.2"," ","P","22","     0.0"," ","P","22","     0.0"," ","P","22","    0.03"," ","P","22","    0.12"," ","P","22","    0.35"," ","P","22","    2.37"," ","R","19","    6.24"," ","R","19"
"USW00094870","03-30"," 40.0397"," -88.2778"," 229.8","CHAMPAIGN WILLARD AP, IL US","03","30","99","    46.7"," ","R","22","    58.2"," ","R","22","    35.3"," ","R","23","    22.9"," ","R","22","    10.1"," ","R","22","    12.0"," ","R","22","     9.7"," ","R","23","     8.0"," ","R","22","    18.4"," ","R","22","     1.4"," ","R","22","     3.2"," ","R","22","     6.1"," ","R","22","     9.6"," ","R","22","    11.3"," ","R","22","    13.8"," ","R","22","     0.1"," ","R","22","     8.1"," ","R","22","     4.9"," ","R","22","     2.8"," ","R","22","     1.4"," ","R","22","     1.0"," ","R","22","     0.5"," ","R","22","     0.0","X","R","22","     0.0","X","R","22","     0.1"," ","R","22","     8.1"," ","R","22","     4.9"," ","R","22","     2.8"," ","R","22","     1.4"," ","R","22","     1.0"," ","R","22","     0.5"," ","R","22","     0.0","X","R","22","     0.0","X","R","22","     6.0"," ","R","22","     5.1"," ","R","22","    35.9"," ","P","22","    19.7"," ","P","22","    11.7"," ","P","22","     7.0"," ","P","22","     1.6"," ","P","22","     0.2"," ","P","22","     0.0"," ","P","22","     0.0"," ","P","22","    0.04"," ","P","22","    0.12"," ","P","22","    0.36"," ","P","22","    2.47"," ","R","19","    6.34"," ","R","19"
"USW00094870","03-31"," 40.0397"," -88.2778"," 229.8","CHAMPAIGN WILLARD AP, IL US","03","31","99","    47.1"," ","R","22","    58.6"," ","R","22","    35.6"," ","R","23","    23.0"," ","R","22","    10.1"," ","R","22","    12.0"," ","R","22","     9.7"," ","R","23","     8.0"," ","R","22","    18.0"," ","R","22","     1.3"," ","R","22","     3.0"," ","R","22","     5.8"," ","R","22","     9.3"," ","R","22","    10.9"," ","R","22","    13.5"," ","R","22","     0.1"," ","R","22","     8.4"," ","R","22","     5.1"," ","R","22","     2.9"," ","R","22","     1.4"," ","R","22","     1.0"," ","R","22","     0.5"," ","R","22","     0.0","X","R","22","     0.0","X","R","22","     0.1"," ","R","22","     8.4"," ","R","22","     5.1"," ","R","22","     2.9"," ","R","22","     1.4"," ","R","22","     1.0"," ","R","22","     0.5"," ","R","22","     0.0","X","R","22","     0.0","X","R","22","     6.2"," ","R","22","     5.3"," ","R","22","    36.0"," ","P","22","    19.9"," ","P","22","    11.9"," ","P","22","     7.0"," ","P","22","     1.6"," ","P","22","     0.2"," ","P","22","     0.0"," ","P","22","     0.0"," ","P","22","    0.04"," ","P","22","    0.12"," ","P","22","    0.36"," ","P","22","    2.57"," ","R","19","    6.44"," ","R","19"
"USW00094870","04-01"," 40.0397"," -88.2778"," 229.8","CHAMPAIGN WILLARD AP, IL US","04","01","99","    47.5"," ","R","22","    59.0"," ","R","22","    35.9"," ","R","23","    23.1"," ","R","22","    10.1"," ","R","22","    12.0"," ","R","22","     9.7"," ","R","23","     8.0"," ","R","22","    17.7"," ","R","22","     1.2"," ","R","22","     2.9"," ","R","22","     5.5"," ","R","22","     9.0"," ","R","22","    10.6"," ","R","22","    13.1"," ","R","22","     0.2"," ","R","22","     8.7"," ","R","22","     5.3"," ","R","22","     3.0"," ","R","22","     1.5"," ","R","22","     1.1"," ","R","22","     0.6"," ","R","22","     0.0","X","R","22","     0.0","X","R","22","     0.2"," ","R","22","     8.7"," ","R","22","     5.3"," ","R","22","     3.0"," ","R","22","     1.5"," ","R","22","     1.1"," ","R","22","     0.6"," ","R","22","     0.0","X","R","22","     0.0","X","R","22","     6.4"," ","R","22","     5.4"," ","R","22","    36.1"," ","P","22","    20.2"," ","P","22","    12.1"," ","P","22","     7.1"," ","P","22","     1.7"," ","P","22","     0.2"," ","P","22","     0.0"," ","P","22","     0.0"," ","P","22","    0.04"," ","P","22","    0.13"," ","P","22","    0.37"," ","P","22","    0.10"," ","R","23","    6.54"," ","R","23"
"USW00094870","04-02"," 40.0397"," -88.2778"," 229.8","CHAMPAIGN WILLARD AP, IL US","04","02","99","    47.8"," ","R","22","    59.5"," ","R","22","    36.2"," ","R","23","    23.2"," ","R","22","    10.1"," ","R","22","    11.9"," ","R","22","     9.6"," ","R","23","     8.0"," ","R","22","    17.3"," ","R","22","     1.1"," ","R","22","     2.7"," ","R","22","     5.3"," ","R","22","     8.7"," ","R","22","    10.3"," ","R","22","    12.8"," ","R","22","     0.2"," ","R","22","     8.9"," ","R","22","     5.5"," ","R","22","     3.1"," ","R","22","     1.5"," ","R","22","     1.1"," ","R","22","     0.6"," ","R","22","     0.0","X","R","22","     0.0","X","R","22","     0.2"," ","R","22","     8.9"," ","R","22","     5.5"," ","R","22","     3.1"," ","R","22","     1.5"," ","R","22","     1.1"," ","R","22","     0.6"," ","R","22","     0.0","X","R","22","     0.0","X","R","22","     6.5"," ","R","22","     5.6"," ","R","22","    36.2"," ","P","22","    20.4"," ","P","22","    12.3"," ","P","22","     7.2"," ","P","22","     1.7"," ","P","22","     0.2"," ","P","22","     0.0"," ","P","22","     0.0"," ","P","22","    0.04"," ","P","22","    0.13"," ","P","22","    0.37"," ","P","22","    0.20"," ","R","23","    6.64"," ","R","23"
"USW00094870","04-03"," 40.0397"," -88.2778"," 229.8","CHAMPAIGN WILLARD AP, IL US","04","03","99","    48.2"," ","R","22","    59.9"," ","R","22","    36.5"," ","R","23","    23.4"," ","R","22","    10.0"," ","R","22","    11.9"," ","R","22","     9.6"," ","R","23","     8.0"," ","R","22","    17.0"," ","R","22","     1.0"," ","R","22","     2.5"," ","R","22","     5.0"," ","R","22","     8.4"," ","R","22","    10.0"," ","R","22","    12.4"," ","R","22","     0.2"," ","R","22","     9.2"," ","R","22","     5.7"," ","R","22","     3.2"," ","R","22","     1.6"," ","R","22","     1.2"," ","R","22","     0.6"," ","R","22","     0.0","X","R","22","     0.0","X","R","22","     0.2"," ","R","22","     9.2"," ","R","22","     5.7"," ","R","22","     3.2"," ","R","22","     1.6"," ","R","22","     1.2"," ","R","22","     0.6"," ","R","22","     0.0","X","R","22","     0.0","X","R","22","     6.7"," ","R","22","     5.7"," ","R","22","    36.4"," ","P","22","    20.7"," ","P","22","    12.5"," ","P","22","     7.3"," ","P","22","     1.8"," ","P","22","     0.2"," ","P","22","     0.0"," ","P","22","     0.0"," ","P","22","    0.04"," ","P","22","    0.13"," ","P","22","    0.38"," ","P","22","    0.30"," ","R","23","    6.74"," ","R","23"
"USW00094870","04-04"," 40.0397"," -88.2778"," 229.8","CHAMPAIGN WILLARD AP, IL US","04","04","99","    48.6"," ","R","22","    60.3"," ","R","22","    36.8"," ","R","23","    23.5"," ","R","22","    10.0"," ","R","22","    11.8"," ","R","22","     9.6"," ","R","23","     8.1"," ","R","22","    16.6"," ","R","22","     0.9"," ","R","22","     2.3"," ","R","22","     4.8"," ","R","22","     8.1"," ","R","22","     9.6"," ","R","22","    12.1"," ","R","22","     0.2"," ","R","22","     9.5"," ","R","22","     5.9"," ","R","22","     3.3"," ","R","22","     1.7"," ","R","22","     1.2"," ","R","22","     0.7"," ","R","22","     0.0","X","R","22","     0.0","X","R","22","     0.2"," ","R","22","     9.5"," ","R","22","     5.9"," ","R","22","     3.3"," ","R","22","     1.7"," ","R","22","     1.2"," ","R","22","     0.7"," ","R","22","     0.0","X","R","22","     0.0","X","R","22","     6.9"," ","R","22","     5.9"," ","R","22","    36.5"," ","P","22","    21.0"," ","P","22","    12.6"," ","P","22","     7.4"," ","P","22","     1.9"," ","P","22","     0.2"," ","P","22","     0.0"," ","P","22","     0.0"," ","P","22","    0.04"," ","P","22","    0.13"," ","P","22","    0.38"," ","P","22","    0.41"," ","R","23","    6.85"," ","R","23"
"USW00094870","04-05"," 40.0397"," -88.2778"," 229.8","CHAMPAIGN WILLARD AP, IL US","04","05","99","    48.9"," ","R","22","    60.7"," ","R","22","    37.2"," ","R","23","    23.5"," ","R","22","     9.9"," ","R","22","    11.8"," ","R","22","     9.5"," ","R","23","     8.1"," ","R","22","    16.2"," ","R","22","     0.8"," ","R","22","     2.1"," ","R","22","     4.5"," ","R","22","     7.8"," ","R","22","     9.3"," ","R","22","    11.8"," ","R","22","     0.2"," ","R","22","     9.7"," ","R","22","     6.1"," ","R","22","     3.5"," ","R","22","     1.7"," ","R","22","     1.3"," ","R","22","     0.7"," ","R","22","     0.0","X","R","22","     0.0","X","R","22","     0.2"," ","R","22","     9.7"," ","R","22","     6.1"," ","R","22","     3.5"," ","R","22","     1.7"," ","R","22","     1.3"," ","R","22","     0.7"," ","R","22","     0.0","X","R","22","     0.0","X","R","22","     7.1"," ","R","22","     6.1"," ","R","22","    36.6"," ","P","22","    21.2"," ","P","22","    12.8"," ","P","22","     7.4"," ","P","22","     1.9"," ","P","22","     0.2"," ","P","22","     0.0"," ","P","22","     0.0"," ","P","22","    0.04"," ","P","22","    0.14"," ","P","22","    0.39"," ","P","22","    0.52"," ","R","23","    6.96"," ","R","23"
"USW00094870","04-06"," 40.0397"," -88.2778"," 229.8","CHAMPAIGN WILLARD AP, IL US","04","06","99","    49.3"," ","R","22","    61.1"," ","R","22","    37.5"," ","R","23","    23.6"," ","R","22","     9.9"," ","R","22","    11.7"," ","R","22","     9.5"," ","R","23","     8.1"," ","R","22","    15.9"," ","R","22","     0.7"," ","R","22","     2.0"," ","R","22","     4.4"," ","R","22","     7.5"," ","R","22","     9.0"," ","R","22","    11.4"," ","R","22","     0.2"," ","R","22","    10.1"," ","R","22","     6.4"," ","R","22","     3.7"," ","R","22","     1.9"," ","R","22","     1.4"," ","R","22","     0.8"," ","R","22","     0.0","X","R","22","     0.0","X","R","22","     0.2"," ","R","22","    10.1"," ","R","22","     6.4"," ","R","22","     3.7"," ","R","22","     1.9"," ","R","22","     1.4"," ","R","22","     0.8"," ","R","22","     0.0","X","R","22","     0.0","X","R","22","     7.3"," ","R","22","     6.3"," ","R","22","    36.7"," ","P","23","    21.5"," ","P","23","    13.0"," ","P","23","     7.5"," ","P","23","     2.0"," ","P","23","     0.2"," ","P","23","     0.0"," ","P","23","     0.0"," ","P","23","    0.04"," ","P","23","    0.14"," ","P","23","    0.39"," ","P","23","    0.63"," ","R","23","    7.07"," ","R","23"
"USW00094870","04-07"," 40.0397"," -88.2778"," 229.8","CHAMPAIGN WILLARD AP, IL US","04","07","99","    49.7"," ","R","22","    61.5"," ","R","22","    37.8"," ","R","23","    23.7"," ","R","22","     9.8"," ","R","22","    11.7"," ","R","22","     9.5"," ","R","23","     8.1"," ","R","22","    15.5"," ","R","22","     0.7"," ","R","22","     2.0"," ","R","22","     4.2"," ","R","22","     7.3"," ","R","22","     8.8"," ","R","22","    11.2"," ","R","22","     0.2"," ","R","22","    10.4"," ","R","22","     6.6"," ","R","22","     3.9"," ","R","22","     2.0"," ","R","22","     1.5"," ","R","22","     0.8"," ","R","22","     0.0","X","R","22","     0.0","X","R","22","     0.2"," ","R","22","    10.4"," ","R","22","     6.6"," ","R","22","     3.9"," ","R","22","     2.0"," ","R","22","     1.5"," ","R","22","     0.8"," ","R","22","     0.0","X","R","22","     0.0","X","R","22","     7.5"," ","R","22","     6.5"," ","R","22","    36.9"," ","P","23","    21.7"," ","P","23","    13.1"," ","P","23","     7.6"," ","P","23","     2.1"," ","P","23","     0.2"," ","P","23","     0.0"," ","P","23","     0.0"," ","P","23","    0.04"," ","P","23","    0.14"," ","P","23","    0.39"," ","P","23","    0.75"," ","R","23","    7.19"," ","R","23"
"USW00094870","04-08"," 40.0397"," -88.2778"," 229.8","CHAMPAIGN WILLARD AP, IL US","04","08","99","    50.0"," ","R","22","    61.9"," ","R","22","    38.2"," ","R","23","    23.8"," ","R","22","     9.8"," ","R","22","    11.6"," ","R","22","     9.4"," ","R","23","     8.1"," ","R","22","    15.2"," ","R","22","     0.7"," ","R","22","     1.9"," ","R","22","     4.1"," ","R","22","     7.1"," ","R","22","     8.5"," ","R","22","    10.9"," ","R","22","     0.3"," ","R","22","    10.8"," ","R","22","     7.0"," ","R","22","     4.1"," ","R","22","     2.1"," ","R","22","     1.6"," ","R","22","     0.9"," ","R","22","     0.0","X","R","22","     0.0","X","R","22","     0.3"," ","R","22","    10.8"," ","R","22","     7.0"," ","R","22","     4.1"," ","R","22","     2.1"," ","R","22","     1.6"," ","R","22","     0.9"," ","R","22","     0.0","X","R","22","     0.0","X","R","22","     7.8"," ","R","22","     6.8"," ","R","22","    37.0"," ","P","23","    22.0"," ","P","23","    13.3"," ","P","23","     7.6"," ","P","23","     2.1"," ","P","23","     0.2"," ","P","23","     0.0"," ","P","23","     0.0"," ","P","23","    0.04"," ","P","23","    0.14"," ","P","23","    0.40"," ","P","23","    0.86"," ","R","23","    7.30"," ","R","23"
"USW00094870","04-09"," 40.0397"," -88.2778"," 229.8","CHAMPAIGN WILLARD AP, IL US","04","09","99","    50.4"," ","R","22","    62.3"," ","R","22","    38.5"," ","R","23","    23.8"," ","R","22","     9.7"," ","R","22","    11.6"," ","R","22","     9.3"," ","R","23","     8.1"," ","R","22","    14.9"," ","R","22","     0.7"," ","R","22","     1.9"," ","R","22","     3.9"," ","R","22","     6.9"," ","R","22","     8.3"," ","R","22","    10.6"," ","R","22","     0.3"," ","R","22","    11.1"," ","R","22","     7.3"," ","R","22","     4.3"," ","R","22","     2.3"," ","R","22","     1.7"," ","R","22","     1.0"," ","R","22","     0.0","X","R","22","     0.0","X","R","22","     0.3"," ","R","22","    11.1"," ","R","22","     7.3"," ","R","22","     4.3"," ","R","22","     2.3"," ","R","22","     1.7"," ","R","22","     1.0"," ","R","22","     0.0","X","R","22","     0.0","X","R","22","     8.0"," ","R","22","     7.0"," ","R","22","    37.1"," ","P","23","    22.3"," ","P","23","    13.4"," ","P","23","     7.7"," ","P","23","     2.2"," ","P","23","     0.2"," ","P","23","     0.0"," ","P","23","     0.0"," ","P","23","    0.04"," ","P","23","    0.15"," ","P","23","    0.40"," ","P","23","    0.97"," ","R","23","    7.41"," ","R","23"
"USW00094870","04-10"," 40.0397"," -88.2778"," 229.8","CHAMPAIGN WILLARD AP, IL US","04","10","99","    50.8"," ","R","22","    62.7"," ","R","22","    38.8"," ","R","23","    23.9"," ","R","22","     9.6"," ","R","22","    11.5"," ","R","22","     9.3"," ","R","23","     8.2"," ","R","22","    14.5"," ","R","22","     0.7"," ","R","22","     1.8"," ","R","22","     3.8"," ","R","22","     6.6"," ","R","22","     8.0"," ","R","22","    10.3"," ","R","22","     0.3"," ","R","22","    11.4"," ","R","22","     7.6"," ","R","22","     4.6"," ","R","22","     2.4"," ","R","22","     1.8"," ","R","22","     1.1"," ","R","22","     0.1"," ","R","22","     0.0","X","R","22","     0.3"," ","R","22","    11.4"," ","R","22","     7.6"," ","R","22","     4.6"," ","R","22","     2.4"," ","R","22","     1.8"," ","R","22","     1.1"," ","R","22","     0.1"," ","R","22","     0.0","X","R","22","     8.2"," ","R","22","     7.2"," ","R","22","    37.3"," ","P","23","    22.6"," ","P","23","    13.6"," ","P","23","     7.7"," ","P","23","     2.3"," ","P","23","     0.2"," ","P","23","     0.0"," ","P","23","     0.0"," ","P","23","    0.04"," ","P","23","    0.15"," ","P","23","    0.41"," ","P","23","    1.08"," ","R","23","    7.52"," ","R","23"
"USW00094870","04-11"," 40.0397"," -88.2778"," 229.8","CHAMPAIGN WILLARD AP, IL US","04","11","99","    51.1"," ","R","22","    63.1"," ","R","22","    39.2"," ","R","23","    23.9"," ","R","22","     9.5"," ","R","22","    11.4"," ","R","22","     9.2"," ","R","23","     8.2"," ","R","22","    14.2"," ","R","22","     0.6"," ","R","22","     1.7"," ","R","22","     3.6"," ","R","22","     6.4"," ","R","22","     7.8"," ","R","22","    10.0"," ","R","22","     0.4"," ","R","22","    11.8"," ","R","22","     7.9"," ","R","22","     4.8"," ","R","22","     2.5"," ","R","22","     1.9"," ","R","22","     1.1"," ","R","22","     0.1"," ","R","22","     0.0","X","R","22","     0.4"," ","R","22","    11.8"," ","R","22","     7.9"," ","R","22","     4.8"," ","R","22","     2.5"," ","R","22","     1.9"," ","R","22","     1.1"," ","R","22","     0.1"," ","R","22","     0.0","X","R","22","     8.4"," ","R","22","     7.4"," ","R","22","    37.5"," ","P","23","    22.8"," ","P","23","    13.8"," ","P","23","     7.7"," ","P","23","     2.3"," ","P","23","     0.2"," ","P","23","     0.0"," ","P","23","     0.0"," ","P","23","    0.04"," ","P","23","    0.15"," ","P","23","    0.41"," ","P","23","    1.20"," ","R","23","    7.64"," ","R","23"
"USW00094870","04-12"," 40.0397"," -88.2778"," 229.8","CHAMPAIGN WILLARD AP, IL US","04","12","99","    51.5"," ","R","22","    63.5"," ","R","22","    39.5"," ","R","23","    24.0"," ","R","22","     9.4"," ","R","22","    11.3"," ","R","22","     9.1"," ","R","23","     8.2"," ","R","22","    13.9"," ","R","22","     0.6"," ","R","22","     1.6"," ","R","22","     3.4"," ","R","22","     6.2"," ","R","22","     7.5"," ","R","22","     9.7"," ","R","22","     0.4"," ","R","22","    12.1"," ","R","22","     8.1"," ","R","22","     5.0"," ","R","22","     2.7"," ","R","22","     2.0"," ","R","22","     1.2"," ","R","22","     0.1"," ","R","22","     0.0","X","R","22","     0.4"," ","R","22","    12.1"," ","R","22","     8.1"," ","R","22","     5.0"," ","R","22","     2.7"," ","R","22","     2.0"," ","R","22","     1.2"," ","R","22","     0.1"," ","R","22","     0.0","X","R","22","     8.6"," ","R","22","     7.6"," ","R","22","    37.7"," ","P","23","    23.1"," ","P","23","    14.0"," ","P","23","     7.7"," ","P","23","     2.4"," ","P","23","     0.2"," ","P","23","     0.0"," ","P","23","     0.0"," ","P","23","    0.05"," ","P","23","    0.15"," ","P","23","    0.41"," ","P","23","    1.31"," ","R","23","    7.75"," ","R","23"
"USW00094870","04-13"," 40.0397"," -88.2778"," 229.8","CHAMPAIGN WILLARD AP, IL US","04","13","99","    51.9"," ","R","22","    63.9"," ","R","22","    39.9"," ","R","23","    24.0"," ","R","22","     9.3"," ","R","22","    11.3"," ","R","22","     9.0"," ","R","23","     8.2"," ","R","22","    13.5"," ","R","22","     0.5"," ","R","22","     1.5"," ","R","22","     3.3"," ","R","22","     5.9"," ","R","22","     7.2"," ","R","22","     9.4"," ","R","22","     0.4"," ","R","22","    12.4"," ","R","22","     8.4"," ","R","22","     5.1"," ","R","22","     2.8"," ","R","22","     2.1"," ","R","22","     1.3"," ","R","22","     0.1"," ","R","22","     0.0","X","R","22","     0.4"," ","R","22","    12.4"," ","R","22","     8.4"," ","R","22","     5.1"," ","R","22","     2.8"," ","R","22","     2.1"," ","R","22","     1.3"," ","R","22","     0.1"," ","R","22","     0.0","X","R","22","     8.8"," ","R","22","     7.7"," ","R","22","    37.9"," ","P","23","    23.4"," ","P","23","    14.1"," ","P","23","     7.8"," ","P","23","     2.4"," ","P","23","     0.2"," ","P","23","     0.0"," ","P","23","     0.0"," ","P","23","    0.05"," ","P","23","    0.16"," ","P","23","    0.41"," ","P","23","    1.43"," ","R","23","    7.87"," ","R","23"
"USW00094870","04-14"," 40.0397"," -88.2778"," 229.8","CHAMPAIGN WILLARD AP, IL US","04","14","99","    52.2"," ","R","22","    64.3"," ","R","22","    40.2"," ","R","23","    24.0"," ","R","22","     9.3"," ","R","22","    11.2"," ","R","22","     9.0"," ","R","23","     8.2"," ","R","22","    13.1"," ","R","22","     0.5"," ","R","22","     1.4"," ","R","22","     3.0"," ","R","22","     5.6"," ","R","22","     6.9"," ","R","22","     9.0"," ","R","22","     0.4"," ","R","22","    12.7"," ","R","22","     8.6"," ","R","22","     5.3"," ","R","22","     2.9"," ","R","22","     2.1"," ","R","22","     1.3"," ","R","22","     0.1"," ","R","22","     0.0","X","R","22","     0.4"," ","R","22","    12.7"," ","R","22","     8.6"," ","R","22","     5.3"," ","R","22","     2.9"," ","R","22","     2.1"," ","R","22","     1.3"," ","R","22","     0.1"," ","R","22","     0.0","X","R","22","     9.0"," ","R","22","     7.9"," ","R","22","    38.1"," ","P","23","    23.8"," ","P","23","    14.3"," ","P","23","     7.8"," ","P","23","     2.4"," ","P","23","     0.2"," ","P","23","     0.0"," ","P","23","     0.0"," ","P","23","    0.05"," ","P","23","    0.16"," ","P","23","    0.42"," ","P","23","    1.56"," ","R","23","    8.00"," ","R","23"
"USW00094870","04-15"," 40.0397"," -88.2778"," 229.8","CHAMPAIGN WILLARD AP, IL US","04","15","99","    52.6"," ","R","22","    64.6"," ","R","22","    40.6"," ","R","23","    24.0"," ","R","22","     9.2"," ","R","22","    11.1"," ","R","22","     8.9"," ","R","23","     8.2"," ","R","22","    12.8"," ","R","22","     0.4"," ","R","22","     1.2"," ","R","22","     2.8"," ","R","22","     5.3"," ","R","22","     6.6"," ","R","22","     8.7"," ","R","22","     0.4"," ","R","22","    13.0"," ","R","22","     8.9"," ","R","22","     5.4"," ","R","22","     2.9"," ","R","22","     2.2"," ","R","22","     1.3"," ","R","22","     0.1"," ","R","22","     0.0","X","R","22","     0.4"," ","R","22","    13.0"," ","R","22","     8.9"," ","R","22","     5.4"," ","R","22","     2.9"," ","R","22","     2.2"," ","R","22","     1.3"," ","R","22","     0.1"," ","R","22","     0.0","X","R","22","     9.1"," ","R","22","     8.0"," ","R","22","    38.4"," ","P","23","    24.1"," ","P","23","    14.5"," ","P","23","     7.8"," ","P","23","     2.5"," ","P","23","     0.2"," ","P","23","     0.0"," ","P","23","     0.0"," ","P","23","    0.05"," ","P","23","    0.16"," ","P","23","    0.42"," ","P","23","    1.68"," ","R","23","    8.12"," ","R","23"
"USW00094870","04-16"," 40.0397"," -88.2778"," 229.8","CHAMPAIGN WILLARD AP, IL US","04","16","99","    53.0"," ","R","22","    65.0"," ","R","22","    41.0"," ","R","23","    24.0"," ","R","22","     9.1"," ","R","22","    11.0"," ","R","22","     8.8"," ","R","23","     8.2"," ","R","22","    12.4"," ","R","22","     0.3"," ","R","22","     1.1"," ","R","22","     2.6"," ","R","22","     5.0"," ","R","22","     6.2"," ","R","22","     8.4"," ","R","22","     0.4"," ","R","22","    13.3"," ","R","22","     9.1"," ","R","22","     5.6"," ","R","22","     3.0"," ","R","22","     2.2"," ","R","22","     1.3"," ","R","22","     0.1"," ","R","22","     0.0","X","R","22","     0.4"," ","R","22","    13.3"," ","R","22","     9.1"," ","R","22","     5.6"," ","R","22","     3.0"," ","R","22","     2.2"," ","R","22","     1.3"," ","R","22","     0.1"," ","R","22","     0.0","X","R","22","     9.3"," ","R","22","     8.2"," ","R","22","    38.6"," ","P","23","    24.4"," ","P","23","    14.6"," ","P","23","     7.8"," ","P","23","     2.5"," ","P","23","     0.2"," ","P","23","     0.0"," ","P","23","     0.0"," ","P","23","    0.05"," ","P","23","    0.16"," ","P","23","    0.42"," ","P","23","    1.81"," ","R","23","    8.25"," ","R","23"
"USW00094870","04-17"," 40.0397"," -88.2778"," 229.8","CHAMPAIGN WILLARD AP, IL US","04","17","99","    53.3"," ","R","22","    65.4"," ","R","22","    41.3"," ","R","23","    24.0"," ","R","22","     9.0"," ","R","22","    10.9"," ","R","22","     8.7"," ","R","23","     8.2"," ","R","22","    12.1"," ","R","22","     0.3"," ","R","22","     1.0"," ","R","22","     2.4"," ","R","22","     4.7"," ","R","22","     5.9"," ","R","22","     8.0"," ","R","22","     0.4"," ","R","22","    13.6"," ","R","22","     9.3"," ","R","22","     5.7"," ","R","22","     3.0"," ","R","22","     2.2"," ","R","22","     1.3"," ","R","22","     0.1"," ","R","22","     0.0","X","R","22","     0.4"," ","R","22","    13.6"," ","R","22","     9.3"," ","R","22","     5.7"," ","R","22","     3.0"," ","R","22","     2.2"," ","R","22","     1.3"," ","R","22","     0.1"," ","R","22","     0.0","X","R","22","     9.5"," ","R","22","     8.3"," ","R","22","    38.9"," ","P","23","    24.7"," ","P","23","    14.8"," ","P","23","     7.9"," ","P","23","     2.6"," ","P","23","     0.2"," ","P","23","     0.0"," ","P","23","     0.0"," ","P","23","    0.05"," ","P","23","    0.16"," ","P","23","    0.42"," ","P","23","    1.95"," ","R","23","    8.39"," ","R","23"
"USW00094870","04-18"," 40.0397"," -88.2778"," 229.8","CHAMPAIGN WILLARD AP, IL US","04","18","99","    53.7"," ","R","22","    65.7"," ","R","22","    41.7"," ","R","23","    24.0"," ","R","22","     8.9"," ","R","22","    10.9"," ","R","22","     8.7"," ","R","23","     8.2"," ","R","22","    11.7"," ","R","22","     0.2"," ","R","22","     0.9"," ","R","22","     2.2"," ","R","22","     4.4"," ","R","22","     5.6"," ","R","22","     7.7"," ","R","22","     0.4"," ","R","22","    14.0"," ","R","22","     9.6"," ","R","22","     5.9"," ","R","22","     3.1"," ","R","22","     2.3"," ","R","22","     1.4"," ","R","22","     0.1"," ","R","22","     0.0","X","R","22","     0.4"," ","R","22","    14.0"," ","R","22","     9.6"," ","R","22","     5.9"," ","R","22","     3.1"," ","R","22","     2.3"," ","R","22","     1.4"," ","R","22","     0.1"," ","R","22","     0.0","X","R","22","     9.7"," ","R","22","     8.5"," ","R","22","    39.2"," ","P","23","    25.0"," ","P","23","    15.0"," ","P","23","     7.9"," ","P","23","     2.6"," ","P","23","     0.2"," ","P","23","     0.0"," ","P","23","     0.0"," ","P","23","    0.05"," ","P","23","    0.16"," ","P","23","    0.42"," ","P","23","    2.08"," ","R","23","    8.52"," ","R","23"
"USW00094870","04-19"," 40.0397"," -88.2778"," 229.8","CHAMPAIGN WILLARD AP, IL US","04","19","99","    54.1"," ","R","22","    66.1"," ","R","22","    42.1"," ","R","23","    24.0"," ","R","22","     8.9"," ","R","22","    10.8"," ","R","22","     8.6"," ","R","23","     8.2"," ","R","22","    11.4"," ","R","22","     0.2"," ","R","22","     0.8"," ","R","22","     2.0"," ","R","22","     4.1"," ","R","22","     5.3"," ","R","22","     7.3"," ","R","22","     0.4"," ","R","22","    14.3"," ","R","22","     9.9"," ","R","22","     6.0"," ","R","22","     3.2"," ","R","22","     2.4"," ","R","22","     1.4"," ","R","22","     0.1"," ","R","22","     0.0","X","R","22","     0.4"," ","R","22","    14.3"," ","R","22","     9.9"," ","R","22","     6.0"," ","R","22","     3.2"," ","R","22","     2.4"," ","R","22","     1.4"," ","R","22","     0.1"," ","R","22","     0.0","X","R","22","     9.9"," ","R","22","     8.7"," ","R","22","    39.5"," ","P","23","    25.3"," ","P","23","    15.2"," ","P","23","     8.0"," ","P","23","     2.6"," ","P","23","     0.2"," ","P","23","     0.0"," ","P","23","     0.0"," ","P","23","    0.05"," ","P","23","    0.16"," ","P","23","    0.43"," ","P","23","    2.21"," ","R","23","    8.65"," ","R","23"
"USW00094870","04-20"," 40.0397"," -88.2778"," 229.8","CHAMPAIGN WILLARD AP, IL US","04","20","99","    54.4"," ","R","22","    66.4"," ","R","22","    42.4"," ","R","23","    24.0"," ","R","22","     8.8"," ","R","22","    10.7"," ","R","22","     8.6"," ","R","23","     8.2"," ","R","22","    11.0"," ","R","22","     0.2"," ","R","22","     0.7"," ","R","22","     1.8"," ","R","22","     3.8"," ","R","22","     5.0"," ","R","22","     7.0"," ","R","22","     0.5"," ","R","22","    14.7"," ","R","22","    10.2"," ","R","22","     6.2"," ","R","22","     3.3"," ","R","22","     2.4"," ","R","22","     1.5"," ","R","22","     0.1"," ","R","22","     0.0","X","R","22","     0.5"," ","R","22","    14.7"," ","R","22","    10.2"," ","R","22","     6.2"," ","R","22","     3.3"," ","R","22","     2.4"," ","R","22","     1.5"," ","R","22","     0.1"," ","R","22","     0.0","X","R","22","    10.0"," ","R","22","     8.9"," ","R","22","    39.8"," ","P","23","    25.6"," ","P","23","    15.3"," ","P","23","     8.0"," ","P","23","     2.7"," ","P","23","     0.2"," ","P","23","     0.0"," ","P","23","     0.0"," ","P","23","    0.05"," ","P","23","    0.16"," ","P","23","    0.43"," ","P","23","    2.34"," ","R","23","    8.78"," ","R","23"
"USW00094870","04-21"," 40.0397"," -88.2778"," 229.8","CHAMPAIGN WILLARD AP, IL US","04","21","99","    54.8"," ","R","22","    66.8"," ","R","22","    42.8"," ","R","23","    24.0"," ","R","22","     8.7"," ","R","22","    10.7"," ","R","22","     8.5"," ","R","23","     8.2"," ","R","22","    10.7"," ","R","22","     0.2"," ","R","22","     0.6"," ","R","22","     1.6"," ","R","22","     3.5"," ","R","22","     4.7"," ","R","22","     6.7"," ","R","22","     0.5"," ","R","22","    15.0"," ","R","22","    10.4"," ","R","22","     6.4"," ","R","22","     3.4"," ","R","22","     2.5"," ","R","22","     1.5"," ","R","22","     0.1"," ","R","22","     0.0","X","R","22","     0.5"," ","R","22","    15.0"," ","R","22","    10.4"," ","R","22","     6.4"," ","R","22","     3.4"," ","R","22","     2.5"," ","R","22","     1.5"," ","R","22","     0.1"," ","R","22","     0.0","X","R","22","    10.2"," ","R","22","     9.0"," ","R","22","    40.1"," ","P","23","    25.9"," ","P","23","    15.5"," ","P","23","     8.0"," ","P","23","     2.7"," ","P","23","     0.2"," ","P","23","     0.0"," ","P","23","     0.0"," ","P","23","    0.05"," ","P","23","    0.17"," ","P","23","    0.43"," ","P","23","    2.47"," ","R","23","    8.91"," ","R","23"
"USW00094870","04-22"," 40.0397"," -88.2778"," 229.8","CHAMPAIGN WILLARD AP, IL US","04","22","99","    55.2"," ","R","22","    67.2"," ","R","22","    43.2"," ","R","23","    24.0"," ","R","22","     8.7"," ","R","22","    10.6"," ","R","22","     8.5"," ","R","23","     8.2"," ","R","22","    10.3"," ","R","22","     0.1"," ","R","22","     0.5"," ","R","22","     1.4"," ","R","22","     3.2"," ","R","22","     4.3"," ","R","22","     6.3"," ","R","22","     0.5"," ","R","22","    15.3"," ","R","22","    10.7"," ","R","22","     6.6"," ","R","22","     3.4"," ","R","22","     2.5"," ","R","22","     1.5"," ","R","22","     0.1"," ","R","22","     0.0","X","R","22","     0.5"," ","R","22","    15.3"," ","R","22","    10.7"," ","R","22","     6.6"," ","R","22","     3.4"," ","R","22","     2.5"," ","R","22","     1.5"," ","R","22","     0.1"," ","R","22","     0.0","X","R","22","    10.4"," ","R","22","     9.2"," ","R","22","    40.3"," ","P","23","    26.1"," ","P","23","    15.6"," ","P","23","     8.0"," ","P","23","     2.7"," ","P","23","     0.1"," ","P","23","     0.0"," ","P","23","     0.0"," ","P","23","    0.05"," ","P","23","    0.17"," ","P","23","    0.43"," ","P","23","    2.60"," ","R","23","    9.04"," ","R","23"
"USW00094870","04-23"," 40.0397"," -88.2778"," 229.8","CHAMPAIGN WILLARD AP, IL US","04","23","99","    55.6"," ","R","22","    67.5"," ","R","22","    43.6"," ","R","23","    23.9"," ","R","22","     8.6"," ","R","22","    10.6"," ","R","22","     8.4"," ","R","23","     8.1"," ","R","22","     9.9"," ","R","22","     0.1"," ","R","22","     0.4"," ","R","22","     1.2"," ","R","22","     3.0"," ","R","22","     4.0"," ","R","22","     6.0"," ","R","22","     0.5"," ","R","22","    15.7"," ","R","22","    11.0"," ","R","22","     6.7"," ","R","22","     3.5"," ","R","22","     2.6"," ","R","22","     1.5"," ","R","22","     0.1"," ","R","22","     0.0","X","R","22","     0.5"," ","R","22","    15.7"," ","R","22","    11.0"," ","R","22","     6.7"," ","R","22","     3.5"," ","R","22","     2.6"," ","R","22","     1.5"," ","R","22","     0.1"," ","R","22","     0.0","X","R","22","    10.5"," ","R","22","     9.3"," ","R","22","    40.5"," ","P","23","    26.4"," ","P","23","    15.8"," ","P","23","     8.1"," ","P","23","     2.8"," ","P","23","     0.1"," ","P","23","     0.0"," ","P","23","     0.0"," ","P","23","    0.05"," ","P","23","    0.17"," ","P","23","    0.43"," ","P","23","    2.73"," ","R","23","    9.17"," ","R","23"
"USW00094870","04-24"," 40.0397"," -88.2778"," 229.8","CHAMPAIGN WILLARD AP, IL US","04","24","99","    55.9"," ","R","22","    67.9"," ","R","22","    44.0"," ","R","23","    23.9"," ","R","22","     8.6"," ","R","22","    10.5"," ","R","22","     8.4"," ","R","23","     8.1"," ","R","22","     9.6"," ","R","22","     0.1"," ","R","22","     0.3"," ","R","22","     1.0"," ","R","22","     2.7"," ","R","22","     3.7"," ","R","22","     5.7"," ","R","22","     0.5"," ","R","22","    16.0"," ","R","22","    11.2"," ","R","22","     6.9"," ","R","22","     3.6"," ","R","22","     2.7"," ","R","22","     1.6"," ","R","22","     0.1"," ","R","22","     0.0","X","R","22","     0.5"," ","R","22","    16.0"," ","R","22","    11.2"," ","R","22","     6.9"," ","R","22","     3.6"," ","R","22","     2.7"," ","R","22","     1.6"," ","R","22","     0.1"," ","R","22","     0.0","X","R","22","    10.7"," ","R","22","     9.5"," ","R","22","    40.8"," ","P","23","    26.7"," ","P","23","    15.9"," ","P","23","     8.1"," ","P","23","     2.8"," ","P","23","     0.1"," ","P","23","     0.0"," ","P","23","     0.0"," ","P","23","    0.05"," ","P","23","    0.17"," ","P","23","    0.44"," ","P","23","    2.86"," ","R","23","    9.30"," ","R","23"
"USW00094870","04-25"," 40.0397"," -88.2778"," 229.8","CHAMPAIGN WILLARD AP, IL US","04","25","99","    56.3"," ","R","22","    68.2"," ","R","22","    44.4"," ","R","23","    23.9"," ","R","22","     8.5"," ","R","22","    10.4"," ","R","22","     8.3"," ","R","23","     8.1"," ","R","22","     9.3"," ","R","22","     0.0","X","R","22","     0.2"," ","R","22","     0.8"," ","R","22","     2.5"," ","R","22","     3.5"," ","R","22","     5.4"," ","R","22","     0.5"," ","R","22","    16.3"," ","R","22","    11.5"," ","R","22","     7.1"," ","R","22","     3.8"," ","R","22","     2.8"," ","R","22","     1.7"," ","R","22","     0.1"," ","R","22","     0.1"," ","R","22","     0.5"," ","R","22","    16.3"," ","R","22","    11.5"," ","R","22","     7.1"," ","R","22","     3.8"," ","R","22","     2.8"," ","R","22","     1.7"," ","R","22","     0.1"," ","R","22","     0.1"," ","R","22","    10.9"," ","R","22","     9.7"," ","R","22","    41.0"," ","P","23","    26.9"," ","P","23","    16.1"," ","P","23","     8.2"," ","P","23","     2.8"," ","P","23","     0.1"," ","P","23","     0.0"," ","P","23","     0.0"," ","P","23","    0.05"," ","P","23","    0.17"," ","P","23","    0.44"," ","P","23","    2.99"," ","R","23","    9.43"," ","R","23"
"USW00094870","04-26"," 40.0397"," -88.2778"," 229.8","CHAMPAIGN WILLARD AP, IL US","04","26","99","    56.7"," ","R","22","    68.6"," ","R","22","    44.7"," ","R","23","    23.8"," ","R","22","     8.5"," ","R","22","    10.4"," ","R","22","     8.3"," ","R","23","     8.0"," ","R","22","     8.9"," ","R","22","     0.0","X","R","22","     0.2"," ","R","22","     0.7"," ","R","22","     2.3"," ","R","22","     3.3"," ","R","22","     5.1"," ","R","22","     0.6"," ","R","22","    16.7"," ","R","22","    11.8"," ","R","22","     7.4"," ","R","22","     3.9"," ","R","22","     2.9"," ","R","22","     1.8"," ","R","22","     0.2"," ","R","22","     0.1"," ","R","22","     0.6"," ","R","22","    16.7"," ","R","22","    11.8"," ","R","22","     7.4"," ","R","22","     3.9"," ","R","22","     2.9"," ","R","22","     1.8"," ","R","22","     0.2"," ","R","22","     0.1"," ","R","22","    11.1"," ","R","22","     9.9"," ","R","22","    41.2"," ","P","23","    27.1"," ","P","23","    16.2"," ","P","23","     8.2"," ","P","23","     2.9"," ","P","23","     0.1"," ","P","23","     0.0"," ","P","23","     0.0"," ","P","23","    0.05"," ","P","23","    0.17"," ","P","23","    0.44"," ","P","23","    3.13"," ","R","23","    9.57"," ","R","23"
"USW00094870","04-27"," 40.0397"," -88.2778"," 229.8","CHAMPAIGN WILLARD AP, IL US","04","27","99","    57.0"," ","R","22","    68.9"," ","R","22","    45.1"," ","R","23","    23.8"," ","R","22","     8.4"," ","R","22","    10.3"," ","R","22","     8.2"," ","R","23","     8.0"," ","R","22","     8.6"," ","R","22","     0.0","X","R","22","     0.1"," ","R","22","     0.6"," ","R","22","     2.1"," ","R","22","     3.1"," ","R","22","     4.9"," ","R","22","     0.7"," ","R","22","    17.0"," ","R","22","    12.2"," ","R","22","     7.7"," ","R","22","     4.1"," ","R","22","     3.1"," ","R","22","     1.9"," ","R","22","     0.2"," ","R","22","     0.1"," ","R","22","     0.7"," ","R","22","    17.0"," ","R","22","    12.2"," ","R","22","     7.7"," ","R","22","     4.1"," ","R","22","     3.1"," ","R","22","     1.9"," ","R","22","     0.2"," ","R","22","     0.1"," ","R","22","    11.4"," ","R","22","    10.1"," ","R","22","    41.5"," ","P","23","    27.3"," ","P","23","    16.4"," ","P","23","     8.3"," ","P","23","     2.9"," ","P","23","     0.1"," ","P","23","     0.0"," ","P","23","     0.0"," ","P","23","    0.05"," ","P","23","    0.17"," ","P","23","    0.44"," ","P","23","    3.26"," ","R","23","    9.70"," ","R","23"
"USW00094870","04-28"," 40.0397"," -88.2778"," 229.8","CHAMPAIGN WILLARD AP, IL US","04","28","99","    57.4"," ","R","22","    69.3"," ","R","22","    45.5"," ","R","23","    23.8"," ","R","22","     8.4"," ","R","22","    10.2"," ","R","22","     8.2"," ","R","23","     7.9"," ","R","22","     8.3"," ","R","22","     0.0","X","R","22","     0.1"," ","R","22","     0.5"," ","R","22","     1.9"," ","R","22","     2.9"," ","R","22","     4.6"," ","R","22","     0.7"," ","R","22","    17.4"," ","R","22","    12.5"," ","R","22","     7.9"," ","R","22","     4.3"," ","R","22","     3.3"," ","R","22","     2.0"," ","R","22","     0.2"," ","R","22","     0.1"," ","R","22","     0.7"," ","R","22","    17.4"," ","R","22","    12.5"," ","R","22","     7.9"," ","R","22","     4.3"," ","R","22","     3.3"," ","R","22","     2.0"," ","R","22","     0.2"," ","R","22","     0.1"," ","R","22","    11.6"," ","R","22","    10.3"," ","R","22","    41.7"," ","P","23","    27.5"," ","P","23","    16.5"," ","P","23","     8.3"," ","P","23","     2.9"," ","P","23","     0.1"," ","P","23","     0.0"," ","P","23","     0.0"," ","P","23","    0.05"," ","P","23","    0.17"," ","P","23","    0.44"," ","P","23","    3.40"," ","R","23","    9.84"," ","R","23"
"USW00094870","04-29"," 40.0397"," -88.2778"," 229.8","CHAMPAIGN WILLARD AP, IL US","04","29","99","    57.8"," ","R","22","    69.6"," ","R","22","    45.9"," ","R","23","    23.7"," ","R","22","     8.3"," ","R","22","    10.2"," ","R","22","     8.2"," ","R","23","     7.9"," ","R","22","     8.0"," ","R","22","     0.0","X","R","22","     0.1"," ","R","22","     0.5"," ","R","22","     1.8"," ","R","22","     2.7"," ","R","22","     4.4"," ","R","22","     0.8"," ","R","22","    17.8"," ","R","22","    12.9"," ","R","22","     8.3"," ","R","22","     4.6"," ","R","22","     3.5"," ","R","22","     2.1"," ","R","22","     0.2"," ","R","22","     0.1"," ","R","22","     0.8"," ","R","22","    17.8"," ","R","22","    12.9"," ","R","22","     8.3"," ","R","22","     4.6"," ","R","22","     3.5"," ","R","22","     2.1"," ","R","22","     0.2"," ","R","22","     0.1"," ","R","22","    11.9"," ","R","22","    10.5"," ","R","22","    41.9"," ","P","23","    27.6"," ","P","23","    16.6"," ","P","23","     8.3"," ","P","23","     2.9"," ","P","23","     0.1"," ","P","23","     0.0"," ","P","23","     0.0"," ","P","23","    0.05"," ","P","23","    0.17"," ","P","23","    0.44"," ","P","23","    3.54"," ","R","23","    9.98"," ","R","23"
"USW00094870","04-30"," 40.0397"," -88.2778"," 229.8","CHAMPAIGN WILLARD AP, IL US","04","30","99","    58.1"," ","R","22","    70.0"," ","R","22","    46.3"," ","R","23","    23.7"," ","R","22","     8.3"," ","R","22","    10.1"," ","R","22","     8.1"," ","R","23","     7.9"," ","R","22","     7.7"," ","R","22","     0.0","X","R","22","     0.1"," ","R","22","     0.4"," ","R","22","     1.7"," ","R","22","     2.5"," ","R","22","     4.1"," ","R","22","     0.9"," ","R","22","    18.1"," ","R","22","    13.2"," ","R","22","     8.6"," ","R","22","     4.8"," ","R","22","     3.7"," ","R","22","     2.3"," ","R","22","     0.2"," ","R","22","     0.1"," ","R","22","     0.9"," ","R","22","    18.1"," ","R","22","    13.2"," ","R","22","     8.6"," ","R","22","     4.8"," ","R","22","     3.7"," ","R","22","     2.3"," ","R","22","     0.2"," ","R","22","     0.1"," ","R","22","    12.1"," ","R","22","    10.8"," ","R","22","    42.1"," ","P","23","    27.7"," ","P","23","    16.7"," ","P","23","     8.3"," ","P","23","     2.9"," ","P","23","     0.1"," ","P","23","     0.0"," ","P","23","     0.0"," ","P","23","    0.05"," ","P","23","    0.17"," ","P","23","    0.44"," ","P","23","    3.68"," ","R","23","   10.12"," ","R","23"
"USW00094870","05-01"," 40.0397"," -88.2778"," 229.8","CHAMPAIGN WILLARD AP, IL US","05","01","99","    58.5"," ","R","22","    70.3"," ","R","22","    46.7"," ","R","23","    23.6"," ","R","22","     8.3"," ","R","22","    10.1"," ","R","22","     8.1"," ","R","23","     7.8"," ","R","22","     7.4"," ","R","22","     0.0","X","R","22","     0.1"," ","R","22","     0.4"," ","R","22","     1.6"," ","R","22","     2.4"," ","R","22","     3.9"," ","R","22","     0.9"," ","R","22","    18.5"," ","R","22","    13.6"," ","R","22","     8.9"," ","R","22","     5.1"," ","R","22","     3.9"," ","R","22","     2.4"," ","R","22","     0.2"," ","R","22","     0.1"," ","R","22","     0.9"," ","R","22","    18.5"," ","R","22","    13.6"," ","R","22","     8.9"," ","R","22","     5.1"," ","R","22","     3.9"," ","R","22","     2.4"," ","R","22","     0.2"," ","R","22","     0.1"," ","R","22","    12.4"," ","R","22","    11.0"," ","R","22","    42.2"," ","P","23","    27.8"," ","P","23","    16.8"," ","P","23","     8.3"," ","P","23","     2.9"," ","P","23","     0.1"," ","P","23","     0.0"," ","P","23","     0.0"," ","P","23","    0.05"," ","P","23","    0.17"," ","P","23","    0.44"," ","P","23","    0.13"," ","R","22","   10.25"," ","R","22"
"USW00094870","05-02"," 40.0397"," -88.2778"," 229.8","CHAMPAIGN WILLARD AP, IL US","05","02","99","    58.9"," ","R","22","    70.7"," ","R","22","    47.1"," ","R","23","    23.6"," ","R","22","     8.3"," ","R","22","    10.1"," ","R","22","     8.1"," ","R","23","     7.8"," ","R","22","     7.1"," ","R","22","     0.0","X","R","22","     0.1"," ","R","22","     0.4"," ","R","22","     1.5"," ","R","22","     2.3"," ","R","22","     3.7"," ","R","22","     1.0"," ","R","22","    18.9"," ","R","22","    13.9"," ","R","22","     9.3"," ","R","22","     5.4"," ","R","22","     4.2"," ","R","22","     2.6"," ","R","22","     0.3"," ","R","22","     0.1"," ","R","22","     1.0"," ","R","22","    18.9"," ","R","22","    13.9"," ","R","22","     9.3"," ","R","22","     5.4"," ","R","22","     4.2"," ","R","22","     2.6"," ","R","22","     0.3"," ","R","22","     0.1"," ","R","22","    12.6"," ","R","22","    11.2"," ","R","22","    42.3"," ","P","23","    27.9"," ","P","23","    16.8"," ","P","23","     8.2"," ","P","23","     2.9"," ","P","23","     0.2"," ","P","23","     0.0"," ","P","23","     0.0"," ","P","23","    0.05"," ","P","23","    0.17"," ","P","23","    0.44"," ","P","23","    0.27"," ","R","22","   10.39"," ","R","22"
"USW00094870","05-03"," 40.0397"," -88.2778"," 229.8","CHAMPAIGN WILLARD AP, IL US","05","03","99","    59.3"," ","R","22","    71.0"," ","R","22","    47.5"," ","R","23","    23.6"," ","R","22","     8.2"," ","R","22","    10.1"," ","R","22","     8.1"," ","R","23","     7.7"," ","R","22","     6.9"," ","R","22","     0.0","X","R","22","     0.1"," ","R","22","     0.4"," ","R","22","     1.4"," ","R","22","     2.2"," ","R","22","     3.6"," ","R","22","     1.1"," ","R","22","    19.3"," ","R","22","    14.3"," ","R","22","     9.7"," ","R","22","     5.7"," ","R","22","     4.4"," ","R","22","     2.8"," ","R","22","     0.3"," ","R","22","     0.1"," ","R","22","     1.1"," ","R","22","    19.3"," ","R","22","    14.3"," ","R","22","     9.7"," ","R","22","     5.7"," ","R","22","     4.4"," ","R","22","     2.8"," ","R","22","     0.3"," ","R","22","     0.1"," ","R","22","    12.9"," ","R","22","    11.5"," ","R","22","    42.4"," ","P","23","    27.9"," ","P","23","    16.9"," ","P","23","     8.2"," ","P","23","     2.9"," ","P","23","     0.2"," ","P","23","     0.0"," ","P","23","     0.0"," ","P","23","    0.05"," ","P","23","    0.17"," ","P","23","    0.44"," ","P","23","    0.41"," ","R","22","   10.53"," ","R","22"
"USW00094870","05-04"," 40.0397"," -88.2778"," 229.8","CHAMPAIGN WILLARD AP, IL US","05","04","99","    59.6"," ","R","22","    71.4"," ","R","22","    47.9"," ","R","23","    23.5"," ","R","22","     8.2"," ","R","22","    10.0"," ","R","22","     8.0"," ","R","23","     7.7"," ","R","22","     6.6"," ","R","22","     0.0","X","R","22","     0.1"," ","R","22","     0.4"," ","R","22","     1.4"," ","R","22","     2.1"," ","R","22","     3.4"," ","R","22","     1.2"," ","R","22","    19.6"," ","R","22","    14.7"," ","R","22","    10.0"," ","R","22","     6.0"," ","R","22","     4.7"," ","R","22","     3.0"," ","R","22","     0.3"," ","R","22","     0.2"," ","R","22","     1.2"," ","R","22","    19.6"," ","R","22","    14.7"," ","R","22","    10.0"," ","R","22","     6.0"," ","R","22","     4.7"," ","R","22","     3.0"," ","R","22","     0.3"," ","R","22","     0.2"," ","R","22","    13.2"," ","R","22","    11.7"," ","R","22","    42.5"," ","P","23","    28.0"," ","P","23","    17.0"," ","P","23","     8.2"," ","P","23","     2.9"," ","P","23","     0.2"," ","P","23","     0.0"," ","P","23","     0.0"," ","P","23","    0.05"," ","P","23","    0.17"," ","P","23","    0.44"," ","P","23","    0.55"," ","R","22","   10.67"," ","R","22"
"USW00094870","05-05"," 40.0397"," -88.2778"," 229.8","CHAMPAIGN WILLARD AP, IL US","05","05","99","    60.0"," ","R","22","    71.7"," ","R","22","    48.3"," ","R","23","    23.5"," ","R","22","     8.2"," ","R","22","    10.0"," ","R","22","     8.0"," ","R","23","     7.6"," ","R","22","     6.4"," ","R","22","     0.0"," ","R","22","     0.1"," ","R","22","     0.4"," ","R","22","     1.3"," ","R","22","     2.0"," ","R","22","     3.3"," ","R","22","     1.4"," ","R","22","    20.0"," ","R","22","    15.1"," ","R","22","    10.4"," ","R","22","     6.3"," ","R","22","     5.0"," ","R","22","     3.3"," ","R","22","     0.4"," ","R","22","     0.2"," ","R","22","     1.4"," ","R","22","    20.0"," ","R","22","    15.1"," ","R","22","    10.4"," ","R","22","     6.3"," ","R","22","     5.0"," ","R","22","     3.3"," ","R","22","     0.4"," ","R","22","     0.2"," ","R","22","    13.4"," ","R","22","    12.0"," ","R","22","    42.5"," ","P","23","    28.1"," ","P","23","    17.1"," ","P","23","     8.2"," ","P","23","     2.9"," ","P","23","     0.2"," ","P","23","     0.0"," ","P","23","     0.0"," ","P","23","    0.05"," ","P","23","    0.17"," ","P","23","    0.44"," ","P","23","    0.68"," ","R","22","   10.80"," ","R","22"
"USW00094870","05-06"," 40.0397"," -88.2778"," 229.8","CHAMPAIGN WILLARD AP, IL US","05","06","99","    60.4"," ","R","22","    72.1"," ","R","22","    48.7"," ","R","23","    23.4"," ","R","22","     8.2"," ","R","22","    10.0"," ","R","22","     8.0"," ","R","23","     7.6"," ","R","22","     6.2"," ","R","22","     0.0"," ","R","22","     0.1"," ","R","22","     0.4"," ","R","22","     1.3"," ","R","22","     1.9"," ","R","22","     3.2"," ","R","22","     1.6"," ","R","22","    20.4"," ","R","22","    15.4"," ","R","22","    10.8"," ","R","22","     6.7"," ","R","22","     5.3"," ","R","22","     3.5"," ","R","22","     0.5"," ","R","22","     0.2"," ","R","22","     1.6"," ","R","22","    20.4"," ","R","22","    15.4"," ","R","22","    10.8"," ","R","22","     6.7"," ","R","22","     5.3"," ","R","22","     3.5"," ","R","22","     0.5"," ","R","22","     0.2"," ","R","22","    13.7"," ","R","22","    12.2"," ","R","22","    42.6"," ","P","23","    28.1"," ","P","23","    17.2"," ","P","23","     8.2"," ","P","23","     2.9"," ","P","23","     0.2"," ","P","23","     0.0"," ","P","23","     0.0"," ","P","23","    0.05"," ","P","23","    0.17"," ","P","23","    0.44"," ","P","23","    0.82"," ","R","22","   10.94"," ","R","22"
"USW00094870","05-07"," 40.0397"," -88.2778"," 229.8","CHAMPAIGN WILLARD AP, IL US","05","07","99","    60.7"," ","R","22","    72.4"," ","R","22","    49.0"," ","R","23","    23.4"," ","R","22","     8.2"," ","R","22","    10.0"," ","R","22","     8.0"," ","R","23","     7.6"," ","R","22","     6.0"," ","R","22","     0.0"," ","R","22","     0.1"," ","R","22","     0.4"," ","R","22","     1.3"," ","R","22","     1.9"," ","R","22","     3.0"," ","R","22","     1.7"," ","R","22","    20.7"," ","R","22","    15.8"," ","R","22","    11.1"," ","R","22","     7.0"," ","R","22","     5.6"," ","R","22","     3.8"," ","R","22","     0.6"," ","R","22","     0.3"," ","R","22","     1.7"," ","R","22","    20.7"," ","R","22","    15.8"," ","R","22","    11.1"," ","R","22","     7.0"," ","R","22","     5.6"," ","R","22","     3.8"," ","R","22","     0.6"," ","R","22","     0.3"," ","R","22","    14.0"," ","R","22","    12.5"," ","R","22","    42.6"," ","P","23","    28.2"," ","P","23","    17.3"," ","P","23","     8.3"," ","P","23","     2.9"," ","P","23","     0.2"," ","P","23","     0.0"," ","P","23","     0.0"," ","P","23","    0.05"," ","P","23","    0.17"," ","P","23","    0.44"," ","P","23","    0.96"," ","R","22","   11.08"," ","R","22"
"USW00094870","05-08"," 40.0397"," -88.2778"," 229.8","CHAMPAIGN WILLARD AP, IL US","05","08","99","    61.1"," ","R","22","    72.8"," ","R","22","    49.4"," ","R","23","    23.4"," ","R","22","     8.2"," ","R","22","    10.0"," ","R","22","     8.0"," ","R","23","     7.5"," ","R","22","     5.8"," ","R","22","     0.0"," ","R","22","     0.1"," ","R","22","     0.3"," ","R","22","     1.2"," ","R","22","     1.8"," ","R","22","     2.9"," ","R","22","     1.9"," ","R","22","    21.1"," ","R","22","    16.2"," ","R","22","    11.5"," ","R","22","     7.3"," ","R","22","     5.9"," ","R","22","     4.0"," ","R","22","     0.6"," ","R","22","     0.4"," ","R","22","     1.9"," ","R","22","    21.1"," ","R","22","    16.2"," ","R","22","    11.5"," ","R","22","     7.3"," ","R","22","     5.9"," ","R","22","     4.0"," ","R","22","     0.6"," ","R","22","     0.4"," ","R","22","    14.2"," ","R","22","    12.7"," ","R","22","    42.7"," ","P","23","    28.3"," ","P","23","    17.4"," ","P","23","     8.4"," ","P","23","     2.9"," ","P","23","     0.2"," ","P","23","     0.0"," ","P","23","     0.0"," ","P","23","    0.05"," ","P","23","    0.17"," ","P","23","    0.44"," ","P","23","    1.10"," ","R","22","   11.22"," ","R","22"
"USW00094870","05-09"," 40.0397"," -88.2778"," 229.8","CHAMPAIGN WILLARD AP, IL US","05","09","99","    61.5"," ","R","22","    73.1"," ","R","22","    49.8"," ","R","23","    23.3"," ","R","22","     8.2"," ","R","22","     9.9"," ","R","22","     8.0"," ","R","23","     7.4"," ","R","22","     5.6"," ","R","22","     0.0"," ","R","22","     0.0","X","R","22","     0.3"," ","R","22","     1.2"," ","R","22","     1.7"," ","R","22","     2.8"," ","R","22","     2.1"," ","R","22","    21.5"," ","R","22","    16.5"," ","R","22","    11.8"," ","R","22","     7.6"," ","R","22","     6.2"," ","R","22","     4.3"," ","R","22","     0.7"," ","R","22","     0.4"," ","R","22","     2.1"," ","R","22","    21.5"," ","R","22","    16.5"," ","R","22","    11.8"," ","R","22","     7.6"," ","R","22","     6.2"," ","R","22","     4.3"," ","R","22","     0.7"," ","R","22","     0.4"," ","R","22","    14.5"," ","R","22","    13.0"," ","R","22","    42.7"," ","P","23","    28.3"," ","P","23","    17.5"," ","P","23","     8.4"," ","P","23","     2.9"," ","P","23","     0.3"," ","P","23","     0.0"," ","P","23","     0.0"," ","P","23","    0.05"," ","P","23","    0.17"," ","P","23","    0.45"," ","P","23","    1.24"," ","R","22","   11.36"," ","R","22"
"USW00094870","05-10"," 40.0397"," -88.2778"," 229.8","CHAMPAIGN WILLARD AP, IL US","05","10","99","    61.9"," ","R","22","    73.5"," ","R","22","    50.2"," ","R","23","    23.3"," ","R","22","     8.2"," ","R","22","     9.9"," ","R","22","     8.1"," ","R","23","     7.4"," ","R","22","     5.4"," ","R","22","     0.0"," ","R","22","     0.0","X","R","22","     0.3"," ","R","22","     1.1"," ","R","22","     1.6"," ","R","22","     2.7"," ","R","22","     2.2"," ","R","22","    21.9"," ","R","22","    16.9"," ","R","22","    12.1"," ","R","22","     7.9"," ","R","22","     6.5"," ","R","22","     4.5"," ","R","22","     0.8"," ","R","22","     0.5"," ","R","22","     2.2"," ","R","22","    21.9"," ","R","22","    16.9"," ","R","22","    12.1"," ","R","22","     7.9"," ","R","22","     6.5"," ","R","22","     4.5"," ","R","22","     0.8"," ","R","22","     0.5"," ","R","22","    14.8"," ","R","22","    13.3"," ","R","22","    42.7"," ","P","23","    28.3"," ","P","23","    17.6"," ","P","23","     8.5"," ","P","23","     3.0"," ","P","23","     0.3"," ","P","23","     0.0"," ","P","23","     0.0"," ","P","23","    0.05"," ","P","23","    0.17"," ","P","23","    0.45"," ","P","23","    1.37"," ","R","22","   11.49"," ","R","22"
"USW00094870","05-11"," 40.0397"," -88.2778"," 229.8","CHAMPAIGN WILLARD AP, IL US","05","11","99","    62.2"," ","R","22","    73.8"," ","R","22","    50.6"," ","R","23","    23.3"," ","R","22","     8.2"," ","R","22","     9.9"," ","R","22","     8.1"," ","R","23","     7.3"," ","R","22","     5.2"," ","R","22","     0.0"," ","R","22","     0.0","X","R","22","     0.3"," ","R","22","     1.0"," ","R","22","     1.5"," ","R","22","     2.5"," ","R","22","     2.4"," ","R","22","    22.2"," ","R","22","    17.3"," ","R","22","    12.5"," ","R","22","     8.2"," ","R","22","     6.7"," ","R","22","     4.8"," ","R","22","     0.9"," ","R","22","     0.5"," ","R","22","     2.4"," ","R","22","    22.2"," ","R","22","    17.3"," ","R","22","    12.5"," ","R","22","     8.2"," ","R","22","     6.7"," ","R","22","     4.8"," ","R","22","     0.9"," ","R","22","     0.5"," ","R","22","    15.1"," ","R","22","    13.5"," ","R","22","    42.7"," ","P","23","    28.2"," ","P","23","    17.7"," ","P","23","     8.6"," ","P","23","     3.0"," ","P","23","     0.3"," ","P","23","     0.0"," ","P","23","     0.0"," ","P","23","    0.05"," ","P","23","    0.17"," ","P","23","    0.45"," ","P","23","    1.51"," ","R","22","   11.63"," ","R","22"
"USW00094870","05-12"," 40.0397"," -88.2778"," 229.8","CHAMPAIGN WILLARD AP, IL US","05","12","99","    62.6"," ","R","22","    74.2"," ","R","22","    51.0"," ","R","23","    23.2"," ","R","22","     8.2"," ","R","22","     9.9"," ","R","22","     8.1"," ","R","23","     7.2"," ","R","22","     5.0"," ","R","22","     0.0"," ","R","22","     0.0","X","R","22","     0.3"," ","R","22","     0.9"," ","R","22","     1.4"," ","R","22","     2.4"," ","R","22","     2.5"," ","R","22","    22.6"," ","R","22","    17.6"," ","R","22","    12.8"," ","R","22","     8.5"," ","R","22","     7.0"," ","R","22","     5.0"," ","R","22","     1.0"," ","R","22","     0.6"," ","R","22","     2.5"," ","R","22","    22.6"," ","R","22","    17.6"," ","R","22","    12.8"," ","R","22","     8.5"," ","R","22","     7.0"," ","R","22","     5.0"," ","R","22","     1.0"," ","R","22","     0.6"," ","R","22","    15.4"," ","R","22","    13.8"," ","R","22","    42.6"," ","P","23","    28.1"," ","P","23","    17.7"," ","P","23","     8.6"," ","P","23","     3.0"," ","P","23","     0.3"," ","P","23","     0.0"," ","P","23","     0.0"," ","P","23","    0.05"," ","P","23","    0.17"," ","P","23","    0.45"," ","P","23","    1.65"," ","R","22","   11.77"," ","R","22"
"USW00094870","05-13"," 40.0397"," -88.2778"," 229.8","CHAMPAIGN WILLARD AP, IL US","05","13","99","    63.0"," ","R","22","    74.5"," ","R","22","    51.4"," ","R","23","    23.2"," ","R","22","     8.3"," ","R","22","     9.9"," ","R","22","     8.1"," ","R","23","     7.2"," ","R","22","     4.8"," ","R","22","     0.0"," ","R","22","     0.0","X","R","22","     0.2"," ","R","22","     0.9"," ","R","22","     1.3"," ","R","22","     2.3"," ","R","22","     2.7"," ","R","22","    22.9"," ","R","22","    18.0"," ","R","22","    13.2"," ","R","22","     8.8"," ","R","22","     7.3"," ","R","22","     5.2"," ","R","22","     1.1"," ","R","22","     0.6"," ","R","22","     2.7"," ","R","22","    22.9"," ","R","22","    18.0"," ","R","22","    13.2"," ","R","22","     8.8"," ","R","22","     7.3"," ","R","22","     5.2"," ","R","22","     1.1"," ","R","22","     0.6"," ","R","22","    15.6"," ","R","22","    14.0"," ","R","22","    42.6"," ","P","23","    28.0"," ","P","23","    17.7"," ","P","23","     8.7"," ","P","23","     3.0"," ","P","23","     0.4"," ","P","23","     0.0"," ","P","23","     0.0"," ","P","23","    0.05"," ","P","23","    0.17"," ","P","23","    0.45"," ","P","23","    1.78"," ","R","22","   11.90"," ","R","22"
"USW00094870","05-14"," 40.0397"," -88.2778"," 229.8","CHAMPAIGN WILLARD AP, IL US","05","14","99","    63.3"," ","R","22","    74.9"," ","R","22","    51.7"," ","R","23","    23.2"," ","R","22","     8.3"," ","R","22","     9.9"," ","R","22","     8.0"," ","R","23","     7.1"," ","R","22","     4.6"," ","R","22","     0.0"," ","R","22","     0.0","X","R","22","     0.2"," ","R","22","     0.8"," ","R","22","     1.2"," ","R","22","     2.2"," ","R","22","     2.9"," ","R","22","    23.3"," ","R","22","    18.3"," ","R","22","    13.5"," ","R","22","     9.1"," ","R","22","     7.6"," ","R","22","     5.5"," ","R","22","     1.2"," ","R","22","     0.7"," ","R","22","     2.9"," ","R","22","    23.3"," ","R","22","    18.3"," ","R","22","    13.5"," ","R","22","     9.1"," ","R","22","     7.6"," ","R","22","     5.5"," ","R","22","     1.2"," ","R","22","     0.7"," ","R","22","    15.9"," ","R","22","    14.3"," ","R","22","    42.5"," ","P","23","    27.9"," ","P","23","    17.8"," ","P","23","     8.7"," ","P","23","     3.1"," ","P","23","     0.4"," ","P","23","     0.0"," ","P","23","     0.0"," ","P","23","    0.05"," ","P","23","    0.17"," ","P","23","    0.45"," ","P","23","    1.91"," ","R","22","   12.03"," ","R","22"
"USW00094870","05-15"," 40.0397"," -88.2778"," 229.8","CHAMPAIGN WILLARD AP, IL US","05","15","99","    63.7"," ","R","22","    75.2"," ","R","22","    52.1"," ","R","23","    23.1"," ","R","22","     8.3"," ","R","22","     9.8"," ","R","22","     8.0"," ","R","23","     7.1"," ","R","22","     4.4"," ","R","22","     0.0"," ","R","22","     0.0","X","R","22","     0.2"," ","R","22","     0.8"," ","R","22","     1.2"," ","R","22","     2.1"," ","R","22","     3.1"," ","R","22","    23.7"," ","R","22","    18.7"," ","R","22","    13.9"," ","R","22","     9.4"," ","R","22","     7.8"," ","R","22","     5.7"," ","R","22","     1.2"," ","R","22","     0.7"," ","R","22","     3.1"," ","R","22","    23.7"," ","R","22","    18.7"," ","R","22","    13.9"," ","R","22","     9.4"," ","R","22","     7.8"," ","R","22","     5.7"," ","R","22","     1.2"," ","R","22","     0.7"," ","R","22","    16.2"," ","R","22","    14.6"," ","R","22","    42.4"," ","P","23","    27.8"," ","P","23","    17.8"," ","P","23","     8.8"," ","P","23","     3.1"," ","P","23","     0.4"," ","P","23","     0.0"," ","P","23","     0.0"," ","P","23","    0.05"," ","P","23","    0.17"," ","P","23","    0.45"," ","P","23","    2.04"," ","R","22","   12.16"," ","R","22"
"USW00094870","05-16"," 40.0397"," -88.2778"," 229.8","CHAMPAIGN WILLARD AP, IL US","05","16","99","    64.0"," ","R","22","    75.6"," ","R","22","    52.5"," ","R","23","    23.1"," ","R","22","     8.3"," ","R","22","     9.8"," ","R","22","     8.0"," ","R","23","     7.0"," ","R","22","     4.2"," ","R","22","     0.0"," ","R","22","     0.0","X","R","22","     0.2"," ","R","22","     0.7"," ","R","22","     1.1"," ","R","22","     1.9"," ","R","22","     3.2"," ","R","22","    24.0"," ","R","22","    19.1"," ","R","22","    14.2"," ","R","22","     9.7"," ","R","22","     8.1"," ","R","22","     6.0"," ","R","22","     1.3"," ","R","22","     0.8"," ","R","22","     3.2"," ","R","22","    24.0"," ","R","22","    19.1"," ","R","22","    14.2"," ","R","22","     9.7"," ","R","22","     8.1"," ","R","22","     6.0"," ","R","22","     1.3"," ","R","22","     0.8"," ","R","22","    16.5"," ","R","22","    14.8"," ","R","22","    42.2"," ","P","23","    27.7"," ","P","23","    17.8"," ","P","23","     8.9"," ","P","23","     3.1"," ","P","23","     0.5"," ","P","23","     0.0"," ","P","23","     0.0"," ","P","23","    0.05"," ","P","23","    0.17"," ","P","23","    0.46"," ","P","23","    2.17"," ","R","22","   12.29"," ","R","22"
"USW00094870","05-17"," 40.0397"," -88.2778"," 229.8","CHAMPAIGN WILLARD AP, IL US","05","17","99","    64.4"," ","R","22","    75.9"," ","R","22","    52.9"," ","R","23","    23.1"," ","R","22","     8.2"," ","R","22","     9.8"," ","R","22","     8.0"," ","R","23","     6.9"," ","R","22","     4.0"," ","R","22","     0.0"," ","R","22","     0.0","X","R","22","     0.1"," ","R","22","     0.6"," ","R","22","     1.0"," ","R","22","     1.8"," ","R","22","     3.4"," ","R","22","    24.4"," ","R","22","    19.4"," ","R","22","    14.5"," ","R","22","    10.0"," ","R","22","     8.4"," ","R","22","     6.2"," ","R","22","     1.4"," ","R","22","     0.8"," ","R","22","     3.4"," ","R","22","    24.4"," ","R","22","    19.4"," ","R","22","    14.5"," ","R","22","    10.0"," ","R","22","     8.4"," ","R","22","     6.2"," ","R","22","     1.4"," ","R","22","     0.8"," ","R","22","    16.8"," ","R","22","    15.1"," ","R","22","    42.0"," ","P","23","    27.5"," ","P","23","    17.8"," ","P","23","     9.0"," ","P","23","     3.2"," ","P","23","     0.5"," ","P","23","     0.0"," ","P","23","     0.0"," ","P","23","    0.05"," ","P","23","    0.17"," ","P","23","    0.46"," ","P","23","    2.30"," ","R","22","   12.42"," ","R","22"
"USW00094870","05-18"," 40.0397"," -88.2778"," 229.8","CHAMPAIGN WILLARD AP, IL US","05","18","99","    64.7"," ","R","22","    76.3"," ","R","22","    53.2"," ","R","23","    23.0"," ","R","22","     8.2"," ","R","22","     9.8"," ","R","22","     8.0"," ","R","23","     6.9"," ","R","22","     3.8"," ","R","22","     0.0"," ","R","22","     0.0","X","R","22","     0.1"," ","R","22","     0.6"," ","R","22","     0.9"," ","R","22","     1.7"," ","R","22","     3.6"," ","R","22","    24.7"," ","R","22","    19.8"," ","R","22","    14.9"," ","R","22","    10.3"," ","R","22","     8.7"," ","R","22","     6.4"," ","R","22","     1.5"," ","R","22","     0.9"," ","R","22","     3.6"," ","R","22","    24.7"," ","R","22","    19.8"," ","R","22","    14.9"," ","R","22","    10.3"," ","R","22","     8.7"," ","R","22","     6.4"," ","R","22","     1.5"," ","R","22","     0.9"," ","R","22","    17.0"," ","R","22","    15.4"," ","R","22","    41.9"," ","P","23","    27.4"," ","P","23","    17.8"," ","P","23","     9.0"," ","P","23","     3.2"," ","P","23","     0.5"," ","P","23","     0.0"," ","P","23","     0.0"," ","P","23","    0.05"," ","P","23","    0.17"," ","P","23","    0.46"," ","P","23","    2.44"," ","R","22","   12.56"," ","R","22"
"USW00094870","05-19"," 40.0397"," -88.2778"," 229.8","CHAMPAIGN WILLARD AP, IL US","05","19","99","    65.1"," ","R","22","    76.6"," ","R","22","    53.6"," ","R","23","    23.0"," ","R","22","     8.2"," ","R","22","     9.7"," ","R","22","     8.0"," ","R","23","     6.8"," ","R","22","     3.6"," ","R","22","     0.0"," ","R","22","     0.0","X","R","22","     0.1"," ","R","22","     0.5"," ","R","22","     0.8"," ","R","22","     1.6"," ","R","22","     3.7"," ","R","22","    25.1"," ","R","22","    20.1"," ","R","22","    15.2"," ","R","22","    10.6"," ","R","22","     8.9"," ","R","22","     6.7"," ","R","22","     1.6"," ","R","22","     1.0"," ","R","22","     3.7"," ","R","22","    25.1"," ","R","22","    20.1"," ","R","22","    15.2"," ","R","22","    10.6"," ","R","22","     8.9"," ","R","22","     6.7"," ","R","22","     1.6"," ","R","22","     1.0"," ","R","22","    17.3"," ","R","22","    15.6"," ","R","22","    41.8"," ","P","23","    27.3"," ","P","23","    17.8"," ","P","23","     9.1"," ","P","23","     3.3"," ","P","23","     0.6"," ","P","23","     0.0"," ","P","23","     0.0"," ","P","23","    0.05"," ","P","23","    0.17"," ","P","23","    0.47"," ","P","23","    2.58"," ","R","22","   12.70"," ","R","22"
"USW00094870","05-20"," 40.0397"," -88.2778"," 229.8","CHAMPAIGN WILLARD AP, IL US","05","20","99","    65.5"," ","R","22","    76.9"," ","R","22","    54.0"," ","R","23","    23.0"," ","R","22","     8.2"," ","R","22","     9.7"," ","R","22","     7.9"," ","R","23","     6.8"," ","R","22","     3.4"," ","R","22","     0.0"," ","R","22","     0.0","X","R","22","     0.1"," ","R","22","     0.4"," ","R","22","     0.7"," ","R","22","     1.4"," ","R","22","     3.8"," ","R","22","    25.4"," ","R","22","    20.5"," ","R","22","    15.5"," ","R","22","    10.9"," ","R","22","     9.2"," ","R","22","     6.9"," ","R","22","     1.6"," ","R","22","     1.0"," ","R","22","     3.8"," ","R","22","    25.4"," ","R","22","    20.5"," ","R","22","    15.5"," ","R","22","    10.9"," ","R","22","     9.2"," ","R","22","     6.9"," ","R","22","     1.6"," ","R","22","     1.0"," ","R","22","    17.6"," ","R","22","    15.9"," ","R","22","    41.7"," ","P","23","    27.1"," ","P","23","    17.8"," ","P","23","     9.2"," ","P","23","     3.3"," ","P","23","     0.6"," ","P","23","     0.0"," ","P","23","     0.0"," ","P","23","    0.05"," ","P","23","    0.17"," ","P","23","    0.47"," ","P","23","    2.72"," ","R","22","   12.84"," ","R","22"
"USW00094870","05-21"," 40.0397"," -88.2778"," 229.8","CHAMPAIGN WILLARD AP, IL US","05","21","99","    65.8"," ","R","22","    77.3"," ","R","22","    54.3"," ","R","23","    22.9"," ","R","22","     8.1"," ","R","22","     9.6"," ","R","22","     7.9"," ","R","23","     6.7"," ","R","22","     3.2"," ","R","22","     0.0"," ","R","22","     0.0","X","R","22","     0.1"," ","R","22","     0.4"," ","R","22","     0.7"," ","R","22","     1.3"," ","R","22","     4.0"," ","R","22","    25.8"," ","R","22","    20.8"," ","R","22","    15.9"," ","R","22","    11.2"," ","R","22","     9.5"," ","R","22","     7.1"," ","R","22","     1.7"," ","R","22","     1.0"," ","R","22","     4.0"," ","R","22","    25.8"," ","R","22","    20.8"," ","R","22","    15.9"," ","R","22","    11.2"," ","R","22","     9.5"," ","R","22","     7.1"," ","R","22","     1.7"," ","R","22","     1.0"," ","R","22","    17.9"," ","R","22","    16.2"," ","R","22","    41.6"," ","P","23","    27.0"," ","P","23","    17.8"," ","P","23","     9.2"," ","P","23","     3.4"," ","P","23","     0.6"," ","P","23","     0.0"," ","P","23","     0.0"," ","P","23","    0.05"," ","P","23","    0.17"," ","P","23","    0.47"," ","P","23","    2.87"," ","R","22","   12.99"," ","R","22"
"USW00094870","05-22"," 40.0397"," -88.2778"," 229.8","CHAMPAIGN WILLARD AP, IL US","05","22","99","    66.1"," ","R","22","    77.6"," ","R","22","    54.7"," ","R","23","    22.9"," ","R","22","     8.1"," ","R","22","     9.5"," ","R","22","     7.9"," ","R","23","     6.7"," ","R","22","     3.0"," ","R","22","     0.0"," ","R","22","     0.0","X","R","22","     0.1"," ","R","22","     0.3"," ","R","22","     0.6"," ","R","22","     1.2"," ","R","22","     4.1"," ","R","22","    26.1"," ","R","22","    21.1"," ","R","22","    16.2"," ","R","22","    11.5"," ","R","22","     9.7"," ","R","22","     7.4"," ","R","22","     1.7"," ","R","22","     1.1"," ","R","22","     4.1"," ","R","22","    26.1"," ","R","22","    21.1"," ","R","22","    16.2"," ","R","22","    11.5"," ","R","22","     9.7"," ","R","22","     7.4"," ","R","22","     1.7"," ","R","22","     1.1"," ","R","22","    18.3"," ","R","22","    16.5"," ","R","22","    41.5"," ","P","23","    26.8"," ","P","23","    17.7"," ","P","23","     9.3"," ","P","23","     3.4"," ","P","23","     0.7"," ","P","23","     0.0"," ","P","23","     0.0"," ","P","23","    0.05"," ","P","23","    0.17"," ","P","23","    0.48"," ","P","23","    3.02"," ","R","22","   13.14"," ","R","22"
"USW00094870","05-23"," 40.0397"," -88.2778"," 229.8","CHAMPAIGN WILLARD AP, IL US","05","23","99","    66.5"," ","R","22","    77.9"," ","R","22","    55.0"," ","R","23","    22.9"," ","R","22","     8.0"," ","R","22","     9.5"," ","R","22","     7.8"," ","R","23","     6.6"," ","R","22","     2.8"," ","R","22","     0.0"," ","R","22","     0.0","X","R","22","     0.0","X","R","22","     0.3"," ","R","22","     0.5"," ","R","22","     1.1"," ","R","22","     4.3"," ","R","22","    26.5"," ","R","22","    21.5"," ","R","22","    16.5"," ","R","22","    11.8"," ","R","22","    10.0"," ","R","22","     7.6"," ","R","22","     1.8"," ","R","22","     1.1"," ","R","22","     4.3"," ","R","22","    26.5"," ","R","22","    21.5"," ","R","22","    16.5"," ","R","22","    11.8"," ","R","22","    10.0"," ","R","22","     7.6"," ","R","22","     1.8"," ","R","22","     1.1"," ","R","22","    18.6"," ","R","22","    16.8"," ","R","22","    41.4"," ","P","23","    26.7"," ","P","23","    17.7"," ","P","23","     9.3"," ","P","23","     3.5"," ","P","23","     0.7"," ","P","23","     0.0"," ","P","23","     0.0"," ","P","23","    0.05"," ","P","23","    0.17"," ","P","23","    0.48"," ","P","23","    3.17"," ","R","22","   13.29"," ","R","22"
"USW00094870","05-24"," 40.0397"," -88.2778"," 229.8","CHAMPAIGN WILLARD AP, IL US","05","24","99","    66.8"," ","R","22","    78.2"," ","R","22","    55.4"," ","R","23","    22.8"," ","R","22","     8.0"," ","R","22","     9.4"," ","R","22","     7.8"," ","R","23","     6.6"," ","R","22","     2.6"," ","R","22","     0.0"," ","R","22","     0.0","X","R","22","     0.0","X","R","22","     0.3"," ","R","22","     0.5"," ","R","22","     1.0"," ","R","22","     4.4"," ","R","22","    26.8"," ","R","22","    21.8"," ","R","22","    16.9"," ","R","22","    12.1"," ","R","22","    10.3"," ","R","22","     7.8"," ","R","22","     1.9"," ","R","22","     1.1"," ","R","22","     4.4"," ","R","22","    26.8"," ","R","22","    21.8"," ","R","22","    16.9"," ","R","22","    12.1"," ","R","22","    10.3"," ","R","22","     7.8"," ","R","22","     1.9"," ","R","22","     1.1"," ","R","22","    18.9"," ","R","22","    17.1"," ","R","22","    41.4"," ","P","23","    26.6"," ","P","23","    17.7"," ","P","23","     9.4"," ","P","23","     3.5"," ","P","23","     0.7"," ","P","23","     0.0"," ","P","23","     0.0"," ","P","23","    0.05"," ","P","23","    0.17"," ","P","23","    0.48"," ","P","23","    3.32"," ","R","22","   13.44"," ","R","22"
"USW00094870","05-25"," 40.0397"," -88.2778"," 229.8","CHAMPAIGN WILLARD AP, IL US","05","25","99","    67.2"," ","R","22","    78.6"," ","R","22","    55.8"," ","R","23","    22.8"," ","R","22","     7.9"," ","R","22","     9.3"," ","R","22","     7.7"," ","R","23","     6.6"," ","R","22","     2.4"," ","R","22","     0.0"," ","R","22","     0.0","X","R","22","     0.0","X","R","22","     0.2"," ","R","22","     0.4"," ","R","22","     0.9"," ","R","22","     4.6"," ","R","22","    27.1"," ","R","22","    22.2"," ","R","22","    17.2"," ","R","22","    12.4"," ","R","22","    10.5"," ","R","22","     8.0"," ","R","22","     1.9"," ","R","22","     1.2"," ","R","22","     4.6"," ","R","22","    27.1"," ","R","22","    22.2"," ","R","22","    17.2"," ","R","22","    12.4"," ","R","22","    10.5"," ","R","22","     8.0"," ","R","22","     1.9"," ","R","22","     1.2"," ","R","22","    19.1"," ","R","22","    17.3"," ","R","22","    41.4"," ","P","23","    26.6"," ","P","23","    17.7"," ","P","23","     9.5"," ","P","23","     3.6"," ","P","23","     0.8"," ","P","23","     0.0"," ","P","23","     0.0"," ","P","23","    0.05"," ","P","23","    0.17"," ","P","23","    0.49"," ","P","23","    3.47"," ","R","22","   13.59"," ","R","22"
"USW00094870","05-26"," 40.0397"," -88.2778"," 229.8","CHAMPAIGN WILLARD AP, IL US","05","26","99","    67.5"," ","R","22","    78.9"," ","R","22","    56.1"," ","R","23","    22.8"," ","R","22","     7.8"," ","R","22","     9.2"," ","R","22","     7.6"," ","R","23","     6.5"," ","R","22","     2.2"," ","R","22","     0.0"," ","R","22","     0.0","X","R","22","     0.0","X","R","22","     0.2"," ","R","22","     0.3"," ","R","22","     0.8"," ","R","22","     4.7"," ","R","22","    27.5"," ","R","22","    22.5"," ","R","22","    17.5"," ","R","22","    12.7"," ","R","22","    10.8"," ","R","22","     8.3"," ","R","22","     2.0"," ","R","22","     1.2"," ","R","22","     4.7"," ","R","22","    27.5"," ","R","22","    22.5"," ","R","22","    17.5"," ","R","22","    12.7"," ","R","22","    10.8"," ","R","22","     8.3"," ","R","22","     2.0"," ","R","22","     1.2"," ","R","22","    19.4"," ","R","22","    17.6"," ","R","22","    41.3"," ","P","23","    26.5"," ","P","23","    17.7"," ","P","23","     9.6"," ","P","23","     3.7"," ","P","23","     0.8"," ","P","23","     0.0"," ","P","23","     0.0"," ","P","23","    0.05"," ","P","23","    0.17"," ","P","23","    0.49"," ","P","23","    3.61"," ","R","22","   13.73"," ","R","22"
"USW00094870","05-27"," 40.0397"," -88.2778"," 229.8","CHAMPAIGN WILLARD AP, IL US","05","27","99","    67.8"," ","R","22","    79.2"," ","R","22","    56.4"," ","R","23","    22.7"," ","R","22","     7.7"," ","R","22","     9.1"," ","R","22","     7.6"," ","R","23","     6.5"," ","R","22","     2.1"," ","R","22","     0.0"," ","R","22","     0.0","X","R","22","     0.0","X","R","22","     0.1"," ","R","22","     0.3"," ","R","22","     0.7"," ","R","22","     4.9"," ","R","22","    27.8"," ","R","22","    22.8"," ","R","22","    17.8"," ","R","22","    13.0"," ","R","22","    11.1"," ","R","22","     8.5"," ","R","22","     2.1"," ","R","22","     1.3"," ","R","22","     4.9"," ","R","22","    27.8"," ","R","22","    22.8"," ","R","22","    17.8"," ","R","22","    13.0"," ","R","22","    11.1"," ","R","22","     8.5"," ","R","22","     2.1"," ","R","22","     1.3"," ","R","22","    19.6"," ","R","22","    17.8"," ","R","22","    41.2"," ","P","23","    26.4"," ","P","23","    17.7"," ","P","23","     9.7"," ","P","23","     3.7"," ","P","23","     0.8"," ","P","23","     0.0"," ","P","23","     0.0"," ","P","23","    0.05"," ","P","23","    0.17"," ","P","23","    0.50"," ","P","23","    3.76"," ","R","22","   13.88"," ","R","22"
"USW00094870","05-28"," 40.0397"," -88.2778"," 229.8","CHAMPAIGN WILLARD AP, IL US","05","28","99","    68.1"," ","R","22","    79.5"," ","R","22","    56.8"," ","R","23","    22.7"," ","R","22","     7.6"," ","R","22","     9.0"," ","R","22","     7.5"," ","R","23","     6.4"," ","R","22","     1.9"," ","R","22","     0.0"," ","R","22","     0.0","X","R","22","     0.0","X","R","22","     0.1"," ","R","22","     0.3"," ","R","22","     0.7"," ","R","22","     5.1"," ","R","22","    28.1"," ","R","22","    23.1"," ","R","22","    18.1"," ","R","22","    13.3"," ","R","22","    11.4"," ","R","22","     8.8"," ","R","22","     2.2"," ","R","22","     1.4"," ","R","22","     5.1"," ","R","22","    28.1"," ","R","22","    23.1"," ","R","22","    18.1"," ","R","22","    13.3"," ","R","22","    11.4"," ","R","22","     8.8"," ","R","22","     2.2"," ","R","22","     1.4"," ","R","22","    19.9"," ","R","22","    18.1"," ","R","22","    41.2"," ","P","23","    26.3"," ","P","23","    17.7"," ","P","23","     9.8"," ","P","23","     3.8"," ","P","23","     0.9"," ","P","23","     0.0"," ","P","23","     0.0"," ","P","23","    0.04"," ","P","23","    0.17"," ","P","23","    0.51"," ","P","23","    3.92"," ","R","22","   14.04"," ","R","22"
"USW00094870","05-29"," 40.0397"," -88.2778"," 229.8","CHAMPAIGN WILLARD AP, IL US","05","29","99","    68.4"," ","R","22","    79.8"," ","R","22","    57.1"," ","R","23","    22.7"," ","R","22","     7.5"," ","R","22","     8.9"," ","R","22","     7.4"," ","R","23","     6.4"," ","R","22","     1.8"," ","R","22","     0.0"," ","R","22","     0.0","X","R","22","     0.0","X","R","22","     0.1"," ","R","22","     0.2"," ","R","22","     0.6"," ","R","22","     5.2"," ","R","22","    28.4"," ","R","22","    23.4"," ","R","22","    18.4"," ","R","22","    13.6"," ","R","22","    11.7"," ","R","22","     9.0"," ","R","22","     2.3"," ","R","22","     1.5"," ","R","22","     5.2"," ","R","22","    28.4"," ","R","22","    23.4"," ","R","22","    18.4"," ","R","22","    13.6"," ","R","22","    11.7"," ","R","22","     9.0"," ","R","22","     2.3"," ","R","22","     1.5"," ","R","22","    20.2"," ","R","22","    18.3"," ","R","22","    41.1"," ","P","23","    26.2"," ","P","23","    17.7"," ","P","23","     9.9"," ","P","23","     3.9"," ","P","23","     0.9"," ","P","23","     0.0"," ","P","23","     0.0"," ","P","23","    0.04"," ","P","23","    0.17"," ","P","23","    0.51"," ","P","23","    4.07"," ","R","22","   14.19"," ","R","22"
"USW00094870","05-30"," 40.0397"," -88.2778"," 229.8","CHAMPAIGN WILLARD AP, IL US","05","30","99","    68.8"," ","R","22","    80.1"," ","R","22","    57.4"," ","R","23","    22.6"," ","R","22","     7.4"," ","R","22","     8.7"," ","R","22","     7.4"," ","R","23","     6.3"," ","R","22","     1.7"," ","R","22","     0.0"," ","R","22","     0.0"," ","R","22","     0.0","X","R","22","     0.1"," ","R","22","     0.2"," ","R","22","     0.5"," ","R","22","     5.4"," ","R","22","    28.7"," ","R","22","    23.7"," ","R","22","    18.8"," ","R","22","    13.9"," ","R","22","    12.0"," ","R","22","     9.3"," ","R","22","     2.5"," ","R","22","     1.6"," ","R","22","     5.4"," ","R","22","    28.7"," ","R","22","    23.7"," ","R","22","    18.8"," ","R","22","    13.9"," ","R","22","    12.0"," ","R","22","     9.3"," ","R","22","     2.5"," ","R","22","     1.6"," ","R","22","    20.4"," ","R","22","    18.6"," ","R","22","    41.1"," ","P","23","    26.1"," ","P","23","    17.7"," ","P","23","    10.0"," ","P","23","     4.0"," ","P","23","     0.9"," ","P","23","     0.0"," ","P","23","     0.0"," ","P","23","    0.04"," ","P","23","    0.17"," ","P","23","    0.52"," ","P","23","    4.23"," ","R","22","   14.35"," ","R","22"
"USW00094870","05-31"," 40.0397"," -88.2778"," 229.8","CHAMPAIGN WILLARD AP, IL US","05","31","99","    69.1"," ","R","22","    80.4"," ","R","22","    57.8"," ","R","23","    22.6"," ","R","22","     7.3"," ","R","22","     8.6"," ","R","22","     7.3"," ","R","23","     6.3"," ","R","22","     1.6"," ","R","22","     0.0"," ","R","22","     0.0"," ","R","22","     0.0","X","R","22","     0.1"," ","R","22","     0.2"," ","R","22","     0.5"," ","R","22","     5.6"," ","R","22","    29.1"," ","R","22","    24.1"," ","R","22","    19.1"," ","R","22","    14.1"," ","R","22","    12.2"," ","R","22","     9.6"," ","R","22","     2.6"," ","R","22","     1.7"," ","R","22","     5.6"," ","R","22","    29.1"," ","R","22","    24.1"," ","R","22","    19.1"," ","R","22","    14.1"," ","R","22","    12.2"," ","R","22","     9.6"," ","R","22","     2.6"," ","R","22","     1.7"," ","R","22","    20.7"," ","R","22","    18.8"," ","R","22","    41.1"," ","P","23","    26.0"," ","P","23","    17.6"," ","P","23","    10.1"," ","P","23","     4.1"," ","P","23","     0.9"," ","P","23","     0.0"," ","P","23","     0.0"," ","P","23","    0.04"," ","P","23","    0.17"," ","P","23","    0.52"," ","P","23","    4.39"," ","R","22","   14.51"," ","R","22"
"USW00094870","06-01"," 40.0397"," -88.2778"," 229.8","CHAMPAIGN WILLARD AP, IL US","06","01","99","    69.4"," ","R","22","    80.6"," ","R","22","    58.1"," ","S","24","    22.5"," ","R","22","     7.2"," ","R","22","     8.4"," ","R","22","     7.2"," ","S","24","     6.2"," ","R","22","     1.4"," ","R","22","     0.0"," ","R","22","     0.0"," ","R","22","     0.0","X","R","22","     0.1"," ","R","22","     0.2"," ","R","22","     0.4"," ","R","22","     5.8"," ","R","22","    29.4"," ","R","22","    24.4"," ","R","22","    19.4"," ","R","22","    14.4"," ","R","22","    12.5"," ","R","22","     9.8"," ","R","22","     2.7"," ","R","22","     1.8"," ","R","22","     5.8"," ","R","22","    29.4"," ","R","22","    24.4"," ","R","22","    19.4"," ","R","22","    14.4"," ","R","22","    12.5"," ","R","22","     9.8"," ","R","22","     2.7"," ","R","22","     1.8"," ","R","22","    20.9"," ","R","22","    19.0"," ","R","22","    41.0"," ","P","23","    26.0"," ","P","23","    17.6"," ","P","23","    10.2"," ","P","23","     4.2"," ","P","23","     0.9"," ","P","23","     0.0"," ","P","23","     0.0"," ","P","23","    0.04"," ","P","23","    0.17"," ","P","23","    0.53"," ","P","23","    0.15"," ","R","22","   14.66"," ","R","22"
"USW00094870","06-02"," 40.0397"," -88.2778"," 229.8","CHAMPAIGN WILLARD AP, IL US","06","02","99","    69.7"," ","R","22","    80.9"," ","R","22","    58.4"," ","S","24","    22.5"," ","R","22","     7.1"," ","R","22","     8.3"," ","R","22","     7.1"," ","S","24","     6.2"," ","R","22","     1.3"," ","R","22","     0.0"," ","R","22","     0.0"," ","R","22","     0.0","X","R","22","     0.1"," ","R","22","     0.1"," ","R","22","     0.4"," ","R","22","     5.9"," ","R","22","    29.6"," ","R","22","    24.6"," ","R","22","    19.6"," ","R","22","    14.7"," ","R","22","    12.8"," ","R","22","    10.0"," ","R","22","     2.8"," ","R","22","     1.8"," ","R","22","     5.9"," ","R","22","    29.6"," ","R","22","    24.6"," ","R","22","    19.6"," ","R","22","    14.7"," ","R","22","    12.8"," ","R","22","    10.0"," ","R","22","     2.8"," ","R","22","     1.8"," ","R","22","    21.2"," ","R","22","    19.3"," ","R","22","    41.0"," ","P","23","    25.9"," ","P","23","    17.6"," ","P","23","    10.3"," ","P","23","     4.3"," ","P","23","     0.9"," ","P","23","     0.0"," ","P","23","     0.0"," ","P","23","    0.04"," ","P","23","    0.17"," ","P","23","    0.53"," ","P","23","    0.30"," ","R","22","   14.81"," ","R","22"
"USW00094870","06-03"," 40.0397"," -88.2778"," 229.8","CHAMPAIGN WILLARD AP, IL US","06","03","99","    69.9"," ","R","22","    81.2"," ","R","22","    58.7"," ","S","24","    22.5"," ","R","22","     7.0"," ","R","22","     8.1"," ","R","22","     7.1"," ","S","24","     6.1"," ","R","22","     1.2"," ","R","22","     0.0"," ","R","22","     0.0"," ","R","22","     0.0","X","R","22","     0.1"," ","R","22","     0.1"," ","R","22","     0.3"," ","R","22","     6.1"," ","R","22","    29.9"," ","R","22","    24.9"," ","R","22","    19.9"," ","R","22","    15.0"," ","R","22","    13.1"," ","R","22","    10.3"," ","R","22","     2.9"," ","R","22","     1.9"," ","R","22","     6.1"," ","R","22","    29.9"," ","R","22","    24.9"," ","R","22","    19.9"," ","R","22","    15.0"," ","R","22","    13.1"," ","R","22","    10.3"," ","R","22","     2.9"," ","R","22","     1.9"," ","R","22","    21.4"," ","R","22","    19.5"," ","R","22","    40.9"," ","P","23","    25.7"," ","P","23","    17.5"," ","P","23","    10.4"," ","P","23","     4.3"," ","P","23","     1.0"," ","P","23","     0.0"," ","P","23","     0.0"," ","P","23","    0.04"," ","P","23","    0.17"," ","P","23","    0.54"," ","P","23","    0.45"," ","R","22","   14.96"," ","R","22"
"USW00094870","06-04"," 40.0397"," -88.2778"," 229.8","CHAMPAIGN WILLARD AP, IL US","06","04","99","    70.2"," ","R","22","    81.4"," ","R","22","    59.0"," ","S","24","    22.4"," ","R","22","     6.9"," ","R","22","     8.0"," ","R","22","     7.0"," ","S","24","     6.1"," ","R","22","     1.0"," ","R","22","     0.0"," ","R","22","     0.0"," ","R","22","     0.0","X","R","22","     0.0","X","R","22","     0.1"," ","R","22","     0.3"," ","R","22","     6.3"," ","R","22","    30.2"," ","R","22","    25.2"," ","R","22","    20.2"," ","R","22","    15.3"," ","R","22","    13.3"," ","R","22","    10.5"," ","R","22","     2.9"," ","R","22","     2.0"," ","R","22","     6.3"," ","R","22","    30.2"," ","R","22","    25.2"," ","R","22","    20.2"," ","R","22","    15.3"," ","R","22","    13.3"," ","R","22","    10.5"," ","R","22","     2.9"," ","R","22","     2.0"," ","R","22","    21.7"," ","R","22","    19.7"," ","R","22","    40.8"," ","P","23","    25.6"," ","P","23","    17.5"," ","P","23","    10.4"," ","P","23","     4.4"," ","P","23","     1.0"," ","P","23","     0.0"," ","P","23","     0.0"," ","P","23","    0.04"," ","P","23","    0.17"," ","P","23","    0.54"," ","P","23","    0.60"," ","R","22","   15.11"," ","R","22"
"USW00094870","06-05"," 40.0397"," -88.2778"," 229.8","CHAMPAIGN WILLARD AP, IL US","06","05","99","    70.5"," ","R","22","    81.7"," ","R","22","    59.3"," ","S","24","    22.4"," ","R","22","     6.8"," ","R","22","     7.9"," ","R","22","     6.9"," ","S","24","     6.0"," ","R","22","     0.9"," ","R","22","     0.0"," ","R","22","     0.0"," ","R","22","     0.0"," ","R","22","     0.0","X","R","22","     0.1"," ","R","22","     0.3"," ","R","22","     6.4"," ","R","22","    30.5"," ","R","22","    25.5"," ","R","22","    20.5"," ","R","22","    15.5"," ","R","22","    13.6"," ","R","22","    10.8"," ","R","22","     3.1"," ","R","22","     2.0"," ","R","22","     6.4"," ","R","22","    30.5"," ","R","22","    25.5"," ","R","22","    20.5"," ","R","22","    15.5"," ","R","22","    13.6"," ","R","22","    10.8"," ","R","22","     3.1"," ","R","22","     2.0"," ","R","22","    21.9"," ","R","22","    20.0"," ","R","22","    40.7"," ","P","23","    25.4"," ","P","23","    17.3"," ","P","23","    10.5"," ","P","23","     4.5"," ","P","23","     1.0"," ","P","23","     0.0"," ","P","23","     0.0"," ","P","23","    0.04"," ","P","23","    0.17"," ","P","23","    0.55"," ","P","23","    0.74"," ","R","22","   15.25"," ","R","22"
"USW00094870","06-06"," 40.0397"," -88.2778"," 229.8","CHAMPAIGN WILLARD AP, IL US","06","06","99","    70.8"," ","R","22","    81.9"," ","R","22","    59.6"," ","S","24","    22.3"," ","R","22","     6.7"," ","R","22","     7.7"," ","R","22","     6.9"," ","S","24","     6.0"," ","R","22","     0.8"," ","R","22","     0.0"," ","R","22","     0.0"," ","R","22","     0.0"," ","R","22","     0.0","X","R","22","     0.1"," ","R","22","     0.2"," ","R","22","     6.6"," ","R","22","    30.8"," ","R","22","    25.8"," ","R","22","    20.8"," ","R","22","    15.8"," ","R","22","    13.8"," ","R","22","    11.0"," ","R","22","     3.2"," ","R","22","     2.1"," ","R","22","     6.6"," ","R","22","    30.8"," ","R","22","    25.8"," ","R","22","    20.8"," ","R","22","    15.8"," ","R","22","    13.8"," ","R","22","    11.0"," ","R","22","     3.2"," ","R","22","     2.1"," ","R","22","    22.1"," ","R","22","    20.2"," ","R","22","    40.5"," ","P","23","    25.2"," ","P","23","    17.2"," ","P","23","    10.5"," ","P","23","     4.5"," ","P","23","     0.9"," ","P","23","     0.0"," ","P","23","     0.0"," ","P","23","    0.04"," ","P","23","    0.17"," ","P","23","    0.55"," ","P","23","    0.89"," ","R","22","   15.40"," ","R","22"
"USW00094870","06-07"," 40.0397"," -88.2778"," 229.8","CHAMPAIGN WILLARD AP, IL US","06","07","99","    71.0"," ","R","22","    82.2"," ","R","22","    59.9"," ","S","24","    22.3"," ","R","22","     6.6"," ","R","22","     7.6"," ","R","22","     6.8"," ","S","24","     6.0"," ","R","22","     0.7"," ","R","22","     0.0"," ","R","22","     0.0"," ","R","22","     0.0"," ","R","22","     0.0","X","R","22","     0.1"," ","R","22","     0.2"," ","R","22","     6.7"," ","R","22","    31.0"," ","R","22","    26.0"," ","R","22","    21.0"," ","R","22","    16.0"," ","R","22","    14.1"," ","R","22","    11.2"," ","R","22","     3.3"," ","R","22","     2.2"," ","R","22","     6.7"," ","R","22","    31.0"," ","R","22","    26.0"," ","R","22","    21.0"," ","R","22","    16.0"," ","R","22","    14.1"," ","R","22","    11.2"," ","R","22","     3.3"," ","R","22","     2.2"," ","R","22","    22.3"," ","R","22","    20.4"," ","R","22","    40.5"," ","P","23","    25.1"," ","P","23","    17.1"," ","P","23","    10.5"," ","P","23","     4.6"," ","P","23","     0.9"," ","P","23","     0.0"," ","P","23","     0.0"," ","P","23","    0.04"," ","P","23","    0.17"," ","P","23","    0.55"," ","P","23","    1.04"," ","R","22","   15.55"," ","R","22"
"USW00094870","06-08"," 40.0397"," -88.2778"," 229.8","CHAMPAIGN WILLARD AP, IL US","06","08","99","    71.3"," ","R","22","    82.4"," ","R","22","    60.2"," ","S","24","    22.2"," ","R","22","     6.5"," ","R","22","     7.5"," ","R","22","     6.7"," ","S","24","     5.9"," ","R","22","     0.6"," ","R","22","     0.0"," ","R","22","     0.0"," ","R","22","     0.0"," ","R","22","     0.0","X","R","22","     0.0","X","R","22","     0.2"," ","R","22","     6.9"," ","R","22","    31.3"," ","R","22","    26.3"," ","R","22","    21.3"," ","R","22","    16.3"," ","R","22","    14.3"," ","R","22","    11.4"," ","R","22","     3.3"," ","R","22","     2.3"," ","R","22","     6.9"," ","R","22","    31.3"," ","R","22","    26.3"," ","R","22","    21.3"," ","R","22","    16.3"," ","R","22","    14.3"," ","R","22","    11.4"," ","R","22","     3.3"," ","R","22","     2.3"," ","R","22","    22.6"," ","R","22","    20.6"," ","R","22","    40.5"," ","P","23","    25.0"," ","P","23","    17.0"," ","P","23","    10.5"," ","P","23","     4.6"," ","P","23","     0.9"," ","P","23","     0.0"," ","P","23","     0.0"," ","P","23","    0.04"," ","P","23","    0.16"," ","P","23","    0.55"," ","P","23","    1.20"," ","R","22","   15.71"," ","R","22"
"USW00094870","06-09"," 40.0397"," -88.2778"," 229.8","CHAMPAIGN WILLARD AP, IL US","06","09","99","    71.5"," ","R","22","    82.6"," ","R","22","    60.4"," ","S","24","    22.2"," ","R","22","     6.4"," ","R","22","     7.4"," ","R","22","     6.7"," ","S","24","     5.9"," ","R","22","     0.5"," ","R","22","     0.0"," ","R","22","     0.0"," ","R","22","     0.0"," ","R","22","     0.0","X","R","22","     0.0","X","R","22","     0.1"," ","R","22","     7.1"," ","R","22","    31.5"," ","R","22","    26.5"," ","R","22","    21.5"," ","R","22","    16.5"," ","R","22","    14.5"," ","R","22","    11.6"," ","R","22","     3.4"," ","R","22","     2.3"," ","R","22","     7.1"," ","R","22","    31.5"," ","R","22","    26.5"," ","R","22","    21.5"," ","R","22","    16.5"," ","R","22","    14.5"," ","R","22","    11.6"," ","R","22","     3.4"," ","R","22","     2.3"," ","R","22","    22.8"," ","R","22","    20.8"," ","R","22","    40.4"," ","P","23","    24.9"," ","P","23","    17.0"," ","P","23","    10.5"," ","P","23","     4.7"," ","P","23","     0.9"," ","P","23","     0.0"," ","P","23","     0.0"," ","P","23","    0.04"," ","P","23","    0.16"," ","P","23","    0.55"," ","P","23","    1.36"," ","R","22","   15.87"," ","R","22"
"USW00094870","06-10"," 40.0397"," -88.2778"," 229.8","CHAMPAIGN WILLARD AP, IL US","06","10","99","    71.8"," ","R","22","    82.8"," ","R","22","    60.7"," ","S","24","    22.1"," ","R","22","     6.3"," ","R","22","     7.3"," ","R","22","     6.6"," ","S","24","     5.8"," ","R","22","     0.5"," ","R","22","     0.0"," ","R","22","     0.0"," ","R","22","     0.0"," ","R","22","     0.0","X","R","22","     0.0","X","R","22","     0.1"," ","R","22","     7.2"," ","R","22","    31.7"," ","R","22","    26.7"," ","R","22","    21.8"," ","R","22","    16.8"," ","R","22","    14.8"," ","R","22","    11.8"," ","R","22","     3.5"," ","R","22","     2.4"," ","R","22","     7.2"," ","R","22","    31.7"," ","R","22","    26.7"," ","R","22","    21.8"," ","R","22","    16.8"," ","R","22","    14.8"," ","R","22","    11.8"," ","R","22","     3.5"," ","R","22","     2.4"," ","R","22","    23.0"," ","R","22","    21.1"," ","R","22","    40.4"," ","P","23","    24.9"," ","P","23","    16.9"," ","P","23","    10.6"," ","P","23","     4.7"," ","P","23","     0.9"," ","P","23","     0.0"," ","P","23","     0.0"," ","P","23","    0.04"," ","P","23","    0.16"," ","P","23","    0.56"," ","P","23","    1.52"," ","R","22","   16.03"," ","R","22"
"USW00094870","06-11"," 40.0397"," -88.2778"," 229.8","CHAMPAIGN WILLARD AP, IL US","06","11","99","    72.0"," ","R","22","    83.0"," ","R","22","    61.0"," ","S","24","    22.1"," ","R","22","     6.2"," ","R","22","     7.2"," ","R","22","     6.6"," ","S","24","     5.8"," ","R","22","     0.4"," ","R","22","     0.0"," ","R","22","     0.0"," ","R","22","     0.0"," ","R","22","     0.0","X","R","22","     0.0","X","R","22","     0.1"," ","R","22","     7.4"," ","R","22","    32.0"," ","R","22","    27.0"," ","R","22","    22.0"," ","R","22","    17.0"," ","R","22","    15.0"," ","R","22","    12.1"," ","R","22","     3.6"," ","R","22","     2.5"," ","R","22","     7.4"," ","R","22","    32.0"," ","R","22","    27.0"," ","R","22","    22.0"," ","R","22","    17.0"," ","R","22","    15.0"," ","R","22","    12.1"," ","R","22","     3.6"," ","R","22","     2.5"," ","R","22","    23.3"," ","R","22","    21.3"," ","R","22","    40.4"," ","P","23","    24.8"," ","P","23","    16.8"," ","P","23","    10.6"," ","P","23","     4.8"," ","P","23","     0.9"," ","P","23","     0.0"," ","P","23","     0.0"," ","P","23","    0.04"," ","P","23","    0.16"," ","P","23","    0.56"," ","P","23","    1.67"," ","R","22","   16.18"," ","R","22"
"USW00094870","06-12"," 40.0397"," -88.2778"," 229.8","CHAMPAIGN WILLARD AP, IL US","06","12","99","    72.2"," ","R","22","    83.2"," ","R","22","    61.2"," ","S","24","    22.0"," ","R","22","     6.2"," ","R","22","     7.1"," ","R","22","     6.5"," ","S","24","     5.7"," ","R","22","     0.3"," ","R","22","     0.0"," ","R","22","     0.0"," ","R","22","     0.0"," ","R","22","     0.0","X","R","22","     0.0","X","R","22","     0.1"," ","R","22","     7.6"," ","R","22","    32.2"," ","R","22","    27.2"," ","R","22","    22.2"," ","R","22","    17.2"," ","R","22","    15.2"," ","R","22","    12.3"," ","R","22","     3.7"," ","R","22","     2.5"," ","R","22","     7.6"," ","R","22","    32.2"," ","R","22","    27.2"," ","R","22","    22.2"," ","R","22","    17.2"," ","R","22","    15.2"," ","R","22","    12.3"," ","R","22","     3.7"," ","R","22","     2.5"," ","R","22","    23.5"," ","R","22","    21.5"," ","R","22","    40.3"," ","P","23","    24.6"," ","P","23","    16.7"," ","P","23","    10.6"," ","P","23","     4.8"," ","P","23","     0.8"," ","P","23","     0.0"," ","P","23","     0.0"," ","P","23","    0.04"," ","P","23","    0.16"," ","P","23","    0.56"," ","P","23","    1.83"," ","R","22","   16.34"," ","R","22"
"USW00094870","06-13"," 40.0397"," -88.2778"," 229.8","CHAMPAIGN WILLARD AP, IL US","06","13","99","    72.4"," ","R","22","    83.4"," ","R","22","    61.5"," ","S","24","    21.9"," ","R","22","     6.1"," ","R","22","     7.0"," ","R","22","     6.5"," ","S","24","     5.7"," ","R","22","     0.3"," ","R","22","     0.0"," ","R","22","     0.0"," ","R","22","     0.0"," ","R","22","     0.0","X","R","22","     0.0","X","R","22","     0.0","X","R","22","     7.7"," ","R","22","    32.4"," ","R","22","    27.4"," ","R","22","    22.4"," ","R","22","    17.4"," ","R","22","    15.4"," ","R","22","    12.5"," ","R","22","     3.8"," ","R","22","     2.6"," ","R","22","     7.7"," ","R","22","    32.4"," ","R","22","    27.4"," ","R","22","    22.4"," ","R","22","    17.4"," ","R","22","    15.4"," ","R","22","    12.5"," ","R","22","     3.8"," ","R","22","     2.6"," ","R","22","    23.7"," ","R","22","    21.7"," ","R","22","    40.3"," ","P","23","    24.5"," ","P","23","    16.6"," ","P","23","    10.6"," ","P","23","     4.8"," ","P","23","     0.8"," ","P","23","     0.0"," ","P","23","     0.0"," ","P","23","    0.04"," ","P","23","    0.16"," ","P","23","    0.57"," ","P","23","    1.99"," ","R","22","   16.50"," ","R","22"
"USW00094870","06-14"," 40.0397"," -88.2778"," 229.8","CHAMPAIGN WILLARD AP, IL US","06","14","99","    72.6"," ","R","22","    83.6"," ","R","22","    61.7"," ","S","24","    21.9"," ","R","22","     6.0"," ","R","22","     6.9"," ","R","22","     6.4"," ","S","24","     5.7"," ","R","22","     0.3"," ","R","22","     0.0"," ","R","22","     0.0"," ","R","22","     0.0"," ","R","22","     0.0","X","R","22","     0.0","X","R","22","     0.0","X","R","22","     7.9"," ","R","22","    32.6"," ","R","22","    27.6"," ","R","22","    22.6"," ","R","22","    17.6"," ","R","22","    15.6"," ","R","22","    12.6"," ","R","22","     3.9"," ","R","22","     2.6"," ","R","22","     7.9"," ","R","22","    32.6"," ","R","22","    27.6"," ","R","22","    22.6"," ","R","22","    17.6"," ","R","22","    15.6"," ","R","22","    12.6"," ","R","22","     3.9"," ","R","22","     2.6"," ","R","22","    23.9"," ","R","22","    21.9"," ","R","22","    40.2"," ","P","23","    24.4"," ","P","23","    16.5"," ","P","23","    10.6"," ","P","23","     4.8"," ","P","23","     0.8"," ","P","23","     0.0"," ","P","23","     0.0"," ","P","23","    0.03"," ","P","23","    0.16"," ","P","23","    0.57"," ","P","23","    2.14"," ","R","22","   16.65"," ","R","22"
"USW00094870","06-15"," 40.0397"," -88.2778"," 229.8","CHAMPAIGN WILLARD AP, IL US","06","15","99","    72.8"," ","R","22","    83.7"," ","R","22","    61.9"," ","S","24","    21.8"," ","R","22","     6.0"," ","R","22","     6.8"," ","R","22","     6.4"," ","S","24","     5.6"," ","R","22","     0.2"," ","R","22","     0.0"," ","R","22","     0.0"," ","R","22","     0.0"," ","R","22","     0.0","X","R","22","     0.0","X","R","22","     0.0","X","R","22","     8.0"," ","R","22","    32.8"," ","R","22","    27.8"," ","R","22","    22.8"," ","R","22","    17.8"," ","R","22","    15.8"," ","R","22","    12.8"," ","R","22","     4.0"," ","R","22","     2.7"," ","R","22","     8.0"," ","R","22","    32.8"," ","R","22","    27.8"," ","R","22","    22.8"," ","R","22","    17.8"," ","R","22","    15.8"," ","R","22","    12.8"," ","R","22","     4.0"," ","R","22","     2.7"," ","R","22","    24.1"," ","R","22","    22.1"," ","R","22","    40.1"," ","P","23","    24.3"," ","P","23","    16.4"," ","P","23","    10.6"," ","P","23","     4.8"," ","P","23","     0.8"," ","P","23","     0.0"," ","P","23","     0.0"," ","P","23","    0.03"," ","P","23","    0.16"," ","P","23","    0.57"," ","P","23","    2.29"," ","R","22","   16.80"," ","R","22"
"USW00094870","06-16"," 40.0397"," -88.2778"," 229.8","CHAMPAIGN WILLARD AP, IL US","06","16","99","    73.0"," ","R","22","    83.9"," ","R","22","    62.1"," ","S","24","    21.8"," ","R","22","     5.9"," ","R","22","     6.7"," ","R","22","     6.4"," ","S","24","     5.6"," ","R","22","     0.2"," ","R","22","     0.0"," ","R","22","     0.0"," ","R","22","     0.0"," ","R","22","     0.0"," ","R","22","     0.0","X","R","22","     0.0","X","R","22","     8.2"," ","R","22","    33.0"," ","R","22","    28.0"," ","R","22","    23.0"," ","R","22","    18.0"," ","R","22","    16.0"," ","R","22","    13.0"," ","R","22","     4.1"," ","R","22","     2.8"," ","R","22","     8.2"," ","R","22","    33.0"," ","R","22","    28.0"," ","R","22","    23.0"," ","R","22","    18.0"," ","R","22","    16.0"," ","R","22","    13.0"," ","R","22","     4.1"," ","R","22","     2.8"," ","R","22","    24.2"," ","R","22","    22.3"," ","R","22","    40.0"," ","P","23","    24.1"," ","P","23","    16.2"," ","P","23","    10.6"," ","P","23","     4.8"," ","P","23","     0.8"," ","P","23","     0.0"," ","P","23","     0.0"," ","P","23","    0.03"," ","P","23","    0.16"," ","P","23","    0.57"," ","P","23","    2.44"," ","R","22","   16.95"," ","R","22"
"USW00094870","06-17"," 40.0397"," -88.2778"," 229.8","CHAMPAIGN WILLARD AP, IL US","06","17","99","    73.2"," ","R","22","    84.1"," ","R","22","    62.3"," ","S","24","    21.7"," ","R","22","     5.9"," ","R","22","     6.7"," ","R","22","     6.3"," ","S","24","     5.6"," ","R","22","     0.2"," ","R","22","     0.0"," ","R","22","     0.0"," ","R","22","     0.0"," ","R","22","     0.0"," ","R","22","     0.0"," ","R","22","     0.0","X","R","22","     8.4"," ","R","22","    33.2"," ","R","22","    28.2"," ","R","22","    23.2"," ","R","22","    18.2"," ","R","22","    16.2"," ","R","22","    13.2"," ","R","22","     4.2"," ","R","22","     2.8"," ","R","22","     8.4"," ","R","22","    33.2"," ","R","22","    28.2"," ","R","22","    23.2"," ","R","22","    18.2"," ","R","22","    16.2"," ","R","22","    13.2"," ","R","22","     4.2"," ","R","22","     2.8"," ","R","22","    24.4"," ","R","22","    22.4"," ","R","22","    39.8"," ","P","23","    23.9"," ","P","23","    16.1"," ","P","23","    10.5"," ","P","23","     4.9"," ","P","23","     0.7"," ","P","23","     0.0"," ","P","23","     0.0"," ","P","23","    0.03"," ","P","23","    0.16"," ","P","23","    0.57"," ","P","23","    2.59"," ","R","22","   17.10"," ","R","22"
"USW00094870","06-18"," 40.0397"," -88.2778"," 229.8","CHAMPAIGN WILLARD AP, IL US","06","18","99","    73.4"," ","R","22","    84.2"," ","R","22","    62.5"," ","S","24","    21.7"," ","R","22","     5.8"," ","R","22","     6.6"," ","R","22","     6.3"," ","S","24","     5.5"," ","R","22","     0.2"," ","R","22","     0.0"," ","R","22","     0.0"," ","R","22","     0.0"," ","R","22","     0.0"," ","R","22","     0.0"," ","R","22","     0.0","X","R","22","     8.5"," ","R","22","    33.3"," ","R","22","    28.3"," ","R","22","    23.4"," ","R","22","    18.4"," ","R","22","    16.4"," ","R","22","    13.4"," ","R","22","     4.3"," ","R","22","     2.9"," ","R","22","     8.5"," ","R","22","    33.3"," ","R","22","    28.3"," ","R","22","    23.4"," ","R","22","    18.4"," ","R","22","    16.4"," ","R","22","    13.4"," ","R","22","     4.3"," ","R","22","     2.9"," ","R","22","    24.6"," ","R","22","    22.6"," ","R","22","    39.6"," ","P","23","    23.7"," ","P","23","    15.9"," ","P","23","    10.5"," ","P","23","     4.9"," ","P","23","     0.7"," ","P","23","     0.0"," ","P","23","     0.0"," ","P","23","    0.03"," ","P","23","    0.16"," ","P","23","    0.57"," ","P","23","    2.73"," ","R","22","   17.24"," ","R","22"
"USW00094870","06-19"," 40.0397"," -88.2778"," 229.8","CHAMPAIGN WILLARD AP, IL US","06","19","99","    73.5"," ","R","22","    84.3"," ","R","22","    62.7"," ","S","24","    21.6"," ","R","22","     5.8"," ","R","22","     6.5"," ","R","22","     6.3"," ","S","24","     5.5"," ","R","22","     0.2"," ","R","22","     0.0"," ","R","22","     0.0"," ","R","22","     0.0"," ","R","22","     0.0"," ","R","22","     0.0"," ","R","22","     0.0","X","R","22","     8.7"," ","R","22","    33.5"," ","R","22","    28.5"," ","R","22","    23.5"," ","R","22","    18.5"," ","R","22","    16.5"," ","R","22","    13.5"," ","R","22","     4.4"," ","R","22","     3.0"," ","R","22","     8.7"," ","R","22","    33.5"," ","R","22","    28.5"," ","R","22","    23.5"," ","R","22","    18.5"," ","R","22","    16.5"," ","R","22","    13.5"," ","R","22","     4.4"," ","R","22","     3.0"," ","R","22","    24.7"," ","R","22","    22.7"," ","R","22","    39.4"," ","P","23","    23.5"," ","P","23","    15.8"," ","P","23","    10.4"," ","P","23","     4.9"," ","P","23","     0.7"," ","P","23","     0.0"," ","P","23","     0.0"," ","P","23","    0.03"," ","P","23","    0.16"," ","P","23","    0.57"," ","P","23","    2.86"," ","R","22","   17.37"," ","R","22"
"USW00094870","06-20"," 40.0397"," -88.2778"," 229.8","CHAMPAIGN WILLARD AP, IL US","06","20","99","    73.7"," ","R","22","    84.5"," ","R","22","    62.9"," ","S","24","    21.6"," ","R","22","     5.7"," ","R","22","     6.4"," ","R","22","     6.2"," ","S","24","     5.4"," ","R","22","     0.2"," ","R","22","     0.0"," ","R","22","     0.0"," ","R","22","     0.0"," ","R","22","     0.0"," ","R","22","     0.0"," ","R","22","     0.0","X","R","22","     8.8"," ","R","22","    33.7"," ","R","22","    28.7"," ","R","22","    23.7"," ","R","22","    18.7"," ","R","22","    16.7"," ","R","22","    13.7"," ","R","22","     4.6"," ","R","22","     3.1"," ","R","22","     8.8"," ","R","22","    33.7"," ","R","22","    28.7"," ","R","22","    23.7"," ","R","22","    18.7"," ","R","22","    16.7"," ","R","22","    13.7"," ","R","22","     4.6"," ","R","22","     3.1"," ","R","22","    24.8"," ","R","22","    22.9"," ","R","22","    39.1"," ","P","23","    23.3"," ","P","23","    15.6"," ","P","23","    10.4"," ","P","23","     4.9"," ","P","23","     0.7"," ","P","23","     0.0"," ","P","23","     0.0"," ","P","23","    0.03"," ","P","23","    0.15"," ","P","23","    0.57"," ","P","23","    3.00"," ","R","22","   17.51"," ","R","22"
"USW00094870","06-21"," 40.0397"," -88.2778"," 229.8","CHAMPAIGN WILLARD AP, IL US","06","21","99","    73.8"," ","R","22","    84.6"," ","R","22","    63.1"," ","S","24","    21.5"," ","R","22","     5.7"," ","R","22","     6.4"," ","R","22","     6.2"," ","S","24","     5.4"," ","R","22","     0.2"," ","R","22","     0.0"," ","R","22","     0.0"," ","R","22","     0.0"," ","R","22","     0.0"," ","R","22","     0.0"," ","R","22","     0.0","X","R","22","     9.0"," ","R","22","    33.8"," ","R","22","    28.8"," ","R","22","    23.8"," ","R","22","    18.8"," ","R","22","    16.8"," ","R","22","    13.8"," ","R","22","     4.7"," ","R","22","     3.2"," ","R","22","     9.0"," ","R","22","    33.8"," ","R","22","    28.8"," ","R","22","    23.8"," ","R","22","    18.8"," ","R","22","    16.8"," ","R","22","    13.8"," ","R","22","     4.7"," ","R","22","     3.2"," ","R","22","    25.0"," ","R","22","    23.0"," ","R","22","    38.9"," ","P","23","    23.1"," ","P","23","    15.5"," ","P","23","    10.3"," ","P","23","     4.9"," ","P","23","     0.7"," ","P","23","     0.0"," ","P","23","     0.0"," ","P","23","    0.03"," ","P","23","    0.15"," ","P","23","    0.57"," ","P","23","    3.14"," ","R","22","   17.65"," ","R","22"
"USW00094870","06-22"," 40.0397"," -88.2778"," 229.8","CHAMPAIGN WILLARD AP, IL US","06","22","99","    74.0"," ","R","22","    84.7"," ","R","22","    63.2"," ","S","24","    21.4"," ","R","22","     5.6"," ","R","22","     6.3"," ","R","22","     6.2"," ","S","24","     5.4"," ","R","22","     0.1"," ","R","22","     0.0"," ","R","22","     0.0"," ","R","22","     0.0"," ","R","22","     0.0"," ","R","22","     0.0"," ","R","22","     0.0","X","R","22","     9.1"," ","R","22","    33.9"," ","R","22","    28.9"," ","R","22","    23.9"," ","R","22","    18.9"," ","R","22","    16.9"," ","R","22","    13.9"," ","R","22","     4.8"," ","R","22","     3.3"," ","R","22","     9.1"," ","R","22","    33.9"," ","R","22","    28.9"," ","R","22","    23.9"," ","R","22","    18.9"," ","R","22","    16.9"," ","R","22","    13.9"," ","R","22","     4.8"," ","R","22","     3.3"," ","R","22","    25.1"," ","R","22","    23.1"," ","R","22","    38.6"," ","P","23","    22.9"," ","P","23","    15.3"," ","P","23","    10.2"," ","P","23","     4.9"," ","P","23","     0.6"," ","P","23","     0.0"," ","P","23","     0.0"," ","P","23","    0.03"," ","P","23","    0.15"," ","P","23","    0.57"," ","P","23","    3.28"," ","R","22","   17.79"," ","R","22"
"USW00094870","06-23"," 40.0397"," -88.2778"," 229.8","CHAMPAIGN WILLARD AP, IL US","06","23","99","    74.1"," ","R","22","    84.8"," ","R","22","    63.4"," ","S","24","    21.4"," ","R","22","     5.6"," ","R","22","     6.2"," ","R","22","     6.1"," ","S","24","     5.3"," ","R","22","     0.1"," ","R","22","     0.0"," ","R","22","     0.0"," ","R","22","     0.0"," ","R","22","     0.0"," ","R","22","     0.0"," ","R","22","     0.0","X","R","22","     9.2"," ","R","22","    34.1"," ","R","22","    29.1"," ","R","22","    24.1"," ","R","22","    19.1"," ","R","22","    17.1"," ","R","22","    14.1"," ","R","22","     4.9"," ","R","22","     3.4"," ","R","22","     9.2"," ","R","22","    34.1"," ","R","22","    29.1"," ","R","22","    24.1"," ","R","22","    19.1"," ","R","22","    17.1"," ","R","22","    14.1"," ","R","22","     4.9"," ","R","22","     3.4"," ","R","22","    25.2"," ","R","22","    23.2"," ","R","22","    38.3"," ","P","23","    22.6"," ","P","23","    15.0"," ","P","23","    10.1"," ","P","23","     4.9"," ","P","23","     0.6"," ","P","23","     0.0"," ","P","23","     0.0"," ","P","23","    0.03"," ","P","23","    0.15"," ","P","23","    0.56"," ","P","23","    3.41"," ","R","22","   17.92"," ","R","22"
"USW00094870","06-24"," 40.0397"," -88.2778"," 229.8","CHAMPAIGN WILLARD AP, IL US","06","24","99","    74.2"," ","R","22","    84.9"," ","R","22","    63.5"," ","S","24","    21.3"," ","R","22","     5.5"," ","R","22","     6.2"," ","R","22","     6.1"," ","S","24","     5.3"," ","R","22","     0.1"," ","R","22","     0.0"," ","R","22","     0.0"," ","R","22","     0.0"," ","R","22","     0.0"," ","R","22","     0.0"," ","R","22","     0.0","X","R","22","     9.3"," ","R","22","    34.2"," ","R","22","    29.2"," ","R","22","    24.2"," ","R","22","    19.2"," ","R","22","    17.2"," ","R","22","    14.2"," ","R","22","     4.9"," ","R","22","     3.5"," ","R","22","     9.3"," ","R","22","    34.2"," ","R","22","    29.2"," ","R","22","    24.2"," ","R","22","    19.2"," ","R","22","    17.2"," ","R","22","    14.2"," ","R","22","     4.9"," ","R","22","     3.5"," ","R","22","    25.3"," ","R","22","    23.3"," ","R","22","    38.0"," ","P","23","    22.4"," ","P","23","    14.9"," ","P","23","    10.0"," ","P","23","     4.9"," ","P","23","     0.6"," ","P","23","     0.0"," ","P","23","     0.0"," ","P","23","    0.03"," ","P","23","    0.15"," ","P","23","    0.56"," ","P","23","    3.56"," ","R","22","   18.07"," ","R","22"
"USW00094870","06-25"," 40.0397"," -88.2778"," 229.8","CHAMPAIGN WILLARD AP, IL US","06","25","99","    74.3"," ","R","22","    84.9"," ","R","22","    63.7"," ","S","24","    21.3"," ","R","22","     5.5"," ","R","22","     6.1"," ","R","22","     6.1"," ","S","24","     5.2"," ","R","22","     0.1"," ","R","22","     0.0"," ","R","22","     0.0"," ","R","22","     0.0"," ","R","22","     0.0"," ","R","22","     0.0"," ","R","22","     0.0","X","R","22","     9.4"," ","R","22","    34.3"," ","R","22","    29.3"," ","R","22","    24.3"," ","R","22","    19.3"," ","R","22","    17.3"," ","R","22","    14.3"," ","R","22","     5.0"," ","R","22","     3.6"," ","R","22","     9.4"," ","R","22","    34.3"," ","R","22","    29.3"," ","R","22","    24.3"," ","R","22","    19.3"," ","R","22","    17.3"," ","R","22","    14.3"," ","R","22","     5.0"," ","R","22","     3.6"," ","R","22","    25.4"," ","R","22","    23.4"," ","R","22","    37.7"," ","P","23","    22.1"," ","P","23","    14.7"," ","P","23","     9.9"," ","P","23","     4.9"," ","P","23","     0.6"," ","P","23","     0.0"," ","P","23","     0.0"," ","P","23","    0.03"," ","P","23","    0.15"," ","P","23","    0.56"," ","P","23","    3.69"," ","R","22","   18.20"," ","R","22"
"USW00094870","06-26"," 40.0397"," -88.2778"," 229.8","CHAMPAIGN WILLARD AP, IL US","06","26","99","    74.4"," ","R","22","    85.0"," ","R","22","    63.8"," ","S","24","    21.2"," ","R","22","     5.5"," ","R","22","     6.0"," ","R","22","     6.0"," ","S","24","     5.2"," ","R","22","     0.1"," ","R","22","     0.0"," ","R","22","     0.0"," ","R","22","     0.0"," ","R","22","     0.0"," ","R","22","     0.0"," ","R","22","     0.0","X","R","22","     9.5"," ","R","22","    34.4"," ","R","22","    29.4"," ","R","22","    24.4"," ","R","22","    19.4"," ","R","22","    17.4"," ","R","22","    14.4"," ","R","22","     5.1"," ","R","22","     3.7"," ","R","22","     9.5"," ","R","22","    34.4"," ","R","22","    29.4"," ","R","22","    24.4"," ","R","22","    19.4"," ","R","22","    17.4"," ","R","22","    14.4"," ","R","22","     5.1"," ","R","22","     3.7"," ","R","22","    25.4"," ","R","22","    23.4"," ","R","22","    37.5"," ","P","23","    21.9"," ","P","23","    14.5"," ","P","23","     9.8"," ","P","23","     4.9"," ","P","23","     0.6"," ","P","23","     0.0"," ","P","23","     0.0"," ","P","23","    0.03"," ","P","23","    0.15"," ","P","23","    0.56"," ","P","23","    3.83"," ","R","22","   18.34"," ","R","22"
"USW00094870","06-27"," 40.0397"," -88.2778"," 229.8","CHAMPAIGN WILLARD AP, IL US","06","27","99","    74.5"," ","R","22","    85.1"," ","R","22","    63.9"," ","S","24","    21.2"," ","R","22","     5.4"," ","R","22","     6.0"," ","R","22","     6.0"," ","S","24","     5.1"," ","R","22","     0.1"," ","R","22","     0.0"," ","R","22","     0.0"," ","R","22","     0.0"," ","R","22","     0.0"," ","R","22","     0.0"," ","R","22","     0.0","X","R","22","     9.6"," ","R","22","    34.5"," ","R","22","    29.5"," ","R","22","    24.5"," ","R","22","    19.5"," ","R","22","    17.5"," ","R","22","    14.5"," ","R","22","     5.2"," ","R","22","     3.8"," ","R","22","     9.6"," ","R","22","    34.5"," ","R","22","    29.5"," ","R","22","    24.5"," ","R","22","    19.5"," ","R","22","    17.5"," ","R","22","    14.5"," ","R","22","     5.2"," ","R","22","     3.8"," ","R","22","    25.5"," ","R","22","    23.5"," ","R","22","    37.2"," ","P","23","    21.7"," ","P","23","    14.4"," ","P","23","     9.7"," ","P","23","     4.8"," ","P","23","     0.5"," ","P","23","     0.0"," ","P","23","     0.0"," ","P","23","    0.03"," ","P","23","    0.15"," ","P","23","    0.55"," ","P","23","    3.96"," ","R","22","   18.47"," ","R","22"
"USW00094870","06-28"," 40.0397"," -88.2778"," 229.8","CHAMPAIGN WILLARD AP, IL US","06","28","99","    74.6"," ","R","22","    85.1"," ","R","22","    64.0"," ","S","24","    21.1"," ","R","22","     5.4"," ","R","22","     5.9"," ","R","22","     6.0"," ","S","24","     5.1"," ","R","22","     0.1"," ","R","22","     0.0"," ","R","22","     0.0"," ","R","22","     0.0"," ","R","22","     0.0"," ","R","22","     0.0"," ","R","22","     0.0","X","R","22","     9.7"," ","R","22","    34.6"," ","R","22","    29.6"," ","R","22","    24.6"," ","R","22","    19.6"," ","R","22","    17.6"," ","R","22","    14.6"," ","R","22","     5.3"," ","R","22","     3.8"," ","R","22","     9.7"," ","R","22","    34.6"," ","R","22","    29.6"," ","R","22","    24.6"," ","R","22","    19.6"," ","R","22","    17.6"," ","R","22","    14.6"," ","R","22","     5.3"," ","R","22","     3.8"," ","R","22","    25.5"," ","R","22","    23.5"," ","R","22","    36.9"," ","P","23","    21.4"," ","P","23","    14.2"," ","P","23","     9.7"," ","P","23","     4.8"," ","P","23","     0.5"," ","P","23","     0.0"," ","P","23","     0.0"," ","P","23","    0.03"," ","P","23","    0.15"," ","P","23","    0.55"," ","P","23","    4.09"," ","R","22","   18.60"," ","R","22"
"USW00094870","06-29"," 40.0397"," -88.2778"," 229.8","CHAMPAIGN WILLARD AP, IL US","06","29","99","    74.6"," ","R","22","    85.2"," ","R","22","    64.1"," ","S","24","    21.1"," ","R","22","     5.4"," ","R","22","     5.9"," ","R","22","     5.9"," ","S","24","     5.1"," ","R","22","     0.1"," ","R","22","     0.0"," ","R","22","     0.0"," ","R","22","     0.0"," ","R","22","     0.0"," ","R","22","     0.0"," ","R","22","     0.0","X","R","22","     9.7"," ","R","22","    34.6"," ","R","22","    29.6"," ","R","22","    24.6"," ","R","22","    19.6"," ","R","22","    17.6"," ","R","22","    14.6"," ","R","22","     5.3"," ","R","22","     3.9"," ","R","22","     9.7"," ","R","22","    34.6"," ","R","22","    29.6"," ","R","22","    24.6"," ","R","22","    19.6"," ","R","22","    17.6"," ","R","22","    14.6"," ","R","22","     5.3"," ","R","22","     3.9"," ","R","22","    25.6"," ","R","22","    23.6"," ","R","22","    36.6"," ","P","23","    21.2"," ","P","23","    14.1"," ","P","23","     9.6"," ","P","23","     4.8"," ","P","23","     0.5"," ","P","23","     0.0"," ","P","23","     0.0"," ","P","23","    0.03"," ","P","23","    0.15"," ","P","23","    0.55"," ","P","23","    4.22"," ","R","22","   18.73"," ","R","22"
"USW00094870","06-30"," 40.0397"," -88.2778"," 229.8","CHAMPAIGN WILLARD AP, IL US","06","30","99","    74.7"," ","R","22","    85.2"," ","R","22","    64.2"," ","S","24","    21.0"," ","R","22","     5.3"," ","R","22","     5.8"," ","R","22","     5.9"," ","S","24","     5.0"," ","R","22","     0.1"," ","R","22","     0.0"," ","R","22","     0.0"," ","R","22","     0.0"," ","R","22","     0.0"," ","R","22","     0.0"," ","R","22","     0.0","X","R","22","     9.8"," ","R","22","    34.7"," ","R","22","    29.7"," ","R","22","    24.7"," ","R","22","    19.7"," ","R","22","    17.7"," ","R","22","    14.7"," ","R","22","     5.4"," ","R","22","     3.9"," ","R","22","     9.8"," ","R","22","    34.7"," ","R","22","    29.7"," ","R","22","    24.7"," ","R","22","    19.7"," ","R","22","    17.7"," ","R","22","    14.7"," ","R","22","     5.4"," ","R","22","     3.9"," ","R","22","    25.7"," ","R","22","    23.7"," ","R","22","    36.4"," ","P","23","    21.0"," ","P","23","    14.0"," ","P","23","     9.6"," ","P","23","     4.8"," ","P","23","     0.5"," ","P","23","     0.0"," ","P","23","     0.0"," ","P","23","    0.03"," ","P","23","    0.15"," ","P","23","    0.55"," ","P","23","    4.35"," ","R","22","   18.86"," ","R","22"
"USW00094870","07-01"," 40.0397"," -88.2778"," 229.8","CHAMPAIGN WILLARD AP, IL US","07","01","99","    74.8"," ","R","23","    85.3"," ","R","23","    64.3"," ","S","24","    21.0"," ","R","23","     5.3"," ","R","23","     5.8"," ","R","23","     5.9"," ","S","24","     5.0"," ","R","23","     0.1"," ","R","23","     0.0"," ","R","23","     0.0"," ","R","23","     0.0"," ","R","23","     0.0"," ","R","23","     0.0"," ","R","23","     0.0","X","R","23","     9.8"," ","R","23","    34.8"," ","R","23","    29.8"," ","R","23","    24.8"," ","R","23","    19.8"," ","R","23","    17.8"," ","R","23","    14.8"," ","R","23","     5.4"," ","R","23","     4.0"," ","R","23","     9.8"," ","R","23","    34.8"," ","R","23","    29.8"," ","R","23","    24.8"," ","R","23","    19.8"," ","R","23","    17.8"," ","R","23","    14.8"," ","R","23","     5.4"," ","R","23","     4.0"," ","R","23","    25.7"," ","R","23","    23.7"," ","R","23","    36.2"," ","P","23","    20.8"," ","P","23","    13.9"," ","P","23","     9.5"," ","P","23","     4.7"," ","P","23","     0.5"," ","P","23","     0.0"," ","P","23","     0.0"," ","P","23","    0.03"," ","P","23","    0.15"," ","P","23","    0.55"," ","P","23","    0.14"," ","R","22","   19.00"," ","R","22"
"USW00094870","07-02"," 40.0397"," -88.2778"," 229.8","CHAMPAIGN WILLARD AP, IL US","07","02","99","    74.8"," ","R","23","    85.3"," ","R","23","    64.3"," ","S","24","    21.0"," ","R","23","     5.3"," ","R","23","     5.8"," ","R","23","     5.9"," ","S","24","     5.0"," ","R","23","     0.1"," ","R","23","     0.0"," ","R","23","     0.0"," ","R","23","     0.0"," ","R","23","     0.0"," ","R","23","     0.0"," ","R","23","     0.0","X","R","23","     9.9"," ","R","23","    34.8"," ","R","23","    29.8"," ","R","23","    24.8"," ","R","23","    19.8"," ","R","23","    17.8"," ","R","23","    14.8"," ","R","23","     5.5"," ","R","23","     4.0"," ","R","23","     9.9"," ","R","23","    34.8"," ","R","23","    29.8"," ","R","23","    24.8"," ","R","23","    19.8"," ","R","23","    17.8"," ","R","23","    14.8"," ","R","23","     5.5"," ","R","23","     4.0"," ","R","23","    25.8"," ","R","23","    23.8"," ","R","23","    36.0"," ","P","23","    20.7"," ","P","23","    13.9"," ","P","23","     9.5"," ","P","23","     4.7"," ","P","23","     0.5"," ","P","23","     0.0"," ","P","23","     0.0"," ","P","23","    0.03"," ","P","23","    0.15"," ","P","23","    0.55"," ","P","23","    0.28"," ","R","22","   19.14"," ","R","22"
"USW00094870","07-03"," 40.0397"," -88.2778"," 229.8","CHAMPAIGN WILLARD AP, IL US","07","03","99","    74.9"," ","R","23","    85.3"," ","R","23","    64.4"," ","S","24","    20.9"," ","R","23","     5.3"," ","R","23","     5.7"," ","R","23","     5.9"," ","S","24","     4.9"," ","R","23","     0.1"," ","R","23","     0.0"," ","R","23","     0.0"," ","R","23","     0.0"," ","R","23","     0.0"," ","R","23","     0.0"," ","R","23","     0.0","X","R","23","     9.9"," ","R","23","    34.9"," ","R","23","    29.9"," ","R","23","    24.9"," ","R","23","    19.9"," ","R","23","    17.9"," ","R","23","    14.9"," ","R","23","     5.5"," ","R","23","     4.0"," ","R","23","     9.9"," ","R","23","    34.9"," ","R","23","    29.9"," ","R","23","    24.9"," ","R","23","    19.9"," ","R","23","    17.9"," ","R","23","    14.9"," ","R","23","     5.5"," ","R","23","     4.0"," ","R","23","    25.8"," ","R","23","    23.8"," ","R","23","    35.9"," ","P","23","    20.6"," ","P","23","    13.8"," ","P","23","     9.4"," ","P","23","     4.7"," ","P","23","     0.5"," ","P","23","     0.0"," ","P","23","     0.0"," ","P","23","    0.03"," ","P","23","    0.15"," ","P","23","    0.54"," ","P","23","    0.43"," ","R","22","   19.29"," ","R","22"
"USW00094870","07-04"," 40.0397"," -88.2778"," 229.8","CHAMPAIGN WILLARD AP, IL US","07","04","99","    74.9"," ","R","23","    85.3"," ","R","23","    64.5"," ","S","24","    20.9"," ","R","23","     5.3"," ","R","23","     5.7"," ","R","23","     5.9"," ","S","24","     4.9"," ","R","23","     0.1"," ","R","23","     0.0"," ","R","23","     0.0"," ","R","23","     0.0"," ","R","23","     0.0"," ","R","23","     0.0"," ","R","23","     0.0","X","R","23","    10.0"," ","R","23","    34.9"," ","R","23","    29.9"," ","R","23","    24.9"," ","R","23","    19.9"," ","R","23","    17.9"," ","R","23","    14.9"," ","R","23","     5.5"," ","R","23","     4.0"," ","R","23","    10.0"," ","R","23","    34.9"," ","R","23","    29.9"," ","R","23","    24.9"," ","R","23","    19.9"," ","R","23","    17.9"," ","R","23","    14.9"," ","R","23","     5.5"," ","R","23","     4.0"," ","R","23","    25.9"," ","R","23","    23.9"," ","R","23","    35.7"," ","P","23","    20.4"," ","P","23","    13.8"," ","P","23","     9.4"," ","P","23","     4.7"," ","P","23","     0.5"," ","P","23","     0.0"," ","P","23","     0.0"," ","P","23","    0.03"," ","P","23","    0.15"," ","P","23","    0.54"," ","P","23","    0.57"," ","R","22","   19.43"," ","R","22"
"USW00094870","07-05"," 40.0397"," -88.2778"," 229.8","CHAMPAIGN WILLARD AP, IL US","07","05","99","    74.9"," ","R","23","    85.3"," ","R","23","    64.5"," ","S","24","    20.8"," ","R","23","     5.2"," ","R","23","     5.7"," ","R","23","     5.9"," ","S","24","     4.9"," ","R","23","     0.1"," ","R","23","     0.0"," ","R","23","     0.0"," ","R","23","     0.0"," ","R","23","     0.0"," ","R","23","     0.0"," ","R","23","     0.0","X","R","23","    10.0"," ","R","23","    34.9"," ","R","23","    29.9"," ","R","23","    24.9"," ","R","23","    19.9"," ","R","23","    17.9"," ","R","23","    14.9"," ","R","23","     5.5"," ","R","23","     4.0"," ","R","23","    10.0"," ","R","23","    34.9"," ","R","23","    29.9"," ","R","23","    24.9"," ","R","23","    19.9"," ","R","23","    17.9"," ","R","23","    14.9"," ","R","23","     5.5"," ","R","23","     4.0"," ","R","23","    25.9"," ","R","23","    23.9"," ","R","23","    35.5"," ","P","23","    20.3"," ","P","23","    13.7"," ","P","23","     9.4"," ","P","23","     4.6"," ","P","23","     0.5"," ","P","23","     0.0"," ","P","23","     0.0"," ","P","23","    0.03"," ","P","23","    0.15"," ","P","23","    0.54"," ","P","23","    0.71"," ","R","22","   19.57"," ","R","22"
"USW00094870","07-06"," 40.0397"," -88.2778"," 229.8","CHAMPAIGN WILLARD AP, IL US","07","06","99","    74.9"," ","R","23","    85.4"," ","R","23","    64.5"," ","S","24","    20.8"," ","R","23","     5.2"," ","R","23","     5.7"," ","R","23","     5.9"," ","S","24","     4.8"," ","R","23","     0.1"," ","R","23","     0.0"," ","R","23","     0.0"," ","R","23","     0.0"," ","R","23","     0.0"," ","R","23","     0.0"," ","R","23","     0.0","X","R","23","    10.0"," ","R","23","    34.9"," ","R","23","    29.9"," ","R","23","    24.9"," ","R","23","    19.9"," ","R","23","    17.9"," ","R","23","    14.9"," ","R","23","     5.5"," ","R","23","     4.0"," ","R","23","    10.0"," ","R","23","    34.9"," ","R","23","    29.9"," ","R","23","    24.9"," ","R","23","    19.9"," ","R","23","    17.9"," ","R","23","    14.9"," ","R","23","     5.5"," ","R","23","     4.0"," ","R","23","    26.0"," ","R","23","    24.0"," ","R","23","    35.3"," ","P","23","    20.1"," ","P","23","    13.6"," ","P","23","     9.3"," ","P","23","     4.6"," ","P","23","     0.5"," ","P","23","     0.0"," ","P","23","     0.0"," ","P","23","    0.03"," ","P","23","    0.15"," ","P","23","    0.55"," ","P","23","    0.84"," ","R","22","   19.70"," ","R","22"
"USW00094870","07-07"," 40.0397"," -88.2778"," 229.8","CHAMPAIGN WILLARD AP, IL US","07","07","99","    75.0"," ","R","23","    85.3"," ","R","23","    64.6"," ","S","24","    20.8"," ","R","23","     5.2"," ","R","23","     5.7"," ","R","23","     5.9"," ","S","24","     4.8"," ","R","23","     0.1"," ","R","23","     0.0"," ","R","23","     0.0"," ","R","23","     0.0"," ","R","23","     0.0"," ","R","23","     0.0"," ","R","23","     0.0"," ","R","23","    10.0"," ","R","23","    35.0"," ","R","23","    30.0"," ","R","23","    25.0"," ","R","23","    20.0"," ","R","23","    18.0"," ","R","23","    15.0"," ","R","23","     5.5"," ","R","23","     4.0"," ","R","23","    10.0"," ","R","23","    35.0"," ","R","23","    30.0"," ","R","23","    25.0"," ","R","23","    20.0"," ","R","23","    18.0"," ","R","23","    15.0"," ","R","23","     5.5"," ","R","23","     4.0"," ","R","23","    26.0"," ","R","23","    24.0"," ","R","23","    35.1"," ","P","23","    19.9"," ","P","23","    13.6"," ","P","23","     9.3"," ","P","23","     4.6"," ","P","23","     0.5"," ","P","23","     0.0"," ","P","23","     0.0"," ","P","23","    0.03"," ","P","23","    0.15"," ","P","23","    0.55"," ","P","23","    0.97"," ","R","22","   19.83"," ","R","22"
"USW00094870","07-08"," 40.0397"," -88.2778"," 229.8","CHAMPAIGN WILLARD AP, IL US","07","08","99","    75.0"," ","R","23","    85.3"," ","R","23","    64.6"," ","S","24","    20.7"," ","R","23","     5.2"," ","R","23","     5.6"," ","R","23","     5.8"," ","S","24","     4.8"," ","R","23","     0.1"," ","R","23","     0.0"," ","R","23","     0.0"," ","R","23","     0.0"," ","R","23","     0.0"," ","R","23","     0.0"," ","R","23","     0.0"," ","R","23","    10.0"," ","R","23","    35.0"," ","R","23","    30.0"," ","R","23","    25.0"," ","R","23","    20.0"," ","R","23","    18.0"," ","R","23","    15.0"," ","R","23","     5.5"," ","R","23","     3.9"," ","R","23","    10.0"," ","R","23","    35.0"," ","R","23","    30.0"," ","R","23","    25.0"," ","R","23","    20.0"," ","R","23","    18.0"," ","R","23","    15.0"," ","R","23","     5.5"," ","R","23","     3.9"," ","R","23","    26.0"," ","R","23","    24.0"," ","R","23","    34.9"," ","P","23","    19.7"," ","P","23","    13.5"," ","P","23","     9.2"," ","P","23","     4.5"," ","P","23","     0.5"," ","P","23","     0.0"," ","P","23","     0.0"," ","P","23","    0.02"," ","P","23","    0.15"," ","P","23","    0.54"," ","P","23","    1.11"," ","R","22","   19.97"," ","R","22"
"USW00094870","07-09"," 40.0397"," -88.2778"," 229.8","CHAMPAIGN WILLARD AP, IL US","07","09","99","    75.0"," ","R","23","    85.3"," ","R","23","    64.6"," ","S","24","    20.7"," ","R","23","     5.2"," ","R","23","     5.6"," ","R","23","     5.8"," ","S","24","     4.8"," ","R","23","     0.1"," ","R","23","     0.0"," ","R","23","     0.0"," ","R","23","     0.0"," ","R","23","     0.0"," ","R","23","     0.0"," ","R","23","     0.0"," ","R","23","    10.0"," ","R","23","    35.0"," ","R","23","    30.0"," ","R","23","    25.0"," ","R","23","    20.0"," ","R","23","    18.0"," ","R","23","    15.0"," ","R","23","     5.4"," ","R","23","     3.9"," ","R","23","    10.0"," ","R","23","    35.0"," ","R","23","    30.0"," ","R","23","    25.0"," ","R","23","    20.0"," ","R","23","    18.0"," ","R","23","    15.0"," ","R","23","     5.4"," ","R","23","     3.9"," ","R","23","    26.1"," ","R","23","    24.1"," ","R","23","    34.7"," ","P","23","    19.5"," ","P","23","    13.4"," ","P","23","     9.1"," ","P","23","     4.5"," ","P","23","     0.5"," ","P","23","     0.0"," ","P","23","     0.0"," ","P","23","    0.02"," ","P","23","    0.15"," ","P","23","    0.54"," ","P","23","    1.24"," ","R","22","   20.10"," ","R","22"
"USW00094870","07-10"," 40.0397"," -88.2778"," 229.8","CHAMPAIGN WILLARD AP, IL US","07","10","99","    75.0"," ","R","23","    85.3"," ","R","23","    64.6"," ","S","24","    20.7"," ","R","23","     5.2"," ","R","23","     5.6"," ","R","23","     5.8"," ","S","24","     4.7"," ","R","23","     0.1"," ","R","23","     0.0"," ","R","23","     0.0"," ","R","23","     0.0"," ","R","23","     0.0"," ","R","23","     0.0"," ","R","23","     0.0"," ","R","23","    10.0"," ","R","23","    35.0"," ","R","23","    30.0"," ","R","23","    25.0"," ","R","23","    20.0"," ","R","23","    18.0"," ","R","23","    15.0"," ","R","23","     5.4"," ","R","23","     3.9"," ","R","23","    10.0"," ","R","23","    35.0"," ","R","23","    30.0"," ","R","23","    25.0"," ","R","23","    20.0"," ","R","23","    18.0"," ","R","23","    15.0"," ","R","23","     5.4"," ","R","23","     3.9"," ","R","23","    26.1"," ","R","23","    24.1"," ","R","23","    34.5"," ","P","23","    19.3"," ","P","23","    13.3"," ","P","23","     9.0"," ","P","23","     4.4"," ","P","23","     0.5"," ","P","23","     0.0"," ","P","23","     0.0"," ","P","23","    0.02"," ","P","23","    0.15"," ","P","23","    0.53"," ","P","23","    1.38"," ","R","22","   20.24"," ","R","22"
"USW00094870","07-11"," 40.0397"," -88.2778"," 229.8","CHAMPAIGN WILLARD AP, IL US","07","11","99","    75.0"," ","R","23","    85.3"," ","R","23","    64.6"," ","S","24","    20.7"," ","R","23","     5.2"," ","R","23","     5.6"," ","R","23","     5.8"," ","S","24","     4.7"," ","R","23","     0.1"," ","R","23","     0.0"," ","R","23","     0.0"," ","R","23","     0.0"," ","R","23","     0.0"," ","R","23","     0.0"," ","R","23","     0.0"," ","R","23","    10.0"," ","R","23","    35.0"," ","R","23","    30.0"," ","R","23","    25.0"," ","R","23","    20.0"," ","R","23","    18.0"," ","R","23","    15.0"," ","R","23","     5.4"," ","R","23","     3.8"," ","R","23","    10.0"," ","R","23","    35.0"," ","R","23","    30.0"," ","R","23","    25.0"," ","R","23","    20.0"," ","R","23","    18.0"," ","R","23","    15.0"," ","R","23","     5.4"," ","R","23","     3.8"," ","R","23","    26.1"," ","R","23","    24.1"," ","R","23","    34.3"," ","P","23","    19.2"," ","P","23","    13.2"," ","P","23","     8.9"," ","P","23","     4.3"," ","P","23","     0.5"," ","P","23","     0.0"," ","P","23","     0.0"," ","P","23","    0.02"," ","P","23","    0.15"," ","P","23","    0.53"," ","P","23","    1.51"," ","R","22","   20.37"," ","R","22"
"USW00094870","07-12"," 40.0397"," -88.2778"," 229.8","CHAMPAIGN WILLARD AP, IL US","07","12","99","    74.9"," ","R","23","    85.3"," ","R","23","    64.6"," ","S","24","    20.6"," ","R","23","     5.2"," ","R","23","     5.6"," ","R","23","     5.8"," ","S","24","     4.7"," ","R","23","     0.1"," ","R","23","     0.0"," ","R","23","     0.0"," ","R","23","     0.0"," ","R","23","     0.0"," ","R","23","     0.0"," ","R","23","     0.0"," ","R","23","    10.0"," ","R","23","    34.9"," ","R","23","    29.9"," ","R","23","    24.9"," ","R","23","    19.9"," ","R","23","    17.9"," ","R","23","    14.9"," ","R","23","     5.4"," ","R","23","     3.8"," ","R","23","    10.0"," ","R","23","    34.9"," ","R","23","    29.9"," ","R","23","    24.9"," ","R","23","    19.9"," ","R","23","    17.9"," ","R","23","    14.9"," ","R","23","     5.4"," ","R","23","     3.8"," ","R","23","    26.1"," ","R","23","    24.1"," ","R","23","    34.1"," ","P","23","    19.0"," ","P","23","    13.1"," ","P","23","     8.8"," ","P","23","     4.3"," ","P","23","     0.5"," ","P","23","     0.0"," ","P","23","     0.0"," ","P","23","    0.02"," ","P","23","    0.15"," ","P","23","    0.53"," ","P","23","    1.65"," ","R","22","   20.51"," ","R","22"
"USW00094870","07-13"," 40.0397"," -88.2778"," 229.8","CHAMPAIGN WILLARD AP, IL US","07","13","99","    74.9"," ","R","23","    85.2"," ","R","23","    64.6"," ","S","24","    20.6"," ","R","23","     5.2"," ","R","23","     5.6"," ","R","23","     5.8"," ","S","24","     4.7"," ","R","23","     0.1"," ","R","23","     0.0"," ","R","23","     0.0"," ","R","23","     0.0"," ","R","23","     0.0"," ","R","23","     0.0"," ","R","23","     0.0"," ","R","23","    10.0"," ","R","23","    34.9"," ","R","23","    29.9"," ","R","23","    24.9"," ","R","23","    19.9"," ","R","23","    17.9"," ","R","23","    14.9"," ","R","23","     5.4"," ","R","23","     3.8"," ","R","23","    10.0"," ","R","23","    34.9"," ","R","23","    29.9"," ","R","23","    24.9"," ","R","23","    19.9"," ","R","23","    17.9"," ","R","23","    14.9"," ","R","23","     5.4"," ","R","23","     3.8"," ","R","23","    26.1"," ","R","23","    24.1"," ","R","23","    34.0"," ","P","23","    18.8"," ","P","23","    13.0"," ","P","23","     8.7"," ","P","23","     4.2"," ","P","23","     0.5"," ","P","23","     0.0"," ","P","23","     0.0"," ","P","23","    0.02"," ","P","23","    0.14"," ","P","23","    0.52"," ","P","23","    1.78"," ","R","22","   20.64"," ","R","22"
"USW00094870","07-14"," 40.0397"," -88.2778"," 229.8","CHAMPAIGN WILLARD AP, IL US","07","14","99","    74.9"," ","R","23","    85.2"," ","R","23","    64.6"," ","S","24","    20.6"," ","R","23","     5.2"," ","R","23","     5.5"," ","R","23","     5.8"," ","S","24","     4.6"," ","R","23","     0.1"," ","R","23","     0.0"," ","R","23","     0.0"," ","R","23","     0.0"," ","R","23","     0.0"," ","R","23","     0.0"," ","R","23","     0.0"," ","R","23","    10.0"," ","R","23","    34.9"," ","R","23","    29.9"," ","R","23","    24.9"," ","R","23","    19.9"," ","R","23","    17.9"," ","R","23","    14.9"," ","R","23","     5.4"," ","R","23","     3.8"," ","R","23","    10.0"," ","R","23","    34.9"," ","R","23","    29.9"," ","R","23","    24.9"," ","R","23","    19.9"," ","R","23","    17.9"," ","R","23","    14.9"," ","R","23","     5.4"," ","R","23","     3.8"," ","R","23","    26.1"," ","R","23","    24.1"," ","R","23","    33.8"," ","P","23","    18.6"," ","P","23","    12.9"," ","P","23","     8.6"," ","P","23","     4.1"," ","P","23","     0.6"," ","P","23","     0.0"," ","P","23","     0.0"," ","P","23","    0.02"," ","P","23","    0.14"," ","P","23","    0.52"," ","P","23","    1.91"," ","R","22","   20.77"," ","R","22"
"USW00094870","07-15"," 40.0397"," -88.2778"," 229.8","CHAMPAIGN WILLARD AP, IL US","07","15","99","    74.9"," ","R","23","    85.2"," ","R","23","    64.6"," ","S","24","    20.6"," ","R","23","     5.2"," ","R","23","     5.5"," ","R","23","     5.8"," ","S","24","     4.6"," ","R","23","     0.1"," ","R","23","     0.0"," ","R","23","     0.0"," ","R","23","     0.0"," ","R","23","     0.0"," ","R","23","     0.0"," ","R","23","     0.0"," ","R","23","     9.9"," ","R","23","    34.9"," ","R","23","    29.9"," ","R","23","    24.9"," ","R","23","    19.9"," ","R","23","    17.9"," ","R","23","    14.9"," ","R","23","     5.3"," ","R","23","     3.8"," ","R","23","     9.9"," ","R","23","    34.9"," ","R","23","    29.9"," ","R","23","    24.9"," ","R","23","    19.9"," ","R","23","    17.9"," ","R","23","    14.9"," ","R","23","     5.3"," ","R","23","     3.8"," ","R","23","    26.1"," ","R","23","    24.1"," ","R","23","    33.6"," ","P","23","    18.4"," ","P","23","    12.8"," ","P","23","     8.5"," ","P","23","     4.0"," ","P","23","     0.6"," ","P","23","     0.0"," ","P","23","     0.0"," ","P","23","    0.02"," ","P","23","    0.14"," ","P","23","    0.51"," ","P","23","    2.05"," ","R","22","   20.91"," ","R","22"
"USW00094870","07-16"," 40.0397"," -88.2778"," 229.8","CHAMPAIGN WILLARD AP, IL US","07","16","99","    74.8"," ","R","23","    85.1"," ","R","23","    64.6"," ","S","24","    20.5"," ","R","23","     5.1"," ","R","23","     5.5"," ","R","23","     5.8"," ","S","24","     4.6"," ","R","23","     0.1"," ","R","23","     0.0"," ","R","23","     0.0"," ","R","23","     0.0"," ","R","23","     0.0"," ","R","23","     0.0"," ","R","23","     0.0"," ","R","23","     9.9"," ","R","23","    34.8"," ","R","23","    29.8"," ","R","23","    24.8"," ","R","23","    19.8"," ","R","23","    17.8"," ","R","23","    14.8"," ","R","23","     5.3"," ","R","23","     3.8"," ","R","23","     9.9"," ","R","23","    34.8"," ","R","23","    29.8"," ","R","23","    24.8"," ","R","23","    19.8"," ","R","23","    17.8"," ","R","23","    14.8"," ","R","23","     5.3"," ","R","23","     3.8"," ","R","23","    26.0"," ","R","23","    24.0"," ","R","23","    33.5"," ","P","23","    18.3"," ","P","23","    12.8"," ","P","23","     8.4"," ","P","23","     3.9"," ","P","23","     0.6"," ","P","23","     0.0"," ","P","23","     0.0"," ","P","23","    0.02"," ","P","23","    0.14"," ","P","23","    0.51"," ","P","23","    2.18"," ","R","22","   21.04"," ","R","22"
"USW00094870","07-17"," 40.0397"," -88.2778"," 229.8","CHAMPAIGN WILLARD AP, IL US","07","17","99","    74.8"," ","R","23","    85.1"," ","R","23","    64.6"," ","S","24","    20.5"," ","R","23","     5.1"," ","R","23","     5.4"," ","R","23","     5.8"," ","S","24","     4.6"," ","R","23","     0.1"," ","R","23","     0.0"," ","R","23","     0.0"," ","R","23","     0.0"," ","R","23","     0.0"," ","R","23","     0.0"," ","R","23","     0.0"," ","R","23","     9.9"," ","R","23","    34.8"," ","R","23","    29.8"," ","R","23","    24.8"," ","R","23","    19.8"," ","R","23","    17.8"," ","R","23","    14.8"," ","R","23","     5.3"," ","R","23","     3.7"," ","R","23","     9.9"," ","R","23","    34.8"," ","R","23","    29.8"," ","R","23","    24.8"," ","R","23","    19.8"," ","R","23","    17.8"," ","R","23","    14.8"," ","R","23","     5.3"," ","R","23","     3.7"," ","R","23","    26.0"," ","R","23","    24.0"," ","R","23","    33.4"," ","P","23","    18.1"," ","P","23","    12.7"," ","P","23","     8.3"," ","P","23","     3.8"," ","P","23","     0.6"," ","P","23","     0.0"," ","P","23","     0.0"," ","P","23","    0.02"," ","P","23","    0.14"," ","P","23","    0.50"," ","P","23","    2.32"," ","R","22","   21.18"," ","R","22"
"USW00094870","07-18"," 40.0397"," -88.2778"," 229.8","CHAMPAIGN WILLARD AP, IL US","07","18","99","    74.8"," ","R","23","    85.0"," ","R","23","    64.5"," ","S","24","    20.5"," ","R","23","     5.1"," ","R","23","     5.4"," ","R","23","     5.7"," ","S","24","     4.6"," ","R","23","     0.1"," ","R","23","     0.0"," ","R","23","     0.0"," ","R","23","     0.0"," ","R","23","     0.0"," ","R","23","     0.0"," ","R","23","     0.0"," ","R","23","     9.8"," ","R","23","    34.8"," ","R","23","    29.8"," ","R","23","    24.8"," ","R","23","    19.8"," ","R","23","    17.8"," ","R","23","    14.8"," ","R","23","     5.3"," ","R","23","     3.7"," ","R","23","     9.8"," ","R","23","    34.8"," ","R","23","    29.8"," ","R","23","    24.8"," ","R","23","    19.8"," ","R","23","    17.8"," ","R","23","    14.8"," ","R","23","     5.3"," ","R","23","     3.7"," ","R","23","    26.0"," ","R","23","    24.0"," ","R","23","    33.3"," ","P","23","    18.0"," ","P","23","    12.6"," ","P","23","     8.2"," ","P","23","     3.7"," ","P","23","     0.6"," ","P","23","     0.0"," ","P","23","     0.0"," ","P","23","    0.02"," ","P","23","    0.14"," ","P","23","    0.50"," ","P","23","    2.45"," ","R","22","   21.31"," ","R","22"
"USW00094870","07-19"," 40.0397"," -88.2778"," 229.8","CHAMPAIGN WILLARD AP, IL US","07","19","99","    74.7"," ","R","23","    85.0"," ","R","23","    64.5"," ","S","24","    20.5"," ","R","23","     5.1"," ","R","23","     5.4"," ","R","23","     5.7"," ","S","24","     4.6"," ","R","23","     0.1"," ","R","23","     0.0"," ","R","23","     0.0"," ","R","23","     0.0"," ","R","23","     0.0"," ","R","23","     0.0"," ","R","23","     0.0"," ","R","23","     9.8"," ","R","23","    34.7"," ","R","23","    29.7"," ","R","23","    24.7"," ","R","23","    19.7"," ","R","23","    17.7"," ","R","23","    14.7"," ","R","23","     5.3"," ","R","23","     3.7"," ","R","23","     9.8"," ","R","23","    34.7"," ","R","23","    29.7"," ","R","23","    24.7"," ","R","23","    19.7"," ","R","23","    17.7"," ","R","23","    14.7"," ","R","23","     5.3"," ","R","23","     3.7"," ","R","23","    25.9"," ","R","23","    23.9"," ","R","23","    33.3"," ","P","23","    17.9"," ","P","23","    12.6"," ","P","23","     8.1"," ","P","23","     3.6"," ","P","23","     0.6"," ","P","23","     0.0"," ","P","23","     0.0"," ","P","23","    0.02"," ","P","23","    0.13"," ","P","23","    0.49"," ","P","23","    2.58"," ","R","22","   21.44"," ","R","22"
"USW00094870","07-20"," 40.0397"," -88.2778"," 229.8","CHAMPAIGN WILLARD AP, IL US","07","20","99","    74.7"," ","R","23","    84.9"," ","R","23","    64.5"," ","S","24","    20.5"," ","R","23","     5.1"," ","R","23","     5.3"," ","R","23","     5.7"," ","S","24","     4.6"," ","R","23","     0.1"," ","R","23","     0.0"," ","R","23","     0.0"," ","R","23","     0.0"," ","R","23","     0.0"," ","R","23","     0.0"," ","R","23","     0.0"," ","R","23","     9.8"," ","R","23","    34.7"," ","R","23","    29.7"," ","R","23","    24.7"," ","R","23","    19.7"," ","R","23","    17.7"," ","R","23","    14.7"," ","R","23","     5.3"," ","R","23","     3.7"," ","R","23","     9.8"," ","R","23","    34.7"," ","R","23","    29.7"," ","R","23","    24.7"," ","R","23","    19.7"," ","R","23","    17.7"," ","R","23","    14.7"," ","R","23","     5.3"," ","R","23","     3.7"," ","R","23","    25.9"," ","R","23","    23.9"," ","R","23","    33.2"," ","P","23","    17.8"," ","P","23","    12.6"," ","P","23","     8.0"," ","P","23","     3.5"," ","P","23","     0.6"," ","P","23","     0.0"," ","P","23","     0.0"," ","P","23","    0.02"," ","P","23","    0.13"," ","P","23","    0.49"," ","P","23","    2.71"," ","R","22","   21.57"," ","R","22"
"USW00094870","07-21"," 40.0397"," -88.2778"," 229.8","CHAMPAIGN WILLARD AP, IL US","07","21","99","    74.6"," ","R","23","    84.9"," ","R","23","    64.4"," ","S","24","    20.5"," ","R","23","     5.0"," ","R","23","     5.3"," ","R","23","     5.7"," ","S","24","     4.6"," ","R","23","     0.1"," ","R","23","     0.0"," ","R","23","     0.0"," ","R","23","     0.0"," ","R","23","     0.0"," ","R","23","     0.0"," ","R","23","     0.0"," ","R","23","     9.7"," ","R","23","    34.6"," ","R","23","    29.6"," ","R","23","    24.6"," ","R","23","    19.6"," ","R","23","    17.6"," ","R","23","    14.6"," ","R","23","     5.3"," ","R","23","     3.7"," ","R","23","     9.7"," ","R","23","    34.6"," ","R","23","    29.6"," ","R","23","    24.6"," ","R","23","    19.6"," ","R","23","    17.6"," ","R","23","    14.6"," ","R","23","     5.3"," ","R","23","     3.7"," ","R","23","    25.9"," ","R","23","    23.9"," ","R","23","    33.2"," ","P","23","    17.7"," ","P","23","    12.6"," ","P","23","     7.9"," ","P","23","     3.4"," ","P","23","     0.6"," ","P","23","     0.0"," ","P","23","     0.0"," ","P","23","    0.02"," ","P","23","    0.13"," ","P","23","    0.48"," ","P","23","    2.83"," ","R","22","   21.69"," ","R","22"
"USW00094870","07-22"," 40.0397"," -88.2778"," 229.8","CHAMPAIGN WILLARD AP, IL US","07","22","99","    74.6"," ","R","23","    84.8"," ","R","23","    64.4"," ","S","24","    20.4"," ","R","23","     5.0"," ","R","23","     5.3"," ","R","23","     5.7"," ","S","24","     4.6"," ","R","23","     0.1"," ","R","23","     0.0"," ","R","23","     0.0"," ","R","23","     0.0"," ","R","23","     0.0"," ","R","23","     0.0"," ","R","23","     0.0"," ","R","23","     9.7"," ","R","23","    34.6"," ","R","23","    29.6"," ","R","23","    24.6"," ","R","23","    19.6"," ","R","23","    17.6"," ","R","23","    14.6"," ","R","23","     5.2"," ","R","23","     3.7"," ","R","23","     9.7"," ","R","23","    34.6"," ","R","23","    29.6"," ","R","23","    24.6"," ","R","23","    19.6"," ","R","23","    17.6"," ","R","23","    14.6"," ","R","23","     5.2"," ","R","23","     3.7"," ","R","23","    25.8"," ","R","23","    23.8"," ","R","23","    33.2"," ","P","23","    17.6"," ","P","23","    12.6"," ","P","23","     7.9"," ","P","23","     3.3"," ","P","23","     0.6"," ","P","23","     0.0"," ","P","23","     0.0"," ","P","23","    0.02"," ","P","23","    0.13"," ","P","23","    0.48"," ","P","23","    2.95"," ","R","22","   21.81"," ","R","22"
"USW00094870","07-23"," 40.0397"," -88.2778"," 229.8","CHAMPAIGN WILLARD AP, IL US","07","23","99","    74.5"," ","R","23","    84.8"," ","R","23","    64.3"," ","S","24","    20.4"," ","R","23","     5.0"," ","R","23","     5.3"," ","R","23","     5.7"," ","S","24","     4.6"," ","R","23","     0.1"," ","R","23","     0.0"," ","R","23","     0.0"," ","R","23","     0.0"," ","R","23","     0.0"," ","R","23","     0.0"," ","R","23","     0.0"," ","R","23","     9.6"," ","R","23","    34.5"," ","R","23","    29.5"," ","R","23","    24.5"," ","R","23","    19.5"," ","R","23","    17.5"," ","R","23","    14.5"," ","R","23","     5.2"," ","R","23","     3.7"," ","R","23","     9.6"," ","R","23","    34.5"," ","R","23","    29.5"," ","R","23","    24.5"," ","R","23","    19.5"," ","R","23","    17.5"," ","R","23","    14.5"," ","R","23","     5.2"," ","R","23","     3.7"," ","R","23","    25.7"," ","R","23","    23.7"," ","R","23","    33.2"," ","P","23","    17.6"," ","P","23","    12.6"," ","P","23","     7.8"," ","P","23","     3.2"," ","P","23","     0.6"," ","P","23","     0.0"," ","P","23","     0.0"," ","P","23","    0.02"," ","P","23","    0.13"," ","P","23","    0.48"," ","P","23","    3.07"," ","R","22","   21.93"," ","R","22"
"USW00094870","07-24"," 40.0397"," -88.2778"," 229.8","CHAMPAIGN WILLARD AP, IL US","07","24","99","    74.5"," ","R","23","    84.7"," ","R","23","    64.3"," ","S","24","    20.4"," ","R","23","     5.0"," ","R","23","     5.3"," ","R","23","     5.7"," ","S","24","     4.6"," ","R","23","     0.1"," ","R","23","     0.0"," ","R","23","     0.0"," ","R","23","     0.0"," ","R","23","     0.0"," ","R","23","     0.0"," ","R","23","     0.0"," ","R","23","     9.6"," ","R","23","    34.5"," ","R","23","    29.5"," ","R","23","    24.5"," ","R","23","    19.5"," ","R","23","    17.5"," ","R","23","    14.5"," ","R","23","     5.1"," ","R","23","     3.7"," ","R","23","     9.6"," ","R","23","    34.5"," ","R","23","    29.5"," ","R","23","    24.5"," ","R","23","    19.5"," ","R","23","    17.5"," ","R","23","    14.5"," ","R","23","     5.1"," ","R","23","     3.7"," ","R","23","    25.7"," ","R","23","    23.7"," ","R","23","    33.2"," ","P","23","    17.5"," ","P","23","    12.5"," ","P","23","     7.7"," ","P","23","     3.1"," ","P","23","     0.6"," ","P","23","     0.0"," ","P","23","     0.0"," ","P","23","    0.01"," ","P","23","    0.12"," ","P","23","    0.47"," ","P","23","    3.18"," ","R","22","   22.04"," ","R","22"
"USW00094870","07-25"," 40.0397"," -88.2778"," 229.8","CHAMPAIGN WILLARD AP, IL US","07","25","99","    74.4"," ","R","23","    84.7"," ","R","23","    64.2"," ","S","24","    20.4"," ","R","23","     5.0"," ","R","23","     5.3"," ","R","23","     5.7"," ","S","24","     4.6"," ","R","23","     0.1"," ","R","23","     0.0"," ","R","23","     0.0"," ","R","23","     0.0"," ","R","23","     0.0"," ","R","23","     0.0"," ","R","23","     0.0"," ","R","23","     9.5"," ","R","23","    34.4"," ","R","23","    29.4"," ","R","23","    24.4"," ","R","23","    19.4"," ","R","23","    17.4"," ","R","23","    14.4"," ","R","23","     5.1"," ","R","23","     3.6"," ","R","23","     9.5"," ","R","23","    34.4"," ","R","23","    29.4"," ","R","23","    24.4"," ","R","23","    19.4"," ","R","23","    17.4"," ","R","23","    14.4"," ","R","23","     5.1"," ","R","23","     3.6"," ","R","23","    25.6"," ","R","23","    23.6"," ","R","23","    33.2"," ","P","23","    17.4"," ","P","23","    12.5"," ","P","23","     7.6"," ","P","23","     3.0"," ","P","23","     0.6"," ","P","23","     0.0"," ","P","23","     0.0"," ","P","23","    0.01"," ","P","23","    0.12"," ","P","23","    0.47"," ","P","23","    3.29"," ","R","22","   22.15"," ","R","22"
"USW00094870","07-26"," 40.0397"," -88.2778"," 229.8","CHAMPAIGN WILLARD AP, IL US","07","26","99","    74.4"," ","R","23","    84.6"," ","R","23","    64.2"," ","S","24","    20.4"," ","R","23","     5.0"," ","R","23","     5.3"," ","R","23","     5.8"," ","S","24","     4.6"," ","R","23","     0.1"," ","R","23","     0.0"," ","R","23","     0.0"," ","R","23","     0.0"," ","R","23","     0.0"," ","R","23","     0.0"," ","R","23","     0.0"," ","R","23","     9.4"," ","R","23","    34.4"," ","R","23","    29.4"," ","R","23","    24.4"," ","R","23","    19.4"," ","R","23","    17.4"," ","R","23","    14.4"," ","R","23","     5.0"," ","R","23","     3.6"," ","R","23","     9.4"," ","R","23","    34.4"," ","R","23","    29.4"," ","R","23","    24.4"," ","R","23","    19.4"," ","R","23","    17.4"," ","R","23","    14.4"," ","R","23","     5.0"," ","R","23","     3.6"," ","R","23","    25.6"," ","R","23","    23.6"," ","R","23","    33.3"," ","P","23","    17.4"," ","P","23","    12.5"," ","P","23","     7.6"," ","P","23","     2.9"," ","P","23","     0.7"," ","P","23","     0.0"," ","P","23","     0.0"," ","P","23","    0.01"," ","P","23","    0.12"," ","P","23","    0.46"," ","P","23","    3.40"," ","R","22","   22.26"," ","R","22"
"USW00094870","07-27"," 40.0397"," -88.2778"," 229.8","CHAMPAIGN WILLARD AP, IL US","07","27","99","    74.3"," ","R","23","    84.5"," ","R","23","    64.1"," ","S","24","    20.4"," ","R","23","     5.0"," ","R","23","     5.3"," ","R","23","     5.8"," ","S","24","     4.6"," ","R","23","     0.1"," ","R","23","     0.0"," ","R","23","     0.0"," ","R","23","     0.0"," ","R","23","     0.0"," ","R","23","     0.0"," ","R","23","     0.0"," ","R","23","     9.4"," ","R","23","    34.3"," ","R","23","    29.3"," ","R","23","    24.3"," ","R","23","    19.3"," ","R","23","    17.3"," ","R","23","    14.3"," ","R","23","     4.9"," ","R","23","     3.5"," ","R","23","     9.4"," ","R","23","    34.3"," ","R","23","    29.3"," ","R","23","    24.3"," ","R","23","    19.3"," ","R","23","    17.3"," ","R","23","    14.3"," ","R","23","     4.9"," ","R","23","     3.5"," ","R","23","    25.6"," ","R","23","    23.6"," ","R","23","    33.3"," ","P","23","    17.4"," ","P","23","    12.5"," ","P","23","     7.5"," ","P","23","     2.8"," ","P","23","     0.7"," ","P","23","     0.0"," ","P","23","     0.0"," ","P","23","    0.01"," ","P","23","    0.12"," ","P","23","    0.46"," ","P","23","    3.49"," ","R","22","   22.35"," ","R","22"
"USW00094870","07-28"," 40.0397"," -88.2778"," 229.8","CHAMPAIGN WILLARD AP, IL US","07","28","99","    74.3"," ","R","23","    84.5"," ","R","23","    64.1"," ","S","24","    20.4"," ","R","23","     5.0"," ","R","23","     5.3"," ","R","23","     5.8"," ","S","24","     4.7"," ","R","23","     0.1"," ","R","23","     0.0"," ","R","23","     0.0"," ","R","23","     0.0"," ","R","23","     0.0"," ","R","23","     0.0"," ","R","23","     0.0"," ","R","23","     9.3"," ","R","23","    34.3"," ","R","23","    29.3"," ","R","23","    24.3"," ","R","23","    19.3"," ","R","23","    17.3"," ","R","23","    14.3"," ","R","23","     4.9"," ","R","23","     3.4"," ","R","23","     9.3"," ","R","23","    34.3"," ","R","23","    29.3"," ","R","23","    24.3"," ","R","23","    19.3"," ","R","23","    17.3"," ","R","23","    14.3"," ","R","23","     4.9"," ","R","23","     3.4"," ","R","23","    25.5"," ","R","23","    23.5"," ","R","23","    33.4"," ","P","23","    17.4"," ","P","23","    12.5"," ","P","23","     7.4"," ","P","23","     2.7"," ","P","23","     0.7"," ","P","23","     0.0"," ","P","23","     0.0"," ","P","23","    0.01"," ","P","23","    0.12"," ","P","23","    0.45"," ","P","23","    3.59"," ","R","22","   22.45"," ","R","22"
"USW00094870","07-29"," 40.0397"," -88.2778"," 229.8","CHAMPAIGN WILLARD AP, IL US","07","29","99","    74.2"," ","R","23","    84.4"," ","R","23","    64.0"," ","S","24","    20.4"," ","R","23","     5.0"," ","R","23","     5.3"," ","R","23","     5.8"," ","S","24","     4.7"," ","R","23","     0.1"," ","R","23","     0.0"," ","R","23","     0.0"," ","R","23","     0.0"," ","R","23","     0.0"," ","R","23","     0.0"," ","R","23","     0.0"," ","R","23","     9.3"," ","R","23","    34.2"," ","R","23","    29.2"," ","R","23","    24.2"," ","R","23","    19.2"," ","R","23","    17.2"," ","R","23","    14.2"," ","R","23","     4.8"," ","R","23","     3.4"," ","R","23","     9.3"," ","R","23","    34.2"," ","R","23","    29.2"," ","R","23","    24.2"," ","R","23","    19.2"," ","R","23","    17.2"," ","R","23","    14.2"," ","R","23","     4.8"," ","R","23","     3.4"," ","R","23","    25.5"," ","R","23","    23.5"," ","R","23","    33.4"," ","P","23","    17.3"," ","P","23","    12.4"," ","P","23","     7.3"," ","P","23","     2.6"," ","P","23","     0.6"," ","P","23","     0.0"," ","P","23","     0.0"," ","P","23","    0.01"," ","P","23","    0.11"," ","P","23","    0.45"," ","P","23","    3.68"," ","R","22","   22.54"," ","R","22"
"USW00094870","07-30"," 40.0397"," -88.2778"," 229.8","CHAMPAIGN WILLARD AP, IL US","07","30","99","    74.2"," ","R","23","    84.4"," ","R","23","    63.9"," ","S","24","    20.4"," ","R","23","     5.0"," ","R","23","     5.3"," ","R","23","     5.8"," ","S","24","     4.7"," ","R","23","     0.1"," ","R","23","     0.0"," ","R","23","     0.0"," ","R","23","     0.0"," ","R","23","     0.0"," ","R","23","     0.0"," ","R","23","     0.0"," ","R","23","     9.2"," ","R","23","    34.2"," ","R","23","    29.2"," ","R","23","    24.2"," ","R","23","    19.2"," ","R","23","    17.2"," ","R","23","    14.2"," ","R","23","     4.8"," ","R","23","     3.3"," ","R","23","     9.2"," ","R","23","    34.2"," ","R","23","    29.2"," ","R","23","    24.2"," ","R","23","    19.2"," ","R","23","    17.2"," ","R","23","    14.2"," ","R","23","     4.8"," ","R","23","     3.3"," ","R","23","    25.5"," ","R","23","    23.5"," ","R","23","    33.4"," ","P","23","    17.2"," ","P","23","    12.3"," ","P","23","     7.1"," ","P","23","     2.6"," ","P","23","     0.6"," ","P","23","     0.0"," ","P","23","     0.0"," ","P","23","    0.01"," ","P","23","    0.11"," ","P","23","    0.44"," ","P","23","    3.78"," ","R","22","   22.64"," ","R","22"
"USW00094870","07-31"," 40.0397"," -88.2778"," 229.8","CHAMPAIGN WILLARD AP, IL US","07","31","99","    74.1"," ","R","23","    84.3"," ","R","23","    63.9"," ","S","24","    20.4"," ","R","23","     5.0"," ","R","23","     5.3"," ","R","23","     5.8"," ","S","24","     4.8"," ","R","23","     0.1"," ","R","23","     0.0"," ","R","23","     0.0"," ","R","23","     0.0"," ","R","23","     0.0"," ","R","23","     0.0"," ","R","23","     0.0","X","R","23","     9.2"," ","R","23","    34.1"," ","R","23","    29.1"," ","R","23","    24.1"," ","R","23","    19.1"," ","R","23","    17.1"," ","R","23","    14.1"," ","R","23","     4.7"," ","R","23","     3.3"," ","R","23","     9.2"," ","R","23","    34.1"," ","R","23","    29.1"," ","R","23","    24.1"," ","R","23","    19.1"," ","R","23","    17.1"," ","R","23","    14.1"," ","R","23","     4.7"," ","R","23","     3.3"," ","R","23","    25.4"," ","R","23","    23.4"," ","R","23","    33.3"," ","P","23","    17.1"," ","P","23","    12.2"," ","P","23","     7.0"," ","P","23","     2.5"," ","P","23","     0.6"," ","P","23","     0.0"," ","P","23","     0.0"," ","P","23","    0.01"," ","P","23","    0.11"," ","P","23","    0.43"," ","P","23","    3.87"," ","R","22","   22.73"," ","R","22"
"USW00094870","08-01"," 40.0397"," -88.2778"," 229.8","CHAMPAIGN WILLARD AP, IL US","08","01","99","    74.0"," ","R","23","    84.3"," ","R","23","    63.8"," ","S","24","    20.5"," ","R","23","     5.0"," ","R","23","     5.3"," ","R","23","     5.8"," ","S","24","     4.8"," ","R","23","     0.1"," ","R","23","     0.0"," ","R","23","     0.0"," ","R","23","     0.0"," ","R","23","     0.0"," ","R","23","     0.0"," ","R","23","     0.0","X","R","23","     9.1"," ","R","23","    34.0"," ","R","23","    29.0"," ","R","23","    24.0"," ","R","23","    19.0"," ","R","23","    17.0"," ","R","23","    14.0"," ","R","23","     4.6"," ","R","23","     3.2"," ","R","23","     9.1"," ","R","23","    34.0"," ","R","23","    29.0"," ","R","23","    24.0"," ","R","23","    19.0"," ","R","23","    17.0"," ","R","23","    14.0"," ","R","23","     4.6"," ","R","23","     3.2"," ","R","23","    25.4"," ","R","23","    23.4"," ","R","23","    33.3"," ","P","23","    17.0"," ","P","23","    12.1"," ","P","23","     6.9"," ","P","23","     2.4"," ","P","23","     0.6"," ","P","23","     0.0"," ","P","23","     0.0"," ","P","23","    0.01"," ","P","23","    0.11"," ","P","23","    0.43"," ","P","23","    0.09"," ","R","23","   22.82"," ","R","23"
"USW00094870","08-02"," 40.0397"," -88.2778"," 229.8","CHAMPAIGN WILLARD AP, IL US","08","02","99","    74.0"," ","R","23","    84.2"," ","R","23","    63.7"," ","S","24","    20.5"," ","R","23","     5.0"," ","R","23","     5.3"," ","R","23","     5.8"," ","S","24","     4.8"," ","R","23","     0.1"," ","R","23","     0.0"," ","R","23","     0.0"," ","R","23","     0.0"," ","R","23","     0.0"," ","R","23","     0.0","X","R","23","     0.0","X","R","23","     9.0"," ","R","23","    34.0"," ","R","23","    29.0"," ","R","23","    24.0"," ","R","23","    19.0"," ","R","23","    17.0"," ","R","23","    14.0"," ","R","23","     4.6"," ","R","23","     3.1"," ","R","23","     9.0"," ","R","23","    34.0"," ","R","23","    29.0"," ","R","23","    24.0"," ","R","23","    19.0"," ","R","23","    17.0"," ","R","23","    14.0"," ","R","23","     4.6"," ","R","23","     3.1"," ","R","23","    25.3"," ","R","23","    23.3"," ","R","23","    33.3"," ","P","23","    16.9"," ","P","23","    12.0"," ","P","23","     6.8"," ","P","23","     2.3"," ","P","23","     0.6"," ","P","23","     0.0"," ","P","23","     0.0"," ","P","23","    0.01"," ","P","23","    0.10"," ","P","23","    0.42"," ","P","23","    0.18"," ","R","23","   22.91"," ","R","23"
"USW00094870","08-03"," 40.0397"," -88.2778"," 229.8","CHAMPAIGN WILLARD AP, IL US","08","03","99","    73.9"," ","R","23","    84.2"," ","R","23","    63.7"," ","S","24","    20.5"," ","R","23","     5.0"," ","R","23","     5.3"," ","R","23","     5.9"," ","S","24","     4.8"," ","R","23","     0.1"," ","R","23","     0.0"," ","R","23","     0.0"," ","R","23","     0.0"," ","R","23","     0.0"," ","R","23","     0.0","X","R","23","     0.0","X","R","23","     9.0"," ","R","23","    33.9"," ","R","23","    28.9"," ","R","23","    23.9"," ","R","23","    18.9"," ","R","23","    16.9"," ","R","23","    13.9"," ","R","23","     4.5"," ","R","23","     3.1"," ","R","23","     9.0"," ","R","23","    33.9"," ","R","23","    28.9"," ","R","23","    23.9"," ","R","23","    18.9"," ","R","23","    16.9"," ","R","23","    13.9"," ","R","23","     4.5"," ","R","23","     3.1"," ","R","23","    25.3"," ","R","23","    23.3"," ","R","23","    33.3"," ","P","23","    16.9"," ","P","23","    11.9"," ","P","23","     6.6"," ","P","23","     2.3"," ","P","23","     0.6"," ","P","23","     0.0"," ","P","23","     0.0"," ","P","23","    0.01"," ","P","23","    0.10"," ","P","23","    0.42"," ","P","23","    0.28"," ","R","23","   23.01"," ","R","23"
"USW00094870","08-04"," 40.0397"," -88.2778"," 229.8","CHAMPAIGN WILLARD AP, IL US","08","04","99","    73.8"," ","R","23","    84.1"," ","R","23","    63.6"," ","S","24","    20.5"," ","R","23","     5.0"," ","R","23","     5.3"," ","R","23","     5.9"," ","S","24","     4.9"," ","R","23","     0.1"," ","R","23","     0.0"," ","R","23","     0.0"," ","R","23","     0.0"," ","R","23","     0.0"," ","R","23","     0.0","X","R","23","     0.0","X","R","23","     8.9"," ","R","23","    33.8"," ","R","23","    28.8"," ","R","23","    23.8"," ","R","23","    18.8"," ","R","23","    16.8"," ","R","23","    13.9"," ","R","23","     4.5"," ","R","23","     3.0"," ","R","23","     8.9"," ","R","23","    33.8"," ","R","23","    28.8"," ","R","23","    23.8"," ","R","23","    18.8"," ","R","23","    16.8"," ","R","23","    13.9"," ","R","23","     4.5"," ","R","23","     3.0"," ","R","23","    25.2"," ","R","23","    23.2"," ","R","23","    33.4"," ","P","23","    16.9"," ","P","23","    11.9"," ","P","23","     6.5"," ","P","23","     2.2"," ","P","23","     0.6"," ","P","23","     0.0"," ","P","23","     0.0"," ","P","23","    0.01"," ","P","23","    0.10"," ","P","23","    0.41"," ","P","23","    0.37"," ","R","23","   23.10"," ","R","23"
"USW00094870","08-05"," 40.0397"," -88.2778"," 229.8","CHAMPAIGN WILLARD AP, IL US","08","05","99","    73.8"," ","R","23","    84.1"," ","R","23","    63.5"," ","S","24","    20.5"," ","R","23","     5.0"," ","R","23","     5.3"," ","R","23","     5.9"," ","S","24","     4.9"," ","R","23","     0.1"," ","R","23","     0.0"," ","R","23","     0.0"," ","R","23","     0.0"," ","R","23","     0.0"," ","R","23","     0.0","X","R","23","     0.0","X","R","23","     8.9"," ","R","23","    33.8"," ","R","23","    28.8"," ","R","23","    23.8"," ","R","23","    18.8"," ","R","23","    16.8"," ","R","23","    13.8"," ","R","23","     4.4"," ","R","23","     3.0"," ","R","23","     8.9"," ","R","23","    33.8"," ","R","23","    28.8"," ","R","23","    23.8"," ","R","23","    18.8"," ","R","23","    16.8"," ","R","23","    13.8"," ","R","23","     4.4"," ","R","23","     3.0"," ","R","23","    25.2"," ","R","23","    23.2"," ","R","23","    33.4"," ","P","23","    16.9"," ","P","23","    11.8"," ","P","23","     6.4"," ","P","23","     2.2"," ","P","23","     0.6"," ","P","23","     0.0"," ","P","23","     0.0"," ","P","23","    0.01"," ","P","23","    0.10"," ","P","23","    0.40"," ","P","23","    0.47"," ","R","23","   23.20"," ","R","23"
"USW00094870","08-06"," 40.0397"," -88.2778"," 229.8","CHAMPAIGN WILLARD AP, IL US","08","06","99","    73.7"," ","R","23","    84.0"," ","R","23","    63.4"," ","S","24","    20.6"," ","R","23","     5.0"," ","R","23","     5.3"," ","R","23","     5.8"," ","S","24","     4.9"," ","R","23","     0.1"," ","R","23","     0.0"," ","R","23","     0.0"," ","R","23","     0.0"," ","R","23","     0.0"," ","R","23","     0.0","X","R","23","     0.0","X","R","23","     8.8"," ","R","23","    33.7"," ","R","23","    28.7"," ","R","23","    23.7"," ","R","23","    18.7"," ","R","23","    16.7"," ","R","23","    13.7"," ","R","23","     4.4"," ","R","23","     2.9"," ","R","23","     8.8"," ","R","23","    33.7"," ","R","23","    28.7"," ","R","23","    23.7"," ","R","23","    18.7"," ","R","23","    16.7"," ","R","23","    13.7"," ","R","23","     4.4"," ","R","23","     2.9"," ","R","23","    25.1"," ","R","23","    23.1"," ","R","23","    33.4"," ","P","23","    16.8"," ","P","23","    11.7"," ","P","23","     6.4"," ","P","23","     2.2"," ","P","23","     0.7"," ","P","23","     0.0"," ","P","23","     0.0"," ","P","23","    0.01"," ","P","23","    0.10"," ","P","23","    0.40"," ","P","23","    0.56"," ","R","23","   23.29"," ","R","23"
"USW00094870","08-07"," 40.0397"," -88.2778"," 229.8","CHAMPAIGN WILLARD AP, IL US","08","07","99","    73.6"," ","R","23","    84.0"," ","R","23","    63.3"," ","S","24","    20.6"," ","R","23","     5.0"," ","R","23","     5.2"," ","R","23","     5.8"," ","S","24","     5.0"," ","R","23","     0.1"," ","R","23","     0.0"," ","R","23","     0.0"," ","R","23","     0.0"," ","R","23","     0.0"," ","R","23","     0.0","X","R","23","     0.0","X","R","23","     8.8"," ","R","23","    33.6"," ","R","23","    28.6"," ","R","23","    23.6"," ","R","23","    18.6"," ","R","23","    16.7"," ","R","23","    13.7"," ","R","23","     4.3"," ","R","23","     2.9"," ","R","23","     8.8"," ","R","23","    33.6"," ","R","23","    28.6"," ","R","23","    23.6"," ","R","23","    18.6"," ","R","23","    16.7"," ","R","23","    13.7"," ","R","23","     4.3"," ","R","23","     2.9"," ","R","23","    25.0"," ","R","23","    23.0"," ","R","23","    33.4"," ","P","23","    16.8"," ","P","23","    11.7"," ","P","23","     6.3"," ","P","23","     2.2"," ","P","23","     0.7"," ","P","23","     0.0"," ","P","23","     0.0"," ","P","23","    0.01"," ","P","23","    0.10"," ","P","23","    0.40"," ","P","23","    0.65"," ","R","23","   23.38"," ","R","23"
"USW00094870","08-08"," 40.0397"," -88.2778"," 229.8","CHAMPAIGN WILLARD AP, IL US","08","08","99","    73.6"," ","R","23","    83.9"," ","R","23","    63.2"," ","S","24","    20.7"," ","R","23","     4.9"," ","R","23","     5.2"," ","R","23","     5.8"," ","S","24","     5.0"," ","R","23","     0.1"," ","R","23","     0.0"," ","R","23","     0.0"," ","R","23","     0.0"," ","R","23","     0.0"," ","R","23","     0.0","X","R","23","     0.0","X","R","23","     8.7"," ","R","23","    33.6"," ","R","23","    28.6"," ","R","23","    23.6"," ","R","23","    18.6"," ","R","23","    16.6"," ","R","23","    13.6"," ","R","23","     4.3"," ","R","23","     2.9"," ","R","23","     8.7"," ","R","23","    33.6"," ","R","23","    28.6"," ","R","23","    23.6"," ","R","23","    18.6"," ","R","23","    16.6"," ","R","23","    13.6"," ","R","23","     4.3"," ","R","23","     2.9"," ","R","23","    25.0"," ","R","23","    23.0"," ","R","23","    33.3"," ","P","23","    16.8"," ","P","23","    11.7"," ","P","23","     6.3"," ","P","23","     2.2"," ","P","23","     0.7"," ","P","23","     0.0"," ","P","23","     0.0"," ","P","23","    0.01"," ","P","23","    0.10"," ","P","23","    0.40"," ","P","23","    0.74"," ","R","23","   23.47"," ","R","23"
"USW00094870","08-09"," 40.0397"," -88.2778"," 229.8","CHAMPAIGN WILLARD AP, IL US","08","09","99","    73.5"," ","R","23","    83.9"," ","R","23","    63.2"," ","S","24","    20.7"," ","R","23","     4.9"," ","R","23","     5.2"," ","R","23","     5.8"," ","S","24","     5.0"," ","R","23","     0.1"," ","R","23","     0.0"," ","R","23","     0.0"," ","R","23","     0.0"," ","R","23","     0.0"," ","R","23","     0.0","X","R","23","     0.0","X","R","23","     8.6"," ","R","23","    33.5"," ","R","23","    28.5"," ","R","23","    23.5"," ","R","23","    18.5"," ","R","23","    16.5"," ","R","23","    13.5"," ","R","23","     4.2"," ","R","23","     2.8"," ","R","23","     8.6"," ","R","23","    33.5"," ","R","23","    28.5"," ","R","23","    23.5"," ","R","23","    18.5"," ","R","23","    16.5"," ","R","23","    13.5"," ","R","23","     4.2"," ","R","23","     2.8"," ","R","23","    24.9"," ","R","23","    22.9"," ","R","23","    33.3"," ","P","23","    16.8"," ","P","23","    11.7"," ","P","23","     6.2"," ","P","23","     2.2"," ","P","23","     0.7"," ","P","23","     0.0"," ","P","23","     0.0"," ","P","23","    0.01"," ","P","23","    0.10"," ","P","23","    0.40"," ","P","23","    0.83"," ","R","23","   23.56"," ","R","23"
"USW00094870","08-10"," 40.0397"," -88.2778"," 229.8","CHAMPAIGN WILLARD AP, IL US","08","10","99","    73.4"," ","R","23","    83.8"," ","R","23","    63.1"," ","S","24","    20.8"," ","R","23","     4.9"," ","R","23","     5.2"," ","R","23","     5.8"," ","S","24","     5.1"," ","R","23","     0.1"," ","R","23","     0.0"," ","R","23","     0.0"," ","R","23","     0.0"," ","R","23","     0.0"," ","R","23","     0.0","X","R","23","     0.0","X","R","23","     8.6"," ","R","23","    33.4"," ","R","23","    28.4"," ","R","23","    23.4"," ","R","23","    18.4"," ","R","23","    16.4"," ","R","23","    13.4"," ","R","23","     4.2"," ","R","23","     2.8"," ","R","23","     8.6"," ","R","23","    33.4"," ","R","23","    28.4"," ","R","23","    23.4"," ","R","23","    18.4"," ","R","23","    16.4"," ","R","23","    13.4"," ","R","23","     4.2"," ","R","23","     2.8"," ","R","23","    24.9"," ","R","23","    22.9"," ","R","23","    33.3"," ","P","23","    16.9"," ","P","23","    11.7"," ","P","23","     6.2"," ","P","23","     2.2"," ","P","23","     0.7"," ","P","23","     0.0"," ","P","23","     0.0"," ","P","23","    0.01"," ","P","23","    0.10"," ","P","23","    0.40"," ","P","23","    0.92"," ","R","23","   23.65"," ","R","23"
"USW00094870","08-11"," 40.0397"," -88.2778"," 229.8","CHAMPAIGN WILLARD AP, IL US","08","11","99","    73.4"," ","R","23","    83.8"," ","R","23","    63.0"," ","S","24","    20.8"," ","R","23","     4.9"," ","R","23","     5.2"," ","R","23","     5.8"," ","S","24","     5.1"," ","R","23","     0.1"," ","R","23","     0.0"," ","R","23","     0.0"," ","R","23","     0.0"," ","R","23","     0.0"," ","R","23","     0.0","X","R","23","     0.0","X","R","23","     8.5"," ","R","23","    33.4"," ","R","23","    28.4"," ","R","23","    23.4"," ","R","23","    18.4"," ","R","23","    16.4"," ","R","23","    13.4"," ","R","23","     4.1"," ","R","23","     2.7"," ","R","23","     8.5"," ","R","23","    33.4"," ","R","23","    28.4"," ","R","23","    23.4"," ","R","23","    18.4"," ","R","23","    16.4"," ","R","23","    13.4"," ","R","23","     4.1"," ","R","23","     2.7"," ","R","23","    24.8"," ","R","23","    22.8"," ","R","23","    33.3"," ","P","23","    16.9"," ","P","23","    11.7"," ","P","23","     6.3"," ","P","23","     2.2"," ","P","23","     0.7"," ","P","23","     0.0"," ","P","23","     0.0"," ","P","23","    0.01"," ","P","23","    0.10"," ","P","23","    0.40"," ","P","23","    1.01"," ","R","23","   23.74"," ","R","23"
"USW00094870","08-12"," 40.0397"," -88.2778"," 229.8","CHAMPAIGN WILLARD AP, IL US","08","12","99","    73.3"," ","R","23","    83.7"," ","R","23","    62.8"," ","S","24","    20.9"," ","R","23","     4.9"," ","R","23","     5.2"," ","R","23","     5.8"," ","S","24","     5.2"," ","R","23","     0.1"," ","R","23","     0.0"," ","R","23","     0.0"," ","R","23","     0.0"," ","R","23","     0.0"," ","R","23","     0.0","X","R","23","     0.0","X","R","23","     8.4"," ","R","23","    33.3"," ","R","23","    28.3"," ","R","23","    23.3"," ","R","23","    18.3"," ","R","23","    16.3"," ","R","23","    13.3"," ","R","23","     4.1"," ","R","23","     2.7"," ","R","23","     8.4"," ","R","23","    33.3"," ","R","23","    28.3"," ","R","23","    23.3"," ","R","23","    18.3"," ","R","23","    16.3"," ","R","23","    13.3"," ","R","23","     4.1"," ","R","23","     2.7"," ","R","23","    24.7"," ","R","23","    22.8"," ","R","23","    33.3"," ","P","23","    17.0"," ","P","23","    11.7"," ","P","23","     6.3"," ","P","23","     2.3"," ","P","23","     0.7"," ","P","23","     0.0"," ","P","23","     0.0"," ","P","23","    0.01"," ","P","23","    0.10"," ","P","23","    0.40"," ","P","23","    1.10"," ","R","23","   23.83"," ","R","23"
"USW00094870","08-13"," 40.0397"," -88.2778"," 229.8","CHAMPAIGN WILLARD AP, IL US","08","13","99","    73.2"," ","R","23","    83.7"," ","R","23","    62.7"," ","S","24","    20.9"," ","R","23","     4.9"," ","R","23","     5.3"," ","R","23","     5.8"," ","S","24","     5.2"," ","R","23","     0.1"," ","R","23","     0.0"," ","R","23","     0.0"," ","R","23","     0.0"," ","R","23","     0.0"," ","R","23","     0.0","X","R","23","     0.0","X","R","23","     8.3"," ","R","23","    33.2"," ","R","23","    28.2"," ","R","23","    23.2"," ","R","23","    18.2"," ","R","23","    16.2"," ","R","23","    13.2"," ","R","23","     4.0"," ","R","23","     2.6"," ","R","23","     8.3"," ","R","23","    33.2"," ","R","23","    28.2"," ","R","23","    23.2"," ","R","23","    18.2"," ","R","23","    16.2"," ","R","23","    13.2"," ","R","23","     4.0"," ","R","23","     2.6"," ","R","23","    24.7"," ","R","23","    22.7"," ","R","23","    33.4"," ","P","23","    17.1"," ","P","23","    11.8"," ","P","23","     6.4"," ","P","23","     2.4"," ","P","23","     0.7"," ","P","23","     0.0"," ","P","23","     0.0"," ","P","23","    0.01"," ","P","23","    0.10"," ","P","23","    0.40"," ","P","23","    1.19"," ","R","23","   23.92"," ","R","23"
"USW00094870","08-14"," 40.0397"," -88.2778"," 229.8","CHAMPAIGN WILLARD AP, IL US","08","14","99","    73.1"," ","R","23","    83.6"," ","R","23","    62.6"," ","S","24","    21.0"," ","R","23","     4.9"," ","R","23","     5.3"," ","R","23","     5.8"," ","S","24","     5.3"," ","R","23","     0.1"," ","R","23","     0.0"," ","R","23","     0.0"," ","R","23","     0.0"," ","R","23","     0.0"," ","R","23","     0.0","X","R","23","     0.0","X","R","23","     8.2"," ","R","23","    33.1"," ","R","23","    28.1"," ","R","23","    23.1"," ","R","23","    18.1"," ","R","23","    16.1"," ","R","23","    13.1"," ","R","23","     3.9"," ","R","23","     2.6"," ","R","23","     8.2"," ","R","23","    33.1"," ","R","23","    28.1"," ","R","23","    23.1"," ","R","23","    18.1"," ","R","23","    16.1"," ","R","23","    13.1"," ","R","23","     3.9"," ","R","23","     2.6"," ","R","23","    24.6"," ","R","23","    22.6"," ","R","23","    33.4"," ","P","23","    17.2"," ","P","23","    11.9"," ","P","23","     6.4"," ","P","23","     2.4"," ","P","23","     0.7"," ","P","23","     0.0"," ","P","23","     0.0"," ","P","23","    0.01"," ","P","23","    0.10"," ","P","23","    0.41"," ","P","23","    1.28"," ","R","23","   24.01"," ","R","23"
"USW00094870","08-15"," 40.0397"," -88.2778"," 229.8","CHAMPAIGN WILLARD AP, IL US","08","15","99","    73.0"," ","R","23","    83.6"," ","R","23","    62.5"," ","S","24","    21.1"," ","R","23","     4.9"," ","R","23","     5.3"," ","R","23","     5.9"," ","S","24","     5.3"," ","R","23","     0.1"," ","R","23","     0.0"," ","R","23","     0.0"," ","R","23","     0.0"," ","R","23","     0.0"," ","R","23","     0.0","X","R","23","     0.0","X","R","23","     8.2"," ","R","23","    33.0"," ","R","23","    28.0"," ","R","23","    23.0"," ","R","23","    18.0"," ","R","23","    16.0"," ","R","23","    13.1"," ","R","23","     3.9"," ","R","23","     2.6"," ","R","23","     8.2"," ","R","23","    33.0"," ","R","23","    28.0"," ","R","23","    23.0"," ","R","23","    18.0"," ","R","23","    16.0"," ","R","23","    13.1"," ","R","23","     3.9"," ","R","23","     2.6"," ","R","23","    24.5"," ","R","23","    22.5"," ","R","23","    33.5"," ","P","23","    17.2"," ","P","23","    11.9"," ","P","23","     6.5"," ","P","23","     2.5"," ","P","23","     0.7"," ","P","23","     0.0"," ","P","23","     0.0"," ","P","23","    0.01"," ","P","23","    0.10"," ","P","23","    0.41"," ","P","23","    1.37"," ","R","23","   24.10"," ","R","23"
"USW00094870","08-16"," 40.0397"," -88.2778"," 229.8","CHAMPAIGN WILLARD AP, IL US","08","16","99","    72.9"," ","R","23","    83.5"," ","R","23","    62.4"," ","S","24","    21.2"," ","R","23","     5.0"," ","R","23","     5.4"," ","R","23","     5.9"," ","S","24","     5.3"," ","R","23","     0.1"," ","R","23","     0.0"," ","R","23","     0.0"," ","R","23","     0.0"," ","R","23","     0.0"," ","R","23","     0.0","X","R","23","     0.0","X","R","23","     8.1"," ","R","23","    32.9"," ","R","23","    27.9"," ","R","23","    22.9"," ","R","23","    17.9"," ","R","23","    16.0"," ","R","23","    13.0"," ","R","23","     3.8"," ","R","23","     2.5"," ","R","23","     8.1"," ","R","23","    32.9"," ","R","23","    27.9"," ","R","23","    22.9"," ","R","23","    17.9"," ","R","23","    16.0"," ","R","23","    13.0"," ","R","23","     3.8"," ","R","23","     2.5"," ","R","23","    24.4"," ","R","23","    22.4"," ","R","23","    33.4"," ","P","23","    17.3"," ","P","23","    11.9"," ","P","23","     6.6"," ","P","23","     2.6"," ","P","23","     0.7"," ","P","23","     0.0"," ","P","23","     0.0"," ","P","23","    0.01"," ","P","23","    0.10"," ","P","23","    0.41"," ","P","23","    1.46"," ","R","23","   24.19"," ","R","23"
"USW00094870","08-17"," 40.0397"," -88.2778"," 229.8","CHAMPAIGN WILLARD AP, IL US","08","17","99","    72.9"," ","R","23","    83.5"," ","R","23","    62.2"," ","S","24","    21.3"," ","R","23","     5.0"," ","R","23","     5.4"," ","R","23","     5.9"," ","S","24","     5.4"," ","R","23","     0.1"," ","R","23","     0.0"," ","R","23","     0.0"," ","R","23","     0.0"," ","R","23","     0.0"," ","R","23","     0.0","X","R","23","     0.0","X","R","23","     8.0"," ","R","23","    32.9"," ","R","23","    27.9"," ","R","23","    22.9"," ","R","23","    17.9"," ","R","23","    15.9"," ","R","23","    12.9"," ","R","23","     3.8"," ","R","23","     2.5"," ","R","23","     8.0"," ","R","23","    32.9"," ","R","23","    27.9"," ","R","23","    22.9"," ","R","23","    17.9"," ","R","23","    15.9"," ","R","23","    12.9"," ","R","23","     3.8"," ","R","23","     2.5"," ","R","23","    24.3"," ","R","23","    22.3"," ","R","23","    33.4"," ","P","23","    17.3"," ","P","23","    11.9"," ","P","23","     6.6"," ","P","23","     2.6"," ","P","23","     0.7"," ","P","23","     0.0"," ","P","23","     0.0"," ","P","23","    0.01"," ","P","23","    0.10"," ","P","23","    0.42"," ","P","23","    1.55"," ","R","23","   24.28"," ","R","23"
"USW00094870","08-18"," 40.0397"," -88.2778"," 229.8","CHAMPAIGN WILLARD AP, IL US","08","18","99","    72.8"," ","R","23","    83.4"," ","R","23","    62.1"," ","S","24","    21.4"," ","R","23","     5.0"," ","R","23","     5.5"," ","R","23","     5.9"," ","S","24","     5.4"," ","R","23","     0.1"," ","R","23","     0.0"," ","R","23","     0.0"," ","R","23","     0.0"," ","R","23","     0.0"," ","R","23","     0.0","X","R","23","     0.0","X","R","23","     7.9"," ","R","23","    32.8"," ","R","23","    27.8"," ","R","23","    22.8"," ","R","23","    17.8"," ","R","23","    15.8"," ","R","23","    12.8"," ","R","23","     3.7"," ","R","23","     2.4"," ","R","23","     7.9"," ","R","23","    32.8"," ","R","23","    27.8"," ","R","23","    22.8"," ","R","23","    17.8"," ","R","23","    15.8"," ","R","23","    12.8"," ","R","23","     3.7"," ","R","23","     2.4"," ","R","23","    24.2"," ","R","23","    22.3"," ","R","23","    33.4"," ","P","23","    17.4"," ","P","23","    11.9"," ","P","23","     6.7"," ","P","23","     2.7"," ","P","23","     0.7"," ","P","23","     0.0"," ","P","23","     0.0"," ","P","23","    0.01"," ","P","23","    0.10"," ","P","23","    0.42"," ","P","23","    1.66"," ","R","23","   24.39"," ","R","23"
"USW00094870","08-19"," 40.0397"," -88.2778"," 229.8","CHAMPAIGN WILLARD AP, IL US","08","19","99","    72.7"," ","R","23","    83.4"," ","R","23","    61.9"," ","S","24","    21.5"," ","R","23","     5.0"," ","R","23","     5.5"," ","R","23","     5.9"," ","S","24","     5.5"," ","R","23","     0.1"," ","R","23","     0.0"," ","R","23","     0.0"," ","R","23","     0.0"," ","R","23","     0.0"," ","R","23","     0.0","X","R","23","     0.0","X","R","23","     7.8"," ","R","23","    32.7"," ","R","23","    27.7"," ","R","23","    22.7"," ","R","23","    17.7"," ","R","23","    15.7"," ","R","23","    12.7"," ","R","23","     3.6"," ","R","23","     2.4"," ","R","23","     7.8"," ","R","23","    32.7"," ","R","23","    27.7"," ","R","23","    22.7"," ","R","23","    17.7"," ","R","23","    15.7"," ","R","23","    12.7"," ","R","23","     3.6"," ","R","23","     2.4"," ","R","23","    24.1"," ","R","23","    22.2"," ","R","23","    33.3"," ","P","23","    17.4"," ","P","23","    11.9"," ","P","23","     6.7"," ","P","23","     2.8"," ","P","23","     0.7"," ","P","23","     0.0"," ","P","23","     0.0"," ","P","23","    0.01"," ","P","23","    0.11"," ","P","23","    0.42"," ","P","23","    1.76"," ","R","23","   24.49"," ","R","23"
"USW00094870","08-20"," 40.0397"," -88.2778"," 229.8","CHAMPAIGN WILLARD AP, IL US","08","20","99","    72.6"," ","R","23","    83.3"," ","R","23","    61.8"," ","S","24","    21.6"," ","R","23","     5.1"," ","R","23","     5.6"," ","R","23","     6.0"," ","S","24","     5.5"," ","R","23","     0.1"," ","R","23","     0.0"," ","R","23","     0.0"," ","R","23","     0.0"," ","R","23","     0.0"," ","R","23","     0.0","X","R","23","     0.0","X","R","23","     7.7"," ","R","23","    32.5"," ","R","23","    27.5"," ","R","23","    22.6"," ","R","23","    17.6"," ","R","23","    15.6"," ","R","23","    12.6"," ","R","23","     3.5"," ","R","23","     2.3"," ","R","23","     7.7"," ","R","23","    32.5"," ","R","23","    27.5"," ","R","23","    22.6"," ","R","23","    17.6"," ","R","23","    15.6"," ","R","23","    12.6"," ","R","23","     3.5"," ","R","23","     2.3"," ","R","23","    24.0"," ","R","23","    22.1"," ","R","23","    33.3"," ","P","23","    17.4"," ","P","23","    11.9"," ","P","23","     6.7"," ","P","23","     2.8"," ","P","23","     0.8"," ","P","23","     0.0"," ","P","23","     0.0"," ","P","23","    0.01"," ","P","23","    0.11"," ","P","23","    0.42"," ","P","23","    1.86"," ","R","23","   24.59"," ","R","23"
"USW00094870","08-21"," 40.0397"," -88.2778"," 229.8","CHAMPAIGN WILLARD AP, IL US","08","21","99","    72.4"," ","R","23","    83.3"," ","R","23","    61.6"," ","S","24","    21.7"," ","R","23","     5.1"," ","R","23","     5.6"," ","R","23","     6.0"," ","S","24","     5.6"," ","R","23","     0.1"," ","R","23","     0.0"," ","R","23","     0.0"," ","R","23","     0.0"," ","R","23","     0.0"," ","R","23","     0.0","X","R","23","     0.0","X","R","23","     7.6"," ","R","23","    32.4"," ","R","23","    27.4"," ","R","23","    22.4"," ","R","23","    17.4"," ","R","23","    15.4"," ","R","23","    12.4"," ","R","23","     3.4"," ","R","23","     2.2"," ","R","23","     7.6"," ","R","23","    32.4"," ","R","23","    27.4"," ","R","23","    22.4"," ","R","23","    17.4"," ","R","23","    15.4"," ","R","23","    12.4"," ","R","23","     3.4"," ","R","23","     2.2"," ","R","23","    24.0"," ","R","23","    22.0"," ","R","23","    33.1"," ","P","23","    17.3"," ","P","23","    11.8"," ","P","23","     6.7"," ","P","23","     2.9"," ","P","23","     0.8"," ","P","23","     0.0"," ","P","23","     0.0"," ","P","23","    0.01"," ","P","23","    0.11"," ","P","23","    0.42"," ","P","23","    1.97"," ","R","23","   24.70"," ","R","23"
"USW00094870","08-22"," 40.0397"," -88.2778"," 229.8","CHAMPAIGN WILLARD AP, IL US","08","22","99","    72.3"," ","R","23","    83.2"," ","R","23","    61.4"," ","S","24","    21.8"," ","R","23","     5.1"," ","R","23","     5.7"," ","R","23","     6.0"," ","S","24","     5.6"," ","R","23","     0.1"," ","R","23","     0.0"," ","R","23","     0.0"," ","R","23","     0.0"," ","R","23","     0.0"," ","R","23","     0.0","X","R","23","     0.0","X","R","23","     7.5"," ","R","23","    32.3"," ","R","23","    27.3"," ","R","23","    22.3"," ","R","23","    17.3"," ","R","23","    15.3"," ","R","23","    12.3"," ","R","23","     3.4"," ","R","23","     2.2"," ","R","23","     7.5"," ","R","23","    32.3"," ","R","23","    27.3"," ","R","23","    22.3"," ","R","23","    17.3"," ","R","23","    15.3"," ","R","23","    12.3"," ","R","23","     3.4"," ","R","23","     2.2"," ","R","23","    23.8"," ","R","23","    21.9"," ","R","23","    33.0"," ","P","23","    17.3"," ","P","23","    11.7"," ","P","23","     6.7"," ","P","23","     2.9"," ","P","23","     0.8"," ","P","23","     0.0"," ","P","23","     0.0"," ","P","23","    0.01"," ","P","23","    0.11"," ","P","23","    0.42"," ","P","23","    2.07"," ","R","23","   24.80"," ","R","23"
"USW00094870","08-23"," 40.0397"," -88.2778"," 229.8","CHAMPAIGN WILLARD AP, IL US","08","23","99","    72.2"," ","R","23","    83.2"," ","R","23","    61.2"," ","S","24","    21.9"," ","R","23","     5.2"," ","R","23","     5.7"," ","R","23","     6.0"," ","S","24","     5.7"," ","R","23","     0.1"," ","R","23","     0.0"," ","R","23","     0.0"," ","R","23","     0.0"," ","R","23","     0.0"," ","R","23","     0.0"," ","R","23","     0.0","X","R","23","     7.4"," ","R","23","    32.2"," ","R","23","    27.2"," ","R","23","    22.2"," ","R","23","    17.2"," ","R","23","    15.2"," ","R","23","    12.2"," ","R","23","     3.3"," ","R","23","     2.1"," ","R","23","     7.4"," ","R","23","    32.2"," ","R","23","    27.2"," ","R","23","    22.2"," ","R","23","    17.2"," ","R","23","    15.2"," ","R","23","    12.2"," ","R","23","     3.3"," ","R","23","     2.1"," ","R","23","    23.7"," ","R","23","    21.7"," ","R","23","    32.9"," ","P","23","    17.3"," ","P","23","    11.7"," ","P","23","     6.8"," ","P","23","     3.0"," ","P","23","     0.8"," ","P","23","     0.0"," ","P","23","     0.0"," ","P","23","    0.01"," ","P","23","    0.11"," ","P","23","    0.42"," ","P","23","    2.18"," ","R","23","   24.91"," ","R","23"
"USW00094870","08-24"," 40.0397"," -88.2778"," 229.8","CHAMPAIGN WILLARD AP, IL US","08","24","99","    72.1"," ","R","23","    83.1"," ","R","23","    61.0"," ","S","24","    22.1"," ","R","23","     5.2"," ","R","23","     5.8"," ","R","23","     6.1"," ","S","24","     5.7"," ","R","23","     0.2"," ","R","23","     0.0"," ","R","23","     0.0"," ","R","23","     0.0"," ","R","23","     0.0"," ","R","23","     0.0"," ","R","23","     0.0","X","R","23","     7.2"," ","R","23","    32.1"," ","R","23","    27.1"," ","R","23","    22.1"," ","R","23","    17.1"," ","R","23","    15.1"," ","R","23","    12.1"," ","R","23","     3.2"," ","R","23","     2.1"," ","R","23","     7.2"," ","R","23","    32.1"," ","R","23","    27.1"," ","R","23","    22.1"," ","R","23","    17.1"," ","R","23","    15.1"," ","R","23","    12.1"," ","R","23","     3.2"," ","R","23","     2.1"," ","R","23","    23.6"," ","R","23","    21.6"," ","R","23","    32.7"," ","P","23","    17.2"," ","P","23","    11.6"," ","P","23","     6.8"," ","P","23","     3.0"," ","P","23","     0.8"," ","P","23","     0.0"," ","P","23","     0.0"," ","P","23","    0.01"," ","P","23","    0.11"," ","P","23","    0.42"," ","P","23","    2.29"," ","R","23","   25.02"," ","R","23"
"USW00094870","08-25"," 40.0397"," -88.2778"," 229.8","CHAMPAIGN WILLARD AP, IL US","08","25","99","    72.0"," ","R","23","    83.1"," ","R","23","    60.9"," ","S","24","    22.2"," ","R","23","     5.3"," ","R","23","     5.9"," ","R","23","     6.1"," ","S","24","     5.8"," ","R","23","     0.2"," ","R","23","     0.0"," ","R","23","     0.0"," ","R","23","     0.0"," ","R","23","     0.0"," ","R","23","     0.0"," ","R","23","     0.0","X","R","23","     7.1"," ","R","23","    31.9"," ","R","23","    26.9"," ","R","23","    21.9"," ","R","23","    16.9"," ","R","23","    14.9"," ","R","23","    12.0"," ","R","23","     3.2"," ","R","23","     2.0"," ","R","23","     7.1"," ","R","23","    31.9"," ","R","23","    26.9"," ","R","23","    21.9"," ","R","23","    16.9"," ","R","23","    14.9"," ","R","23","    12.0"," ","R","23","     3.2"," ","R","23","     2.0"," ","R","23","    23.4"," ","R","23","    21.4"," ","R","23","    32.6"," ","P","23","    17.1"," ","P","23","    11.5"," ","P","23","     6.8"," ","P","23","     3.1"," ","P","23","     0.8"," ","P","23","     0.0"," ","P","23","     0.0"," ","P","23","    0.01"," ","P","23","    0.11"," ","P","23","    0.42"," ","P","23","    2.40"," ","R","23","   25.13"," ","R","23"
"USW00094870","08-26"," 40.0397"," -88.2778"," 229.8","CHAMPAIGN WILLARD AP, IL US","08","26","99","    71.8"," ","R","23","    83.0"," ","R","23","    60.6"," ","S","24","    22.3"," ","R","23","     5.3"," ","R","23","     5.9"," ","R","23","     6.1"," ","S","24","     5.8"," ","R","23","     0.2"," ","R","23","     0.0"," ","R","23","     0.0"," ","R","23","     0.0"," ","R","23","     0.0"," ","R","23","     0.0"," ","R","23","     0.0","X","R","23","     7.0"," ","R","23","    31.8"," ","R","23","    26.8"," ","R","23","    21.8"," ","R","23","    16.8"," ","R","23","    14.8"," ","R","23","    11.8"," ","R","23","     3.1"," ","R","23","     2.0"," ","R","23","     7.0"," ","R","23","    31.8"," ","R","23","    26.8"," ","R","23","    21.8"," ","R","23","    16.8"," ","R","23","    14.8"," ","R","23","    11.8"," ","R","23","     3.1"," ","R","23","     2.0"," ","R","23","    23.3"," ","R","23","    21.3"," ","R","23","    32.4"," ","P","23","    17.0"," ","P","23","    11.4"," ","P","23","     6.8"," ","P","23","     3.1"," ","P","23","     0.8"," ","P","23","     0.0"," ","P","23","     0.0"," ","P","23","    0.01"," ","P","23","    0.11"," ","P","23","    0.42"," ","P","23","    2.53"," ","R","23","   25.26"," ","R","23"
"USW00094870","08-27"," 40.0397"," -88.2778"," 229.8","CHAMPAIGN WILLARD AP, IL US","08","27","99","    71.7"," ","R","23","    82.9"," ","R","23","    60.4"," ","S","24","    22.5"," ","R","23","     5.4"," ","R","23","     6.0"," ","R","23","     6.2"," ","S","24","     5.9"," ","R","23","     0.3"," ","R","23","     0.0"," ","R","23","     0.0"," ","R","23","     0.0"," ","R","23","     0.0"," ","R","23","     0.0","X","R","23","     0.0","X","R","23","     6.9"," ","R","23","    31.7"," ","R","23","    26.7"," ","R","23","    21.7"," ","R","23","    16.7"," ","R","23","    14.7"," ","R","23","    11.7"," ","R","23","     3.0"," ","R","23","     2.0"," ","R","23","     6.9"," ","R","23","    31.7"," ","R","23","    26.7"," ","R","23","    21.7"," ","R","23","    16.7"," ","R","23","    14.7"," ","R","23","    11.7"," ","R","23","     3.0"," ","R","23","     2.0"," ","R","23","    23.1"," ","R","23","    21.1"," ","R","23","    32.2"," ","P","23","    17.0"," ","P","23","    11.4"," ","P","23","     6.8"," ","P","23","     3.2"," ","P","23","     0.8"," ","P","23","     0.0"," ","P","23","     0.0"," ","P","23","    0.01"," ","P","23","    0.11"," ","P","23","    0.42"," ","P","23","    2.65"," ","R","23","   25.38"," ","R","23"
"USW00094870","08-28"," 40.0397"," -88.2778"," 229.8","CHAMPAIGN WILLARD AP, IL US","08","28","99","    71.5"," ","R","23","    82.8"," ","R","23","    60.2"," ","S","24","    22.6"," ","R","23","     5.4"," ","R","23","     6.1"," ","R","23","     6.2"," ","S","24","     5.9"," ","R","23","     0.3"," ","R","23","     0.0"," ","R","23","     0.0"," ","R","23","     0.0"," ","R","23","     0.0"," ","R","23","     0.0","X","R","23","     0.0","X","R","23","     6.8"," ","R","23","    31.5"," ","R","23","    26.5"," ","R","23","    21.5"," ","R","23","    16.5"," ","R","23","    14.5"," ","R","23","    11.5"," ","R","23","     3.0"," ","R","23","     1.9"," ","R","23","     6.8"," ","R","23","    31.5"," ","R","23","    26.5"," ","R","23","    21.5"," ","R","23","    16.5"," ","R","23","    14.5"," ","R","23","    11.5"," ","R","23","     3.0"," ","R","23","     1.9"," ","R","23","    22.9"," ","R","23","    21.0"," ","R","23","    32.1"," ","P","23","    16.9"," ","P","23","    11.4"," ","P","23","     6.9"," ","P","23","     3.2"," ","P","23","     0.9"," ","P","23","     0.0"," ","P","23","     0.0"," ","P","23","    0.01"," ","P","23","    0.11"," ","P","23","    0.42"," ","P","23","    2.77"," ","R","23","   25.50"," ","R","23"
"USW00094870","08-29"," 40.0397"," -88.2778"," 229.8","CHAMPAIGN WILLARD AP, IL US","08","29","99","    71.4"," ","R","23","    82.7"," ","R","23","    60.0"," ","S","24","    22.8"," ","R","23","     5.5"," ","R","23","     6.2"," ","R","23","     6.3"," ","S","24","     5.9"," ","R","23","     0.3"," ","R","23","     0.0"," ","R","23","     0.0"," ","R","23","     0.0"," ","R","23","     0.0"," ","R","23","     0.0","X","R","23","     0.0","X","R","23","     6.7"," ","R","23","    31.3"," ","R","23","    26.3"," ","R","23","    21.4"," ","R","23","    16.4"," ","R","23","    14.4"," ","R","23","    11.4"," ","R","23","     2.9"," ","R","23","     1.9"," ","R","23","     6.7"," ","R","23","    31.3"," ","R","23","    26.3"," ","R","23","    21.4"," ","R","23","    16.4"," ","R","23","    14.4"," ","R","23","    11.4"," ","R","23","     2.9"," ","R","23","     1.9"," ","R","23","    22.8"," ","R","23","    20.8"," ","R","23","    32.0"," ","P","23","    16.9"," ","P","23","    11.3"," ","P","23","     7.0"," ","P","23","     3.3"," ","P","23","     0.9"," ","P","23","     0.0"," ","P","23","     0.0"," ","P","23","    0.01"," ","P","23","    0.11"," ","P","23","    0.43"," ","P","23","    2.88"," ","R","23","   25.61"," ","R","23"
"USW00094870","08-30"," 40.0397"," -88.2778"," 229.8","CHAMPAIGN WILLARD AP, IL US","08","30","99","    71.2"," ","R","23","    82.7"," ","R","23","    59.7"," ","S","24","    22.9"," ","R","23","     5.5"," ","R","23","     6.2"," ","R","23","     6.3"," ","S","24","     6.0"," ","R","23","     0.4"," ","R","23","     0.0"," ","R","23","     0.0"," ","R","23","     0.0"," ","R","23","     0.0"," ","R","23","     0.0","X","R","23","     0.0","X","R","23","     6.6"," ","R","23","    31.2"," ","R","23","    26.2"," ","R","23","    21.2"," ","R","23","    16.2"," ","R","23","    14.2"," ","R","23","    11.2"," ","R","23","     2.9"," ","R","23","     1.8"," ","R","23","     6.6"," ","R","23","    31.2"," ","R","23","    26.2"," ","R","23","    21.2"," ","R","23","    16.2"," ","R","23","    14.2"," ","R","23","    11.2"," ","R","23","     2.9"," ","R","23","     1.8"," ","R","23","    22.6"," ","R","23","    20.6"," ","R","23","    31.8"," ","P","23","    16.8"," ","P","23","    11.3"," ","P","23","     7.0"," ","P","23","     3.3"," ","P","23","     0.9"," ","P","23","     0.0"," ","P","23","     0.0"," ","P","23","    0.01"," ","P","23","    0.11"," ","P","23","    0.43"," ","P","23","    3.00"," ","R","23","   25.73"," ","R","23"
"USW00094870","08-31"," 40.0397"," -88.2778"," 229.8","CHAMPAIGN WILLARD AP, IL US","08","31","99","    71.0"," ","R","23","    82.6"," ","R","23","    59.5"," ","S","24","    23.1"," ","R","23","     5.6"," ","R","23","     6.3"," ","R","23","     6.4"," ","S","24","     6.0"," ","R","23","     0.4"," ","R","23","     0.0"," ","R","23","     0.0"," ","R","23","     0.0"," ","R","23","     0.0"," ","R","23","     0.0","X","R","23","     0.0","X","R","23","     6.4"," ","R","23","    31.0"," ","R","23","    26.0"," ","R","23","    21.0"," ","R","23","    16.0"," ","R","23","    14.0"," ","R","23","    11.1"," ","R","23","     2.8"," ","R","23","     1.8"," ","R","23","     6.4"," ","R","23","    31.0"," ","R","23","    26.0"," ","R","23","    21.0"," ","R","23","    16.0"," ","R","23","    14.0"," ","R","23","    11.1"," ","R","23","     2.8"," ","R","23","     1.8"," ","R","23","    22.4"," ","R","23","    20.5"," ","R","23","    31.6"," ","P","23","    16.8"," ","P","23","    11.3"," ","P","23","     7.1"," ","P","23","     3.4"," ","P","23","     0.9"," ","P","23","     0.0"," ","P","23","     0.0"," ","P","23","    0.01"," ","P","23","    0.11"," ","P","23","    0.43"," ","P","23","    3.12"," ","R","23","   25.85"," ","R","23"
"USW00094870","09-01"," 40.0397"," -88.2778"," 229.8","CHAMPAIGN WILLARD AP, IL US","09","01","99","    70.8"," ","R","23","    82.4"," ","R","23","    59.2"," ","S","24","    23.2"," ","R","23","     5.6"," ","R","23","     6.4"," ","R","23","     6.4"," ","S","24","     6.1"," ","R","23","     0.4"," ","R","23","     0.0"," ","R","23","     0.0"," ","R","23","     0.0"," ","R","23","     0.0"," ","R","23","     0.0","X","R","23","     0.0","X","R","23","     6.3"," ","R","23","    30.8"," ","R","23","    25.8"," ","R","23","    20.8"," ","R","23","    15.8"," ","R","23","    13.8"," ","R","23","    10.9"," ","R","23","     2.7"," ","R","23","     1.7"," ","R","23","     6.3"," ","R","23","    30.8"," ","R","23","    25.8"," ","R","23","    20.8"," ","R","23","    15.8"," ","R","23","    13.8"," ","R","23","    10.9"," ","R","23","     2.7"," ","R","23","     1.7"," ","R","23","    22.3"," ","R","23","    20.3"," ","R","23","    31.5"," ","P","23","    16.8"," ","P","23","    11.3"," ","P","23","     7.1"," ","P","23","     3.4"," ","P","23","     0.9"," ","P","23","     0.0"," ","P","23","     0.0"," ","P","23","    0.01"," ","P","23","    0.11"," ","P","23","    0.44"," ","P","23","    0.12"," ","R","23","   25.97"," ","R","23"
"USW00094870","09-02"," 40.0397"," -88.2778"," 229.8","CHAMPAIGN WILLARD AP, IL US","09","02","99","    70.6"," ","R","23","    82.3"," ","R","23","    59.0"," ","S","24","    23.4"," ","R","23","     5.7"," ","R","23","     6.5"," ","R","23","     6.5"," ","S","24","     6.1"," ","R","23","     0.5"," ","R","23","     0.0"," ","R","23","     0.0"," ","R","23","     0.0"," ","R","23","     0.0"," ","R","23","     0.0","X","R","23","     0.0","X","R","23","     6.1"," ","R","23","    30.6"," ","R","23","    25.6"," ","R","23","    20.6"," ","R","23","    15.6"," ","R","23","    13.6"," ","R","23","    10.7"," ","R","23","     2.6"," ","R","23","     1.7"," ","R","23","     6.1"," ","R","23","    30.6"," ","R","23","    25.6"," ","R","23","    20.6"," ","R","23","    15.6"," ","R","23","    13.6"," ","R","23","    10.7"," ","R","23","     2.6"," ","R","23","     1.7"," ","R","23","    22.1"," ","R","23","    20.2"," ","R","23","    31.3"," ","P","23","    16.7"," ","P","23","    11.2"," ","P","23","     7.2"," ","P","23","     3.4"," ","P","23","     0.9"," ","P","23","     0.0"," ","P","23","     0.0"," ","P","23","    0.02"," ","P","23","    0.11"," ","P","23","    0.44"," ","P","23","    0.24"," ","R","23","   26.09"," ","R","23"
"USW00094870","09-03"," 40.0397"," -88.2778"," 229.8","CHAMPAIGN WILLARD AP, IL US","09","03","99","    70.4"," ","R","23","    82.2"," ","R","23","    58.7"," ","S","24","    23.5"," ","R","23","     5.8"," ","R","23","     6.6"," ","R","23","     6.6"," ","S","24","     6.1"," ","R","23","     0.5"," ","R","23","     0.0"," ","R","23","     0.0"," ","R","23","     0.0"," ","R","23","     0.0","X","R","23","     0.0","X","R","23","     0.1"," ","R","23","     6.0"," ","R","23","    30.4"," ","R","23","    25.4"," ","R","23","    20.4"," ","R","23","    15.4"," ","R","23","    13.4"," ","R","23","    10.5"," ","R","23","     2.6"," ","R","23","     1.7"," ","R","23","     6.0"," ","R","23","    30.4"," ","R","23","    25.4"," ","R","23","    20.4"," ","R","23","    15.4"," ","R","23","    13.4"," ","R","23","    10.5"," ","R","23","     2.6"," ","R","23","     1.7"," ","R","23","    21.9"," ","R","23","    20.0"," ","R","23","    31.1"," ","P","23","    16.6"," ","P","23","    11.1"," ","P","23","     7.2"," ","P","23","     3.4"," ","P","23","     0.9"," ","P","23","     0.0"," ","P","23","     0.0"," ","P","23","    0.02"," ","P","23","    0.11"," ","P","23","    0.44"," ","P","23","    0.35"," ","R","23","   26.20"," ","R","23"
"USW00094870","09-04"," 40.0397"," -88.2778"," 229.8","CHAMPAIGN WILLARD AP, IL US","09","04","99","    70.2"," ","R","23","    82.1"," ","R","23","    58.4"," ","S","24","    23.7"," ","R","23","     5.9"," ","R","23","     6.7"," ","R","23","     6.6"," ","S","24","     6.2"," ","R","23","     0.6"," ","R","23","     0.0"," ","R","23","     0.0"," ","R","23","     0.0"," ","R","23","     0.0","X","R","23","     0.0","X","R","23","     0.1"," ","R","23","     5.8"," ","R","23","    30.2"," ","R","23","    25.2"," ","R","23","    20.2"," ","R","23","    15.2"," ","R","23","    13.2"," ","R","23","    10.3"," ","R","23","     2.5"," ","R","23","     1.6"," ","R","23","     5.8"," ","R","23","    30.2"," ","R","23","    25.2"," ","R","23","    20.2"," ","R","23","    15.2"," ","R","23","    13.2"," ","R","23","    10.3"," ","R","23","     2.5"," ","R","23","     1.6"," ","R","23","    21.7"," ","R","23","    19.8"," ","R","23","    31.0"," ","P","23","    16.6"," ","P","23","    11.1"," ","P","23","     7.2"," ","P","23","     3.4"," ","P","23","     0.9"," ","P","23","     0.0"," ","P","23","     0.0"," ","P","23","    0.02"," ","P","23","    0.11"," ","P","23","    0.44"," ","P","23","    0.46"," ","R","23","   26.31"," ","R","23"
"USW00094870","09-05"," 40.0397"," -88.2778"," 229.8","CHAMPAIGN WILLARD AP, IL US","09","05","99","    70.0"," ","R","23","    81.9"," ","R","23","    58.1"," ","S","24","    23.8"," ","R","23","     6.0"," ","R","23","     6.8"," ","R","23","     6.7"," ","S","24","     6.2"," ","R","23","     0.6"," ","R","23","     0.0"," ","R","23","     0.0"," ","R","23","     0.0"," ","R","23","     0.0","X","R","23","     0.0","X","R","23","     0.1"," ","R","23","     5.7"," ","R","23","    30.0"," ","R","23","    25.0"," ","R","23","    20.0"," ","R","23","    15.0"," ","R","23","    13.0"," ","R","23","    10.1"," ","R","23","     2.4"," ","R","23","     1.6"," ","R","23","     5.7"," ","R","23","    30.0"," ","R","23","    25.0"," ","R","23","    20.0"," ","R","23","    15.0"," ","R","23","    13.0"," ","R","23","    10.1"," ","R","23","     2.4"," ","R","23","     1.6"," ","R","23","    21.5"," ","R","23","    19.6"," ","R","23","    31.0"," ","P","23","    16.5"," ","P","23","    11.1"," ","P","23","     7.2"," ","P","23","     3.3"," ","P","23","     0.8"," ","P","23","     0.0"," ","P","23","     0.0"," ","P","23","    0.02"," ","P","23","    0.11"," ","P","23","    0.44"," ","P","23","    0.56"," ","R","23","   26.41"," ","R","23"
"USW00094870","09-06"," 40.0397"," -88.2778"," 229.8","CHAMPAIGN WILLARD AP, IL US","09","06","99","    69.8"," ","R","23","    81.8"," ","R","23","    57.8"," ","S","24","    24.0"," ","R","23","     6.1"," ","R","23","     6.9"," ","R","23","     6.8"," ","S","24","     6.3"," ","R","23","     0.7"," ","R","23","     0.0"," ","R","23","     0.0"," ","R","23","     0.0"," ","R","23","     0.0","X","R","23","     0.0","X","R","23","     0.1"," ","R","23","     5.5"," ","R","23","    29.8"," ","R","23","    24.8"," ","R","23","    19.8"," ","R","23","    14.8"," ","R","23","    12.8"," ","R","23","     9.9"," ","R","23","     2.4"," ","R","23","     1.5"," ","R","23","     5.5"," ","R","23","    29.8"," ","R","23","    24.8"," ","R","23","    19.8"," ","R","23","    14.8"," ","R","23","    12.8"," ","R","23","     9.9"," ","R","23","     2.4"," ","R","23","     1.5"," ","R","23","    21.3"," ","R","23","    19.4"," ","R","23","    30.9"," ","P","23","    16.5"," ","P","23","    11.0"," ","P","23","     7.2"," ","P","23","     3.3"," ","P","23","     0.8"," ","P","23","     0.0"," ","P","23","     0.0"," ","P","23","    0.02"," ","P","23","    0.11"," ","P","23","    0.43"," ","P","23","    0.67"," ","R","23","   26.52"," ","R","23"
"USW00094870","09-07"," 40.0397"," -88.2778"," 229.8","CHAMPAIGN WILLARD AP, IL US","09","07","99","    69.6"," ","R","23","    81.6"," ","R","23","    57.5"," ","S","24","    24.1"," ","R","23","     6.2"," ","R","23","     7.0"," ","R","23","     6.9"," ","S","24","     6.3"," ","R","23","     0.8"," ","R","23","     0.0"," ","R","23","     0.0"," ","R","23","     0.0"," ","R","23","     0.0","X","R","23","     0.0","X","R","23","     0.1"," ","R","23","     5.3"," ","R","23","    29.6"," ","R","23","    24.6"," ","R","23","    19.6"," ","R","23","    14.6"," ","R","23","    12.6"," ","R","23","     9.7"," ","R","23","     2.3"," ","R","23","     1.5"," ","R","23","     5.3"," ","R","23","    29.6"," ","R","23","    24.6"," ","R","23","    19.6"," ","R","23","    14.6"," ","R","23","    12.6"," ","R","23","     9.7"," ","R","23","     2.3"," ","R","23","     1.5"," ","R","23","    21.1"," ","R","23","    19.2"," ","R","23","    30.9"," ","P","23","    16.5"," ","P","23","    11.0"," ","P","23","     7.2"," ","P","23","     3.3"," ","P","23","     0.8"," ","P","23","     0.0"," ","P","23","     0.0"," ","P","23","    0.02"," ","P","23","    0.11"," ","P","23","    0.43"," ","P","23","    0.78"," ","R","23","   26.63"," ","R","23"
"USW00094870","09-08"," 40.0397"," -88.2778"," 229.8","CHAMPAIGN WILLARD AP, IL US","09","08","99","    69.3"," ","R","23","    81.5"," ","R","23","    57.2"," ","S","24","    24.3"," ","R","23","     6.3"," ","R","23","     7.1"," ","R","23","     6.9"," ","S","24","     6.4"," ","R","23","     0.9"," ","R","23","     0.0"," ","R","23","     0.0"," ","R","23","     0.0","X","R","23","     0.0","X","R","23","     0.0","X","R","23","     0.1"," ","R","23","     5.2"," ","R","23","    29.3"," ","R","23","    24.3"," ","R","23","    19.3"," ","R","23","    14.3"," ","R","23","    12.4"," ","R","23","     9.5"," ","R","23","     2.2"," ","R","23","     1.4"," ","R","23","     5.2"," ","R","23","    29.3"," ","R","23","    24.3"," ","R","23","    19.3"," ","R","23","    14.3"," ","R","23","    12.4"," ","R","23","     9.5"," ","R","23","     2.2"," ","R","23","     1.4"," ","R","23","    20.9"," ","R","23","    19.0"," ","R","23","    30.9"," ","P","23","    16.5"," ","P","23","    11.0"," ","P","23","     7.2"," ","P","23","     3.3"," ","P","23","     0.8"," ","P","23","     0.0"," ","P","23","     0.0"," ","P","23","    0.02"," ","P","23","    0.11"," ","P","23","    0.43"," ","P","23","    0.89"," ","R","23","   26.74"," ","R","23"
"USW00094870","09-09"," 40.0397"," -88.2778"," 229.8","CHAMPAIGN WILLARD AP, IL US","09","09","99","    69.1"," ","R","23","    81.3"," ","R","23","    56.9"," ","S","24","    24.4"," ","R","23","     6.3"," ","R","23","     7.2"," ","R","23","     7.0"," ","S","24","     6.4"," ","R","23","     1.0"," ","R","23","     0.0"," ","R","23","     0.0"," ","R","23","     0.0","X","R","23","     0.0","X","R","23","     0.0","X","R","23","     0.2"," ","R","23","     5.0"," ","R","23","    29.1"," ","R","23","    24.1"," ","R","23","    19.1"," ","R","23","    14.1"," ","R","23","    12.1"," ","R","23","     9.3"," ","R","23","     2.1"," ","R","23","     1.4"," ","R","23","     5.0"," ","R","23","    29.1"," ","R","23","    24.1"," ","R","23","    19.1"," ","R","23","    14.1"," ","R","23","    12.1"," ","R","23","     9.3"," ","R","23","     2.1"," ","R","23","     1.4"," ","R","23","    20.7"," ","R","23","    18.8"," ","R","23","    30.8"," ","P","23","    16.4"," ","P","23","    10.9"," ","P","23","     7.2"," ","P","23","     3.2"," ","P","23","     0.8"," ","P","23","     0.0"," ","P","23","     0.0"," ","P","23","    0.02"," ","P","23","    0.11"," ","P","23","    0.43"," ","P","23","    0.99"," ","R","23","   26.84"," ","R","23"
"USW00094870","09-10"," 40.0397"," -88.2778"," 229.8","CHAMPAIGN WILLARD AP, IL US","09","10","99","    68.8"," ","R","23","    81.1"," ","R","23","    56.6"," ","S","24","    24.5"," ","R","23","     6.4"," ","R","23","     7.3"," ","R","23","     7.1"," ","S","24","     6.4"," ","R","23","     1.1"," ","R","23","     0.0"," ","R","23","     0.0"," ","R","23","     0.0","X","R","23","     0.0","X","R","23","     0.1"," ","R","23","     0.2"," ","R","23","     4.9"," ","R","23","    28.8"," ","R","23","    23.8"," ","R","23","    18.8"," ","R","23","    13.8"," ","R","23","    11.9"," ","R","23","     9.0"," ","R","23","     2.1"," ","R","23","     1.3"," ","R","23","     4.9"," ","R","23","    28.8"," ","R","23","    23.8"," ","R","23","    18.8"," ","R","23","    13.8"," ","R","23","    11.9"," ","R","23","     9.0"," ","R","23","     2.1"," ","R","23","     1.3"," ","R","23","    20.5"," ","R","23","    18.6"," ","R","23","    30.8"," ","P","23","    16.3"," ","P","23","    10.8"," ","P","23","     7.2"," ","P","23","     3.1"," ","P","23","     0.7"," ","P","23","     0.0"," ","P","23","     0.0"," ","P","23","    0.02"," ","P","23","    0.11"," ","P","23","    0.42"," ","P","23","    1.09"," ","R","23","   26.94"," ","R","23"
"USW00094870","09-11"," 40.0397"," -88.2778"," 229.8","CHAMPAIGN WILLARD AP, IL US","09","11","99","    68.6"," ","R","23","    80.9"," ","R","23","    56.2"," ","S","24","    24.7"," ","R","23","     6.5"," ","R","23","     7.4"," ","R","23","     7.2"," ","S","24","     6.5"," ","R","23","     1.2"," ","R","23","     0.0"," ","R","23","     0.0"," ","R","23","     0.0","X","R","23","     0.0","X","R","23","     0.1"," ","R","23","     0.3"," ","R","23","     4.7"," ","R","23","    28.5"," ","R","23","    23.5"," ","R","23","    18.6"," ","R","23","    13.6"," ","R","23","    11.6"," ","R","23","     8.8"," ","R","23","     2.0"," ","R","23","     1.2"," ","R","23","     4.7"," ","R","23","    28.5"," ","R","23","    23.5"," ","R","23","    18.6"," ","R","23","    13.6"," ","R","23","    11.6"," ","R","23","     8.8"," ","R","23","     2.0"," ","R","23","     1.2"," ","R","23","    20.3"," ","R","23","    18.5"," ","R","23","    30.7"," ","P","23","    16.2"," ","P","23","    10.7"," ","P","23","     7.1"," ","P","23","     3.1"," ","P","23","     0.7"," ","P","23","     0.0"," ","P","23","     0.0"," ","P","23","    0.02"," ","P","23","    0.11"," ","P","23","    0.42"," ","P","23","    1.20"," ","R","23","   27.05"," ","R","23"
"USW00094870","09-12"," 40.0397"," -88.2778"," 229.8","CHAMPAIGN WILLARD AP, IL US","09","12","99","    68.3"," ","R","23","    80.7"," ","R","23","    55.9"," ","S","24","    24.8"," ","R","23","     6.6"," ","R","23","     7.5"," ","R","23","     7.3"," ","S","24","     6.5"," ","R","23","     1.3"," ","R","23","     0.0"," ","R","23","     0.0"," ","R","23","     0.0","X","R","23","     0.1"," ","R","23","     0.1"," ","R","23","     0.3"," ","R","23","     4.6"," ","R","23","    28.3"," ","R","23","    23.3"," ","R","23","    18.3"," ","R","23","    13.3"," ","R","23","    11.4"," ","R","23","     8.6"," ","R","23","     1.9"," ","R","23","     1.2"," ","R","23","     4.6"," ","R","23","    28.3"," ","R","23","    23.3"," ","R","23","    18.3"," ","R","23","    13.3"," ","R","23","    11.4"," ","R","23","     8.6"," ","R","23","     1.9"," ","R","23","     1.2"," ","R","23","    20.1"," ","R","23","    18.3"," ","R","23","    30.6"," ","P","23","    16.1"," ","P","23","    10.7"," ","P","23","     7.1"," ","P","23","     3.0"," ","P","23","     0.7"," ","P","23","     0.0"," ","P","23","     0.0"," ","P","23","    0.02"," ","P","23","    0.11"," ","P","23","    0.42"," ","P","23","    1.31"," ","R","23","   27.16"," ","R","23"
"USW00094870","09-13"," 40.0397"," -88.2778"," 229.8","CHAMPAIGN WILLARD AP, IL US","09","13","99","    68.0"," ","R","23","    80.5"," ","R","23","    55.5"," ","S","24","    24.9"," ","R","23","     6.7"," ","R","23","     7.6"," ","R","23","     7.4"," ","S","24","     6.6"," ","R","23","     1.4"," ","R","23","     0.0"," ","R","23","     0.0","X","R","23","     0.0","X","R","23","     0.1"," ","R","23","     0.2"," ","R","23","     0.4"," ","R","23","     4.4"," ","R","23","    28.0"," ","R","23","    23.0"," ","R","23","    18.0"," ","R","23","    13.1"," ","R","23","    11.1"," ","R","23","     8.4"," ","R","23","     1.8"," ","R","23","     1.1"," ","R","23","     4.4"," ","R","23","    28.0"," ","R","23","    23.0"," ","R","23","    18.0"," ","R","23","    13.1"," ","R","23","    11.1"," ","R","23","     8.4"," ","R","23","     1.8"," ","R","23","     1.1"," ","R","23","    19.9"," ","R","23","    18.1"," ","R","23","    30.5"," ","P","23","    16.0"," ","P","23","    10.6"," ","P","23","     7.0"," ","P","23","     3.0"," ","P","23","     0.7"," ","P","23","     0.0"," ","P","23","     0.0"," ","P","23","    0.02"," ","P","23","    0.11"," ","P","23","    0.41"," ","P","23","    1.42"," ","R","23","   27.27"," ","R","23"
"USW00094870","09-14"," 40.0397"," -88.2778"," 229.8","CHAMPAIGN WILLARD AP, IL US","09","14","99","    67.7"," ","R","23","    80.2"," ","R","23","    55.2"," ","S","24","    25.0"," ","R","23","     6.8"," ","R","23","     7.7"," ","R","23","     7.5"," ","S","24","     6.6"," ","R","23","     1.6"," ","R","23","     0.0"," ","R","23","     0.0","X","R","23","     0.0","X","R","23","     0.1"," ","R","23","     0.2"," ","R","23","     0.4"," ","R","23","     4.3"," ","R","23","    27.7"," ","R","23","    22.7"," ","R","23","    17.7"," ","R","23","    12.8"," ","R","23","    10.9"," ","R","23","     8.1"," ","R","23","     1.8"," ","R","23","     1.1"," ","R","23","     4.3"," ","R","23","    27.7"," ","R","23","    22.7"," ","R","23","    17.7"," ","R","23","    12.8"," ","R","23","    10.9"," ","R","23","     8.1"," ","R","23","     1.8"," ","R","23","     1.1"," ","R","23","    19.6"," ","R","23","    17.8"," ","R","23","    30.4"," ","P","23","    16.0"," ","P","23","    10.5"," ","P","23","     7.0"," ","P","23","     2.9"," ","P","23","     0.7"," ","P","23","     0.0"," ","P","23","     0.0"," ","P","23","    0.02"," ","P","23","    0.11"," ","P","23","    0.41"," ","P","23","    1.53"," ","R","23","   27.38"," ","R","23"
"USW00094870","09-15"," 40.0397"," -88.2778"," 229.8","CHAMPAIGN WILLARD AP, IL US","09","15","99","    67.4"," ","R","23","    80.0"," ","R","23","    54.8"," ","S","24","    25.1"," ","R","23","     7.0"," ","R","23","     7.8"," ","R","23","     7.6"," ","S","24","     6.7"," ","R","23","     1.8"," ","R","23","     0.0"," ","R","23","     0.0","X","R","23","     0.0","X","R","23","     0.1"," ","R","23","     0.2"," ","R","23","     0.5"," ","R","23","     4.2"," ","R","23","    27.4"," ","R","23","    22.4"," ","R","23","    17.4"," ","R","23","    12.5"," ","R","23","    10.6"," ","R","23","     7.9"," ","R","23","     1.7"," ","R","23","     1.1"," ","R","23","     4.2"," ","R","23","    27.4"," ","R","23","    22.4"," ","R","23","    17.4"," ","R","23","    12.5"," ","R","23","    10.6"," ","R","23","     7.9"," ","R","23","     1.7"," ","R","23","     1.1"," ","R","23","    19.4"," ","R","23","    17.6"," ","R","23","    30.3"," ","P","23","    16.0"," ","P","23","    10.5"," ","P","23","     6.9"," ","P","23","     2.9"," ","P","23","     0.6"," ","P","23","     0.0"," ","P","23","     0.0"," ","P","23","    0.02"," ","P","23","    0.11"," ","P","23","    0.41"," ","P","23","    1.63"," ","R","23","   27.48"," ","R","23"
"USW00094870","09-16"," 40.0397"," -88.2778"," 229.8","CHAMPAIGN WILLARD AP, IL US","09","16","99","    67.1"," ","R","23","    79.7"," ","R","23","    54.5"," ","S","24","    25.2"," ","R","23","     7.1"," ","R","23","     7.9"," ","R","23","     7.7"," ","S","24","     6.7"," ","R","23","     1.9"," ","R","23","     0.0"," ","R","23","     0.0","X","R","23","     0.0","X","R","23","     0.1"," ","R","23","     0.3"," ","R","23","     0.6"," ","R","23","     4.0"," ","R","23","    27.1"," ","R","23","    22.1"," ","R","23","    17.1"," ","R","23","    12.2"," ","R","23","    10.3"," ","R","23","     7.7"," ","R","23","     1.7"," ","R","23","     1.0"," ","R","23","     4.0"," ","R","23","    27.1"," ","R","23","    22.1"," ","R","23","    17.1"," ","R","23","    12.2"," ","R","23","    10.3"," ","R","23","     7.7"," ","R","23","     1.7"," ","R","23","     1.0"," ","R","23","    19.1"," ","R","23","    17.4"," ","R","23","    30.2"," ","P","23","    15.9"," ","P","23","    10.4"," ","P","23","     6.9"," ","P","23","     2.8"," ","P","23","     0.6"," ","P","23","     0.0"," ","P","23","     0.0"," ","P","23","    0.02"," ","P","23","    0.11"," ","P","23","    0.40"," ","P","23","    1.73"," ","R","23","   27.58"," ","R","23"
"USW00094870","09-17"," 40.0397"," -88.2778"," 229.8","CHAMPAIGN WILLARD AP, IL US","09","17","99","    66.8"," ","R","23","    79.4"," ","R","23","    54.1"," ","S","24","    25.3"," ","R","23","     7.2"," ","R","23","     8.1"," ","R","23","     7.8"," ","S","24","     6.7"," ","R","23","     2.1"," ","R","23","     0.0"," ","R","23","     0.0","X","R","23","     0.0","X","R","23","     0.2"," ","R","23","     0.3"," ","R","23","     0.7"," ","R","23","     3.9"," ","R","23","    26.8"," ","R","23","    21.8"," ","R","23","    16.8"," ","R","23","    11.9"," ","R","23","    10.1"," ","R","23","     7.5"," ","R","23","     1.6"," ","R","23","     1.0"," ","R","23","     3.9"," ","R","23","    26.8"," ","R","23","    21.8"," ","R","23","    16.8"," ","R","23","    11.9"," ","R","23","    10.1"," ","R","23","     7.5"," ","R","23","     1.6"," ","R","23","     1.0"," ","R","23","    18.9"," ","R","23","    17.1"," ","R","23","    30.2"," ","P","23","    15.9"," ","P","23","    10.4"," ","P","23","     6.9"," ","P","23","     2.7"," ","P","23","     0.6"," ","P","23","     0.0"," ","P","23","     0.0"," ","P","23","    0.02"," ","P","23","    0.11"," ","P","23","    0.40"," ","P","23","    1.83"," ","R","23","   27.68"," ","R","23"
"USW00094870","09-18"," 40.0397"," -88.2778"," 229.8","CHAMPAIGN WILLARD AP, IL US","09","18","99","    66.5"," ","R","23","    79.2"," ","R","23","    53.8"," ","S","24","    25.4"," ","R","23","     7.3"," ","R","23","     8.2"," ","R","23","     7.9"," ","S","24","     6.8"," ","R","23","     2.3"," ","R","23","     0.0"," ","R","23","     0.0","X","R","23","     0.0","X","R","23","     0.2"," ","R","23","     0.4"," ","R","23","     0.8"," ","R","23","     3.8"," ","R","23","    26.4"," ","R","23","    21.4"," ","R","23","    16.5"," ","R","23","    11.6"," ","R","23","     9.8"," ","R","23","     7.2"," ","R","23","     1.6"," ","R","23","     1.0"," ","R","23","     3.8"," ","R","23","    26.4"," ","R","23","    21.4"," ","R","23","    16.5"," ","R","23","    11.6"," ","R","23","     9.8"," ","R","23","     7.2"," ","R","23","     1.6"," ","R","23","     1.0"," ","R","23","    18.6"," ","R","23","    16.9"," ","R","23","    30.2"," ","P","23","    15.9"," ","P","23","    10.4"," ","P","23","     6.8"," ","P","23","     2.7"," ","P","23","     0.5"," ","P","23","     0.0"," ","P","23","     0.0"," ","P","23","    0.02"," ","P","23","    0.11"," ","P","23","    0.40"," ","P","23","    1.92"," ","R","23","   27.77"," ","R","23"
"USW00094870","09-19"," 40.0397"," -88.2778"," 229.8","CHAMPAIGN WILLARD AP, IL US","09","19","99","    66.1"," ","R","23","    78.9"," ","R","23","    53.4"," ","S","24","    25.5"," ","R","23","     7.4"," ","R","23","     8.3"," ","R","23","     8.0"," ","S","24","     6.8"," ","R","23","     2.5"," ","R","23","     0.0"," ","R","23","     0.0","X","R","23","     0.0","X","R","23","     0.2"," ","R","23","     0.4"," ","R","23","     0.9"," ","R","23","     3.6"," ","R","23","    26.1"," ","R","23","    21.1"," ","R","23","    16.1"," ","R","23","    11.3"," ","R","23","     9.5"," ","R","23","     7.0"," ","R","23","     1.5"," ","R","23","     0.9"," ","R","23","     3.6"," ","R","23","    26.1"," ","R","23","    21.1"," ","R","23","    16.1"," ","R","23","    11.3"," ","R","23","     9.5"," ","R","23","     7.0"," ","R","23","     1.5"," ","R","23","     0.9"," ","R","23","    18.4"," ","R","23","    16.7"," ","R","23","    30.3"," ","P","23","    15.9"," ","P","23","    10.4"," ","P","23","     6.8"," ","P","23","     2.7"," ","P","23","     0.5"," ","P","23","     0.0"," ","P","23","     0.0"," ","P","23","    0.02"," ","P","23","    0.11"," ","P","23","    0.40"," ","P","23","    2.02"," ","R","23","   27.87"," ","R","23"
"USW00094870","09-20"," 40.0397"," -88.2778"," 229.8","CHAMPAIGN WILLARD AP, IL US","09","20","99","    65.8"," ","R","23","    78.5"," ","R","23","    53.0"," ","S","24","    25.5"," ","R","23","     7.5"," ","R","23","     8.4"," ","R","23","     8.1"," ","S","24","     6.8"," ","R","23","     2.7"," ","R","23","     0.0"," ","R","23","     0.0","X","R","23","     0.0","X","R","23","     0.2"," ","R","23","     0.5"," ","R","23","     1.0"," ","R","23","     3.5"," ","R","23","    25.8"," ","R","23","    20.8"," ","R","23","    15.8"," ","R","23","    11.0"," ","R","23","     9.2"," ","R","23","     6.7"," ","R","23","     1.5"," ","R","23","     0.9"," ","R","23","     3.5"," ","R","23","    25.8"," ","R","23","    20.8"," ","R","23","    15.8"," ","R","23","    11.0"," ","R","23","     9.2"," ","R","23","     6.7"," ","R","23","     1.5"," ","R","23","     0.9"," ","R","23","    18.1"," ","R","23","    16.4"," ","R","23","    30.3"," ","P","23","    16.0"," ","P","23","    10.4"," ","P","23","     6.8"," ","P","23","     2.6"," ","P","23","     0.5"," ","P","23","     0.0"," ","P","23","     0.0"," ","P","23","    0.02"," ","P","23","    0.11"," ","P","23","    0.40"," ","P","23","    2.12"," ","R","23","   27.97"," ","R","23"
"USW00094870","09-21"," 40.0397"," -88.2778"," 229.8","CHAMPAIGN WILLARD AP, IL US","09","21","99","    65.4"," ","R","23","    78.2"," ","R","23","    52.6"," ","S","24","    25.6"," ","R","23","     7.6"," ","R","23","     8.5"," ","R","23","     8.2"," ","S","24","     6.9"," ","R","23","     2.9"," ","R","23","     0.0","X","R","23","     0.0","X","R","23","     0.0","X","R","23","     0.3"," ","R","23","     0.5"," ","R","23","     1.0"," ","R","23","     3.3"," ","R","23","    25.4"," ","R","23","    20.4"," ","R","23","    15.5"," ","R","23","    10.7"," ","R","23","     8.9"," ","R","23","     6.5"," ","R","23","     1.4"," ","R","23","     0.9"," ","R","23","     3.3"," ","R","23","    25.4"," ","R","23","    20.4"," ","R","23","    15.5"," ","R","23","    10.7"," ","R","23","     8.9"," ","R","23","     6.5"," ","R","23","     1.4"," ","R","23","     0.9"," ","R","23","    17.8"," ","R","23","    16.1"," ","R","23","    30.4"," ","P","23","    16.0"," ","P","23","    10.4"," ","P","23","     6.8"," ","P","23","     2.6"," ","P","23","     0.5"," ","P","23","     0.0"," ","P","23","     0.0"," ","P","23","    0.02"," ","P","23","    0.11"," ","P","23","    0.39"," ","P","23","    2.22"," ","R","23","   28.07"," ","R","23"
"USW00094870","09-22"," 40.0397"," -88.2778"," 229.8","CHAMPAIGN WILLARD AP, IL US","09","22","99","    65.1"," ","R","23","    77.9"," ","R","23","    52.3"," ","S","24","    25.6"," ","R","23","     7.7"," ","R","23","     8.6"," ","R","23","     8.3"," ","S","24","     6.9"," ","R","23","     3.1"," ","R","23","     0.0","X","R","23","     0.0","X","R","23","     0.0","X","R","23","     0.3"," ","R","23","     0.5"," ","R","23","     1.1"," ","R","23","     3.1"," ","R","23","    25.1"," ","R","23","    20.1"," ","R","23","    15.1"," ","R","23","    10.4"," ","R","23","     8.6"," ","R","23","     6.2"," ","R","23","     1.3"," ","R","23","     0.8"," ","R","23","     3.1"," ","R","23","    25.1"," ","R","23","    20.1"," ","R","23","    15.1"," ","R","23","    10.4"," ","R","23","     8.6"," ","R","23","     6.2"," ","R","23","     1.3"," ","R","23","     0.8"," ","R","23","    17.5"," ","R","23","    15.8"," ","R","23","    30.4"," ","P","23","    16.0"," ","P","23","    10.5"," ","P","23","     6.8"," ","P","23","     2.5"," ","P","23","     0.4"," ","P","23","     0.0"," ","P","23","     0.0"," ","P","23","    0.02"," ","P","23","    0.11"," ","P","23","    0.40"," ","P","23","    2.32"," ","R","23","   28.17"," ","R","23"
"USW00094870","09-23"," 40.0397"," -88.2778"," 229.8","CHAMPAIGN WILLARD AP, IL US","09","23","99","    64.7"," ","R","23","    77.5"," ","R","23","    51.9"," ","S","24","    25.7"," ","R","23","     7.8"," ","R","23","     8.8"," ","R","23","     8.4"," ","S","24","     7.0"," ","R","23","     3.3"," ","R","23","     0.0","X","R","23","     0.0","X","R","23","     0.0","X","R","23","     0.3"," ","R","23","     0.6"," ","R","23","     1.3"," ","R","23","     3.0"," ","R","23","    24.7"," ","R","23","    19.7"," ","R","23","    14.8"," ","R","23","    10.0"," ","R","23","     8.3"," ","R","23","     6.0"," ","R","23","     1.2"," ","R","23","     0.8"," ","R","23","     3.0"," ","R","23","    24.7"," ","R","23","    19.7"," ","R","23","    14.8"," ","R","23","    10.0"," ","R","23","     8.3"," ","R","23","     6.0"," ","R","23","     1.2"," ","R","23","     0.8"," ","R","23","    17.2"," ","R","23","    15.6"," ","R","23","    30.3"," ","P","23","    16.0"," ","P","23","    10.5"," ","P","23","     6.8"," ","P","23","     2.5"," ","P","23","     0.4"," ","P","23","     0.0"," ","P","23","     0.0"," ","P","23","    0.02"," ","P","23","    0.11"," ","P","23","    0.39"," ","P","23","    2.41"," ","R","23","   28.26"," ","R","23"
"USW00094870","09-24"," 40.0397"," -88.2778"," 229.8","CHAMPAIGN WILLARD AP, IL US","09","24","99","    64.3"," ","R","23","    77.2"," ","R","23","    51.5"," ","S","24","    25.7"," ","R","23","     8.0"," ","R","23","     8.9"," ","R","23","     8.5"," ","S","24","     7.0"," ","R","23","     3.5"," ","R","23","     0.0","X","R","23","     0.0","X","R","23","     0.1"," ","R","23","     0.4"," ","R","23","     0.7"," ","R","23","     1.4"," ","R","23","     2.9"," ","R","23","    24.3"," ","R","23","    19.3"," ","R","23","    14.4"," ","R","23","     9.7"," ","R","23","     8.1"," ","R","23","     5.7"," ","R","23","     1.2"," ","R","23","     0.7"," ","R","23","     2.9"," ","R","23","    24.3"," ","R","23","    19.3"," ","R","23","    14.4"," ","R","23","     9.7"," ","R","23","     8.1"," ","R","23","     5.7"," ","R","23","     1.2"," ","R","23","     0.7"," ","R","23","    16.9"," ","R","23","    15.3"," ","R","23","    30.3"," ","P","23","    16.1"," ","P","23","    10.5"," ","P","23","     6.8"," ","P","23","     2.5"," ","P","23","     0.4"," ","P","23","     0.0"," ","P","23","     0.0"," ","P","23","    0.03"," ","P","23","    0.11"," ","P","23","    0.39"," ","P","23","    2.51"," ","R","23","   28.36"," ","R","23"
"USW00094870","09-25"," 40.0397"," -88.2778"," 229.8","CHAMPAIGN WILLARD AP, IL US","09","25","99","    64.0"," ","R","23","    76.8"," ","R","23","    51.1"," ","S","24","    25.7"," ","R","23","     8.1"," ","R","23","     9.0"," ","R","23","     8.5"," ","S","24","     7.1"," ","R","23","     3.8"," ","R","23","     0.0","X","R","23","     0.0","X","R","23","     0.1"," ","R","23","     0.5"," ","R","23","     0.9"," ","R","23","     1.6"," ","R","23","     2.8"," ","R","23","    24.0"," ","R","23","    19.0"," ","R","23","    14.1"," ","R","23","     9.5"," ","R","23","     7.8"," ","R","23","     5.6"," ","R","23","     1.2"," ","R","23","     0.7"," ","R","23","     2.8"," ","R","23","    24.0"," ","R","23","    19.0"," ","R","23","    14.1"," ","R","23","     9.5"," ","R","23","     7.8"," ","R","23","     5.6"," ","R","23","     1.2"," ","R","23","     0.7"," ","R","23","    16.7"," ","R","23","    15.1"," ","R","23","    30.4"," ","P","23","    16.2"," ","P","23","    10.6"," ","P","23","     6.8"," ","P","23","     2.4"," ","P","23","     0.4"," ","P","23","     0.0"," ","P","23","     0.0"," ","P","23","    0.03"," ","P","23","    0.12"," ","P","23","    0.40"," ","P","23","    2.60"," ","R","23","   28.45"," ","R","23"
"USW00094870","09-26"," 40.0397"," -88.2778"," 229.8","CHAMPAIGN WILLARD AP, IL US","09","26","99","    63.6"," ","R","23","    76.4"," ","R","23","    50.7"," ","S","24","    25.7"," ","R","23","     8.2"," ","R","23","     9.1"," ","R","23","     8.6"," ","S","24","     7.1"," ","R","23","     4.1"," ","R","23","     0.0","X","R","23","     0.0","X","R","23","     0.1"," ","R","23","     0.6"," ","R","23","     1.0"," ","R","23","     1.8"," ","R","23","     2.7"," ","R","23","    23.6"," ","R","23","    18.6"," ","R","23","    13.7"," ","R","23","     9.2"," ","R","23","     7.6"," ","R","23","     5.4"," ","R","23","     1.1"," ","R","23","     0.7"," ","R","23","     2.7"," ","R","23","    23.6"," ","R","23","    18.6"," ","R","23","    13.7"," ","R","23","     9.2"," ","R","23","     7.6"," ","R","23","     5.4"," ","R","23","     1.1"," ","R","23","     0.7"," ","R","23","    16.4"," ","R","23","    14.8"," ","R","23","    30.4"," ","P","23","    16.2"," ","P","23","    10.6"," ","P","23","     6.8"," ","P","23","     2.4"," ","P","23","     0.3"," ","P","23","     0.0"," ","P","23","     0.0"," ","P","23","    0.03"," ","P","23","    0.12"," ","P","23","    0.40"," ","P","23","    2.69"," ","R","23","   28.54"," ","R","23"
"USW00094870","09-27"," 40.0397"," -88.2778"," 229.8","CHAMPAIGN WILLARD AP, IL US","09","27","99","    63.2"," ","R","23","    76.0"," ","R","23","    50.4"," ","S","24","    25.7"," ","R","23","     8.2"," ","R","23","     9.2"," ","R","23","     8.7"," ","S","24","     7.2"," ","R","23","     4.4"," ","R","23","     0.0","X","R","23","     0.0","X","R","23","     0.2"," ","R","23","     0.8"," ","R","23","     1.2"," ","R","23","     2.1"," ","R","23","     2.6"," ","R","23","    23.2"," ","R","23","    18.2"," ","R","23","    13.4"," ","R","23","     9.0"," ","R","23","     7.4"," ","R","23","     5.2"," ","R","23","     1.1"," ","R","23","     0.7"," ","R","23","     2.6"," ","R","23","    23.2"," ","R","23","    18.2"," ","R","23","    13.4"," ","R","23","     9.0"," ","R","23","     7.4"," ","R","23","     5.2"," ","R","23","     1.1"," ","R","23","     0.7"," ","R","23","    16.1"," ","R","23","    14.6"," ","R","23","    30.4"," ","P","23","    16.2"," ","P","23","    10.7"," ","P","23","     6.8"," ","P","23","     2.4"," ","P","23","     0.3"," ","P","23","     0.0"," ","P","23","     0.0"," ","P","23","    0.03"," ","P","23","    0.12"," ","P","23","    0.40"," ","P","23","    2.78"," ","R","23","   28.63"," ","R","23"
"USW00094870","09-28"," 40.0397"," -88.2778"," 229.8","CHAMPAIGN WILLARD AP, IL US","09","28","99","    62.8"," ","R","23","    75.6"," ","R","23","    50.0"," ","S","24","    25.7"," ","R","23","     8.3"," ","R","23","     9.3"," ","R","23","     8.8"," ","S","24","     7.2"," ","R","23","     4.7"," ","R","23","     0.0","X","R","23","     0.0","X","R","23","     0.2"," ","R","23","     0.9"," ","R","23","     1.3"," ","R","23","     2.3"," ","R","23","     2.5"," ","R","23","    22.8"," ","R","23","    17.8"," ","R","23","    13.0"," ","R","23","     8.7"," ","R","23","     7.1"," ","R","23","     5.1"," ","R","23","     1.0"," ","R","23","     0.6"," ","R","23","     2.5"," ","R","23","    22.8"," ","R","23","    17.8"," ","R","23","    13.0"," ","R","23","     8.7"," ","R","23","     7.1"," ","R","23","     5.1"," ","R","23","     1.0"," ","R","23","     0.6"," ","R","23","    15.9"," ","R","23","    14.3"," ","R","23","    30.4"," ","P","23","    16.3"," ","P","23","    10.7"," ","P","23","     6.8"," ","P","23","     2.3"," ","P","23","     0.3"," ","P","23","     0.0"," ","P","23","     0.0"," ","P","23","    0.03"," ","P","23","    0.12"," ","P","23","    0.40"," ","P","23","    2.88"," ","R","23","   28.73"," ","R","23"
"USW00094870","09-29"," 40.0397"," -88.2778"," 229.8","CHAMPAIGN WILLARD AP, IL US","09","29","99","    62.4"," ","R","23","    75.2"," ","R","23","    49.6"," ","S","24","    25.6"," ","R","23","     8.4"," ","R","23","     9.4"," ","R","23","     8.8"," ","S","24","     7.3"," ","R","23","     5.0"," ","R","23","     0.0","X","R","23","     0.1"," ","R","23","     0.3"," ","R","23","     1.0"," ","R","23","     1.5"," ","R","23","     2.5"," ","R","23","     2.4"," ","R","23","    22.4"," ","R","23","    17.5"," ","R","23","    12.7"," ","R","23","     8.4"," ","R","23","     6.9"," ","R","23","     4.9"," ","R","23","     0.9"," ","R","23","     0.6"," ","R","23","     2.4"," ","R","23","    22.4"," ","R","23","    17.5"," ","R","23","    12.7"," ","R","23","     8.4"," ","R","23","     6.9"," ","R","23","     4.9"," ","R","23","     0.9"," ","R","23","     0.6"," ","R","23","    15.6"," ","R","23","    14.1"," ","R","23","    30.4"," ","P","23","    16.4"," ","P","23","    10.8"," ","P","23","     6.8"," ","P","23","     2.3"," ","P","23","     0.3"," ","P","23","     0.0"," ","P","23","     0.0"," ","P","23","    0.03"," ","P","23","    0.12"," ","P","23","    0.40"," ","P","23","    2.96"," ","R","23","   28.81"," ","R","23"
"USW00094870","09-30"," 40.0397"," -88.2778"," 229.8","CHAMPAIGN WILLARD AP, IL US","09","30","99","    62.0"," ","R","23","    74.8"," ","R","23","    49.2"," ","S","24","    25.6"," ","R","23","     8.4"," ","R","23","     9.5"," ","R","23","     8.8"," ","S","24","     7.4"," ","R","23","     5.3"," ","R","23","     0.0","X","R","23","     0.1"," ","R","23","     0.4"," ","R","23","     1.1"," ","R","23","     1.7"," ","R","23","     2.7"," ","R","23","     2.3"," ","R","23","    22.0"," ","R","23","    17.1"," ","R","23","    12.4"," ","R","23","     8.1"," ","R","23","     6.6"," ","R","23","     4.7"," ","R","23","     0.9"," ","R","23","     0.5"," ","R","23","     2.3"," ","R","23","    22.0"," ","R","23","    17.1"," ","R","23","    12.4"," ","R","23","     8.1"," ","R","23","     6.6"," ","R","23","     4.7"," ","R","23","     0.9"," ","R","23","     0.5"," ","R","23","    15.3"," ","R","23","    13.8"," ","R","23","    30.5"," ","P","23","    16.4"," ","P","23","    10.9"," ","P","23","     6.8"," ","P","23","     2.2"," ","P","23","     0.2"," ","P","23","     0.0"," ","P","23","     0.0"," ","P","23","    0.03"," ","P","23","    0.12"," ","P","23","    0.40"," ","P","23","    3.05"," ","R","23","   28.90"," ","R","23"
"USW00094870","10-01"," 40.0397"," -88.2778"," 229.8","CHAMPAIGN WILLARD AP, IL US","10","01","99","    61.6"," ","R","23","    74.4"," ","R","23","    48.8"," ","S","24","    25.6"," ","R","23","     8.5"," ","R","23","     9.6"," ","R","23","     8.9"," ","S","24","     7.4"," ","R","23","     5.6"," ","R","23","     0.0","X","R","23","     0.1"," ","R","23","     0.4"," ","R","23","     1.3"," ","R","23","     1.8"," ","R","23","     2.9"," ","R","23","     2.2"," ","R","23","    21.6"," ","R","23","    16.7"," ","R","23","    12.0"," ","R","23","     7.8"," ","R","23","     6.4"," ","R","23","     4.5"," ","R","23","     0.8"," ","R","23","     0.5"," ","R","23","     2.2"," ","R","23","    21.6"," ","R","23","    16.7"," ","R","23","    12.0"," ","R","23","     7.8"," ","R","23","     6.4"," ","R","23","     4.5"," ","R","23","     0.8"," ","R","23","     0.5"," ","R","23","    15.0"," ","R","23","    13.6"," ","R","23","    30.5"," ","P","23","    16.5"," ","P","23","    11.0"," ","P","23","     6.8"," ","P","23","     2.2"," ","P","23","     0.2"," ","P","23","     0.0"," ","P","23","     0.0"," ","P","23","    0.03"," ","P","23","    0.12"," ","P","23","    0.40"," ","P","23","    0.09"," ","R","22","   28.99"," ","R","22"
"USW00094870","10-02"," 40.0397"," -88.2778"," 229.8","CHAMPAIGN WILLARD AP, IL US","10","02","99","    61.2"," ","R","23","    73.9"," ","R","23","    48.4"," ","S","24","    25.5"," ","R","23","     8.5"," ","R","23","     9.7"," ","R","23","     8.9"," ","S","24","     7.5"," ","R","23","     5.9"," ","R","23","     0.0","X","R","23","     0.1"," ","R","23","     0.5"," ","R","23","     1.4"," ","R","23","     1.9"," ","R","23","     3.1"," ","R","23","     2.0"," ","R","23","    21.2"," ","R","23","    16.3"," ","R","23","    11.7"," ","R","23","     7.5"," ","R","23","     6.1"," ","R","23","     4.3"," ","R","23","     0.7"," ","R","23","     0.4"," ","R","23","     2.0"," ","R","23","    21.2"," ","R","23","    16.3"," ","R","23","    11.7"," ","R","23","     7.5"," ","R","23","     6.1"," ","R","23","     4.3"," ","R","23","     0.7"," ","R","23","     0.4"," ","R","23","    14.7"," ","R","23","    13.3"," ","R","23","    30.6"," ","P","23","    16.6"," ","P","23","    11.1"," ","P","23","     6.8"," ","P","23","     2.2"," ","P","23","     0.2"," ","P","23","     0.0"," ","P","23","     0.0"," ","P","23","    0.03"," ","P","23","    0.13"," ","P","23","    0.40"," ","P","23","    0.19"," ","R","22","   29.09"," ","R","22"
"USW00094870","10-03"," 40.0397"," -88.2778"," 229.8","CHAMPAIGN WILLARD AP, IL US","10","03","99","    60.8"," ","R","23","    73.5"," ","R","23","    48.0"," ","S","24","    25.4"," ","R","23","     8.6"," ","R","23","     9.7"," ","R","23","     8.9"," ","S","24","     7.6"," ","R","23","     6.1"," ","R","23","     0.0","X","R","23","     0.2"," ","R","23","     0.5"," ","R","23","     1.5"," ","R","23","     2.1"," ","R","23","     3.3"," ","R","23","     1.9"," ","R","23","    20.8"," ","R","23","    15.9"," ","R","23","    11.3"," ","R","23","     7.2"," ","R","23","     5.8"," ","R","23","     4.0"," ","R","23","     0.7"," ","R","23","     0.4"," ","R","23","     1.9"," ","R","23","    20.8"," ","R","23","    15.9"," ","R","23","    11.3"," ","R","23","     7.2"," ","R","23","     5.8"," ","R","23","     4.0"," ","R","23","     0.7"," ","R","23","     0.4"," ","R","23","    14.4"," ","R","23","    13.0"," ","R","23","    30.7"," ","P","23","    16.7"," ","P","23","    11.2"," ","P","23","     6.9"," ","P","23","     2.2"," ","P","23","     0.2"," ","P","23","     0.0"," ","P","23","     0.0"," ","P","23","    0.03"," ","P","23","    0.13"," ","P","23","    0.40"," ","P","23","    0.28"," ","R","22","   29.18"," ","R","22"
"USW00094870","10-04"," 40.0397"," -88.2778"," 229.8","CHAMPAIGN WILLARD AP, IL US","10","04","99","    60.3"," ","R","23","    73.0"," ","R","23","    47.7"," ","S","24","    25.4"," ","R","23","     8.6"," ","R","23","     9.8"," ","R","23","     8.9"," ","S","24","     7.6"," ","R","23","     6.5"," ","R","23","     0.0","X","R","23","     0.2"," ","R","23","     0.6"," ","R","23","     1.6"," ","R","23","     2.3"," ","R","23","     3.5"," ","R","23","     1.8"," ","R","23","    20.3"," ","R","23","    15.5"," ","R","23","    10.9"," ","R","23","     7.0"," ","R","23","     5.6"," ","R","23","     3.8"," ","R","23","     0.6"," ","R","23","     0.4"," ","R","23","     1.8"," ","R","23","    20.3"," ","R","23","    15.5"," ","R","23","    10.9"," ","R","23","     7.0"," ","R","23","     5.6"," ","R","23","     3.8"," ","R","23","     0.6"," ","R","23","     0.4"," ","R","23","    14.1"," ","R","23","    12.7"," ","R","23","    30.7"," ","P","23","    16.8"," ","P","23","    11.3"," ","P","23","     6.9"," ","P","23","     2.2"," ","P","23","     0.2"," ","P","23","     0.0"," ","P","23","     0.0"," ","P","23","    0.03"," ","P","23","    0.13"," ","P","23","    0.41"," ","P","23","    0.38"," ","R","22","   29.28"," ","R","22"
"USW00094870","10-05"," 40.0397"," -88.2778"," 229.8","CHAMPAIGN WILLARD AP, IL US","10","05","99","    59.9"," ","R","23","    72.5"," ","R","23","    47.3"," ","S","24","    25.3"," ","R","23","     8.6"," ","R","23","     9.9"," ","R","23","     9.0"," ","S","24","     7.7"," ","R","23","     6.8"," ","R","23","     0.0","X","R","23","     0.2"," ","R","23","     0.7"," ","R","23","     1.8"," ","R","23","     2.5"," ","R","23","     3.8"," ","R","23","     1.7"," ","R","23","    19.9"," ","R","23","    15.1"," ","R","23","    10.6"," ","R","23","     6.7"," ","R","23","     5.4"," ","R","23","     3.7"," ","R","23","     0.6"," ","R","23","     0.3"," ","R","23","     1.7"," ","R","23","    19.9"," ","R","23","    15.1"," ","R","23","    10.6"," ","R","23","     6.7"," ","R","23","     5.4"," ","R","23","     3.7"," ","R","23","     0.6"," ","R","23","     0.3"," ","R","23","    13.8"," ","R","23","    12.4"," ","R","23","    30.7"," ","P","23","    16.9"," ","P","23","    11.5"," ","P","23","     7.0"," ","P","23","     2.2"," ","P","23","     0.2"," ","P","23","     0.0"," ","P","23","     0.0"," ","P","23","    0.03"," ","P","23","    0.13"," ","P","23","    0.41"," ","P","23","    0.48"," ","R","22","   29.38"," ","R","22"
"USW00094870","10-06"," 40.0397"," -88.2778"," 229.8","CHAMPAIGN WILLARD AP, IL US","10","06","99","    59.5"," ","R","23","    72.1"," ","R","23","    46.9"," ","S","24","    25.2"," ","R","23","     8.6"," ","R","23","     9.9"," ","R","23","     9.0"," ","S","24","     7.7"," ","R","23","     7.1"," ","R","23","     0.0","X","R","23","     0.2"," ","R","23","     0.7"," ","R","23","     1.9"," ","R","23","     2.6"," ","R","23","     4.0"," ","R","23","     1.6"," ","R","23","    19.5"," ","R","23","    14.7"," ","R","23","    10.2"," ","R","23","     6.4"," ","R","23","     5.1"," ","R","23","     3.5"," ","R","23","     0.6"," ","R","23","     0.3"," ","R","23","     1.6"," ","R","23","    19.5"," ","R","23","    14.7"," ","R","23","    10.2"," ","R","23","     6.4"," ","R","23","     5.1"," ","R","23","     3.5"," ","R","23","     0.6"," ","R","23","     0.3"," ","R","23","    13.5"," ","R","23","    12.2"," ","R","23","    30.6"," ","P","23","    16.9"," ","P","23","    11.5"," ","P","23","     6.9"," ","P","23","     2.1"," ","P","23","     0.2"," ","P","23","     0.0"," ","P","23","     0.0"," ","P","23","    0.03"," ","P","23","    0.14"," ","P","23","    0.41"," ","P","23","    0.58"," ","R","22","   29.48"," ","R","22"
"USW00094870","10-07"," 40.0397"," -88.2778"," 229.8","CHAMPAIGN WILLARD AP, IL US","10","07","99","    59.0"," ","R","23","    71.6"," ","R","23","    46.5"," ","S","24","    25.1"," ","R","23","     8.7"," ","R","23","    10.0"," ","R","23","     9.0"," ","S","24","     7.8"," ","R","23","     7.5"," ","R","23","     0.0","X","R","23","     0.2"," ","R","23","     0.8"," ","R","23","     2.1"," ","R","23","     2.8"," ","R","23","     4.3"," ","R","23","     1.5"," ","R","23","    19.1"," ","R","23","    14.3"," ","R","23","     9.9"," ","R","23","     6.1"," ","R","23","     4.9"," ","R","23","     3.3"," ","R","23","     0.5"," ","R","23","     0.3"," ","R","23","     1.5"," ","R","23","    19.1"," ","R","23","    14.3"," ","R","23","     9.9"," ","R","23","     6.1"," ","R","23","     4.9"," ","R","23","     3.3"," ","R","23","     0.5"," ","R","23","     0.3"," ","R","23","    13.3"," ","R","23","    11.9"," ","R","23","    30.6"," ","P","23","    16.9"," ","P","23","    11.6"," ","P","23","     6.9"," ","P","23","     2.1"," ","P","23","     0.2"," ","P","23","     0.0"," ","P","23","     0.0"," ","P","23","    0.03"," ","P","23","    0.14"," ","P","23","    0.42"," ","P","23","    0.67"," ","R","22","   29.57"," ","R","22"
"USW00094870","10-08"," 40.0397"," -88.2778"," 229.8","CHAMPAIGN WILLARD AP, IL US","10","08","99","    58.6"," ","R","23","    71.1"," ","R","23","    46.1"," ","S","24","    25.0"," ","R","23","     8.7"," ","R","23","    10.0"," ","R","23","     9.0"," ","S","24","     7.9"," ","R","23","     7.8"," ","R","23","     0.0","X","R","23","     0.2"," ","R","23","     0.9"," ","R","23","     2.2"," ","R","23","     3.0"," ","R","23","     4.6"," ","R","23","     1.4"," ","R","23","    18.6"," ","R","23","    13.8"," ","R","23","     9.5"," ","R","23","     5.9"," ","R","23","     4.6"," ","R","23","     3.2"," ","R","23","     0.5"," ","R","23","     0.3"," ","R","23","     1.4"," ","R","23","    18.6"," ","R","23","    13.8"," ","R","23","     9.5"," ","R","23","     5.9"," ","R","23","     4.6"," ","R","23","     3.2"," ","R","23","     0.5"," ","R","23","     0.3"," ","R","23","    13.0"," ","R","23","    11.6"," ","R","23","    30.6"," ","P","23","    17.0"," ","P","23","    11.7"," ","P","23","     6.9"," ","P","23","     2.1"," ","P","23","     0.2"," ","P","23","     0.0"," ","P","23","     0.0"," ","P","23","    0.04"," ","P","23","    0.14"," ","P","23","    0.42"," ","P","23","    0.77"," ","R","22","   29.67"," ","R","22"
"USW00094870","10-09"," 40.0397"," -88.2778"," 229.8","CHAMPAIGN WILLARD AP, IL US","10","09","99","    58.2"," ","R","23","    70.6"," ","R","23","    45.7"," ","S","24","    24.9"," ","R","23","     8.7"," ","R","23","    10.1"," ","R","23","     9.0"," ","S","24","     7.9"," ","R","23","     8.2"," ","R","23","     0.0","X","R","23","     0.3"," ","R","23","     0.9"," ","R","23","     2.4"," ","R","23","     3.2"," ","R","23","     4.8"," ","R","23","     1.3"," ","R","23","    18.2"," ","R","23","    13.4"," ","R","23","     9.1"," ","R","23","     5.6"," ","R","23","     4.4"," ","R","23","     3.0"," ","R","23","     0.4"," ","R","23","     0.2"," ","R","23","     1.3"," ","R","23","    18.2"," ","R","23","    13.4"," ","R","23","     9.1"," ","R","23","     5.6"," ","R","23","     4.4"," ","R","23","     3.0"," ","R","23","     0.4"," ","R","23","     0.2"," ","R","23","    12.7"," ","R","23","    11.3"," ","R","23","    30.6"," ","P","23","    17.1"," ","P","23","    11.8"," ","P","23","     7.0"," ","P","23","     2.1"," ","P","23","     0.2"," ","P","23","     0.0"," ","P","23","     0.0"," ","P","23","    0.04"," ","P","23","    0.14"," ","P","23","    0.42"," ","P","23","    0.88"," ","R","22","   29.78"," ","R","22"
"USW00094870","10-10"," 40.0397"," -88.2778"," 229.8","CHAMPAIGN WILLARD AP, IL US","10","10","99","    57.7"," ","R","23","    70.1"," ","R","23","    45.3"," ","S","24","    24.7"," ","R","23","     8.7"," ","R","23","    10.1"," ","R","23","     9.0"," ","S","24","     8.0"," ","R","23","     8.5"," ","R","23","     0.0","X","R","23","     0.3"," ","R","23","     1.0"," ","R","23","     2.5"," ","R","23","     3.4"," ","R","23","     5.0"," ","R","23","     1.2"," ","R","23","    17.8"," ","R","23","    13.0"," ","R","23","     8.7"," ","R","23","     5.2"," ","R","23","     4.1"," ","R","23","     2.7"," ","R","23","     0.4"," ","R","23","     0.2"," ","R","23","     1.2"," ","R","23","    17.8"," ","R","23","    13.0"," ","R","23","     8.7"," ","R","23","     5.2"," ","R","23","     4.1"," ","R","23","     2.7"," ","R","23","     0.4"," ","R","23","     0.2"," ","R","23","    12.3"," ","R","23","    11.0"," ","R","23","    30.7"," ","P","23","    17.1"," ","P","23","    11.8"," ","P","23","     7.0"," ","P","23","     2.0"," ","P","23","     0.2"," ","P","23","     0.0"," ","P","23","     0.0"," ","P","23","    0.04"," ","P","23","    0.14"," ","P","23","    0.42"," ","P","23","    0.98"," ","R","22","   29.88"," ","R","22"
"USW00094870","10-11"," 40.0397"," -88.2778"," 229.8","CHAMPAIGN WILLARD AP, IL US","10","11","99","    57.3"," ","R","23","    69.6"," ","R","23","    45.0"," ","S","24","    24.6"," ","R","23","     8.7"," ","R","23","    10.2"," ","R","23","     9.0"," ","S","24","     8.0"," ","R","23","     8.8"," ","R","23","     0.0","X","R","23","     0.3"," ","R","23","     1.0"," ","R","23","     2.6"," ","R","23","     3.5"," ","R","23","     5.2"," ","R","23","     1.1"," ","R","23","    17.3"," ","R","23","    12.5"," ","R","23","     8.3"," ","R","23","     4.9"," ","R","23","     3.8"," ","R","23","     2.5"," ","R","23","     0.3"," ","R","23","     0.2"," ","R","23","     1.1"," ","R","23","    17.3"," ","R","23","    12.5"," ","R","23","     8.3"," ","R","23","     4.9"," ","R","23","     3.8"," ","R","23","     2.5"," ","R","23","     0.3"," ","R","23","     0.2"," ","R","23","    12.0"," ","R","23","    10.7"," ","R","23","    30.7"," ","P","23","    17.2"," ","P","23","    11.9"," ","P","23","     6.9"," ","P","23","     2.0"," ","P","23","     0.2"," ","P","23","     0.0"," ","P","23","     0.0"," ","P","23","    0.04"," ","P","23","    0.14"," ","P","23","    0.42"," ","P","23","    1.08"," ","R","22","   29.98"," ","R","22"
"USW00094870","10-12"," 40.0397"," -88.2778"," 229.8","CHAMPAIGN WILLARD AP, IL US","10","12","99","    56.8"," ","R","23","    69.1"," ","R","23","    44.6"," ","S","24","    24.5"," ","R","23","     8.8"," ","R","23","    10.2"," ","R","23","     9.0"," ","S","24","     8.0"," ","R","23","     9.1"," ","R","23","     0.0","X","R","23","     0.3"," ","R","23","     1.1"," ","R","23","     2.7"," ","R","23","     3.7"," ","R","23","     5.4"," ","R","23","     0.9"," ","R","23","    16.9"," ","R","23","    12.1"," ","R","23","     7.9"," ","R","23","     4.5"," ","R","23","     3.5"," ","R","23","     2.2"," ","R","23","     0.3"," ","R","23","     0.2"," ","R","23","     0.9"," ","R","23","    16.9"," ","R","23","    12.1"," ","R","23","     7.9"," ","R","23","     4.5"," ","R","23","     3.5"," ","R","23","     2.2"," ","R","23","     0.3"," ","R","23","     0.2"," ","R","23","    11.6"," ","R","23","    10.4"," ","R","23","    30.8"," ","P","23","    17.3"," ","P","23","    12.0"," ","P","23","     6.9"," ","P","23","     2.0"," ","P","23","     0.1"," ","P","23","     0.0"," ","P","23","     0.0"," ","P","23","    0.04"," ","P","23","    0.14"," ","P","23","    0.42"," ","P","23","    1.18"," ","R","22","   30.08"," ","R","22"
"USW00094870","10-13"," 40.0397"," -88.2778"," 229.8","CHAMPAIGN WILLARD AP, IL US","10","13","99","    56.4"," ","R","23","    68.6"," ","R","23","    44.2"," ","S","24","    24.3"," ","R","23","     8.8"," ","R","23","    10.2"," ","R","23","     9.0"," ","S","24","     8.1"," ","R","23","     9.4"," ","R","23","     0.0","X","R","23","     0.3"," ","R","23","     1.1"," ","R","23","     2.9"," ","R","23","     3.8"," ","R","23","     5.6"," ","R","23","     0.8"," ","R","23","    16.4"," ","R","23","    11.7"," ","R","23","     7.5"," ","R","23","     4.2"," ","R","23","     3.2"," ","R","23","     2.0"," ","R","23","     0.2"," ","R","23","     0.1"," ","R","23","     0.8"," ","R","23","    16.4"," ","R","23","    11.7"," ","R","23","     7.5"," ","R","23","     4.2"," ","R","23","     3.2"," ","R","23","     2.0"," ","R","23","     0.2"," ","R","23","     0.1"," ","R","23","    11.3"," ","R","23","    10.0"," ","R","23","    30.8"," ","P","23","    17.3"," ","P","23","    12.1"," ","P","23","     6.9"," ","P","23","     2.0"," ","P","23","     0.1"," ","P","23","     0.0"," ","P","23","     0.0"," ","P","23","    0.04"," ","P","23","    0.14"," ","P","23","    0.43"," ","P","23","    1.28"," ","R","22","   30.18"," ","R","22"
"USW00094870","10-14"," 40.0397"," -88.2778"," 229.8","CHAMPAIGN WILLARD AP, IL US","10","14","99","    55.9"," ","R","23","    68.0"," ","R","23","    43.8"," ","S","24","    24.2"," ","R","23","     8.8"," ","R","23","    10.2"," ","R","23","     9.0"," ","S","24","     8.1"," ","R","23","     9.7"," ","R","23","     0.0","X","R","23","     0.3"," ","R","23","     1.2"," ","R","23","     3.0"," ","R","23","     4.0"," ","R","23","     5.9"," ","R","23","     0.7"," ","R","23","    16.0"," ","R","23","    11.2"," ","R","23","     7.1"," ","R","23","     3.9"," ","R","23","     3.0"," ","R","23","     1.8"," ","R","23","     0.2"," ","R","23","     0.1"," ","R","23","     0.7"," ","R","23","    16.0"," ","R","23","    11.2"," ","R","23","     7.1"," ","R","23","     3.9"," ","R","23","     3.0"," ","R","23","     1.8"," ","R","23","     0.2"," ","R","23","     0.1"," ","R","23","    10.9"," ","R","23","     9.7"," ","R","23","    30.9"," ","P","23","    17.4"," ","P","23","    12.2"," ","P","23","     6.9"," ","P","23","     2.0"," ","P","23","     0.1"," ","P","23","     0.0"," ","P","23","     0.0"," ","P","23","    0.04"," ","P","23","    0.14"," ","P","23","    0.43"," ","P","23","    1.38"," ","R","22","   30.28"," ","R","22"
"USW00094870","10-15"," 40.0397"," -88.2778"," 229.8","CHAMPAIGN WILLARD AP, IL US","10","15","99","    55.5"," ","R","23","    67.5"," ","R","23","    43.5"," ","S","24","    24.1"," ","R","23","     8.8"," ","R","23","    10.2"," ","R","23","     9.0"," ","S","24","     8.1"," ","R","23","    10.1"," ","R","23","     0.1"," ","R","23","     0.3"," ","R","23","     1.3"," ","R","23","     3.2"," ","R","23","     4.3"," ","R","23","     6.2"," ","R","23","     0.6"," ","R","23","    15.5"," ","R","23","    10.8"," ","R","23","     6.8"," ","R","23","     3.7"," ","R","23","     2.8"," ","R","23","     1.7"," ","R","23","     0.1"," ","R","23","     0.1"," ","R","23","     0.6"," ","R","23","    15.5"," ","R","23","    10.8"," ","R","23","     6.8"," ","R","23","     3.7"," ","R","23","     2.8"," ","R","23","     1.7"," ","R","23","     0.1"," ","R","23","     0.1"," ","R","23","    10.6"," ","R","23","     9.4"," ","R","23","    30.9"," ","P","23","    17.5"," ","P","23","    12.2"," ","P","23","     6.9"," ","P","23","     2.0"," ","P","23","     0.1"," ","P","23","     0.0"," ","P","23","     0.0"," ","P","23","    0.04"," ","P","23","    0.15"," ","P","23","    0.43"," ","P","23","    1.49"," ","R","22","   30.39"," ","R","22"
"USW00094870","10-16"," 40.0397"," -88.2778"," 229.8","CHAMPAIGN WILLARD AP, IL US","10","16","99","    55.0"," ","R","23","    67.0"," ","R","23","    43.1"," ","S","24","    23.9"," ","R","23","     8.8"," ","R","23","    10.3"," ","R","23","     9.0"," ","S","24","     8.1"," ","R","23","    10.5"," ","R","23","     0.1"," ","R","23","     0.4"," ","R","23","     1.4"," ","R","23","     3.5"," ","R","23","     4.6"," ","R","23","     6.5"," ","R","23","     0.5"," ","R","23","    15.1"," ","R","23","    10.4"," ","R","23","     6.4"," ","R","23","     3.5"," ","R","23","     2.6"," ","R","23","     1.6"," ","R","23","     0.1"," ","R","23","     0.1"," ","R","23","     0.5"," ","R","23","    15.1"," ","R","23","    10.4"," ","R","23","     6.4"," ","R","23","     3.5"," ","R","23","     2.6"," ","R","23","     1.6"," ","R","23","     0.1"," ","R","23","     0.1"," ","R","23","    10.3"," ","R","23","     9.1"," ","R","23","    30.9"," ","P","23","    17.5"," ","P","23","    12.3"," ","P","23","     6.9"," ","P","23","     2.0"," ","P","23","     0.1"," ","P","23","     0.0"," ","P","23","     0.0"," ","P","23","    0.04"," ","P","23","    0.15"," ","P","23","    0.43"," ","P","23","    1.59"," ","R","22","   30.49"," ","R","22"
"USW00094870","10-17"," 40.0397"," -88.2778"," 229.8","CHAMPAIGN WILLARD AP, IL US","10","17","99","    54.6"," ","R","23","    66.5"," ","R","23","    42.7"," ","S","24","    23.8"," ","R","23","     8.8"," ","R","23","    10.3"," ","R","23","     9.0"," ","S","24","     8.1"," ","R","23","    10.9"," ","R","23","     0.1"," ","R","23","     0.4"," ","R","23","     1.5"," ","R","23","     3.7"," ","R","23","     4.8"," ","R","23","     6.9"," ","R","23","     0.5"," ","R","23","    14.7"," ","R","23","    10.0"," ","R","23","     6.1"," ","R","23","     3.3"," ","R","23","     2.4"," ","R","23","     1.5"," ","R","23","     0.1"," ","R","23","     0.0","X","R","23","     0.5"," ","R","23","    14.7"," ","R","23","    10.0"," ","R","23","     6.1"," ","R","23","     3.3"," ","R","23","     2.4"," ","R","23","     1.5"," ","R","23","     0.1"," ","R","23","     0.0","X","R","23","    10.0"," ","R","23","     8.8"," ","R","23","    30.8"," ","P","23","    17.5"," ","P","23","    12.3"," ","P","23","     6.9"," ","P","23","     1.9"," ","P","23","     0.1"," ","P","23","     0.0"," ","P","23","     0.0"," ","P","23","    0.04"," ","P","23","    0.15"," ","P","23","    0.43"," ","P","23","    1.70"," ","R","22","   30.60"," ","R","22"
"USW00094870","10-18"," 40.0397"," -88.2778"," 229.8","CHAMPAIGN WILLARD AP, IL US","10","18","99","    54.1"," ","R","23","    65.9"," ","R","23","    42.3"," ","S","24","    23.6"," ","R","23","     8.7"," ","R","23","    10.3"," ","R","23","     9.0"," ","S","24","     8.1"," ","R","23","    11.3"," ","R","23","     0.1"," ","R","23","     0.5"," ","R","23","     1.7"," ","R","23","     3.9"," ","R","23","     5.1"," ","R","23","     7.2"," ","R","23","     0.4"," ","R","23","    14.2"," ","R","23","     9.6"," ","R","23","     5.8"," ","R","23","     3.1"," ","R","23","     2.3"," ","R","23","     1.4"," ","R","23","     0.1"," ","R","23","     0.0","X","R","23","     0.4"," ","R","23","    14.2"," ","R","23","     9.6"," ","R","23","     5.8"," ","R","23","     3.1"," ","R","23","     2.3"," ","R","23","     1.4"," ","R","23","     0.1"," ","R","23","     0.0","X","R","23","     9.7"," ","R","23","     8.5"," ","R","23","    30.8"," ","P","23","    17.5"," ","P","23","    12.4"," ","P","23","     6.9"," ","P","23","     1.9"," ","P","23","     0.1"," ","P","23","     0.0"," ","P","23","     0.0"," ","P","23","    0.04"," ","P","23","    0.15"," ","P","23","    0.43"," ","P","23","    1.80"," ","R","22","   30.70"," ","R","22"
"USW00094870","10-19"," 40.0397"," -88.2778"," 229.8","CHAMPAIGN WILLARD AP, IL US","10","19","99","    53.7"," ","R","23","    65.4"," ","R","23","    41.9"," ","S","24","    23.5"," ","R","23","     8.7"," ","R","23","    10.3"," ","R","23","     9.0"," ","S","24","     8.1"," ","R","23","    11.7"," ","R","23","     0.1"," ","R","23","     0.5"," ","R","23","     1.8"," ","R","23","     4.2"," ","R","23","     5.4"," ","R","23","     7.6"," ","R","23","     0.4"," ","R","23","    13.8"," ","R","23","     9.2"," ","R","23","     5.5"," ","R","23","     2.9"," ","R","23","     2.1"," ","R","23","     1.3"," ","R","23","     0.1"," ","R","23","     0.0","X","R","23","     0.4"," ","R","23","    13.8"," ","R","23","     9.2"," ","R","23","     5.5"," ","R","23","     2.9"," ","R","23","     2.1"," ","R","23","     1.3"," ","R","23","     0.1"," ","R","23","     0.0","X","R","23","     9.4"," ","R","23","     8.3"," ","R","23","    30.8"," ","P","23","    17.5"," ","P","23","    12.4"," ","P","23","     6.8"," ","P","23","     1.9"," ","P","23","     0.1"," ","P","23","     0.0"," ","P","23","     0.0"," ","P","23","    0.04"," ","P","23","    0.15"," ","P","23","    0.43"," ","P","23","    1.91"," ","R","22","   30.81"," ","R","22"
"USW00094870","10-20"," 40.0397"," -88.2778"," 229.8","CHAMPAIGN WILLARD AP, IL US","10","20","99","    53.2"," ","R","23","    64.9"," ","R","23","    41.6"," ","S","24","    23.3"," ","R","23","     8.7"," ","R","23","    10.3"," ","R","23","     9.0"," ","S","24","     8.2"," ","R","23","    12.2"," ","R","23","     0.1"," ","R","23","     0.6"," ","R","23","     1.9"," ","R","23","     4.4"," ","R","23","     5.7"," ","R","23","     7.9"," ","R","23","     0.4"," ","R","23","    13.3"," ","R","23","     8.8"," ","R","23","     5.2"," ","R","23","     2.7"," ","R","23","     2.0"," ","R","23","     1.2"," ","R","23","     0.1"," ","R","23","     0.0","X","R","23","     0.4"," ","R","23","    13.3"," ","R","23","     8.8"," ","R","23","     5.2"," ","R","23","     2.7"," ","R","23","     2.0"," ","R","23","     1.2"," ","R","23","     0.1"," ","R","23","     0.0","X","R","23","     9.1"," ","R","23","     8.0"," ","R","23","    30.7"," ","P","23","    17.6"," ","P","23","    12.4"," ","P","23","     6.8"," ","P","23","     1.9"," ","P","23","     0.1"," ","P","23","     0.0"," ","P","23","     0.0"," ","P","23","    0.04"," ","P","23","    0.15"," ","P","23","    0.43"," ","P","23","    2.01"," ","R","22","   30.91"," ","R","22"
"USW00094870","10-21"," 40.0397"," -88.2778"," 229.8","CHAMPAIGN WILLARD AP, IL US","10","21","99","    52.8"," ","R","23","    64.3"," ","R","23","    41.2"," ","S","24","    23.2"," ","R","23","     8.7"," ","R","23","    10.3"," ","R","23","     8.9"," ","S","24","     8.2"," ","R","23","    12.6"," ","R","23","     0.1"," ","R","23","     0.6"," ","R","23","     2.1"," ","R","23","     4.7"," ","R","23","     6.1"," ","R","23","     8.3"," ","R","23","     0.4"," ","R","23","    12.9"," ","R","23","     8.4"," ","R","23","     4.9"," ","R","23","     2.5"," ","R","23","     1.8"," ","R","23","     1.1"," ","R","23","     0.1"," ","R","23","     0.0","X","R","23","     0.4"," ","R","23","    12.9"," ","R","23","     8.4"," ","R","23","     4.9"," ","R","23","     2.5"," ","R","23","     1.8"," ","R","23","     1.1"," ","R","23","     0.1"," ","R","23","     0.0","X","R","23","     8.8"," ","R","23","     7.7"," ","R","23","    30.8"," ","P","23","    17.6"," ","P","23","    12.5"," ","P","23","     6.8"," ","P","23","     1.8"," ","P","23","     0.1"," ","P","23","     0.0"," ","P","23","     0.0"," ","P","23","    0.04"," ","P","23","    0.15"," ","P","23","    0.43"," ","P","23","    2.11"," ","R","22","   31.01"," ","R","22"
"USW00094870","10-22"," 40.0397"," -88.2778"," 229.8","CHAMPAIGN WILLARD AP, IL US","10","22","99","    52.3"," ","R","23","    63.8"," ","R","23","    40.8"," ","S","24","    23.0"," ","R","23","     8.7"," ","R","23","    10.3"," ","R","23","     8.9"," ","S","24","     8.1"," ","R","23","    13.0"," ","R","23","     0.1"," ","R","23","     0.7"," ","R","23","     2.3"," ","R","23","     5.0"," ","R","23","     6.4"," ","R","23","     8.7"," ","R","23","     0.3"," ","R","23","    12.4"," ","R","23","     8.0"," ","R","23","     4.6"," ","R","23","     2.3"," ","R","23","     1.7"," ","R","23","     1.0"," ","R","23","     0.1"," ","R","23","     0.0","X","R","23","     0.3"," ","R","23","    12.4"," ","R","23","     8.0"," ","R","23","     4.6"," ","R","23","     2.3"," ","R","23","     1.7"," ","R","23","     1.0"," ","R","23","     0.1"," ","R","23","     0.0","X","R","23","     8.5"," ","R","23","     7.4"," ","R","23","    30.8"," ","P","23","    17.6"," ","P","23","    12.5"," ","P","23","     6.8"," ","P","23","     1.8"," ","P","23","     0.1"," ","P","23","     0.0"," ","P","23","     0.0"," ","P","23","    0.04"," ","P","23","    0.15"," ","P","23","    0.44"," ","P","23","    2.20"," ","R","22","   31.10"," ","R","22"
"USW00094870","10-23"," 40.0397"," -88.2778"," 229.8","CHAMPAIGN WILLARD AP, IL US","10","23","99","    51.9"," ","R","23","    63.3"," ","R","23","    40.4"," ","S","24","    22.8"," ","R","23","     8.7"," ","R","23","    10.3"," ","R","23","     8.9"," ","S","24","     8.1"," ","R","23","    13.4"," ","R","23","     0.2"," ","R","23","     0.8"," ","R","23","     2.5"," ","R","23","     5.3"," ","R","23","     6.7"," ","R","23","     9.1"," ","R","23","     0.3"," ","R","23","    12.0"," ","R","23","     7.7"," ","R","23","     4.3"," ","R","23","     2.2"," ","R","23","     1.6"," ","R","23","     0.9"," ","R","23","     0.1"," ","R","23","     0.0","X","R","23","     0.3"," ","R","23","    12.0"," ","R","23","     7.7"," ","R","23","     4.3"," ","R","23","     2.2"," ","R","23","     1.6"," ","R","23","     0.9"," ","R","23","     0.1"," ","R","23","     0.0","X","R","23","     8.3"," ","R","23","     7.2"," ","R","23","    30.8"," ","P","23","    17.6"," ","P","23","    12.5"," ","P","23","     6.7"," ","P","23","     1.8"," ","P","23","     0.1"," ","P","23","     0.0"," ","P","23","     0.0"," ","P","23","    0.04"," ","P","23","    0.15"," ","P","23","    0.44"," ","P","23","    2.30"," ","R","22","   31.20"," ","R","22"
"USW00094870","10-24"," 40.0397"," -88.2778"," 229.8","CHAMPAIGN WILLARD AP, IL US","10","24","99","    51.4"," ","R","23","    62.8"," ","R","23","    40.1"," ","S","24","    22.7"," ","R","23","     8.7"," ","R","23","    10.3"," ","R","23","     8.9"," ","S","24","     8.1"," ","R","23","    13.9"," ","R","23","     0.2"," ","R","23","     1.0"," ","R","23","     2.7"," ","R","23","     5.6"," ","R","23","     7.1"," ","R","23","     9.5"," ","R","23","     0.3"," ","R","23","    11.6"," ","R","23","     7.4"," ","R","23","     4.1"," ","R","23","     2.0"," ","R","23","     1.5"," ","R","23","     0.9"," ","R","23","     0.1"," ","R","23","     0.0","X","R","23","     0.3"," ","R","23","    11.6"," ","R","23","     7.4"," ","R","23","     4.1"," ","R","23","     2.0"," ","R","23","     1.5"," ","R","23","     0.9"," ","R","23","     0.1"," ","R","23","     0.0","X","R","23","     8.0"," ","R","23","     6.9"," ","R","23","    30.8"," ","P","23","    17.6"," ","P","23","    12.5"," ","P","23","     6.7"," ","P","23","     1.8"," ","P","23","     0.1"," ","P","23","     0.0"," ","P","23","     0.0"," ","P","23","    0.04"," ","P","23","    0.15"," ","P","23","    0.43"," ","P","23","    2.40"," ","R","22","   31.30"," ","R","22"
"USW00094870","10-25"," 40.0397"," -88.2778"," 229.8","CHAMPAIGN WILLARD AP, IL US","10","25","99","    51.0"," ","R","23","    62.2"," ","R","23","    39.7"," ","S","24","    22.5"," ","R","23","     8.8"," ","R","23","    10.4"," ","R","23","     8.9"," ","S","24","     8.1"," ","R","23","    14.3"," ","R","23","     0.3"," ","R","23","     1.1"," ","R","23","     3.0"," ","R","23","     6.0"," ","R","23","     7.4"," ","R","23","     9.8"," ","R","23","     0.2"," ","R","23","    11.2"," ","R","23","     7.1"," ","R","23","     3.9"," ","R","23","     1.9"," ","R","23","     1.4"," ","R","23","     0.8"," ","R","23","     0.0","X","R","23","     0.0","X","R","23","     0.2"," ","R","23","    11.2"," ","R","23","     7.1"," ","R","23","     3.9"," ","R","23","     1.9"," ","R","23","     1.4"," ","R","23","     0.8"," ","R","23","     0.0","X","R","23","     0.0","X","R","23","     7.7"," ","R","23","     6.6"," ","R","23","    30.8"," ","P","23","    17.6"," ","P","23","    12.5"," ","P","23","     6.6"," ","P","23","     1.8"," ","P","23","     0.1"," ","P","23","     0.0"," ","P","23","     0.0"," ","P","23","    0.04"," ","P","23","    0.15"," ","P","23","    0.43"," ","P","23","    2.49"," ","R","22","   31.39"," ","R","22"
"USW00094870","10-26"," 40.0397"," -88.2778"," 229.8","CHAMPAIGN WILLARD AP, IL US","10","26","99","    50.5"," ","R","23","    61.7"," ","R","23","    39.3"," ","S","24","    22.4"," ","R","23","     8.8"," ","R","23","    10.4"," ","R","23","     8.9"," ","S","24","     8.1"," ","R","23","    14.7"," ","R","23","     0.3"," ","R","23","     1.3"," ","R","23","     3.3"," ","R","23","     6.3"," ","R","23","     7.8"," ","R","23","    10.2"," ","R","23","     0.2"," ","R","23","    10.9"," ","R","23","     6.8"," ","R","23","     3.8"," ","R","23","     1.8"," ","R","23","     1.3"," ","R","23","     0.8"," ","R","23","     0.0","X","R","23","     0.0","X","R","23","     0.2"," ","R","23","    10.9"," ","R","23","     6.8"," ","R","23","     3.8"," ","R","23","     1.8"," ","R","23","     1.3"," ","R","23","     0.8"," ","R","23","     0.0","X","R","23","     0.0","X","R","23","     7.4"," ","R","23","     6.4"," ","R","23","    30.9"," ","P","23","    17.6"," ","P","23","    12.5"," ","P","23","     6.5"," ","P","23","     1.8"," ","P","23","     0.1"," ","P","23","     0.0"," ","P","23","     0.0"," ","P","23","    0.04"," ","P","23","    0.15"," ","P","23","    0.43"," ","P","23","    2.58"," ","R","22","   31.48"," ","R","22"
"USW00094870","10-27"," 40.0397"," -88.2778"," 229.8","CHAMPAIGN WILLARD AP, IL US","10","27","99","    50.1"," ","R","23","    61.2"," ","R","23","    39.0"," ","S","24","    22.2"," ","R","23","     8.8"," ","R","23","    10.4"," ","R","23","     8.9"," ","S","24","     8.1"," ","R","23","    15.1"," ","R","23","     0.4"," ","R","23","     1.5"," ","R","23","     3.5"," ","R","23","     6.7"," ","R","23","     8.2"," ","R","23","    10.6"," ","R","23","     0.2"," ","R","23","    10.5"," ","R","23","     6.5"," ","R","23","     3.6"," ","R","23","     1.8"," ","R","23","     1.2"," ","R","23","     0.7"," ","R","23","     0.0","X","R","23","     0.0","X","R","23","     0.2"," ","R","23","    10.5"," ","R","23","     6.5"," ","R","23","     3.6"," ","R","23","     1.8"," ","R","23","     1.2"," ","R","23","     0.7"," ","R","23","     0.0","X","R","23","     0.0","X","R","23","     7.2"," ","R","23","     6.2"," ","R","23","    30.8"," ","P","23","    17.6"," ","P","23","    12.4"," ","P","23","     6.5"," ","P","23","     1.8"," ","P","23","     0.1"," ","P","23","     0.0"," ","P","23","     0.0"," ","P","23","    0.04"," ","P","23","    0.15"," ","P","23","    0.43"," ","P","23","    2.67"," ","R","22","   31.57"," ","R","22"
"USW00094870","10-28"," 40.0397"," -88.2778"," 229.8","CHAMPAIGN WILLARD AP, IL US","10","28","99","    49.6"," ","R","23","    60.6"," ","R","23","    38.6"," ","S","24","    22.1"," ","R","23","     8.9"," ","R","23","    10.5"," ","R","23","     8.9"," ","S","24","     8.0"," ","R","23","    15.6"," ","R","23","     0.5"," ","R","23","     1.6"," ","R","23","     3.8"," ","R","23","     7.0"," ","R","23","     8.5"," ","R","23","    11.0"," ","R","23","     0.2"," ","R","23","    10.1"," ","R","23","     6.2"," ","R","23","     3.4"," ","R","23","     1.7"," ","R","23","     1.2"," ","R","23","     0.7"," ","R","23","     0.0","X","R","23","     0.0","X","R","23","     0.2"," ","R","23","    10.1"," ","R","23","     6.2"," ","R","23","     3.4"," ","R","23","     1.7"," ","R","23","     1.2"," ","R","23","     0.7"," ","R","23","     0.0","X","R","23","     0.0","X","R","23","     7.0"," ","R","23","     5.9"," ","R","23","    30.8"," ","P","23","    17.5"," ","P","23","    12.4"," ","P","23","     6.4"," ","P","23","     1.8"," ","P","23","     0.1"," ","P","23","     0.0"," ","P","23","     0.0"," ","P","23","    0.04"," ","P","23","    0.15"," ","P","23","    0.43"," ","P","23","    2.76"," ","R","22","   31.66"," ","R","22"
"USW00094870","10-29"," 40.0397"," -88.2778"," 229.8","CHAMPAIGN WILLARD AP, IL US","10","29","99","    49.2"," ","R","23","    60.1"," ","R","23","    38.2"," ","S","24","    21.9"," ","R","23","     8.9"," ","R","23","    10.5"," ","R","23","     8.9"," ","S","24","     8.0"," ","R","23","    16.0"," ","R","23","     0.5"," ","R","23","     1.8"," ","R","23","     4.1"," ","R","23","     7.3"," ","R","23","     8.9"," ","R","23","    11.4"," ","R","23","     0.2"," ","R","23","     9.7"," ","R","23","     5.9"," ","R","23","     3.2"," ","R","23","     1.5"," ","R","23","     1.1"," ","R","23","     0.6"," ","R","23","     0.0","X","R","23","     0.0","X","R","23","     0.2"," ","R","23","     9.7"," ","R","23","     5.9"," ","R","23","     3.2"," ","R","23","     1.5"," ","R","23","     1.1"," ","R","23","     0.6"," ","R","23","     0.0","X","R","23","     0.0","X","R","23","     6.7"," ","R","23","     5.7"," ","R","23","    30.8"," ","P","23","    17.5"," ","P","23","    12.4"," ","P","23","     6.4"," ","P","23","     1.8"," ","P","23","     0.1"," ","P","23","     0.0"," ","P","23","     0.0"," ","P","23","    0.04"," ","P","23","    0.15"," ","P","23","    0.43"," ","P","23","    2.85"," ","R","22","   31.75"," ","R","22"
"USW00094870","10-30"," 40.0397"," -88.2778"," 229.8","CHAMPAIGN WILLARD AP, IL US","10","30","99","    48.7"," ","R","23","    59.6"," ","R","23","    37.9"," ","S","24","    21.7"," ","R","23","     8.9"," ","R","23","    10.6"," ","R","23","     8.9"," ","S","24","     8.0"," ","R","23","    16.4"," ","R","23","     0.6"," ","R","23","     1.9"," ","R","23","     4.3"," ","R","23","     7.7"," ","R","23","     9.2"," ","R","23","    11.8"," ","R","23","     0.2"," ","R","23","     9.3"," ","R","23","     5.6"," ","R","23","     3.0"," ","R","23","     1.4"," ","R","23","     1.0"," ","R","23","     0.5"," ","R","23","     0.0","X","R","23","     0.0","X","R","23","     0.2"," ","R","23","     9.3"," ","R","23","     5.6"," ","R","23","     3.0"," ","R","23","     1.4"," ","R","23","     1.0"," ","R","23","     0.5"," ","R","23","     0.0","X","R","23","     0.0","X","R","23","     6.4"," ","R","23","     5.5"," ","R","23","    30.8"," ","P","23","    17.5"," ","P","23","    12.4"," ","P","23","     6.3"," ","P","23","     1.8"," ","P","23","     0.1"," ","P","23","     0.0"," ","P","23","     0.0"," ","P","23","    0.04"," ","P","23","    0.15"," ","P","23","    0.42"," ","P","23","    2.94"," ","R","22","   31.84"," ","R","22"
"USW00094870","10-31"," 40.0397"," -88.2778"," 229.8","CHAMPAIGN WILLARD AP, IL US","10","31","99","    48.3"," ","R","23","    59.1"," ","R","23","    37.5"," ","S","24","    21.6"," ","R","23","     9.0"," ","R","23","    10.6"," ","R","23","     9.0"," ","S","24","     8.0"," ","R","23","    16.9"," ","R","23","     0.7"," ","R","23","     2.1"," ","R","23","     4.6"," ","R","23","     8.0"," ","R","23","     9.6"," ","R","23","    12.2"," ","R","23","     0.1"," ","R","23","     9.0"," ","R","23","     5.4"," ","R","23","     2.8"," ","R","23","     1.3"," ","R","23","     0.9"," ","R","23","     0.5"," ","R","23","     0.0","X","R","23","     0.0","X","R","23","     0.1"," ","R","23","     9.0"," ","R","23","     5.4"," ","R","23","     2.8"," ","R","23","     1.3"," ","R","23","     0.9"," ","R","23","     0.5"," ","R","23","     0.0","X","R","23","     0.0","X","R","23","     6.1"," ","R","23","     5.2"," ","R","23","    30.7"," ","P","23","    17.5"," ","P","23","    12.3"," ","P","23","     6.3"," ","P","23","     1.8"," ","P","23","     0.1"," ","P","23","     0.0"," ","P","23","     0.0"," ","P","23","    0.04"," ","P","23","    0.15"," ","P","23","    0.42"," ","P","23","    3.03"," ","R","22","   31.93"," ","R","22"
"USW00094870","11-01"," 40.0397"," -88.2778"," 229.8","CHAMPAIGN WILLARD AP, IL US","11","01","99","    47.8"," ","R","23","    58.6"," ","R","23","    37.1"," ","S","24","    21.4"," ","R","23","     9.1"," ","R","23","    10.7"," ","R","23","     9.0"," ","S","24","     7.9"," ","R","23","    17.3"," ","R","23","     0.8"," ","R","23","     2.3"," ","R","23","     4.8"," ","R","23","     8.3"," ","R","23","     9.9"," ","R","23","    12.6"," ","R","23","     0.1"," ","R","23","     8.6"," ","R","23","     5.1"," ","R","23","     2.7"," ","R","23","     1.1"," ","R","23","     0.8"," ","R","23","     0.4"," ","R","23","     0.0","X","R","23","     0.0","X","R","23","     0.1"," ","R","23","     8.6"," ","R","23","     5.1"," ","R","23","     2.7"," ","R","23","     1.1"," ","R","23","     0.8"," ","R","23","     0.4"," ","R","23","     0.0","X","R","23","     0.0","X","R","23","     5.9"," ","R","23","     5.0"," ","R","23","    30.7"," ","P","23","    17.5"," ","P","23","    12.3"," ","P","23","     6.2"," ","P","23","     1.8"," ","P","23","     0.1"," ","P","23","     0.0"," ","P","23","     0.0"," ","P","23","    0.04"," ","P","23","    0.15"," ","P","23","    0.42"," ","P","23","    0.09"," ","R","21","   32.02"," ","R","21"
"USW00094870","11-02"," 40.0397"," -88.2778"," 229.8","CHAMPAIGN WILLARD AP, IL US","11","02","99","    47.4"," ","R","23","    58.1"," ","R","23","    36.8"," ","S","24","    21.3"," ","R","23","     9.1"," ","R","23","    10.8"," ","R","23","     9.0"," ","S","24","     7.9"," ","R","23","    17.7"," ","R","23","     0.9"," ","R","23","     2.5"," ","R","23","     5.1"," ","R","23","     8.7"," ","R","23","    10.3"," ","R","23","    13.0"," ","R","23","     0.1"," ","R","23","     8.3"," ","R","23","     4.9"," ","R","23","     2.5"," ","R","23","     1.1"," ","R","23","     0.7"," ","R","23","     0.4"," ","R","23","     0.0","X","R","23","     0.0","X","R","23","     0.1"," ","R","23","     8.3"," ","R","23","     4.9"," ","R","23","     2.5"," ","R","23","     1.1"," ","R","23","     0.7"," ","R","23","     0.4"," ","R","23","     0.0","X","R","23","     0.0","X","R","23","     5.7"," ","R","23","     4.8"," ","R","23","    30.6"," ","P","23","    17.4"," ","P","23","    12.3"," ","P","23","     6.1"," ","P","23","     1.8"," ","P","23","     0.2"," ","P","23","     0.0"," ","P","23","     0.0"," ","P","23","    0.04"," ","P","23","    0.15"," ","P","23","    0.42"," ","P","23","    0.18"," ","R","21","   32.11"," ","R","21"
"USW00094870","11-03"," 40.0397"," -88.2778"," 229.8","CHAMPAIGN WILLARD AP, IL US","11","03","99","    47.0"," ","R","23","    57.5"," ","R","23","    36.4"," ","S","24","    21.1"," ","R","23","     9.2"," ","R","23","    10.8"," ","R","23","     9.0"," ","S","24","     7.9"," ","R","23","    18.1"," ","R","23","     1.0"," ","R","23","     2.7"," ","R","23","     5.4"," ","R","23","     9.0"," ","R","23","    10.7"," ","R","23","    13.4"," ","R","23","     0.1"," ","R","23","     8.0"," ","R","23","     4.7"," ","R","23","     2.4"," ","R","23","     1.0"," ","R","23","     0.6"," ","R","23","     0.3"," ","R","23","     0.0","X","R","23","     0.0","X","R","23","     0.1"," ","R","23","     8.0"," ","R","23","     4.7"," ","R","23","     2.4"," ","R","23","     1.0"," ","R","23","     0.6"," ","R","23","     0.3"," ","R","23","     0.0","X","R","23","     0.0","X","R","23","     5.5"," ","R","23","     4.6"," ","R","23","    30.6"," ","P","23","    17.4"," ","P","23","    12.2"," ","P","23","     6.1"," ","P","23","     1.8"," ","P","23","     0.2"," ","P","23","     0.0"," ","P","23","     0.0"," ","P","23","    0.04"," ","P","23","    0.14"," ","P","23","    0.42"," ","P","23","    0.28"," ","R","21","   32.21"," ","R","21"
"USW00094870","11-04"," 40.0397"," -88.2778"," 229.8","CHAMPAIGN WILLARD AP, IL US","11","04","99","    46.5"," ","R","23","    57.0"," ","R","23","    36.0"," ","S","24","    21.0"," ","R","23","     9.2"," ","R","23","    10.9"," ","R","23","     9.1"," ","S","24","     7.8"," ","R","23","    18.5"," ","R","23","     1.2"," ","R","23","     3.0"," ","R","23","     5.8"," ","R","23","     9.4"," ","R","23","    11.0"," ","R","23","    13.7"," ","R","23","     0.1"," ","R","23","     7.7"," ","R","23","     4.5"," ","R","23","     2.3"," ","R","23","     0.9"," ","R","23","     0.6"," ","R","23","     0.3"," ","R","23","     0.0","X","R","23","     0.0","X","R","23","     0.1"," ","R","23","     7.7"," ","R","23","     4.5"," ","R","23","     2.3"," ","R","23","     0.9"," ","R","23","     0.6"," ","R","23","     0.3"," ","R","23","     0.0","X","R","23","     0.0","X","R","23","     5.3"," ","R","23","     4.5"," ","R","23","    30.6"," ","P","23","    17.4"," ","P","23","    12.2"," ","P","23","     6.0"," ","P","23","     1.8"," ","P","23","     0.2"," ","P","23","     0.0"," ","P","23","     0.0"," ","P","23","    0.04"," ","P","23","    0.14"," ","P","23","    0.41"," ","P","23","    0.37"," ","R","21","   32.30"," ","R","21"
"USW00094870","11-05"," 40.0397"," -88.2778"," 229.8","CHAMPAIGN WILLARD AP, IL US","11","05","99","    46.1"," ","R","23","    56.5"," ","R","23","    35.7"," ","S","24","    20.8"," ","R","23","     9.3"," ","R","23","    10.9"," ","R","23","     9.1"," ","S","24","     7.8"," ","R","23","    19.0"," ","R","23","     1.3"," ","R","23","     3.2"," ","R","23","     6.1"," ","R","23","     9.8"," ","R","23","    11.4"," ","R","23","    14.1"," ","R","23","     0.1"," ","R","23","     7.5"," ","R","23","     4.3"," ","R","23","     2.2"," ","R","23","     0.9"," ","R","23","     0.5"," ","R","23","     0.2"," ","R","23","     0.0","X","R","23","     0.0","X","R","23","     0.1"," ","R","23","     7.5"," ","R","23","     4.3"," ","R","23","     2.2"," ","R","23","     0.9"," ","R","23","     0.5"," ","R","23","     0.2"," ","R","23","     0.0","X","R","23","     0.0","X","R","23","     5.1"," ","R","23","     4.3"," ","R","23","    30.6"," ","P","23","    17.4"," ","P","23","    12.1"," ","P","23","     6.0"," ","P","23","     1.8"," ","P","23","     0.2"," ","P","23","     0.0"," ","P","23","     0.0"," ","P","23","    0.04"," ","P","23","    0.14"," ","P","23","    0.41"," ","P","23","    0.47"," ","R","21","   32.40"," ","R","21"
"USW00094870","11-06"," 40.0397"," -88.2778"," 229.8","CHAMPAIGN WILLARD AP, IL US","11","06","99","    45.7"," ","R","23","    56.0"," ","R","23","    35.3"," ","S","24","    20.7"," ","R","23","     9.3"," ","R","23","    10.9"," ","R","23","     9.1"," ","S","24","     7.7"," ","R","23","    19.4"," ","R","23","     1.5"," ","R","23","     3.5"," ","R","23","     6.4"," ","R","23","    10.1"," ","R","23","    11.8"," ","R","23","    14.5"," ","R","23","     0.1"," ","R","23","     7.2"," ","R","23","     4.1"," ","R","23","     2.1"," ","R","23","     0.8"," ","R","23","     0.5"," ","R","23","     0.2"," ","R","23","     0.0","X","R","23","     0.0","X","R","23","     0.1"," ","R","23","     7.2"," ","R","23","     4.1"," ","R","23","     2.1"," ","R","23","     0.8"," ","R","23","     0.5"," ","R","23","     0.2"," ","R","23","     0.0","X","R","23","     0.0","X","R","23","     5.0"," ","R","23","     4.2"," ","R","23","    30.6"," ","P","23","    17.4"," ","P","23","    12.1"," ","P","23","     6.0"," ","P","23","     1.7"," ","P","23","     0.2"," ","P","23","     0.0"," ","P","23","     0.0"," ","P","23","    0.04"," ","P","23","    0.14"," ","P","23","    0.41"," ","P","23","    0.56"," ","R","21","   32.49"," ","R","21"
"USW00094870","11-07"," 40.0397"," -88.2778"," 229.8","CHAMPAIGN WILLARD AP, IL US","11","07","99","    45.2"," ","R","23","    55.5"," ","R","23","    35.0"," ","S","24","    20.6"," ","R","23","     9.3"," ","R","23","    11.0"," ","R","23","     9.2"," ","S","24","     7.7"," ","R","23","    19.8"," ","R","23","     1.7"," ","R","23","     3.7"," ","R","23","     6.7"," ","R","23","    10.5"," ","R","23","    12.2"," ","R","23","    14.9"," ","R","23","     0.0","X","R","23","     6.9"," ","R","23","     4.0"," ","R","23","     2.0"," ","R","23","     0.7"," ","R","23","     0.4"," ","R","23","     0.2"," ","R","23","     0.0","X","R","23","     0.0","X","R","23","     0.0","X","R","23","     6.9"," ","R","23","     4.0"," ","R","23","     2.0"," ","R","23","     0.7"," ","R","23","     0.4"," ","R","23","     0.2"," ","R","23","     0.0","X","R","23","     0.0","X","R","23","     4.8"," ","R","23","     4.0"," ","R","23","    30.5"," ","P","23","    17.3"," ","P","23","    12.0"," ","P","23","     5.9"," ","P","23","     1.7"," ","P","23","     0.2"," ","P","23","     0.0"," ","P","23","     0.0"," ","P","23","    0.04"," ","P","23","    0.14"," ","P","23","    0.41"," ","P","23","    0.65"," ","R","21","   32.58"," ","R","21"
"USW00094870","11-08"," 40.0397"," -88.2778"," 229.8","CHAMPAIGN WILLARD AP, IL US","11","08","99","    44.8"," ","R","23","    55.0"," ","R","23","    34.6"," ","S","24","    20.4"," ","R","23","     9.4"," ","R","23","    11.0"," ","R","23","     9.2"," ","S","24","     7.7"," ","R","23","    20.2"," ","R","23","     1.8"," ","R","23","     3.9"," ","R","23","     7.0"," ","R","23","    10.9"," ","R","23","    12.6"," ","R","23","    15.3"," ","R","23","     0.0","X","R","23","     6.7"," ","R","23","     3.8"," ","R","23","     1.8"," ","R","23","     0.7"," ","R","23","     0.4"," ","R","23","     0.2"," ","R","23","     0.0"," ","R","23","     0.0"," ","R","23","     0.0","X","R","23","     6.7"," ","R","23","     3.8"," ","R","23","     1.8"," ","R","23","     0.7"," ","R","23","     0.4"," ","R","23","     0.2"," ","R","23","     0.0"," ","R","23","     0.0"," ","R","23","     4.6"," ","R","23","     3.8"," ","R","23","    30.5"," ","P","23","    17.3"," ","P","23","    12.0"," ","P","23","     5.9"," ","P","23","     1.7"," ","P","23","     0.2"," ","P","23","     0.0"," ","P","23","     0.0"," ","P","23","    0.04"," ","P","23","    0.14"," ","P","23","    0.41"," ","P","23","    0.74"," ","R","21","   32.67"," ","R","21"
"USW00094870","11-09"," 40.0397"," -88.2778"," 229.8","CHAMPAIGN WILLARD AP, IL US","11","09","99","    44.4"," ","R","23","    54.5"," ","R","23","    34.3"," ","S","24","    20.3"," ","R","23","     9.4"," ","R","23","    11.0"," ","R","23","     9.2"," ","S","24","     7.7"," ","R","23","    20.6"," ","R","23","     2.0"," ","R","23","     4.2"," ","R","23","     7.3"," ","R","23","    11.2"," ","R","23","    13.0"," ","R","23","    15.7"," ","R","23","     0.0","X","R","23","     6.4"," ","R","23","     3.6"," ","R","23","     1.7"," ","R","23","     0.6"," ","R","23","     0.4"," ","R","23","     0.1"," ","R","23","     0.0"," ","R","23","     0.0"," ","R","23","     0.0","X","R","23","     6.4"," ","R","23","     3.6"," ","R","23","     1.7"," ","R","23","     0.6"," ","R","23","     0.4"," ","R","23","     0.1"," ","R","23","     0.0"," ","R","23","     0.0"," ","R","23","     4.4"," ","R","23","     3.7"," ","R","23","    30.4"," ","P","23","    17.3"," ","P","23","    11.9"," ","P","23","     5.9"," ","P","23","     1.8"," ","P","23","     0.2"," ","P","23","     0.0"," ","P","23","     0.0"," ","P","23","    0.04"," ","P","23","    0.14"," ","P","23","    0.41"," ","P","23","    0.83"," ","R","21","   32.76"," ","R","21"
"USW00094870","11-10"," 40.0397"," -88.2778"," 229.8","CHAMPAIGN WILLARD AP, IL US","11","10","99","    44.0"," ","R","23","    54.0"," ","R","23","    33.9"," ","S","24","    20.1"," ","R","23","     9.4"," ","R","23","    11.0"," ","R","23","     9.2"," ","S","24","     7.6"," ","R","23","    21.0"," ","R","23","     2.2"," ","R","23","     4.4"," ","R","23","     7.6"," ","R","23","    11.6"," ","R","23","    13.3"," ","R","23","    16.1"," ","R","23","     0.0","X","R","23","     6.1"," ","R","23","     3.4"," ","R","23","     1.6"," ","R","23","     0.6"," ","R","23","     0.3"," ","R","23","     0.1"," ","R","23","     0.0"," ","R","23","     0.0"," ","R","23","     0.0","X","R","23","     6.1"," ","R","23","     3.4"," ","R","23","     1.6"," ","R","23","     0.6"," ","R","23","     0.3"," ","R","23","     0.1"," ","R","23","     0.0"," ","R","23","     0.0"," ","R","23","     4.2"," ","R","23","     3.5"," ","R","23","    30.4"," ","P","23","    17.3"," ","P","23","    11.9"," ","P","23","     5.9"," ","P","23","     1.8"," ","P","23","     0.2"," ","P","23","     0.0"," ","P","23","     0.0"," ","P","23","    0.04"," ","P","23","    0.14"," ","P","23","    0.41"," ","P","23","    0.93"," ","R","21","   32.86"," ","R","21"
"USW00094870","11-11"," 40.0397"," -88.2778"," 229.8","CHAMPAIGN WILLARD AP, IL US","11","11","99","    43.6"," ","R","23","    53.6"," ","R","23","    33.6"," ","S","24","    20.0"," ","R","23","     9.4"," ","R","23","    11.0"," ","R","23","     9.2"," ","S","24","     7.6"," ","R","23","    21.4"," ","R","23","     2.3"," ","R","23","     4.7"," ","R","23","     7.9"," ","R","23","    12.0"," ","R","23","    13.7"," ","R","23","    16.5"," ","R","23","     0.0","X","R","23","     5.9"," ","R","23","     3.2"," ","R","23","     1.5"," ","R","23","     0.5"," ","R","23","     0.3"," ","R","23","     0.1"," ","R","23","     0.0"," ","R","23","     0.0"," ","R","23","     0.0","X","R","23","     5.9"," ","R","23","     3.2"," ","R","23","     1.5"," ","R","23","     0.5"," ","R","23","     0.3"," ","R","23","     0.1"," ","R","23","     0.0"," ","R","23","     0.0"," ","R","23","     4.1"," ","R","23","     3.4"," ","R","23","    30.3"," ","P","23","    17.2"," ","P","23","    11.9"," ","P","23","     5.9"," ","P","23","     1.8"," ","P","23","     0.2"," ","P","23","     0.0"," ","P","23","     0.0"," ","P","23","    0.04"," ","P","23","    0.14"," ","P","23","    0.41"," ","P","23","    1.03"," ","R","21","   32.96"," ","R","21"
"USW00094870","11-12"," 40.0397"," -88.2778"," 229.8","CHAMPAIGN WILLARD AP, IL US","11","12","99","    43.2"," ","R","23","    53.1"," ","R","23","    33.2"," ","S","24","    19.8"," ","R","23","     9.4"," ","R","23","    11.0"," ","R","23","     9.2"," ","S","24","     7.6"," ","R","23","    21.8"," ","R","23","     2.5"," ","R","23","     4.9"," ","R","23","     8.3"," ","R","23","    12.3"," ","R","23","    14.1"," ","R","23","    16.9"," ","R","23","     0.0","X","R","23","     5.7"," ","R","23","     3.1"," ","R","23","     1.4"," ","R","23","     0.5"," ","R","23","     0.3"," ","R","23","     0.1"," ","R","23","     0.0"," ","R","23","     0.0"," ","R","23","     0.0","X","R","23","     5.7"," ","R","23","     3.1"," ","R","23","     1.4"," ","R","23","     0.5"," ","R","23","     0.3"," ","R","23","     0.1"," ","R","23","     0.0"," ","R","23","     0.0"," ","R","23","     3.9"," ","R","23","     3.3"," ","R","23","    30.3"," ","P","23","    17.2"," ","P","23","    11.8"," ","P","23","     5.9"," ","P","23","     1.8"," ","P","23","     0.2"," ","P","23","     0.0"," ","P","23","     0.0"," ","P","23","    0.04"," ","P","23","    0.14"," ","P","23","    0.41"," ","P","23","    1.13"," ","R","21","   33.06"," ","R","21"
"USW00094870","11-13"," 40.0397"," -88.2778"," 229.8","CHAMPAIGN WILLARD AP, IL US","11","13","99","    42.7"," ","R","23","    52.6"," ","R","23","    32.9"," ","S","24","    19.7"," ","R","23","     9.5"," ","R","23","    11.1"," ","R","23","     9.3"," ","S","24","     7.6"," ","R","23","    22.3"," ","R","23","     2.7"," ","R","23","     5.2"," ","R","23","     8.6"," ","R","23","    12.7"," ","R","23","    14.5"," ","R","23","    17.3"," ","R","23","     0.0","X","R","23","     5.4"," ","R","23","     3.0"," ","R","23","     1.3"," ","R","23","     0.5"," ","R","23","     0.2"," ","R","23","     0.1"," ","R","23","     0.0"," ","R","23","     0.0"," ","R","23","     0.0","X","R","23","     5.4"," ","R","23","     3.0"," ","R","23","     1.3"," ","R","23","     0.5"," ","R","23","     0.2"," ","R","23","     0.1"," ","R","23","     0.0"," ","R","23","     0.0"," ","R","23","     3.8"," ","R","23","     3.1"," ","R","23","    30.2"," ","P","23","    17.2"," ","P","23","    11.8"," ","P","23","     5.9"," ","P","23","     1.8"," ","P","23","     0.2"," ","P","23","     0.0"," ","P","23","     0.0"," ","P","23","    0.04"," ","P","23","    0.14"," ","P","23","    0.41"," ","P","23","    1.23"," ","R","21","   33.16"," ","R","21"
"USW00094870","11-14"," 40.0397"," -88.2778"," 229.8","CHAMPAIGN WILLARD AP, IL US","11","14","99","    42.3"," ","R","23","    52.1"," ","R","23","    32.6"," ","S","24","    19.5"," ","R","23","     9.5"," ","R","23","    11.1"," ","R","23","     9.3"," ","S","24","     7.6"," ","R","23","    22.7"," ","R","23","     2.9"," ","R","23","     5.5"," ","R","23","     8.9"," ","R","23","    13.1"," ","R","23","    14.9"," ","R","23","    17.7"," ","R","23","     0.0"," ","R","23","     5.2"," ","R","23","     2.8"," ","R","23","     1.3"," ","R","23","     0.4"," ","R","23","     0.2"," ","R","23","     0.1"," ","R","23","     0.0"," ","R","23","     0.0"," ","R","23","     0.0"," ","R","23","     5.2"," ","R","23","     2.8"," ","R","23","     1.3"," ","R","23","     0.4"," ","R","23","     0.2"," ","R","23","     0.1"," ","R","23","     0.0"," ","R","23","     0.0"," ","R","23","     3.6"," ","R","23","     3.0"," ","R","23","    30.2"," ","P","23","    17.1"," ","P","23","    11.9"," ","P","23","     5.9"," ","P","23","     1.8"," ","P","23","     0.2"," ","P","23","     0.0"," ","P","23","     0.0"," ","P","23","    0.04"," ","P","23","    0.14"," ","P","23","    0.41"," ","P","23","    1.34"," ","R","21","   33.27"," ","R","21"
"USW00094870","11-15"," 40.0397"," -88.2778"," 229.8","CHAMPAIGN WILLARD AP, IL US","11","15","99","    41.9"," ","R","23","    51.6"," ","R","23","    32.2"," ","S","24","    19.4"," ","R","23","     9.5"," ","R","23","    11.1"," ","R","23","     9.3"," ","S","24","     7.5"," ","R","23","    23.1"," ","R","23","     3.1"," ","R","23","     5.7"," ","R","23","     9.3"," ","R","23","    13.5"," ","R","23","    15.3"," ","R","23","    18.1"," ","R","23","     0.0"," ","R","23","     5.0"," ","R","23","     2.7"," ","R","23","     1.2"," ","R","23","     0.4"," ","R","23","     0.2"," ","R","23","     0.1"," ","R","23","     0.0"," ","R","23","     0.0"," ","R","23","     0.0"," ","R","23","     5.0"," ","R","23","     2.7"," ","R","23","     1.2"," ","R","23","     0.4"," ","R","23","     0.2"," ","R","23","     0.1"," ","R","23","     0.0"," ","R","23","     0.0"," ","R","23","     3.5"," ","R","23","     2.8"," ","R","23","    30.3"," ","P","23","    17.1"," ","P","23","    11.9"," ","P","23","     5.9"," ","P","23","     1.8"," ","P","23","     0.3"," ","P","23","     0.0"," ","P","23","     0.0"," ","P","23","    0.04"," ","P","23","    0.14"," ","P","23","    0.41"," ","P","23","    1.44"," ","R","21","   33.37"," ","R","21"
"USW00094870","11-16"," 40.0397"," -88.2778"," 229.8","CHAMPAIGN WILLARD AP, IL US","11","16","99","    41.5"," ","R","23","    51.2"," ","R","23","    31.9"," ","S","24","    19.2"," ","R","23","     9.6"," ","R","23","    11.1"," ","R","23","     9.4"," ","S","24","     7.5"," ","R","23","    23.5"," ","R","23","     3.2"," ","R","23","     6.0"," ","R","23","     9.6"," ","R","23","    13.8"," ","R","23","    15.7"," ","R","23","    18.5"," ","R","23","     0.0"," ","R","23","     4.8"," ","R","23","     2.5"," ","R","23","     1.1"," ","R","23","     0.4"," ","R","23","     0.2"," ","R","23","     0.0","X","R","23","     0.0"," ","R","23","     0.0"," ","R","23","     0.0"," ","R","23","     4.8"," ","R","23","     2.5"," ","R","23","     1.1"," ","R","23","     0.4"," ","R","23","     0.2"," ","R","23","     0.0","X","R","23","     0.0"," ","R","23","     0.0"," ","R","23","     3.3"," ","R","23","     2.7"," ","R","23","    30.3"," ","P","23","    17.1"," ","P","23","    11.9"," ","P","23","     5.9"," ","P","23","     1.8"," ","P","23","     0.3"," ","P","23","     0.0"," ","P","23","     0.0"," ","P","23","    0.04"," ","P","23","    0.14"," ","P","23","    0.41"," ","P","23","    1.54"," ","R","21","   33.47"," ","R","21"
"USW00094870","11-17"," 40.0397"," -88.2778"," 229.8","CHAMPAIGN WILLARD AP, IL US","11","17","99","    41.1"," ","R","23","    50.7"," ","R","23","    31.6"," ","S","24","    19.1"," ","R","23","     9.6"," ","R","23","    11.1"," ","R","23","     9.4"," ","S","24","     7.5"," ","R","23","    23.9"," ","R","23","     3.4"," ","R","23","     6.2"," ","R","23","     9.9"," ","R","23","    14.2"," ","R","23","    16.0"," ","R","23","    18.9"," ","R","23","     0.0"," ","R","23","     4.5"," ","R","23","     2.3"," ","R","23","     1.0"," ","R","23","     0.3"," ","R","23","     0.2"," ","R","23","     0.0","X","R","23","     0.0"," ","R","23","     0.0"," ","R","23","     0.0"," ","R","23","     4.5"," ","R","23","     2.3"," ","R","23","     1.0"," ","R","23","     0.3"," ","R","23","     0.2"," ","R","23","     0.0","X","R","23","     0.0"," ","R","23","     0.0"," ","R","23","     3.1"," ","R","23","     2.6"," ","R","23","    30.3"," ","P","23","    17.1"," ","P","23","    11.9"," ","P","23","     5.9"," ","P","23","     1.8"," ","P","23","     0.3"," ","P","23","     0.0"," ","P","23","     0.0"," ","P","23","    0.04"," ","P","23","    0.14"," ","P","23","    0.41"," ","P","23","    1.64"," ","R","21","   33.57"," ","R","21"
"USW00094870","11-18"," 40.0397"," -88.2778"," 229.8","CHAMPAIGN WILLARD AP, IL US","11","18","99","    40.7"," ","R","23","    50.2"," ","R","23","    31.3"," ","S","24","    18.9"," ","R","23","     9.7"," ","R","23","    11.2"," ","R","23","     9.5"," ","S","24","     7.5"," ","R","23","    24.3"," ","R","23","     3.6"," ","R","23","     6.4"," ","R","23","    10.2"," ","R","23","    14.5"," ","R","23","    16.4"," ","R","23","    19.3"," ","R","23","     0.0"," ","R","23","     4.3"," ","R","23","     2.1"," ","R","23","     0.9"," ","R","23","     0.3"," ","R","23","     0.1"," ","R","23","     0.0","X","R","23","     0.0"," ","R","23","     0.0"," ","R","23","     0.0"," ","R","23","     4.3"," ","R","23","     2.1"," ","R","23","     0.9"," ","R","23","     0.3"," ","R","23","     0.1"," ","R","23","     0.0","X","R","23","     0.0"," ","R","23","     0.0"," ","R","23","     3.0"," ","R","23","     2.4"," ","R","23","    30.4"," ","P","23","    17.1"," ","P","23","    11.9"," ","P","23","     5.9"," ","P","23","     1.8"," ","P","23","     0.3"," ","P","23","     0.0"," ","P","23","     0.0"," ","P","23","    0.04"," ","P","23","    0.14"," ","P","23","    0.41"," ","P","23","    1.74"," ","R","21","   33.67"," ","R","21"
"USW00094870","11-19"," 40.0397"," -88.2778"," 229.8","CHAMPAIGN WILLARD AP, IL US","11","19","99","    40.3"," ","R","23","    49.7"," ","R","23","    30.9"," ","S","24","    18.8"," ","R","23","     9.7"," ","R","23","    11.2"," ","R","23","     9.5"," ","S","24","     7.5"," ","R","23","    24.7"," ","R","23","     3.7"," ","R","23","     6.6"," ","R","23","    10.5"," ","R","23","    14.9"," ","R","23","    16.8"," ","R","23","    19.7"," ","R","23","     0.0"," ","R","23","     4.1"," ","R","23","     2.0"," ","R","23","     0.8"," ","R","23","     0.3"," ","R","23","     0.1"," ","R","23","     0.0","X","R","23","     0.0"," ","R","23","     0.0"," ","R","23","     0.0"," ","R","23","     4.1"," ","R","23","     2.0"," ","R","23","     0.8"," ","R","23","     0.3"," ","R","23","     0.1"," ","R","23","     0.0","X","R","23","     0.0"," ","R","23","     0.0"," ","R","23","     2.8"," ","R","23","     2.3"," ","R","23","    30.4"," ","P","23","    17.1"," ","P","23","    11.8"," ","P","23","     5.8"," ","P","23","     1.7"," ","P","23","     0.3"," ","P","23","     0.0"," ","P","23","     0.0"," ","P","23","    0.04"," ","P","23","    0.14"," ","P","23","    0.41"," ","P","23","    1.83"," ","R","21","   33.76"," ","R","21"
"USW00094870","11-20"," 40.0397"," -88.2778"," 229.8","CHAMPAIGN WILLARD AP, IL US","11","20","99","    40.0"," ","R","23","    49.3"," ","R","23","    30.6"," ","S","24","    18.6"," ","R","23","     9.7"," ","R","23","    11.2"," ","R","23","     9.6"," ","S","24","     7.5"," ","R","23","    25.0"," ","R","23","     3.9"," ","R","23","     6.9"," ","R","23","    10.8"," ","R","23","    15.3"," ","R","23","    17.1"," ","R","23","    20.1"," ","R","23","     0.0"," ","R","23","     3.9"," ","R","23","     1.9"," ","R","23","     0.7"," ","R","23","     0.2"," ","R","23","     0.1"," ","R","23","     0.0","X","R","23","     0.0"," ","R","23","     0.0"," ","R","23","     0.0"," ","R","23","     3.9"," ","R","23","     1.9"," ","R","23","     0.7"," ","R","23","     0.2"," ","R","23","     0.1"," ","R","23","     0.0","X","R","23","     0.0"," ","R","23","     0.0"," ","R","23","     2.7"," ","R","23","     2.1"," ","R","23","    30.4"," ","P","23","    17.0"," ","P","23","    11.8"," ","P","23","     5.8"," ","P","23","     1.7"," ","P","23","     0.3"," ","P","23","     0.0"," ","P","23","     0.0"," ","P","23","    0.04"," ","P","23","    0.14"," ","P","23","    0.40"," ","P","23","    1.93"," ","R","21","   33.86"," ","R","21"
"USW00094870","11-21"," 40.0397"," -88.2778"," 229.8","CHAMPAIGN WILLARD AP, IL US","11","21","99","    39.6"," ","R","23","    48.8"," ","R","23","    30.3"," ","S","24","    18.5"," ","R","23","     9.7"," ","R","23","    11.2"," ","R","23","     9.6"," ","S","24","     7.4"," ","R","23","    25.4"," ","R","23","     4.1"," ","R","23","     7.2"," ","R","23","    11.1"," ","R","23","    15.6"," ","R","23","    17.5"," ","R","23","    20.4"," ","R","23","     0.0"," ","R","23","     3.7"," ","R","23","     1.7"," ","R","23","     0.7"," ","R","23","     0.2"," ","R","23","     0.1"," ","R","23","     0.0","X","R","23","     0.0"," ","R","23","     0.0"," ","R","23","     0.0"," ","R","23","     3.7"," ","R","23","     1.7"," ","R","23","     0.7"," ","R","23","     0.2"," ","R","23","     0.1"," ","R","23","     0.0","X","R","23","     0.0"," ","R","23","     0.0"," ","R","23","     2.5"," ","R","23","     2.0"," ","R","23","    30.4"," ","P","23","    17.1"," ","P","23","    11.8"," ","P","23","     5.7"," ","P","23","     1.7"," ","P","23","     0.3"," ","P","23","     0.0"," ","P","23","     0.0"," ","P","23","    0.04"," ","P","23","    0.14"," ","P","23","    0.40"," ","P","23","    2.03"," ","R","21","   33.96"," ","R","21"
"USW00094870","11-22"," 40.0397"," -88.2778"," 229.8","CHAMPAIGN WILLARD AP, IL US","11","22","99","    39.2"," ","R","23","    48.4"," ","R","23","    30.0"," ","S","24","    18.3"," ","R","23","     9.8"," ","R","23","    11.2"," ","R","23","     9.7"," ","S","24","     7.4"," ","R","23","    25.8"," ","R","23","     4.3"," ","R","23","     7.4"," ","R","23","    11.4"," ","R","23","    16.0"," ","R","23","    17.9"," ","R","23","    20.8"," ","R","23","     0.0"," ","R","23","     3.4"," ","R","23","     1.6"," ","R","23","     0.6"," ","R","23","     0.2"," ","R","23","     0.1"," ","R","23","     0.0","X","R","23","     0.0"," ","R","23","     0.0"," ","R","23","     0.0"," ","R","23","     3.4"," ","R","23","     1.6"," ","R","23","     0.6"," ","R","23","     0.2"," ","R","23","     0.1"," ","R","23","     0.0","X","R","23","     0.0"," ","R","23","     0.0"," ","R","23","     2.4"," ","R","23","     1.9"," ","R","23","    30.5"," ","P","23","    17.1"," ","P","23","    11.9"," ","P","23","     5.7"," ","P","23","     1.7"," ","P","23","     0.3"," ","P","23","     0.0"," ","P","23","     0.0"," ","P","23","    0.04"," ","P","23","    0.13"," ","P","23","    0.40"," ","P","23","    2.12"," ","R","21","   34.05"," ","R","21"
"USW00094870","11-23"," 40.0397"," -88.2778"," 229.8","CHAMPAIGN WILLARD AP, IL US","11","23","99","    38.8"," ","R","23","    47.9"," ","R","23","    29.7"," ","S","24","    18.2"," ","R","23","     9.8"," ","R","23","    11.2"," ","R","23","     9.7"," ","S","24","     7.4"," ","R","23","    26.2"," ","R","23","     4.4"," ","R","23","     7.7"," ","R","23","    11.8"," ","R","23","    16.3"," ","R","23","    18.2"," ","R","23","    21.2"," ","R","23","     0.0"," ","R","23","     3.2"," ","R","23","     1.5"," ","R","23","     0.6"," ","R","23","     0.1"," ","R","23","     0.1"," ","R","23","     0.0","X","R","23","     0.0"," ","R","23","     0.0"," ","R","23","     0.0"," ","R","23","     3.2"," ","R","23","     1.5"," ","R","23","     0.6"," ","R","23","     0.1"," ","R","23","     0.1"," ","R","23","     0.0","X","R","23","     0.0"," ","R","23","     0.0"," ","R","23","     2.2"," ","R","23","     1.8"," ","R","23","    30.6"," ","P","23","    17.1"," ","P","23","    11.9"," ","P","23","     5.7"," ","P","23","     1.6"," ","P","23","     0.3"," ","P","23","     0.0"," ","P","23","     0.0"," ","P","23","    0.04"," ","P","23","    0.13"," ","P","23","    0.40"," ","P","23","    2.22"," ","R","21","   34.15"," ","R","21"
"USW00094870","11-24"," 40.0397"," -88.2778"," 229.8","CHAMPAIGN WILLARD AP, IL US","11","24","99","    38.4"," ","R","23","    47.5"," ","R","23","    29.4"," ","S","24","    18.0"," ","R","23","     9.8"," ","R","23","    11.2"," ","R","23","     9.8"," ","S","24","     7.4"," ","R","23","    26.6"," ","R","23","     4.6"," ","R","23","     7.9"," ","R","23","    12.1"," ","R","23","    16.7"," ","R","23","    18.6"," ","R","23","    21.6"," ","R","23","     0.0"," ","R","23","     3.1"," ","R","23","     1.4"," ","R","23","     0.5"," ","R","23","     0.1"," ","R","23","     0.1"," ","R","23","     0.0","X","R","23","     0.0"," ","R","23","     0.0"," ","R","23","     0.0"," ","R","23","     3.1"," ","R","23","     1.4"," ","R","23","     0.5"," ","R","23","     0.1"," ","R","23","     0.1"," ","R","23","     0.0","X","R","23","     0.0"," ","R","23","     0.0"," ","R","23","     2.1"," ","R","23","     1.6"," ","R","23","    30.6"," ","P","23","    17.0"," ","P","23","    11.9"," ","P","23","     5.7"," ","P","23","     1.6"," ","P","23","     0.3"," ","P","23","     0.0"," ","P","23","     0.0"," ","P","23","    0.04"," ","P","23","    0.13"," ","P","23","    0.40"," ","P","23","    2.32"," ","R","21","   34.25"," ","R","21"
"USW00094870","11-25"," 40.0397"," -88.2778"," 229.8","CHAMPAIGN WILLARD AP, IL US","11","25","99","    38.1"," ","R","23","    47.0"," ","R","23","    29.1"," ","S","24","    17.9"," ","R","23","     9.9"," ","R","23","    11.1"," ","R","23","     9.9"," ","S","24","     7.4"," ","R","23","    26.9"," ","R","23","     4.8"," ","R","23","     8.2"," ","R","23","    12.4"," ","R","23","    17.0"," ","R","23","    19.0"," ","R","23","    21.9"," ","R","23","     0.0"," ","R","23","     2.9"," ","R","23","     1.3"," ","R","23","     0.5"," ","R","23","     0.1"," ","R","23","     0.0","X","R","23","     0.0","X","R","23","     0.0"," ","R","23","     0.0"," ","R","23","     0.0"," ","R","23","     2.9"," ","R","23","     1.3"," ","R","23","     0.5"," ","R","23","     0.1"," ","R","23","     0.0","X","R","23","     0.0","X","R","23","     0.0"," ","R","23","     0.0"," ","R","23","     2.0"," ","R","23","     1.5"," ","R","23","    30.7"," ","P","23","    17.0"," ","P","23","    11.9"," ","P","23","     5.7"," ","P","23","     1.5"," ","P","23","     0.2"," ","P","23","     0.0"," ","P","23","     0.0"," ","P","23","    0.04"," ","P","23","    0.13"," ","P","23","    0.40"," ","P","23","    2.41"," ","R","21","   34.34"," ","R","21"
"USW00094870","11-26"," 40.0397"," -88.2778"," 229.8","CHAMPAIGN WILLARD AP, IL US","11","26","99","    37.7"," ","R","23","    46.6"," ","R","23","    28.8"," ","S","24","    17.7"," ","R","23","     9.9"," ","R","23","    11.1"," ","R","23","     9.9"," ","S","24","     7.4"," ","R","23","    27.3"," ","R","23","     5.1"," ","R","23","     8.5"," ","R","23","    12.7"," ","R","23","    17.4"," ","R","23","    19.3"," ","R","23","    22.3"," ","R","23","     0.0"," ","R","23","     2.8"," ","R","23","     1.2"," ","R","23","     0.4"," ","R","23","     0.1"," ","R","23","     0.1"," ","R","23","     0.0","X","R","23","     0.0"," ","R","23","     0.0"," ","R","23","     0.0"," ","R","23","     2.8"," ","R","23","     1.2"," ","R","23","     0.4"," ","R","23","     0.1"," ","R","23","     0.1"," ","R","23","     0.0","X","R","23","     0.0"," ","R","23","     0.0"," ","R","23","     1.9"," ","R","23","     1.5"," ","R","23","    30.7"," ","P","23","    17.0"," ","P","23","    11.9"," ","P","23","     5.6"," ","P","23","     1.5"," ","P","23","     0.2"," ","P","23","     0.0"," ","P","23","     0.0"," ","P","23","    0.04"," ","P","23","    0.13"," ","P","23","    0.39"," ","P","23","    2.51"," ","R","21","   34.44"," ","R","21"
"USW00094870","11-27"," 40.0397"," -88.2778"," 229.8","CHAMPAIGN WILLARD AP, IL US","11","27","99","    37.3"," ","R","23","    46.1"," ","R","23","    28.5"," ","S","24","    17.6"," ","R","23","     9.9"," ","R","23","    11.1"," ","R","23","    10.0"," ","S","24","     7.3"," ","R","23","    27.7"," ","R","23","     5.3"," ","R","23","     8.9"," ","R","23","    13.1"," ","R","23","    17.8"," ","R","23","    19.7"," ","R","23","    22.7"," ","R","23","     0.0"," ","R","23","     2.7"," ","R","23","     1.2"," ","R","23","     0.4"," ","R","23","     0.1"," ","R","23","     0.1"," ","R","23","     0.0","X","R","23","     0.0"," ","R","23","     0.0"," ","R","23","     0.0"," ","R","23","     2.7"," ","R","23","     1.2"," ","R","23","     0.4"," ","R","23","     0.1"," ","R","23","     0.1"," ","R","23","     0.0","X","R","23","     0.0"," ","R","23","     0.0"," ","R","23","     1.9"," ","R","23","     1.5"," ","R","23","    30.8"," ","P","23","    17.0"," ","P","23","    11.8"," ","P","23","     5.6"," ","P","23","     1.4"," ","P","23","     0.2"," ","P","23","     0.0"," ","P","23","     0.0"," ","P","23","    0.04"," ","P","23","    0.13"," ","P","23","    0.39"," ","P","23","    2.61"," ","R","21","   34.54"," ","R","21"
"USW00094870","11-28"," 40.0397"," -88.2778"," 229.8","CHAMPAIGN WILLARD AP, IL US","11","28","99","    37.0"," ","R","23","    45.7"," ","R","23","    28.3"," ","S","24","    17.4"," ","R","23","     9.9"," ","R","23","    11.1"," ","R","23","    10.1"," ","S","24","     7.3"," ","R","23","    28.0"," ","R","23","     5.6"," ","R","23","     9.2"," ","R","23","    13.5"," ","R","23","    18.2"," ","R","23","    20.1"," ","R","23","    23.0"," ","R","23","     0.0"," ","R","23","     2.6"," ","R","23","     1.2"," ","R","23","     0.4"," ","R","23","     0.1"," ","R","23","     0.1"," ","R","23","     0.0","X","R","23","     0.0"," ","R","23","     0.0"," ","R","23","     0.0"," ","R","23","     2.6"," ","R","23","     1.2"," ","R","23","     0.4"," ","R","23","     0.1"," ","R","23","     0.1"," ","R","23","     0.0","X","R","23","     0.0"," ","R","23","     0.0"," ","R","23","     1.8"," ","R","23","     1.4"," ","R","23","    30.8"," ","P","23","    16.9"," ","P","23","    11.7"," ","P","23","     5.5"," ","P","23","     1.3"," ","P","23","     0.2"," ","P","23","     0.0"," ","P","23","     0.0"," ","P","23","    0.04"," ","P","23","    0.13"," ","P","23","    0.39"," ","P","23","    2.70"," ","R","21","   34.63"," ","R","21"
"USW00094870","11-29"," 40.0397"," -88.2778"," 229.8","CHAMPAIGN WILLARD AP, IL US","11","29","99","    36.6"," ","R","23","    45.3"," ","R","23","    28.0"," ","S","24","    17.3"," ","R","23","    10.0"," ","R","23","    11.0"," ","R","23","    10.1"," ","S","24","     7.3"," ","R","23","    28.4"," ","R","23","     5.9"," ","R","23","     9.5"," ","R","23","    13.8"," ","R","23","    18.5"," ","R","23","    20.5"," ","R","23","    23.4"," ","R","23","     0.0"," ","R","23","     2.5"," ","R","23","     1.1"," ","R","23","     0.4"," ","R","23","     0.1"," ","R","23","     0.1"," ","R","23","     0.0","X","R","23","     0.0"," ","R","23","     0.0"," ","R","23","     0.0"," ","R","23","     2.5"," ","R","23","     1.1"," ","R","23","     0.4"," ","R","23","     0.1"," ","R","23","     0.1"," ","R","23","     0.0","X","R","23","     0.0"," ","R","23","     0.0"," ","R","23","     1.7"," ","R","23","     1.4"," ","R","23","    30.9"," ","P","23","    16.9"," ","P","23","    11.7"," ","P","23","     5.5"," ","P","23","     1.3"," ","P","23","     0.2"," ","P","23","     0.0"," ","P","23","     0.0"," ","P","23","    0.04"," ","P","23","    0.13"," ","P","23","    0.38"," ","P","23","    2.80"," ","R","21","   34.73"," ","R","21"
"USW00094870","11-30"," 40.0397"," -88.2778"," 229.8","CHAMPAIGN WILLARD AP, IL US","11","30","99","    36.3"," ","R","23","    44.8"," ","R","23","    27.7"," ","S","24","    17.1"," ","R","23","    10.0"," ","R","23","    11.0"," ","R","23","    10.2"," ","S","24","     7.3"," ","R","23","    28.7"," ","R","23","     6.1"," ","R","23","     9.8"," ","R","23","    14.2"," ","R","23","    18.9"," ","R","23","    20.8"," ","R","23","    23.8"," ","R","23","     0.0"," ","R","23","     2.4"," ","R","23","     1.1"," ","R","23","     0.4"," ","R","23","     0.1"," ","R","23","     0.1"," ","R","23","     0.0","X","R","23","     0.0"," ","R","23","     0.0"," ","R","23","     0.0"," ","R","23","     2.4"," ","R","23","     1.1"," ","R","23","     0.4"," ","R","23","     0.1"," ","R","23","     0.1"," ","R","23","     0.0","X","R","23","     0.0"," ","R","23","     0.0"," ","R","23","     1.7"," ","R","23","     1.3"," ","R","23","    30.9"," ","P","23","    16.9"," ","P","23","    11.6"," ","P","23","     5.4"," ","P","23","     1.3"," ","P","23","     0.2"," ","P","23","     0.0"," ","P","23","     0.0"," ","P","23","    0.04"," ","P","23","    0.12"," ","P","23","    0.38"," ","P","23","    2.90"," ","R","21","   34.83"," ","R","21"
"USW00094870","12-01"," 40.0397"," -88.2778"," 229.8","CHAMPAIGN WILLARD AP, IL US","12","01","99","    35.9"," ","R","23","    44.4"," ","R","23","    27.4"," ","S","24","    17.0"," ","R","23","    10.0"," ","R","23","    11.0"," ","R","23","    10.2"," ","S","24","     7.2"," ","R","23","    29.1"," ","R","23","     6.4"," ","R","23","    10.1"," ","R","23","    14.5"," ","R","23","    19.2"," ","R","23","    21.2"," ","R","23","    24.1"," ","R","23","     0.0"," ","R","23","     2.3"," ","R","23","     1.1"," ","R","23","     0.4"," ","R","23","     0.1"," ","R","23","     0.1"," ","R","23","     0.0","X","R","23","     0.0"," ","R","23","     0.0"," ","R","23","     0.0"," ","R","23","     2.3"," ","R","23","     1.1"," ","R","23","     0.4"," ","R","23","     0.1"," ","R","23","     0.1"," ","R","23","     0.0","X","R","23","     0.0"," ","R","23","     0.0"," ","R","23","     1.6"," ","R","23","     1.2"," ","R","23","    30.9"," ","P","23","    16.8"," ","P","23","    11.5"," ","P","23","     5.4"," ","P","23","     1.2"," ","P","23","     0.2"," ","P","23","     0.0"," ","P","23","     0.0"," ","P","23","    0.04"," ","P","23","    0.12"," ","P","23","    0.38"," ","P","23","    0.08"," ","R","20","   34.91"," ","R","20"
"USW00094870","12-02"," 40.0397"," -88.2778"," 229.8","CHAMPAIGN WILLARD AP, IL US","12","02","99","    35.6"," ","R","23","    44.0"," ","R","23","    27.2"," ","S","24","    16.8"," ","R","23","    10.0"," ","R","23","    10.9"," ","R","23","    10.3"," ","S","24","     7.2"," ","R","23","    29.4"," ","R","23","     6.6"," ","R","23","    10.5"," ","R","23","    14.8"," ","R","23","    19.6"," ","R","23","    21.5"," ","R","23","    24.4"," ","R","23","     0.0"," ","R","23","     2.2"," ","R","23","     1.0"," ","R","23","     0.4"," ","R","23","     0.1"," ","R","23","     0.1"," ","R","23","     0.0","X","R","23","     0.0"," ","R","23","     0.0"," ","R","23","     0.0"," ","R","23","     2.2"," ","R","23","     1.0"," ","R","23","     0.4"," ","R","23","     0.1"," ","R","23","     0.1"," ","R","23","     0.0","X","R","23","     0.0"," ","R","23","     0.0"," ","R","23","     1.5"," ","R","23","     1.2"," ","R","23","    30.9"," ","P","23","    16.8"," ","P","23","    11.4"," ","P","23","     5.3"," ","P","23","     1.2"," ","P","23","     0.2"," ","P","23","     0.0"," ","P","23","     0.0"," ","P","23","    0.04"," ","P","23","    0.12"," ","P","23","    0.38"," ","P","23","    0.15"," ","R","20","   34.98"," ","R","20"
"USW00094870","12-03"," 40.0397"," -88.2778"," 229.8","CHAMPAIGN WILLARD AP, IL US","12","03","99","    35.2"," ","R","23","    43.6"," ","R","23","    26.9"," ","S","24","    16.7"," ","R","23","    10.0"," ","R","23","    10.9"," ","R","23","    10.4"," ","S","24","     7.2"," ","R","23","    29.8"," ","R","23","     6.9"," ","R","23","    10.8"," ","R","23","    15.2"," ","R","23","    19.9"," ","R","23","    21.8"," ","R","23","    24.8"," ","R","23","     0.0"," ","R","23","     2.1"," ","R","23","     1.0"," ","R","23","     0.4"," ","R","23","     0.1"," ","R","23","     0.1"," ","R","23","     0.0","X","R","23","     0.0"," ","R","23","     0.0"," ","R","23","     0.0"," ","R","23","     2.1"," ","R","23","     1.0"," ","R","23","     0.4"," ","R","23","     0.1"," ","R","23","     0.1"," ","R","23","     0.0","X","R","23","     0.0"," ","R","23","     0.0"," ","R","23","     1.4"," ","R","23","     1.1"," ","R","23","    31.0"," ","P","23","    16.7"," ","P","23","    11.4"," ","P","23","     5.3"," ","P","23","     1.1"," ","P","23","     0.2"," ","P","23","     0.0"," ","P","23","     0.0"," ","P","23","    0.04"," ","P","23","    0.12"," ","P","23","    0.37"," ","P","23","    0.22"," ","R","20","   35.05"," ","R","20"
"USW00094870","12-04"," 40.0397"," -88.2778"," 229.8","CHAMPAIGN WILLARD AP, IL US","12","04","99","    34.9"," ","R","23","    43.2"," ","R","23","    26.6"," ","S","24","    16.6"," ","R","23","    10.1"," ","R","23","    10.9"," ","R","23","    10.4"," ","S","24","     7.2"," ","R","23","    30.1"," ","R","23","     7.1"," ","R","23","    11.1"," ","R","23","    15.5"," ","R","23","    20.2"," ","R","23","    22.2"," ","R","23","    25.1"," ","R","23","     0.0"," ","R","23","     2.0"," ","R","23","     1.0"," ","R","23","     0.4"," ","R","23","     0.1"," ","R","23","     0.1"," ","R","23","     0.0","X","R","23","     0.0"," ","R","23","     0.0"," ","R","23","     0.0"," ","R","23","     2.0"," ","R","23","     1.0"," ","R","23","     0.4"," ","R","23","     0.1"," ","R","23","     0.1"," ","R","23","     0.0","X","R","23","     0.0"," ","R","23","     0.0"," ","R","23","     1.4"," ","R","23","     1.1"," ","R","23","    31.0"," ","P","23","    16.7"," ","P","23","    11.3"," ","P","23","     5.2"," ","P","23","     1.1"," ","P","23","     0.2"," ","P","23","     0.0"," ","P","23","     0.0"," ","P","23","    0.04"," ","P","23","    0.12"," ","P","23","    0.37"," ","P","23","    0.29"," ","R","20","   35.12"," ","R","20"
"USW00094870","12-05"," 40.0397"," -88.2778"," 229.8","CHAMPAIGN WILLARD AP, IL US","12","05","99","    34.6"," ","R","23","    42.8"," ","R","23","    26.4"," ","S","24","    16.4"," ","R","23","    10.1"," ","R","23","    10.9"," ","R","23","    10.5"," ","S","24","     7.1"," ","R","23","    30.4"," ","R","23","     7.4"," ","R","23","    11.4"," ","R","23","    15.8"," ","R","23","    20.6"," ","R","23","    22.5"," ","R","23","    25.5"," ","R","23","     0.0"," ","R","23","     1.9"," ","R","23","     0.9"," ","R","23","     0.4"," ","R","23","     0.2"," ","R","23","     0.1"," ","R","23","     0.0","X","R","23","     0.0"," ","R","23","     0.0"," ","R","23","     0.0"," ","R","23","     1.9"," ","R","23","     0.9"," ","R","23","     0.4"," ","R","23","     0.2"," ","R","23","     0.1"," ","R","23","     0.0","X","R","23","     0.0"," ","R","23","     0.0"," ","R","23","     1.3"," ","R","23","     1.0"," ","R","23","    31.0"," ","P","23","    16.6"," ","P","23","    11.2"," ","P","23","     5.2"," ","P","23","     1.1"," ","P","23","     0.2"," ","P","23","     0.0"," ","P","23","     0.0"," ","P","23","    0.04"," ","P","23","    0.12"," ","P","23","    0.37"," ","P","23","    0.36"," ","R","20","   35.19"," ","R","20"
"USW00094870","12-06"," 40.0397"," -88.2778"," 229.8","CHAMPAIGN WILLARD AP, IL US","12","06","99","    34.2"," ","R","23","    42.4"," ","R","23","    26.1"," ","S","24","    16.3"," ","R","23","    10.1"," ","R","23","    10.9"," ","R","23","    10.6"," ","S","24","     7.1"," ","R","23","    30.8"," ","R","23","     7.6"," ","R","23","    11.6"," ","R","23","    16.1"," ","R","23","    20.9"," ","R","23","    22.9"," ","R","23","    25.8"," ","R","23","     0.0"," ","R","23","     1.9"," ","R","23","     0.9"," ","R","23","     0.4"," ","R","23","     0.2"," ","R","23","     0.1"," ","R","23","     0.0","X","R","23","     0.0"," ","R","23","     0.0"," ","R","23","     0.0"," ","R","23","     1.9"," ","R","23","     0.9"," ","R","23","     0.4"," ","R","23","     0.2"," ","R","23","     0.1"," ","R","23","     0.0","X","R","23","     0.0"," ","R","23","     0.0"," ","R","23","     1.2"," ","R","23","     1.0"," ","R","23","    31.0"," ","P","23","    16.6"," ","P","23","    11.2"," ","P","23","     5.1"," ","P","23","     1.1"," ","P","23","     0.2"," ","P","23","     0.0"," ","P","23","     0.0"," ","P","23","    0.04"," ","P","23","    0.12"," ","P","23","    0.36"," ","P","23","    0.43"," ","R","20","   35.26"," ","R","20"
"USW00094870","12-07"," 40.0397"," -88.2778"," 229.8","CHAMPAIGN WILLARD AP, IL US","12","07","99","    33.9"," ","R","23","    42.0"," ","R","23","    25.8"," ","S","24","    16.1"," ","R","23","    10.2"," ","R","23","    10.9"," ","R","23","    10.6"," ","S","24","     7.1"," ","R","23","    31.1"," ","R","23","     7.9"," ","R","23","    11.9"," ","R","23","    16.5"," ","R","23","    21.2"," ","R","23","    23.2"," ","R","23","    26.1"," ","R","23","     0.0"," ","R","23","     1.8"," ","R","23","     0.9"," ","R","23","     0.4"," ","R","23","     0.2"," ","R","23","     0.1"," ","R","23","     0.0","X","R","23","     0.0"," ","R","23","     0.0"," ","R","23","     0.0"," ","R","23","     1.8"," ","R","23","     0.9"," ","R","23","     0.4"," ","R","23","     0.2"," ","R","23","     0.1"," ","R","23","     0.0","X","R","23","     0.0"," ","R","23","     0.0"," ","R","23","     1.2"," ","R","23","     0.9"," ","R","23","    31.0"," ","P","23","    16.6"," ","P","23","    11.1"," ","P","23","     5.1"," ","P","23","     1.0"," ","P","23","     0.2"," ","P","23","     0.0"," ","P","23","     0.0"," ","P","23","    0.04"," ","P","23","    0.12"," ","P","23","    0.36"," ","P","23","    0.50"," ","R","20","   35.33"," ","R","20"
"USW00094870","12-08"," 40.0397"," -88.2778"," 229.8","CHAMPAIGN WILLARD AP, IL US","12","08","99","    33.6"," ","R","23","    41.6"," ","R","23","    25.6"," ","S","24","    16.0"," ","R","23","    10.2"," ","R","23","    10.9"," ","R","23","    10.7"," ","S","24","     7.1"," ","R","23","    31.4"," ","R","23","     8.1"," ","R","23","    12.2"," ","R","23","    16.8"," ","R","23","    21.6"," ","R","23","    23.5"," ","R","23","    26.4"," ","R","23","     0.0"," ","R","23","     1.7"," ","R","23","     0.8"," ","R","23","     0.4"," ","R","23","     0.2"," ","R","23","     0.1"," ","R","23","     0.0","X","R","23","     0.0"," ","R","23","     0.0"," ","R","23","     0.0"," ","R","23","     1.7"," ","R","23","     0.8"," ","R","23","     0.4"," ","R","23","     0.2"," ","R","23","     0.1"," ","R","23","     0.0","X","R","23","     0.0"," ","R","23","     0.0"," ","R","23","     1.1"," ","R","23","     0.9"," ","R","23","    31.0"," ","P","23","    16.6"," ","P","23","    11.1"," ","P","23","     5.1"," ","P","23","     1.0"," ","P","23","     0.2"," ","P","23","     0.0"," ","P","23","     0.0"," ","P","23","    0.04"," ","P","23","    0.12"," ","P","23","    0.36"," ","P","23","    0.57"," ","R","20","   35.40"," ","R","20"
"USW00094870","12-09"," 40.0397"," -88.2778"," 229.8","CHAMPAIGN WILLARD AP, IL US","12","09","99","    33.3"," ","R","23","    41.2"," ","R","23","    25.3"," ","S","24","    15.9"," ","R","23","    10.3"," ","R","23","    10.9"," ","R","23","    10.8"," ","S","24","     7.1"," ","R","23","    31.7"," ","R","23","     8.4"," ","R","23","    12.5"," ","R","23","    17.1"," ","R","23","    21.9"," ","R","23","    23.8"," ","R","23","    26.8"," ","R","23","     0.0"," ","R","23","     1.7"," ","R","23","     0.8"," ","R","23","     0.3"," ","R","23","     0.2"," ","R","23","     0.1"," ","R","23","     0.0","X","R","23","     0.0"," ","R","23","     0.0"," ","R","23","     0.0"," ","R","23","     1.7"," ","R","23","     0.8"," ","R","23","     0.3"," ","R","23","     0.2"," ","R","23","     0.1"," ","R","23","     0.0","X","R","23","     0.0"," ","R","23","     0.0"," ","R","23","     1.1"," ","R","23","     0.8"," ","R","23","    31.0"," ","P","23","    16.5"," ","P","23","    11.0"," ","P","23","     5.0"," ","P","23","     1.0"," ","P","23","     0.2"," ","P","23","     0.0"," ","P","23","     0.0"," ","P","23","    0.04"," ","P","23","    0.11"," ","P","23","    0.36"," ","P","23","    0.63"," ","R","20","   35.46"," ","R","20"
"USW00094870","12-10"," 40.0397"," -88.2778"," 229.8","CHAMPAIGN WILLARD AP, IL US","12","10","99","    33.0"," ","R","23","    40.8"," ","R","23","    25.1"," ","S","24","    15.8"," ","R","23","    10.3"," ","R","23","    11.0"," ","R","23","    10.9"," ","S","24","     7.0"," ","R","23","    32.0"," ","R","23","     8.6"," ","R","23","    12.7"," ","R","23","    17.3"," ","R","23","    22.2"," ","R","23","    24.1"," ","R","23","    27.1"," ","R","23","     0.0"," ","R","23","     1.6"," ","R","23","     0.7"," ","R","23","     0.3"," ","R","23","     0.1"," ","R","23","     0.1"," ","R","23","     0.0","X","R","23","     0.0"," ","R","23","     0.0"," ","R","23","     0.0"," ","R","23","     1.6"," ","R","23","     0.7"," ","R","23","     0.3"," ","R","23","     0.1"," ","R","23","     0.1"," ","R","23","     0.0","X","R","23","     0.0"," ","R","23","     0.0"," ","R","23","     1.0"," ","R","23","     0.8"," ","R","23","    31.0"," ","P","23","    16.5"," ","P","23","    10.9"," ","P","23","     5.0"," ","P","23","     0.9"," ","P","23","     0.2"," ","P","23","     0.0"," ","P","23","     0.0"," ","P","23","    0.04"," ","P","23","    0.11"," ","P","23","    0.36"," ","P","23","    0.70"," ","R","20","   35.53"," ","R","20"
"USW00094870","12-11"," 40.0397"," -88.2778"," 229.8","CHAMPAIGN WILLARD AP, IL US","12","11","99","    32.6"," ","R","23","    40.5"," ","R","23","    24.8"," ","S","24","    15.7"," ","R","23","    10.4"," ","R","23","    11.0"," ","R","23","    10.9"," ","S","24","     7.0"," ","R","23","    32.3"," ","R","23","     8.8"," ","R","23","    13.0"," ","R","23","    17.6"," ","R","23","    22.5"," ","R","23","    24.4"," ","R","23","    27.4"," ","R","23","     0.0"," ","R","23","     1.4"," ","R","23","     0.6"," ","R","23","     0.3"," ","R","23","     0.1"," ","R","23","     0.1"," ","R","23","     0.0","X","R","23","     0.0"," ","R","23","     0.0"," ","R","23","     0.0"," ","R","23","     1.4"," ","R","23","     0.6"," ","R","23","     0.3"," ","R","23","     0.1"," ","R","23","     0.1"," ","R","23","     0.0","X","R","23","     0.0"," ","R","23","     0.0"," ","R","23","     0.9"," ","R","23","     0.7"," ","R","23","    31.1"," ","P","23","    16.5"," ","P","23","    10.9"," ","P","23","     4.9"," ","P","23","     0.9"," ","P","23","     0.2"," ","P","23","     0.0"," ","P","23","     0.0"," ","P","23","    0.04"," ","P","23","    0.11"," ","P","23","    0.35"," ","P","23","    0.76"," ","R","20","   35.59"," ","R","20"
"USW00094870","12-12"," 40.0397"," -88.2778"," 229.8","CHAMPAIGN WILLARD AP, IL US","12","12","99","    32.3"," ","R","23","    40.1"," ","R","23","    24.6"," ","S","24","    15.6"," ","R","23","    10.5"," ","R","23","    11.1"," ","R","23","    11.0"," ","S","24","     7.0"," ","R","23","    32.7"," ","R","23","     9.0"," ","R","23","    13.2"," ","R","23","    17.9"," ","R","23","    22.7"," ","R","23","    24.7"," ","R","23","    27.7"," ","R","23","     0.0"," ","R","23","     1.3"," ","R","23","     0.5"," ","R","23","     0.2"," ","R","23","     0.1"," ","R","23","     0.1"," ","R","23","     0.0","X","R","23","     0.0"," ","R","23","     0.0"," ","R","23","     0.0"," ","R","23","     1.3"," ","R","23","     0.5"," ","R","23","     0.2"," ","R","23","     0.1"," ","R","23","     0.1"," ","R","23","     0.0","X","R","23","     0.0"," ","R","23","     0.0"," ","R","23","     0.8"," ","R","23","     0.6"," ","R","23","    31.1"," ","P","23","    16.4"," ","P","23","    10.8"," ","P","23","     4.9"," ","P","23","     0.9"," ","P","23","     0.1"," ","P","23","     0.0"," ","P","23","     0.0"," ","P","23","    0.04"," ","P","23","    0.11"," ","P","23","    0.35"," ","P","23","    0.82"," ","R","20","   35.65"," ","R","20"
"USW00094870","12-13"," 40.0397"," -88.2778"," 229.8","CHAMPAIGN WILLARD AP, IL US","12","13","99","    32.0"," ","R","23","    39.8"," ","R","23","    24.3"," ","S","24","    15.5"," ","R","23","    10.6"," ","R","23","    11.1"," ","R","23","    11.1"," ","S","24","     7.0"," ","R","23","    33.0"," ","R","23","     9.2"," ","R","23","    13.4"," ","R","23","    18.1"," ","R","23","    23.0"," ","R","23","    25.0"," ","R","23","    28.0"," ","R","23","     0.0"," ","R","23","     1.2"," ","R","23","     0.4"," ","R","23","     0.1"," ","R","23","     0.1"," ","R","23","     0.0","X","R","23","     0.0","X","R","23","     0.0"," ","R","23","     0.0"," ","R","23","     0.0"," ","R","23","     1.2"," ","R","23","     0.4"," ","R","23","     0.1"," ","R","23","     0.1"," ","R","23","     0.0","X","R","23","     0.0","X","R","23","     0.0"," ","R","23","     0.0"," ","R","23","     0.7"," ","R","23","     0.5"," ","R","23","    31.1"," ","P","23","    16.4"," ","P","23","    10.7"," ","P","23","     4.8"," ","P","23","     0.8"," ","P","23","     0.1"," ","P","23","     0.0"," ","P","23","     0.0"," ","P","23","    0.04"," ","P","23","    0.11"," ","P","23","    0.35"," ","P","23","    0.89"," ","R","20","   35.72"," ","R","20"
"USW00094870","12-14"," 40.0397"," -88.2778"," 229.8","CHAMPAIGN WILLARD AP, IL US","12","14","99","    31.7"," ","R","23","    39.4"," ","R","23","    24.1"," ","S","24","    15.4"," ","R","23","    10.6"," ","R","23","    11.2"," ","R","23","    11.2"," ","S","24","     6.9"," ","R","23","    33.3"," ","R","23","     9.4"," ","R","23","    13.6"," ","R","23","    18.4"," ","R","23","    23.3"," ","R","23","    25.3"," ","R","23","    28.3"," ","R","23","     0.0"," ","R","23","     1.1"," ","R","23","     0.4"," ","R","23","     0.1"," ","R","23","     0.0","X","R","23","     0.0","X","R","23","     0.0","X","R","23","     0.0"," ","R","23","     0.0"," ","R","23","     0.0"," ","R","23","     1.1"," ","R","23","     0.4"," ","R","23","     0.1"," ","R","23","     0.0","X","R","23","     0.0","X","R","23","     0.0","X","R","23","     0.0"," ","R","23","     0.0"," ","R","23","     0.6"," ","R","23","     0.4"," ","R","23","    31.1"," ","P","23","    16.3"," ","P","23","    10.5"," ","P","23","     4.8"," ","P","23","     0.8"," ","P","23","     0.1"," ","P","23","     0.0"," ","P","23","     0.0"," ","P","23","    0.04"," ","P","23","    0.11"," ","P","23","    0.34"," ","P","23","    0.95"," ","R","20","   35.78"," ","R","20"
"USW00094870","12-15"," 40.0397"," -88.2778"," 229.8","CHAMPAIGN WILLARD AP, IL US","12","15","99","    31.4"," ","R","23","    39.1"," ","R","23","    23.8"," ","S","24","    15.3"," ","R","23","    10.7"," ","R","23","    11.2"," ","R","23","    11.3"," ","S","24","     6.9"," ","R","23","    33.5"," ","R","23","     9.6"," ","R","23","    13.9"," ","R","23","    18.6"," ","R","23","    23.6"," ","R","23","    25.6"," ","R","23","    28.6"," ","R","23","     0.0"," ","R","23","     1.0"," ","R","23","     0.3"," ","R","23","     0.1"," ","R","23","     0.0","X","R","23","     0.0","X","R","23","     0.0","X","R","23","     0.0"," ","R","23","     0.0"," ","R","23","     0.0"," ","R","23","     1.0"," ","R","23","     0.3"," ","R","23","     0.1"," ","R","23","     0.0","X","R","23","     0.0","X","R","23","     0.0","X","R","23","     0.0"," ","R","23","     0.0"," ","R","23","     0.6"," ","R","23","     0.4"," ","R","23","    31.1"," ","P","23","    16.3"," ","P","23","    10.4"," ","P","23","     4.8"," ","P","23","     0.8"," ","P","23","     0.1"," ","P","23","     0.0"," ","P","23","     0.0"," ","P","23","    0.04"," ","P","23","    0.11"," ","P","23","    0.34"," ","P","23","    1.02"," ","R","20","   35.85"," ","R","20"
"USW00094870","12-16"," 40.0397"," -88.2778"," 229.8","CHAMPAIGN WILLARD AP, IL US","12","16","99","    31.2"," ","R","23","    38.8"," ","R","23","    23.6"," ","S","24","    15.2"," ","R","23","    10.8"," ","R","23","    11.3"," ","R","23","    11.4"," ","S","24","     6.9"," ","R","23","    33.8"," ","R","23","     9.8"," ","R","23","    14.1"," ","R","23","    18.9"," ","R","23","    23.9"," ","R","23","    25.9"," ","R","23","    28.8"," ","R","23","     0.0"," ","R","23","     1.0"," ","R","23","     0.3"," ","R","23","     0.1"," ","R","23","     0.0","X","R","23","     0.0","X","R","23","     0.0","X","R","23","     0.0"," ","R","23","     0.0"," ","R","23","     0.0"," ","R","23","     1.0"," ","R","23","     0.3"," ","R","23","     0.1"," ","R","23","     0.0","X","R","23","     0.0","X","R","23","     0.0","X","R","23","     0.0"," ","R","23","     0.0"," ","R","23","     0.6"," ","R","23","     0.4"," ","R","23","    31.1"," ","P","23","    16.2"," ","P","23","    10.3"," ","P","23","     4.7"," ","P","23","     0.8"," ","P","23","     0.1"," ","P","23","     0.0"," ","P","23","     0.0"," ","P","23","    0.04"," ","P","23","    0.11"," ","P","23","    0.34"," ","P","23","    1.08"," ","R","20","   35.91"," ","R","20"
"USW00094870","12-17"," 40.0397"," -88.2778"," 229.8","CHAMPAIGN WILLARD AP, IL US","12","17","99","    30.9"," ","R","23","    38.4"," ","R","23","    23.3"," ","S","24","    15.1"," ","R","23","    10.9"," ","R","23","    11.3"," ","R","23","    11.5"," ","S","24","     6.9"," ","R","23","    34.1"," ","R","23","    10.0"," ","R","23","    14.4"," ","R","23","    19.2"," ","R","23","    24.2"," ","R","23","    26.1"," ","R","23","    29.1"," ","R","23","     0.0"," ","R","23","     0.9"," ","R","23","     0.3"," ","R","23","     0.1"," ","R","23","     0.0","X","R","23","     0.0","X","R","23","     0.0","X","R","23","     0.0"," ","R","23","     0.0"," ","R","23","     0.0"," ","R","23","     0.9"," ","R","23","     0.3"," ","R","23","     0.1"," ","R","23","     0.0","X","R","23","     0.0","X","R","23","     0.0","X","R","23","     0.0"," ","R","23","     0.0"," ","R","23","     0.5"," ","R","23","     0.4"," ","R","23","    31.1"," ","P","23","    16.2"," ","P","23","    10.2"," ","P","23","     4.8"," ","P","23","     0.8"," ","P","23","     0.1"," ","P","23","     0.0"," ","P","23","     0.0"," ","P","23","    0.04"," ","P","23","    0.10"," ","P","23","    0.34"," ","P","23","    1.15"," ","R","20","   35.98"," ","R","20"
"USW00094870","12-18"," 40.0397"," -88.2778"," 229.8","CHAMPAIGN WILLARD AP, IL US","12","18","99","    30.6"," ","R","23","    38.1"," ","R","23","    23.1"," ","S","24","    15.1"," ","R","23","    11.0"," ","R","23","    11.4"," ","R","23","    11.6"," ","S","24","     6.9"," ","R","23","    34.4"," ","R","23","    10.3"," ","R","23","    14.6"," ","R","23","    19.5"," ","R","23","    24.4"," ","R","23","    26.4"," ","R","23","    29.4"," ","R","23","     0.0"," ","R","23","     0.9"," ","R","23","     0.2"," ","R","23","     0.1"," ","R","23","     0.0","X","R","23","     0.0","X","R","23","     0.0","X","R","23","     0.0"," ","R","23","     0.0"," ","R","23","     0.0"," ","R","23","     0.9"," ","R","23","     0.2"," ","R","23","     0.1"," ","R","23","     0.0","X","R","23","     0.0","X","R","23","     0.0","X","R","23","     0.0"," ","R","23","     0.0"," ","R","23","     0.5"," ","R","23","     0.4"," ","R","23","    31.0"," ","P","23","    16.2"," ","P","23","    10.1"," ","P","23","     4.8"," ","P","23","     0.8"," ","P","23","     0.1"," ","P","23","     0.0"," ","P","23","     0.0"," ","P","23","    0.04"," ","P","23","    0.10"," ","P","23","    0.34"," ","P","23","    1.22"," ","R","20","   36.05"," ","R","20"
"USW00094870","12-19"," 40.0397"," -88.2778"," 229.8","CHAMPAIGN WILLARD AP, IL US","12","19","99","    30.3"," ","R","23","    37.8"," ","R","23","    22.8"," ","S","24","    15.0"," ","R","23","    11.1"," ","R","23","    11.5"," ","R","23","    11.8"," ","S","24","     6.9"," ","R","23","    34.7"," ","R","23","    10.5"," ","R","23","    14.9"," ","R","23","    19.7"," ","R","23","    24.7"," ","R","23","    26.7"," ","R","23","    29.7"," ","R","23","     0.0"," ","R","23","     0.8"," ","R","23","     0.2"," ","R","23","     0.1"," ","R","23","     0.0","X","R","23","     0.0","X","R","23","     0.0","X","R","23","     0.0"," ","R","23","     0.0"," ","R","23","     0.0"," ","R","23","     0.8"," ","R","23","     0.2"," ","R","23","     0.1"," ","R","23","     0.0","X","R","23","     0.0","X","R","23","     0.0","X","R","23","     0.0"," ","R","23","     0.0"," ","R","23","     0.5"," ","R","23","     0.3"," ","R","23","    30.9"," ","P","23","    16.1"," ","P","23","    10.0"," ","P","23","     4.8"," ","P","23","     0.9"," ","P","23","     0.1"," ","P","23","     0.0"," ","P","23","     0.0"," ","P","23","    0.03"," ","P","23","    0.10"," ","P","23","    0.33"," ","P","23","    1.29"," ","R","20","   36.12"," ","R","20"
"USW00094870","12-20"," 40.0397"," -88.2778"," 229.8","CHAMPAIGN WILLARD AP, IL US","12","20","99","    30.1"," ","R","23","    37.5"," ","R","23","    22.6"," ","S","24","    15.0"," ","R","23","    11.2"," ","R","23","    11.5"," ","R","23","    11.9"," ","S","24","     6.8"," ","R","23","    34.9"," ","R","23","    10.7"," ","R","23","    15.1"," ","R","23","    20.0"," ","R","23","    25.0"," ","R","23","    27.0"," ","R","23","    29.9"," ","R","23","     0.0"," ","R","23","     0.8"," ","R","23","     0.2"," ","R","23","     0.1"," ","R","23","     0.0","X","R","23","     0.0","X","R","23","     0.0","X","R","23","     0.0"," ","R","23","     0.0"," ","R","23","     0.0"," ","R","23","     0.8"," ","R","23","     0.2"," ","R","23","     0.1"," ","R","23","     0.0","X","R","23","     0.0","X","R","23","     0.0","X","R","23","     0.0"," ","R","23","     0.0"," ","R","23","     0.5"," ","R","23","     0.3"," ","R","23","    30.9"," ","P","23","    16.1"," ","P","23","     9.9"," ","P","23","     4.8"," ","P","23","     0.9"," ","P","23","     0.1"," ","P","23","     0.0"," ","P","23","     0.0"," ","P","23","    0.03"," ","P","23","    0.10"," ","P","23","    0.33"," ","P","23","    1.36"," ","R","20","   36.19"," ","R","20"
"USW00094870","12-21"," 40.0397"," -88.2778"," 229.8","CHAMPAIGN WILLARD AP, IL US","12","21","99","    29.8"," ","R","23","    37.3"," ","R","23","    22.3"," ","S","24","    14.9"," ","R","23","    11.3"," ","R","23","    11.6"," ","R","23","    12.0"," ","S","24","     6.8"," ","R","23","    35.2"," ","R","23","    10.9"," ","R","23","    15.4"," ","R","23","    20.2"," ","R","23","    25.2"," ","R","23","    27.2"," ","R","23","    30.2"," ","R","23","     0.0"," ","R","23","     0.7"," ","R","23","     0.2"," ","R","23","     0.0","X","R","23","     0.0","X","R","23","     0.0","X","R","23","     0.0","X","R","23","     0.0"," ","R","23","     0.0"," ","R","23","     0.0"," ","R","23","     0.7"," ","R","23","     0.2"," ","R","23","     0.0","X","R","23","     0.0","X","R","23","     0.0","X","R","23","     0.0","X","R","23","     0.0"," ","R","23","     0.0"," ","R","23","     0.5"," ","R","23","     0.3"," ","R","23","    30.8"," ","P","23","    16.0"," ","P","23","     9.8"," ","P","23","     4.8"," ","P","23","     0.9"," ","P","23","     0.1"," ","P","23","     0.0"," ","P","23","     0.0"," ","P","23","    0.03"," ","P","23","    0.10"," ","P","23","    0.33"," ","P","23","    1.43"," ","R","20","   36.26"," ","R","20"
"USW00094870","12-22"," 40.0397"," -88.2778"," 229.8","CHAMPAIGN WILLARD AP, IL US","12","22","99","    29.5"," ","R","23","    37.0"," ","R","23","    22.1"," ","S","24","    14.9"," ","R","23","    11.4"," ","R","23","    11.7"," ","R","23","    12.1"," ","S","24","     6.8"," ","R","23","    35.5"," ","R","23","    11.2"," ","R","23","    15.6"," ","R","23","    20.5"," ","R","23","    25.5"," ","R","23","    27.5"," ","R","23","    30.5"," ","R","23","     0.0"," ","R","23","     0.7"," ","R","23","     0.2"," ","R","23","     0.0","X","R","23","     0.0","X","R","23","     0.0","X","R","23","     0.0","X","R","23","     0.0"," ","R","23","     0.0"," ","R","23","     0.0"," ","R","23","     0.7"," ","R","23","     0.2"," ","R","23","     0.0","X","R","23","     0.0","X","R","23","     0.0","X","R","23","     0.0","X","R","23","     0.0"," ","R","23","     0.0"," ","R","23","     0.4"," ","R","23","     0.3"," ","R","23","    30.7"," ","P","23","    16.0"," ","P","23","     9.7"," ","P","23","     4.8"," ","P","23","     0.9"," ","P","23","     0.1"," ","P","23","     0.0"," ","P","23","     0.0"," ","P","23","    0.03"," ","P","23","    0.10"," ","P","23","    0.33"," ","P","23","    1.50"," ","R","20","   36.33"," ","R","20"
"USW00094870","12-23"," 40.0397"," -88.2778"," 229.8","CHAMPAIGN WILLARD AP, IL US","12","23","99","    29.3"," ","R","23","    36.7"," ","R","23","    21.8"," ","S","24","    14.9"," ","R","23","    11.5"," ","R","23","    11.7"," ","R","23","    12.2"," ","S","24","     6.8"," ","R","23","    35.7"," ","R","23","    11.4"," ","R","23","    15.9"," ","R","23","    20.7"," ","R","23","    25.7"," ","R","23","    27.7"," ","R","23","    30.7"," ","R","23","     0.0"," ","R","23","     0.7"," ","R","23","     0.1"," ","R","23","     0.0","X","R","23","     0.0"," ","R","23","     0.0","X","R","23","     0.0","X","R","23","     0.0"," ","R","23","     0.0"," ","R","23","     0.0"," ","R","23","     0.7"," ","R","23","     0.1"," ","R","23","     0.0","X","R","23","     0.0"," ","R","23","     0.0","X","R","23","     0.0","X","R","23","     0.0"," ","R","23","     0.0"," ","R","23","     0.4"," ","R","23","     0.3"," ","R","23","    30.6"," ","P","23","    15.9"," ","P","23","     9.6"," ","P","23","     4.8"," ","P","23","     0.9"," ","P","23","     0.1"," ","P","23","     0.0"," ","P","23","     0.0"," ","P","23","    0.03"," ","P","23","    0.10"," ","P","23","    0.33"," ","P","23","    1.57"," ","R","20","   36.40"," ","R","20"
"USW00094870","12-24"," 40.0397"," -88.2778"," 229.8","CHAMPAIGN WILLARD AP, IL US","12","24","99","    29.0"," ","R","23","    36.5"," ","R","23","    21.6"," ","S","24","    14.9"," ","R","23","    11.5"," ","R","23","    11.8"," ","R","23","    12.3"," ","S","24","     6.8"," ","R","23","    36.0"," ","R","23","    11.6"," ","R","23","    16.1"," ","R","23","    21.0"," ","R","23","    26.0"," ","R","23","    28.0"," ","R","23","    31.0"," ","R","23","     0.0"," ","R","23","     0.7"," ","R","23","     0.2"," ","R","23","     0.0","X","R","23","     0.0","X","R","23","     0.0","X","R","23","     0.0"," ","R","23","     0.0"," ","R","23","     0.0"," ","R","23","     0.0"," ","R","23","     0.7"," ","R","23","     0.2"," ","R","23","     0.0","X","R","23","     0.0","X","R","23","     0.0","X","R","23","     0.0"," ","R","23","     0.0"," ","R","23","     0.0"," ","R","23","     0.4"," ","R","23","     0.3"," ","R","23","    30.4"," ","P","23","    15.8"," ","P","23","     9.4"," ","P","23","     4.8"," ","P","23","     1.0"," ","P","23","     0.1"," ","P","23","     0.0"," ","P","23","     0.0"," ","P","23","    0.03"," ","P","23","    0.10"," ","P","23","    0.32"," ","P","23","    1.64"," ","R","20","   36.47"," ","R","20"
"USW00094870","12-25"," 40.0397"," -88.2778"," 229.8","CHAMPAIGN WILLARD AP, IL US","12","25","99","    28.8"," ","R","23","    36.2"," ","R","23","    21.4"," ","S","24","    14.9"," ","R","23","    11.6"," ","R","23","    11.8"," ","R","23","    12.3"," ","S","24","     6.8"," ","R","23","    36.2"," ","R","23","    11.9"," ","R","23","    16.4"," ","R","23","    21.2"," ","R","23","    26.2"," ","R","23","    28.2"," ","R","23","    31.2"," ","R","23","     0.0"," ","R","23","     0.7"," ","R","23","     0.2"," ","R","23","     0.0","X","R","23","     0.0","X","R","23","     0.0","X","R","23","     0.0"," ","R","23","     0.0"," ","R","23","     0.0"," ","R","23","     0.0"," ","R","23","     0.7"," ","R","23","     0.2"," ","R","23","     0.0","X","R","23","     0.0","X","R","23","     0.0","X","R","23","     0.0"," ","R","23","     0.0"," ","R","23","     0.0"," ","R","23","     0.4"," ","R","23","     0.3"," ","R","23","    30.3"," ","P","23","    15.7"," ","P","23","     9.3"," ","P","23","     4.8"," ","P","23","     1.0"," ","P","23","     0.1"," ","P","23","     0.0"," ","P","23","     0.0"," ","P","23","    0.03"," ","P","23","    0.10"," ","P","23","    0.32"," ","P","23","    1.71"," ","R","20","   36.54"," ","R","20"
"USW00094870","12-26"," 40.0397"," -88.2778"," 229.8","CHAMPAIGN WILLARD AP, IL US","12","26","99","    28.6"," ","R","23","    36.0"," ","R","23","    21.1"," ","S","24","    14.9"," ","R","23","    11.7"," ","R","23","    11.9"," ","R","23","    12.4"," ","S","24","     6.9"," ","R","23","    36.4"," ","R","23","    12.2"," ","R","23","    16.6"," ","R","23","    21.5"," ","R","23","    26.4"," ","R","23","    28.4"," ","R","23","    31.4"," ","R","23","     0.0"," ","R","23","     0.7"," ","R","23","     0.2"," ","R","23","     0.0","X","R","23","     0.0","X","R","23","     0.0","X","R","23","     0.0"," ","R","23","     0.0"," ","R","23","     0.0"," ","R","23","     0.0"," ","R","23","     0.7"," ","R","23","     0.2"," ","R","23","     0.0","X","R","23","     0.0","X","R","23","     0.0","X","R","23","     0.0"," ","R","23","     0.0"," ","R","23","     0.0"," ","R","23","     0.5"," ","R","23","     0.3"," ","R","23","    30.2"," ","P","23","    15.7"," ","P","23","     9.3"," ","P","23","     4.8"," ","P","23","     1.0"," ","P","23","     0.2"," ","P","23","     0.0"," ","P","23","     0.0"," ","P","23","    0.03"," ","P","23","    0.10"," ","P","23","    0.32"," ","P","23","    1.78"," ","R","20","   36.61"," ","R","20"
"USW00094870","12-27"," 40.0397"," -88.2778"," 229.8","CHAMPAIGN WILLARD AP, IL US","12","27","99","    28.3"," ","R","23","    35.8"," ","R","23","    20.9"," ","S","24","    14.9"," ","R","23","    11.7"," ","R","23","    11.9"," ","R","23","    12.5"," ","S","24","     6.9"," ","R","23","    36.7"," ","R","23","    12.4"," ","R","23","    16.9"," ","R","23","    21.7"," ","R","23","    26.7"," ","R","23","    28.7"," ","R","23","    31.7"," ","R","23","     0.0"," ","R","23","     0.7"," ","R","23","     0.2"," ","R","23","     0.1"," ","R","23","     0.0","X","R","23","     0.0","X","R","23","     0.0"," ","R","23","     0.0"," ","R","23","     0.0"," ","R","23","     0.0"," ","R","23","     0.7"," ","R","23","     0.2"," ","R","23","     0.1"," ","R","23","     0.0","X","R","23","     0.0","X","R","23","     0.0"," ","R","23","     0.0"," ","R","23","     0.0"," ","R","23","     0.5"," ","R","23","     0.3"," ","R","23","    30.1"," ","P","22","    15.6"," ","P","22","     9.2"," ","P","22","     4.8"," ","P","22","     1.1"," ","P","22","     0.1"," ","P","22","     0.0"," ","P","22","     0.0"," ","P","22","    0.03"," ","P","22","    0.10"," ","P","22","    0.32"," ","P","22","    1.85"," ","R","20","   36.68"," ","R","20"
"USW00094870","12-28"," 40.0397"," -88.2778"," 229.8","CHAMPAIGN WILLARD AP, IL US","12","28","99","    28.1"," ","R","23","    35.6"," ","R","23","    20.6"," ","S","24","    14.9"," ","R","23","    11.7"," ","R","23","    11.9"," ","R","23","    12.5"," ","S","24","     6.9"," ","R","23","    36.9"," ","R","23","    12.7"," ","R","23","    17.1"," ","R","23","    22.0"," ","R","23","    26.9"," ","R","23","    28.9"," ","R","23","    31.9"," ","R","23","     0.0"," ","R","23","     0.8"," ","R","23","     0.2"," ","R","23","     0.1"," ","R","23","     0.0","X","R","23","     0.0","X","R","23","     0.0","X","R","23","     0.0"," ","R","23","     0.0"," ","R","23","     0.0"," ","R","23","     0.8"," ","R","23","     0.2"," ","R","23","     0.1"," ","R","23","     0.0","X","R","23","     0.0","X","R","23","     0.0","X","R","23","     0.0"," ","R","23","     0.0"," ","R","23","     0.5"," ","R","23","     0.3"," ","R","23","    29.9"," ","P","22","    15.5"," ","P","22","     9.1"," ","P","22","     4.8"," ","P","22","     1.1"," ","P","22","     0.1"," ","P","22","     0.0"," ","P","22","     0.0"," ","P","22","    0.03"," ","P","22","    0.10"," ","P","22","    0.32"," ","P","22","    1.92"," ","R","20","   36.75"," ","R","20"
"USW00094870","12-29"," 40.0397"," -88.2778"," 229.8","CHAMPAIGN WILLARD AP, IL US","12","29","99","    27.9"," ","R","23","    35.4"," ","R","23","    20.4"," ","S","24","    15.0"," ","R","23","    11.8"," ","R","23","    12.0"," ","R","23","    12.6"," ","S","24","     6.9"," ","R","23","    37.1"," ","R","23","    12.9"," ","R","23","    17.4"," ","R","23","    22.2"," ","R","23","    27.1"," ","R","23","    29.1"," ","R","23","    32.1"," ","R","23","     0.0"," ","R","23","     0.8"," ","R","23","     0.3"," ","R","23","     0.1"," ","R","23","     0.0","X","R","23","     0.0","X","R","23","     0.0","X","R","23","     0.0"," ","R","23","     0.0"," ","R","23","     0.0"," ","R","23","     0.8"," ","R","23","     0.3"," ","R","23","     0.1"," ","R","23","     0.0","X","R","23","     0.0","X","R","23","     0.0","X","R","23","     0.0"," ","R","23","     0.0"," ","R","23","     0.5"," ","R","23","     0.3"," ","R","23","    29.8"," ","P","22","    15.4"," ","P","22","     9.0"," ","P","22","     4.8"," ","P","22","     1.1"," ","P","22","     0.1"," ","P","22","     0.0"," ","P","22","     0.0"," ","P","22","    0.03"," ","P","22","    0.10"," ","P","22","    0.32"," ","P","22","    1.99"," ","R","20","   36.82"," ","R","20"
"USW00094870","12-30"," 40.0397"," -88.2778"," 229.8","CHAMPAIGN WILLARD AP, IL US","12","30","99","    27.7"," ","R","23","    35.2"," ","R","23","    20.2"," ","S","24","    15.0"," ","R","23","    11.8"," ","R","23","    12.0"," ","R","23","    12.6"," ","S","24","     7.0"," ","R","23","    37.3"," ","R","23","    13.1"," ","R","23","    17.6"," ","R","23","    22.4"," ","R","23","    27.3"," ","R","23","    29.3"," ","R","23","    32.3"," ","R","23","     0.0"," ","R","23","     0.8"," ","R","23","     0.3"," ","R","23","     0.1"," ","R","23","     0.0","X","R","23","     0.0","X","R","23","     0.0","X","R","23","     0.0"," ","R","23","     0.0"," ","R","23","     0.0"," ","R","23","     0.8"," ","R","23","     0.3"," ","R","23","     0.1"," ","R","23","     0.0","X","R","23","     0.0","X","R","23","     0.0","X","R","23","     0.0"," ","R","23","     0.0"," ","R","23","     0.5"," ","R","23","     0.4"," ","R","23","    29.7"," ","P","22","    15.2"," ","P","22","     8.9"," ","P","22","     4.8"," ","P","22","     1.1"," ","P","22","     0.1"," ","P","22","     0.0"," ","P","22","     0.0"," ","P","22","    0.03"," ","P","22","    0.10"," ","P","22","    0.31"," ","P","22","    2.07"," ","R","20","   36.90"," ","R","20"
"USW00094870","12-31"," 40.0397"," -88.2778"," 229.8","CHAMPAIGN WILLARD AP, IL US","12","31","99","    27.5"," ","R","23","    35.0"," ","R","23","    20.0"," ","S","24","    15.0"," ","R","23","    11.8"," ","R","23","    12.0"," ","R","23","    12.7"," ","S","24","     7.0"," ","R","23","    37.5"," ","R","23","    13.4"," ","R","23","    17.8"," ","R","23","    22.6"," ","R","23","    27.5"," ","R","23","    29.5"," ","R","23","    32.5"," ","R","23","     0.0"," ","R","23","     0.9"," ","R","23","     0.3"," ","R","23","     0.1"," ","R","23","     0.0","X","R","23","     0.0","X","R","23","     0.0","X","R","23","     0.0"," ","R","23","     0.0"," ","R","23","     0.0"," ","R","23","     0.9"," ","R","23","     0.3"," ","R","23","     0.1"," ","R","23","     0.0","X","R","23","     0.0","X","R","23","     0.0","X","R","23","     0.0"," ","R","23","     0.0"," ","R","23","     0.5"," ","R","23","     0.4"," ","R","23","    29.6"," ","P","22","    15.1"," ","P","22","     8.8"," ","P","22","     4.8"," ","P","22","     1.1"," ","P","22","     0.1"," ","P","22","     0.0"," ","P","22","     0.0"," ","P","22","    0.03"," ","P","22","    0.10"," ","P","22","    0.31"," ","P","22","    2.14"," ","R","20","   36.97"," ","R","20"
