date,value
1963-12-28,3409
1963-12-29,3409.2
1963-12-30,3409.4
1963-12-31,3409.6
1964-01-01,3409.8
1964-01-02,3410
1964-01-03,3410.2
1964-01-04,3410.4
1964-01-05,3410.6
1964-01-06,3410.8
1964-01-07,3411
1964-01-08,3411.2
1964-01-09,3411.3
1964-01-10,3411.5
1964-01-11,3411.7
1964-01-12,3411.8
1964-01-13,3411.9
1964-01-14,3412
1964-01-15,3412
1964-01-16,3412.1
1964-01-17,3412.2
1964-01-18,3412.3
1964-01-19,3412.4
1964-01-20,3412.5
1964-01-21,3412.7
1964-01-22,3412.9
1964-01-23,3413.1
1964-01-24,3413.3
1964-01-25,3413.5
1964-01-26,3413.7
1964-01-27,3414
1964-01-28,3414.2
1964-01-29,3414.4
1964-01-30,3414.5
1964-01-31,3414.6
1964-02-01,3414.6
1964-02-02,3414.6
1964-02-03,3414.6
1964-02-04,3414.6
1964-02-05,3414.5
1964-02-06,3414.5
1964-02-07,3414.5
1964-02-08,3414.5
1964-02-09,3414.5
1964-02-10,3414.4
1964-02-11,3414.4
1964-02-12,3414.4
1964-02-13,3414.4
1964-02-14,3414.4
1964-02-15,3414.4
1964-02-16,3414.4
1964-02-17,3414.5
1964-02-18,3414.5
1964-02-19,3414.5
1964-02-20,3414.5
1964-02-21,3414.5
1964-02-22,3414.5
1964-02-23,3414.5
1964-02-24,3414.6
1964-02-25,3414.6
1964-02-26,3414.7
1964-02-27,3414.7
1964-02-28,3414.8
1964-02-29,3414.8
1964-03-01,3414.8
1964-03-02,3414.8
1964-03-03,3414.8
1964-03-04,3414.8
1964-03-05,3414.8
1964-03-06,3414.8
1964-03-07,3414.8
1964-03-08,3414.8
1964-03-09,3414.8
1964-03-10,3414.9
1964-03-11,3414.9
1964-03-12,3414.9
1964-03-13,3414.9
1964-03-14,3414.9
1964-03-15,3414.9
1964-03-16,3414.9
1964-03-17,3414.9
1964-03-18,3414.9
1964-03-19,3414.9
1964-03-20,3414.9
1964-03-21,3414.9
1964-03-22,3414.9
1964-03-23,3414.9
1964-03-24,3414.9
1964-03-25,3414.9
1964-03-26,3414.9
1964-03-27,3414.6
1964-03-28,3413.6
1964-03-29,3412.8
1964-03-30,3411.8
1964-03-31,3410.8
1964-04-01,3409.9
1964-04-02,3409.1
1964-04-03,3408.4
1964-04-04,3407.7
1964-04-05,3407
1964-04-06,3407
1964-04-07,3406.8
1964-04-08,3406.4
1964-04-09,3406.1
1964-04-10,3406
1964-04-11,3405.3
1964-04-12,3405
1964-04-13,3404.6
1964-04-14,3404.2
1964-04-15,3403.8
1964-04-16,3403.2
1964-04-17,3402.7
1964-04-18,3402.3
1964-04-19,3402
1964-04-20,3401.7
1964-04-21,3401.4
1964-04-22,3401.2
1964-04-23,3401
1964-04-24,3400.8
1964-04-25,3400.5
1964-04-26,3400.3
1964-04-27,3400.2
1964-04-28,3399.8
1964-04-29,3399
1964-04-30,3398.2
1964-05-01,3397.4
1964-05-02,3396.7
1964-05-03,3396.5
1964-05-04,3396.1
1964-05-05,3395.8
1964-05-06,3395.6
1964-05-07,3395.4
1964-05-08,3395.1
1964-05-09,3394.8
1964-05-10,3394.6
1964-05-11,3394.5
1964-05-12,3395
1964-05-13,3395.5
1964-05-14,3395.9
1964-05-15,3396.4
1964-05-16,3397
1964-05-17,3397.5
1964-05-18,3398.5
1964-05-19,3399.9
1964-05-20,3401.7
1964-05-21,3404
1964-05-22,3406.7
1964-05-23,3409.6
1964-05-24,3413
1964-05-25,3416.2
1964-05-26,3419.4
1964-05-27,3422.6
1964-05-28,3425.8
1964-05-29,3429
1964-05-30,3432
1964-05-31,3434.7
1964-06-01,3436.8
1964-06-02,3438.7
1964-06-03,3440.3
1964-06-04,3441.8
1964-06-05,3443.1
1964-06-06,3444.3
1964-06-07,3445.5
1964-06-08,3446.7
1964-06-09,3448
1964-06-10,3449.5
1964-06-11,3451.28
1964-06-12,3452.86
1964-06-13,3454.29
1964-06-14,3455.78
1964-06-15,3457.22
1964-06-16,3458.53
1964-06-17,3459.72
1964-06-18,3460.92
1964-06-19,3462.12
1964-06-20,3463.3
1964-06-21,3464.53
1964-06-22,3465.63
1964-06-23,3466.53
1964-06-24,3467.45
1964-06-25,3468.31
1964-06-26,3469.08
1964-06-27,3469.79
1964-06-28,3470.51
1964-06-29,3471.25
1964-06-30,3471.98
1964-07-01,3472.72
1964-07-02,3473.48
1964-07-03,3474.2
1964-07-04,3474.83
1964-07-05,3475.5
1964-07-06,3476.12
1964-07-07,3476.68
1964-07-08,3477.21
1964-07-09,3477.67
1964-07-10,3478.08
1964-07-11,3478.49
1964-07-12,3478.88
1964-07-13,3479.26
1964-07-14,3479.59
1964-07-15,3479.96
1964-07-16,3480.33
1964-07-17,3480.65
1964-07-18,3480.96
1964-07-19,3481.22
1964-07-20,3481.51
1964-07-21,3481.81
1964-07-22,3482.1
1964-07-23,3482.3
1964-07-24,3482.54
1964-07-25,3482.76
1964-07-26,3482.94
1964-07-27,3483.12
1964-07-28,3483.42
1964-07-29,3483.69
1964-07-30,3483.92
1964-07-31,3484.15
1964-08-01,3484.44
1964-08-02,3484.82
1964-08-03,3485.44
1964-08-04,3486.06
1964-08-05,3486.58
1964-08-06,3486.99
1964-08-07,3487.35
1964-08-08,3487.66
1964-08-09,3487.92
1964-08-10,3488.16
1964-08-11,3488.34
1964-08-12,3488.55
1964-08-13,3488.76
1964-08-14,3489.1
1964-08-15,3489.8
1964-08-16,3490.18
1964-08-17,3490.18
1964-08-18,3490.35
1964-08-19,3490.36
1964-08-20,3490.37
1964-08-21,3490.37
1964-08-22,3490.34
1964-08-23,3490.3
1964-08-24,3490.25
1964-08-25,3490.2
1964-08-26,3490.17
1964-08-27,3490.18
1964-08-28,3490.25
1964-08-29,3490.22
1964-08-30,3490.21
1964-08-31,3490.28
1964-09-01,3490.28
1964-09-02,3490.23
1964-09-03,3490.23
1964-09-04,3490.22
1964-09-05,3490.22
1964-09-06,3490.21
1964-09-07,3490.2
1964-09-08,3490.2
1964-09-09,3490.2
1964-09-10,3490.2
1964-09-11,3490.21
1964-09-12,3490.22
1964-09-13,3490.2
1964-09-14,3490.21
1964-09-15,3490.24
1964-09-16,3490.24
1964-09-17,3490.25
1964-09-18,3490.25
1964-09-19,3490.24
1964-09-20,3490.24
1964-09-21,3490.99
1964-09-22,3491.09
1964-09-23,3491.16
1964-09-24,3491.3
1964-09-25,3491.4
1964-09-26,3491.49
1964-09-27,3491.61
1964-09-28,3491.72
1964-09-29,3491.72
1964-09-30,3491.69
1964-10-01,3491.69
1964-10-02,3491.67
1964-10-03,3491.66
1964-10-04,3491.62
1964-10-05,3491.6
1964-10-06,3491.58
1964-10-07,3491.61
1964-10-08,3491.63
1964-10-09,3491.67
1964-10-10,3491.69
1964-10-11,3491.6
1964-10-12,3491.61
1964-10-13,3491.61
1964-10-14,3491.6
1964-10-15,3491.61
1964-10-16,3491.57
1964-10-17,3491.64
1964-10-18,3491.65
1964-10-19,3491.64
1964-10-20,3491.67
1964-10-21,3491.69
1964-10-22,3491.7
1964-10-23,3491.72
1964-10-24,3491.75
1964-10-25,3491.77
1964-10-26,3491.79
1964-10-27,3491.77
1964-10-28,3491.82
1964-10-29,3491.81
1964-10-30,3491.92
1964-10-31,3491.91
1964-11-01,3491.94
1964-11-02,3491.97
1964-11-03,3491.93
1964-11-04,3491.86
1964-11-05,3491.89
1964-11-06,3491.93
1964-11-07,3491.91
1964-11-08,3491.87
1964-11-09,3491.77
1964-11-10,3491.83
1964-11-11,3491.74
1964-11-12,3491.63
1964-11-13,3491.59
1964-11-14,3491.55
1964-11-15,3491.6
1964-11-16,3491.5
1964-11-17,3491.45
1964-11-18,3491.42
1964-11-19,3491.43
1964-11-20,3491.44
1964-11-21,3491.45
1964-11-22,3491.46
1964-11-23,3491.45
1964-11-24,3491.47
1964-11-25,3491.47
1964-11-26,3491.42
1964-11-27,3491.44
1964-11-28,3491.41
1964-11-29,3491.46
1964-11-30,3491.47
1964-12-01,3491.48
1964-12-02,3491.54
1964-12-03,3491.59
1964-12-04,3491.58
1964-12-05,3491.61
1964-12-06,3491.64
1964-12-07,3491.65
1964-12-08,3491.65
1964-12-09,3491.67
1964-12-10,3491.67
1964-12-11,3491.58
1964-12-12,3491.65
1964-12-13,3491.55
1964-12-14,3491.57
1964-12-15,3491.53
1964-12-16,3491.52
1964-12-17,3491.42
1964-12-18,3491.27
1964-12-19,3491.14
1964-12-20,3491
1964-12-21,3490.94
1964-12-22,3490.91
1964-12-23,3490.99
1964-12-24,3491.07
1964-12-25,3491.41
1964-12-26,3491.64
1964-12-27,3491.84
1964-12-28,3491.99
1964-12-29,3491.99
1964-12-30,3491.93
1964-12-31,3491.94
1965-01-01,3491.95
1965-01-02,3491.97
1965-01-03,3491.89
1965-01-04,3491.85
1965-01-05,3491.77
1965-01-06,3491.73
1965-01-07,3491.65
1965-01-08,3491.62
1965-01-09,3491.64
1965-01-10,3491.69
1965-01-11,3491.72
1965-01-12,3491.75
1965-01-13,3491.75
1965-01-14,3491.75
1965-01-15,3491.71
1965-01-16,3491.74
1965-01-17,3491.75
1965-01-18,3491.74
1965-01-19,3491.71
1965-01-20,3491.66
1965-01-21,3491.75
1965-01-22,3491.75
1965-01-23,3491.75
1965-01-24,3491.71
1965-01-25,3491.64
1965-01-26,3491.6
1965-01-27,3491.56
1965-01-28,3491.57
1965-01-29,3491.52
1965-01-30,3491.49
1965-01-31,3491.41
1965-02-01,3491.43
1965-02-02,3491.47
1965-02-03,3491.55
1965-02-04,3491.6
1965-02-05,3491.66
1965-02-06,3491.66
1965-02-07,3491.74
1965-02-08,3491.8
1965-02-09,3491.84
1965-02-10,3491.94
1965-02-11,3491.92
1965-02-12,3491.75
1965-02-13,3491.55
1965-02-14,3491.37
1965-02-15,3491.16
1965-02-16,3491.1
1965-02-17,3491.02
1965-02-18,3491.07
1965-02-19,3491.17
1965-02-20,3491.16
1965-02-21,3491.15
1965-02-22,3491.21
1965-02-23,3491.34
1965-02-24,3491.35
1965-02-25,3491.46
1965-02-26,3491.59
1965-02-27,3491.74
1965-02-28,3491.91
1965-03-01,3491.94
1965-03-02,3491.9
1965-03-03,3491.57
1965-03-04,3491.32
1965-03-05,3491.41
1965-03-06,3491.52
1965-03-07,3491.58
1965-03-08,3491.62
1965-03-09,3491.67
1965-03-10,3491.78
1965-03-11,3491.85
1965-03-12,3491.94
1965-03-13,3492.01
1965-03-14,3492.05
1965-03-15,3492.1
1965-03-16,3491.58
1965-03-17,3490.95
1965-03-18,3490.76
1965-03-19,3490.83
1965-03-20,3490.92
1965-03-21,3491.03
1965-03-22,3491.1
1965-03-23,3491.1
1965-03-24,3491.17
1965-03-25,3491.22
1965-03-26,3491.32
1965-03-27,3491.51
1965-03-28,3491.69
1965-03-29,3491.75
1965-03-30,3491.82
1965-03-31,3491.88
1965-04-01,3491.93
1965-04-02,3491.85
1965-04-03,3491.83
1965-04-04,3491.85
1965-04-05,3491.9
1965-04-06,3491.85
1965-04-07,3492.03
1965-04-08,3492.24
1965-04-09,3492.5
1965-04-10,3492.08
1965-04-11,3491.25
1965-04-12,3491.09
1965-04-13,3491.3
1965-04-14,3491.38
1965-04-15,3491.42
1965-04-16,3491.28
1965-04-17,3491.21
1965-04-18,3491.24
1965-04-19,3491.23
1965-04-20,3491.24
1965-04-21,3491.57
1965-04-22,3491.84
1965-04-23,3491.67
1965-04-24,3491.55
1965-04-25,3491.5
1965-04-26,3491.46
1965-04-27,3491.42
1965-04-28,3491.32
1965-04-29,3491.06
1965-04-30,3490.91
1965-05-01,3490.97
1965-05-02,3491.06
1965-05-03,3491.35
1965-05-04,3491.18
1965-05-05,3491.7
1965-05-06,3491.65
1965-05-07,3491.54
1965-05-08,3491.27
1965-05-09,3491.22
1965-05-10,3491.38
1965-05-11,3491.16
1965-05-12,3491.35
1965-05-13,3491.49
1965-05-14,3491.38
1965-05-15,3491.53
1965-05-16,3491.46
1965-05-17,3491.47
1965-05-18,3491.74
1965-05-19,3491.99
1965-05-20,3492.31
1965-05-21,3492.41
1965-05-22,3492.57
1965-05-23,3492.71
1965-05-24,3492.83
1965-05-25,3493.22
1965-05-26,3493.28
1965-05-27,3493.15
1965-05-28,3492.92
1965-05-29,3492.48
1965-05-30,3492.18
1965-05-31,3491.82
1965-06-01,3492
1965-06-02,3492.05
1965-06-03,3491.93
1965-06-04,3492.01
1965-06-05,3492.06
1965-06-06,3491.86
1965-06-07,3491.65
1965-06-08,3491.54
1965-06-09,3491.62
1965-06-10,3491.82
1965-06-11,3492.03
1965-06-12,3492.05
1965-06-13,3492.21
1965-06-14,3492.69
1965-06-15,3493.64
1965-06-16,3495.15
1965-06-17,3496.52
1965-06-18,3497.83
1965-06-19,3498.9
1965-06-20,3499.88
1965-06-21,3500.77
1965-06-22,3501.63
1965-06-23,3502.53
1965-06-24,3503.21
1965-06-25,3503.91
1965-06-26,3505.2
1965-06-27,3506.97
1965-06-28,3508.55
1965-06-29,3509.79
1965-06-30,3510.85
1965-07-01,3511.83
1965-07-02,3512.81
1965-07-03,3513.68
1965-07-04,3514.6
1965-07-05,3515.48
1965-07-06,3516.35
1965-07-07,3517.25
1965-07-08,3518.16
1965-07-09,3519.04
1965-07-10,3519.97
1965-07-11,3520.81
1965-07-12,3521.55
1965-07-13,3522.32
1965-07-14,3523.05
1965-07-15,3523.82
1965-07-16,3524.41
1965-07-17,3524.91
1965-07-18,3525.61
1965-07-19,3526.09
1965-07-20,3526.54
1965-07-21,3527.07
1965-07-22,3527.54
1965-07-23,3528.02
1965-07-24,3528.4
1965-07-25,3528.72
1965-07-26,3529.17
1965-07-27,3529.55
1965-07-28,3529.97
1965-07-29,3530.38
1965-07-30,3530.72
1965-07-31,3530.91
1965-08-01,3531.19
1965-08-02,3531.53
1965-08-03,3532.06
1965-08-04,3532.73
1965-08-05,3533.06
1965-08-06,3533.25
1965-08-07,3533.48
1965-08-08,3533.67
1965-08-09,3533.8
1965-08-10,3533.9
1965-08-11,3533.8
1965-08-12,3533.83
1965-08-13,3533.76
1965-08-14,3533.65
1965-08-15,3533.64
1965-08-16,3533.61
1965-08-17,3533.51
1965-08-18,3533.37
1965-08-19,3533.28
1965-08-20,3533.19
1965-08-21,3533.08
1965-08-22,3532.92
1965-08-23,3532.78
1965-08-24,3532.63
1965-08-25,3532.41
1965-08-26,3532.19
1965-08-27,3531.97
1965-08-28,3531.73
1965-08-29,3531.64
1965-08-30,3531.39
1965-08-31,3531.34
1965-09-01,3531.22
1965-09-02,3531.02
1965-09-03,3530.8
1965-09-04,3530.7
1965-09-05,3530.64
1965-09-06,3530.44
1965-09-07,3530.35
1965-09-08,3530.14
1965-09-09,3530.06
1965-09-10,3529.98
1965-09-11,3529.85
1965-09-12,3529.75
1965-09-13,3529.63
1965-09-14,3529.59
1965-09-15,3529.5
1965-09-16,3529.49
1965-09-17,3529.34
1965-09-18,3529.31
1965-09-19,3529.26
1965-09-20,3529.19
1965-09-21,3529.27
1965-09-22,3529.36
1965-09-23,3529.53
1965-09-24,3529.67
1965-09-25,3529.78
1965-09-26,3529.85
1965-09-27,3529.93
1965-09-28,3529.98
1965-09-29,3530.07
1965-09-30,3530.12
1965-10-01,3530.19
1965-10-02,3530.41
1965-10-03,3530.61
1965-10-04,3530.75
1965-10-05,3530.8
1965-10-06,3530.83
1965-10-07,3530.84
1965-10-08,3530.92
1965-10-09,3530.95
1965-10-10,3530.99
1965-10-11,3531.05
1965-10-12,3531.08
1965-10-13,3531.02
1965-10-14,3530.98
1965-10-15,3530.96
1965-10-16,3531.13
1965-10-17,3531.17
1965-10-18,3531.25
1965-10-19,3531.3
1965-10-20,3531.3
1965-10-21,3531.34
1965-10-22,3531.36
1965-10-23,3531.4
1965-10-24,3531.43
1965-10-25,3531.43
1965-10-26,3531.47
1965-10-27,3531.44
1965-10-28,3531.47
1965-10-29,3531.5
1965-10-30,3531.54
1965-10-31,3531.57
1965-11-01,3531.57
1965-11-02,3531.52
1965-11-03,3531.5
1965-11-04,3531.47
1965-11-05,3531.45
1965-11-06,3531.43
1965-11-07,3531.44
1965-11-08,3531.38
1965-11-09,3531.33
1965-11-10,3531.25
1965-11-11,3531.21
1965-11-12,3531.17
1965-11-13,3531.24
1965-11-14,3531.25
1965-11-15,3531.3
1965-11-16,3531.34
1965-11-17,3531.3
1965-11-18,3531.26
1965-11-19,3531.27
1965-11-20,3531.31
1965-11-21,3531.4
1965-11-22,3531.49
1965-11-23,3531.58
1965-11-24,3531.69
1965-11-25,3531.83
1965-11-26,3532.01
1965-11-27,3532.21
1965-11-28,3532.36
1965-11-29,3532.45
1965-11-30,3532.56
1965-12-01,3532.64
1965-12-02,3532.67
1965-12-03,3532.72
1965-12-04,3532.8
1965-12-05,3532.92
1965-12-06,3533
1965-12-07,3533.04
1965-12-08,3533.08
1965-12-09,3533.09
1965-12-10,3533.24
1965-12-11,3533.43
1965-12-12,3533.43
1965-12-13,3533.57
1965-12-14,3533.66
1965-12-15,3533.74
1965-12-16,3533.85
1965-12-17,3533.88
1965-12-18,3533.95
1965-12-19,3534.02
1965-12-20,3534.03
1965-12-21,3533.96
1965-12-22,3533.98
1965-12-23,3533.96
1965-12-24,3534.02
1965-12-25,3534.16
1965-12-26,3534.37
1965-12-27,3534.42
1965-12-28,3534.42
1965-12-29,3534.43
1965-12-30,3534.48
1965-12-31,3534.63
1966-01-01,3534.89
1966-01-02,3535.12
1966-01-03,3535.22
1966-01-04,3535.29
1966-01-05,3535.4
1966-01-06,3535.4
1966-01-07,3535.44
1966-01-08,3535.48
1966-01-09,3535.62
1966-01-10,3535.69
1966-01-11,3535.72
1966-01-12,3535.78
1966-01-13,3535.86
1966-01-14,3535.92
1966-01-15,3536
1966-01-16,3536.12
1966-01-17,3536.18
1966-01-18,3536.21
1966-01-19,3536.14
1966-01-20,3536.09
1966-01-21,3536
1966-01-22,3536.01
1966-01-23,3536.06
1966-01-24,3535.96
1966-01-25,3535.88
1966-01-26,3535.76
1966-01-27,3535.64
1966-01-28,3535.52
1966-01-29,3535.41
1966-01-30,3535.37
1966-01-31,3535.21
1966-02-01,3535.11
1966-02-02,3535.06
1966-02-03,3534.98
1966-02-04,3534.9
1966-02-05,3534.81
1966-02-06,3534.82
1966-02-07,3534.79
1966-02-08,3534.78
1966-02-09,3534.72
1966-02-10,3534.64
1966-02-11,3534.48
1966-02-12,3534.35
1966-02-13,3534.3
1966-02-14,3534.19
1966-02-15,3534.09
1966-02-16,3533.94
1966-02-17,3533.9
1966-02-18,3533.89
1966-02-19,3533.95
1966-02-20,3534.06
1966-02-21,3534.11
1966-02-22,3534.18
1966-02-23,3534.19
1966-02-24,3534.25
1966-02-25,3534.3
1966-02-26,3534.3
1966-02-27,3534.39
1966-02-28,3534.34
1966-03-01,3534.29
1966-03-02,3534.16
1966-03-03,3534.08
1966-03-04,3533.99
1966-03-05,3533.9
1966-03-06,3533.95
1966-03-07,3533.87
1966-03-08,3533.76
1966-03-09,3533.68
1966-03-10,3533.62
1966-03-11,3533.59
1966-03-12,3533.63
1966-03-13,3533.83
1966-03-14,3533.97
1966-03-15,3534.2
1966-03-16,3534.48
1966-03-17,3534.67
1966-03-18,3534.93
1966-03-19,3535.27
1966-03-20,3535.61
1966-03-21,3536.11
1966-03-22,3535.96
1966-03-23,3536.13
1966-03-24,3536.21
1966-03-25,3536.26
1966-03-26,3536.38
1966-03-27,3536.46
1966-03-28,3536.53
1966-03-29,3536.5
1966-03-30,3536.56
1966-03-31,3536.73
1966-04-01,3536.87
1966-04-02,3537.1
1966-04-03,3537.24
1966-04-04,3537.44
1966-04-05,3537.71
1966-04-06,3537.92
1966-04-07,3538.07
1966-04-08,3538.21
1966-04-09,3538.35
1966-04-10,3538.48
1966-04-11,3538.57
1966-04-12,3538.63
1966-04-13,3538.69
1966-04-14,3538.73
1966-04-15,3538.91
1966-04-16,3538.91
1966-04-17,3539.02
1966-04-18,3539.01
1966-04-19,3538.97
1966-04-20,3539
1966-04-21,3539.03
1966-04-22,3539.06
1966-04-23,3539.09
1966-04-24,3539.21
1966-04-25,3539.29
1966-04-26,3539.3
1966-04-27,3539.22
1966-04-28,3539.12
1966-04-29,3539.05
1966-04-30,3538.98
1966-05-01,3538.93
1966-05-02,3538.9
1966-05-03,3538.92
1966-05-04,3538.98
1966-05-05,3539.08
1966-05-06,3539.21
1966-05-07,3539.41
1966-05-08,3539.78
1966-05-09,3540.07
1966-05-10,3540.51
1966-05-11,3541.11
1966-05-12,3541.57
1966-05-13,3542.09
1966-05-14,3542.52
1966-05-15,3542.92
1966-05-16,3543.16
1966-05-17,3543.46
1966-05-18,3543.46
1966-05-19,3543.49
1966-05-20,3543.42
1966-05-21,3543.46
1966-05-22,3543.5
1966-05-23,3543.66
1966-05-24,3543.8
1966-05-25,3543.95
1966-05-26,3544.04
1966-05-27,3544.12
1966-05-28,3544.23
1966-05-29,3544.39
1966-05-30,3544.53
1966-05-31,3544.57
1966-06-01,3544.64
1966-06-02,3544.77
1966-06-03,3544.93
1966-06-04,3545.05
1966-06-05,3545.12
1966-06-06,3545.22
1966-06-07,3545.42
1966-06-08,3545.61
1966-06-09,3545.68
1966-06-10,3545.68
1966-06-11,3545.64
1966-06-12,3545.68
1966-06-13,3545.66
1966-06-14,3545.6
1966-06-15,3545.54
1966-06-16,3545.53
1966-06-17,3545.4
1966-06-18,3545.36
1966-06-19,3545.36
1966-06-20,3545.29
1966-06-21,3545.28
1966-06-22,3545.25
1966-06-23,3545.21
1966-06-24,3545.21
1966-06-25,3545.21
1966-06-26,3545.26
1966-06-27,3545.2
1966-06-28,3545.13
1966-06-29,3545.04
1966-06-30,3544.91
1966-07-01,3544.89
1966-07-02,3544.8
1966-07-03,3544.81
1966-07-04,3544.74
1966-07-05,3544.65
1966-07-06,3544.49
1966-07-07,3544.35
1966-07-08,3544.21
1966-07-09,3543.98
1966-07-10,3543.91
1966-07-11,3543.66
1966-07-12,3543.46
1966-07-13,3543.27
1966-07-14,3543.01
1966-07-15,3542.86
1966-07-16,3542.62
1966-07-17,3542.4
1966-07-18,3542.24
1966-07-19,3542.05
1966-07-20,3541.88
1966-07-21,3541.73
1966-07-22,3541.47
1966-07-23,3541.24
1966-07-24,3541.07
1966-07-25,3540.9
1966-07-26,3540.79
1966-07-27,3540.57
1966-07-28,3540.45
1966-07-29,3540.37
1966-07-30,3540.09
1966-07-31,3540.01
1966-08-01,3539.89
1966-08-02,3539.65
1966-08-03,3539.54
1966-08-04,3539.17
1966-08-05,3539.07
1966-08-06,3538.84
1966-08-07,3538.74
1966-08-08,3538.55
1966-08-09,3538.55
1966-08-10,3538.2
1966-08-11,3537.95
1966-08-12,3537.8
1966-08-13,3537.56
1966-08-14,3537.34
1966-08-15,3537.14
1966-08-16,3536.95
1966-08-17,3536.67
1966-08-18,3536.41
1966-08-19,3536.27
1966-08-20,3536.03
1966-08-21,3535.86
1966-08-22,3535.65
1966-08-23,3535.47
1966-08-24,3535.23
1966-08-25,3535.01
1966-08-26,3534.82
1966-08-27,3534.65
1966-08-28,3534.47
1966-08-29,3534.25
1966-08-30,3534.08
1966-08-31,3534
1966-09-01,3533.95
1966-09-02,3533.94
1966-09-03,3533.94
1966-09-04,3533.94
1966-09-05,3533.9
1966-09-06,3533.82
1966-09-07,3533.68
1966-09-08,3533.56
1966-09-09,3533.4
1966-09-10,3533.15
1966-09-11,3533.05
1966-09-12,3532.78
1966-09-13,3532.7
1966-09-14,3532.6
1966-09-15,3532.44
1966-09-16,3532.28
1966-09-17,3532.16
1966-09-18,3531.97
1966-09-19,3531.86
1966-09-20,3531.59
1966-09-21,3531.38
1966-09-22,3531.13
1966-09-23,3530.88
1966-09-24,3530.62
1966-09-25,3530.45
1966-09-26,3530.26
1966-09-27,3530.03
1966-09-28,3529.86
1966-09-29,3529.63
1966-09-30,3529.46
1966-10-01,3529.2
1966-10-02,3529.05
1966-10-03,3528.96
1966-10-04,3528.75
1966-10-05,3528.5
1966-10-06,3528.46
1966-10-07,3528.37
1966-10-08,3528.29
1966-10-09,3528.29
1966-10-10,3528.21
1966-10-11,3528.08
1966-10-12,3527.99
1966-10-13,3527.89
1966-10-14,3527.87
1966-10-15,3527.87
1966-10-16,3527.96
1966-10-17,3528.01
1966-10-18,3528.07
1966-10-19,3528.07
1966-10-20,3528.01
1966-10-21,3527.96
1966-10-22,3527.95
1966-10-23,3527.99
1966-10-24,3527.96
1966-10-25,3527.86
1966-10-26,3527.74
1966-10-27,3527.6
1966-10-28,3527.46
1966-10-29,3527.35
1966-10-30,3527.26
1966-10-31,3527.12
1966-11-01,3526.95
1966-11-02,3526.87
1966-11-03,3526.73
1966-11-04,3526.62
1966-11-05,3526.52
1966-11-06,3526.57
1966-11-07,3526.55
1966-11-08,3526.52
1966-11-09,3526.41
1966-11-10,3526.25
1966-11-11,3526.04
1966-11-12,3525.94
1966-11-13,3525.92
1966-11-14,3525.79
1966-11-15,3525.71
1966-11-16,3525.52
1966-11-17,3525.33
1966-11-18,3525.2
1966-11-19,3524.98
1966-11-20,3524.93
1966-11-21,3524.76
1966-11-22,3524.6
1966-11-23,3524.47
1966-11-24,3524.44
1966-11-25,3524.23
1966-11-26,3524
1966-11-27,3523.95
1966-11-28,3523.77
1966-11-29,3523.69
1966-11-30,3523.57
1966-12-01,3523.5
1966-12-02,3523.45
1966-12-03,3523.38
1966-12-04,3523.4
1966-12-05,3523.28
1966-12-06,3523.22
1966-12-07,3523.43
1966-12-08,3523.58
1966-12-09,3523.7
1966-12-10,3523.85
1966-12-11,3523.95
1966-12-12,3523.95
1966-12-13,3523.91
1966-12-14,3523.83
1966-12-15,3523.74
1966-12-16,3523.6
1966-12-17,3523.48
1966-12-18,3523.48
1966-12-19,3523.41
1966-12-20,3523.2
1966-12-21,3523
1966-12-22,3522.9
1966-12-23,3522.71
1966-12-24,3522.52
1966-12-25,3522.55
1966-12-26,3522.52
1966-12-27,3522.44
1966-12-28,3522.26
1966-12-29,3521.93
1966-12-30,3521.7
1966-12-31,3521.45
1967-01-01,3521.29
1967-01-02,3521.2
1967-01-03,3520.9
1967-01-04,3520.57
1967-01-05,3520.23
1967-01-06,3520.09
1967-01-07,3519.92
1967-01-08,3519.88
1967-01-09,3519.7
1967-01-10,3519.48
1967-01-11,3519.3
1967-01-12,3519.1
1967-01-13,3518.92
1967-01-14,3518.68
1967-01-15,3518.59
1967-01-16,3518.49
1967-01-17,3518.4
1967-01-18,3518.25
1967-01-19,3518.13
1967-01-20,3517.96
1967-01-21,3517.84
1967-01-22,3517.89
1967-01-23,3517.77
1967-01-24,3517.74
1967-01-25,3517.62
1967-01-26,3517.53
1967-01-27,3517.5
1967-01-28,3517.49
1967-01-29,3517.5
1967-01-30,3517.49
1967-01-31,3517.39
1967-02-01,3517.32
1967-02-02,3517.21
1967-02-03,3517.13
1967-02-04,3517.02
1967-02-05,3517.01
1967-02-06,3516.91
1967-02-07,3516.79
1967-02-08,3516.66
1967-02-09,3516.51
1967-02-10,3516.4
1967-02-11,3516.27
1967-02-12,3516.2
1967-02-13,3516.13
1967-02-14,3515.99
1967-02-15,3515.89
1967-02-16,3515.73
1967-02-17,3515.61
1967-02-18,3515.54
1967-02-19,3515.5
1967-02-20,3515.45
1967-02-21,3515.31
1967-02-22,3515.22
1967-02-23,3515.16
1967-02-24,3515.12
1967-02-25,3515.06
1967-02-26,3515.12
1967-02-27,3515.15
1967-02-28,3515.15
1967-03-01,3515.05
1967-03-02,3515
1967-03-03,3514.94
1967-03-04,3514.73
1967-03-05,3514.72
1967-03-06,3514.56
1967-03-07,3514.5
1967-03-08,3514.38
1967-03-09,3514.18
1967-03-10,3514.02
1967-03-11,3513.92
1967-03-12,3513.8
1967-03-13,3513.61
1967-03-14,3513.46
1967-03-15,3513.36
1967-03-16,3513.22
1967-03-17,3513.19
1967-03-18,3513.14
1967-03-19,3513.04
1967-03-20,3512.96
1967-03-21,3512.83
1967-03-22,3512.8
1967-03-23,3512.81
1967-03-24,3512.78
1967-03-25,3512.77
1967-03-26,3512.77
1967-03-27,3512.75
1967-03-28,3512.74
1967-03-29,3512.62
1967-03-30,3512.57
1967-03-31,3512.5
1967-04-01,3512.42
1967-04-02,3512.29
1967-04-03,3512.01
1967-04-04,3511.69
1967-04-05,3511.41
1967-04-06,3511.15
1967-04-07,3510.84
1967-04-08,3510.7
1967-04-09,3510.7
1967-04-10,3510.6
1967-04-11,3510.52
1967-04-12,3510.34
1967-04-13,3510.16
1967-04-14,3509.97
1967-04-15,3509.79
1967-04-16,3509.84
1967-04-17,3509.75
1967-04-18,3509.45
1967-04-19,3509.15
1967-04-20,3508.8
1967-04-21,3508.6
1967-04-22,3508.46
1967-04-23,3508.35
1967-04-24,3508.25
1967-04-25,3508.09
1967-04-26,3507.92
1967-04-27,3507.72
1967-04-28,3507.51
1967-04-29,3507.39
1967-04-30,3507.32
1967-05-01,3507.03
1967-05-02,3506.81
1967-05-03,3506.67
1967-05-04,3506.46
1967-05-05,3506.2
1967-05-06,3506.03
1967-05-07,3505.9
1967-05-08,3505.64
1967-05-09,3505.33
1967-05-10,3505.02
1967-05-11,3504.7
1967-05-12,3504.3
1967-05-13,3503.93
1967-05-14,3503.79
1967-05-15,3503.48
1967-05-16,3503.26
1967-05-17,3503.12
1967-05-18,3502.92
1967-05-19,3502.71
1967-05-20,3502.42
1967-05-21,3502.31
1967-05-22,3502.23
1967-05-23,3502.24
1967-05-24,3502.5
1967-05-25,3502.97
1967-05-26,3503.65
1967-05-27,3504.62
1967-05-28,3505.8
1967-05-29,3506.88
1967-05-30,3508
1967-05-31,3509.1
1967-06-01,3510.06
1967-06-02,3510.82
1967-06-03,3511.63
1967-06-04,3512.25
1967-06-05,3512.81
1967-06-06,3513.34
1967-06-07,3514.05
1967-06-08,3514.88
1967-06-09,3515.64
1967-06-10,3516.51
1967-06-11,3517.31
1967-06-12,3518.04
1967-06-13,3518.64
1967-06-14,3519.27
1967-06-15,3519.96
1967-06-16,3520.56
1967-06-17,3521.13
1967-06-18,3521.64
1967-06-19,3522.18
1967-06-20,3522.71
1967-06-21,3523.49
1967-06-22,3524.15
1967-06-23,3525
1967-06-24,3525.55
1967-06-25,3526.28
1967-06-26,3526.99
1967-06-27,3527.6
1967-06-28,3528.22
1967-06-29,3528.74
1967-06-30,3529.15
1967-07-01,3529.57
1967-07-02,3529.96
1967-07-03,3530.3
1967-07-04,3530.6
1967-07-05,3530.79
1967-07-06,3530.95
1967-07-07,3531.02
1967-07-08,3531.18
1967-07-09,3531.33
1967-07-10,3531.43
1967-07-11,3531.54
1967-07-12,3531.58
1967-07-13,3531.61
1967-07-14,3531.68
1967-07-15,3531.78
1967-07-16,3531.97
1967-07-17,3532.09
1967-07-18,3532.33
1967-07-19,3532.42
1967-07-20,3532.6
1967-07-21,3532.7
1967-07-22,3532.7
1967-07-23,3532.81
1967-07-24,3532.81
1967-07-25,3532.81
1967-07-26,3532.72
1967-07-27,3532.85
1967-07-28,3532.78
1967-07-29,3532.7
1967-07-30,3532.64
1967-07-31,3532.53
1967-08-01,3532.41
1967-08-02,3532.26
1967-08-03,3532.03
1967-08-04,3531.89
1967-08-05,3531.78
1967-08-06,3531.73
1967-08-07,3531.61
1967-08-08,3531.52
1967-08-09,3531.57
1967-08-10,3531.72
1967-08-11,3531.89
1967-08-12,3532.08
1967-08-13,3532.28
1967-08-14,3532.38
1967-08-15,3532.4
1967-08-16,3532.3
1967-08-17,3532.3
1967-08-18,3532.21
1967-08-19,3532.11
1967-08-20,3532.08
1967-08-21,3531.92
1967-08-22,3531.79
1967-08-23,3531.66
1967-08-24,3531.52
1967-08-25,3531.44
1967-08-26,3531.31
1967-08-27,3531.16
1967-08-28,3531.02
1967-08-29,3530.85
1967-08-30,3530.6
1967-08-31,3530.48
1967-09-01,3530.25
1967-09-02,3530.16
1967-09-03,3530.18
1967-09-04,3530.12
1967-09-05,3529.97
1967-09-06,3529.79
1967-09-07,3529.76
1967-09-08,3529.7
1967-09-09,3529.58
1967-09-10,3529.5
1967-09-11,3529.42
1967-09-12,3529.5
1967-09-13,3529.38
1967-09-14,3529.31
1967-09-15,3529.3
1967-09-16,3529.25
1967-09-17,3529.27
1967-09-18,3529.22
1967-09-19,3529.08
1967-09-20,3528.91
1967-09-21,3528.83
1967-09-22,3528.67
1967-09-23,3528.56
1967-09-24,3528.73
1967-09-25,3528.61
1967-09-26,3528.64
1967-09-27,3528.56
1967-09-28,3528.49
1967-09-29,3528.5
1967-09-30,3528.49
1967-10-01,3528.54
1967-10-02,3528.49
1967-10-03,3528.47
1967-10-04,3528.43
1967-10-05,3528.37
1967-10-06,3528.33
1967-10-07,3528.31
1967-10-08,3528.37
1967-10-09,3528.39
1967-10-10,3528.38
1967-10-11,3528.34
1967-10-12,3528.33
1967-10-13,3528.26
1967-10-14,3528.26
1967-10-15,3528.3
1967-10-16,3528.25
1967-10-17,3528.18
1967-10-18,3528.15
1967-10-19,3528.18
1967-10-20,3528.12
1967-10-21,3528.2
1967-10-22,3528.28
1967-10-23,3528.29
1967-10-24,3528.24
1967-10-25,3528.19
1967-10-26,3528.2
1967-10-27,3528.17
1967-10-28,3528.32
1967-10-29,3528.36
1967-10-30,3528.28
1967-10-31,3528.23
1967-11-01,3528.16
1967-11-02,3528.14
1967-11-03,3528.04
1967-11-04,3528.1
1967-11-05,3528.27
1967-11-06,3528.28
1967-11-07,3528.29
1967-11-08,3528.3
1967-11-09,3528.31
1967-11-10,3528.34
1967-11-11,3528.4
1967-11-12,3528.53
1967-11-13,3528.6
1967-11-14,3528.58
1967-11-15,3528.55
1967-11-16,3528.53
1967-11-17,3528.47
1967-11-18,3528.48
1967-11-19,3528.62
1967-11-20,3528.55
1967-11-21,3528.49
1967-11-22,3528.4
1967-11-23,3528.5
1967-11-24,3528.42
1967-11-25,3528.42
1967-11-26,3528.59
1967-11-27,3528.53
1967-11-28,3528.5
1967-11-29,3528.33
1967-11-30,3528.32
1967-12-01,3528.26
1967-12-02,3528.3
1967-12-03,3528.3
1967-12-04,3528.27
1967-12-05,3528.18
1967-12-06,3528.21
1967-12-07,3528.04
1967-12-08,3527.96
1967-12-09,3527.93
1967-12-10,3527.93
1967-12-11,3527.84
1967-12-12,3527.71
1967-12-13,3527.57
1967-12-14,3527.35
1967-12-15,3527.17
1967-12-16,3527.1
1967-12-17,3526.9
1967-12-18,3526.86
1967-12-19,3526.69
1967-12-20,3526.52
1967-12-21,3526.46
1967-12-22,3526.4
1967-12-23,3526.5
1967-12-24,3526.62
1967-12-25,3526.73
1967-12-26,3526.75
1967-12-27,3526.75
1967-12-28,3526.81
1967-12-29,3526.8
1967-12-30,3526.87
1967-12-31,3527.06
1968-01-01,3527.18
1968-01-02,3527.27
1968-01-03,3527.24
1968-01-04,3527.32
1968-01-05,3527.27
1968-01-06,3527.22
1968-01-07,3527.3
1968-01-08,3527.3
1968-01-09,3527.13
1968-01-10,3526.94
1968-01-11,3526.74
1968-01-12,3526.54
1968-01-13,3526.4
1968-01-14,3526.47
1968-01-15,3526.34
1968-01-16,3526.19
1968-01-17,3526.08
1968-01-18,3525.9
1968-01-19,3525.75
1968-01-20,3525.7
1968-01-21,3525.76
1968-01-22,3525.6
1968-01-23,3525.45
1968-01-24,3525.25
1968-01-25,3525.07
1968-01-26,3524.99
1968-01-27,3525.03
1968-01-28,3525.23
1968-01-29,3525.19
1968-01-30,3525.09
1968-01-31,3525.06
1968-02-01,3525.06
1968-02-02,3525.02
1968-02-03,3524.98
1968-02-04,3525.11
1968-02-05,3525.11
1968-02-06,3525.08
1968-02-07,3525.01
1968-02-08,3524.91
1968-02-09,3524.91
1968-02-10,3524.94
1968-02-11,3525.06
1968-02-12,3525.06
1968-02-13,3524.98
1968-02-14,3524.91
1968-02-15,3525.05
1968-02-16,3525.19
1968-02-17,3525.26
1968-02-18,3525.48
1968-02-19,3525.55
1968-02-20,3525.62
1968-02-21,3525.6
1968-02-22,3525.72
1968-02-23,3525.76
1968-02-24,3525.86
1968-02-25,3526.02
1968-02-26,3526.07
1968-02-27,3526.07
1968-02-28,3526.02
1968-02-29,3526.04
1968-03-01,3525.91
1968-03-02,3525.75
1968-03-03,3525.63
1968-03-04,3525.48
1968-03-05,3525.37
1968-03-06,3525.2
1968-03-07,3524.96
1968-03-08,3524.91
1968-03-09,3524.82
1968-03-10,3524.82
1968-03-11,3524.63
1968-03-12,3524.48
1968-03-13,3524.4
1968-03-14,3524.35
1968-03-15,3524.29
1968-03-16,3524.21
1968-03-17,3524.22
1968-03-18,3524.08
1968-03-19,3523.9
1968-03-20,3523.8
1968-03-21,3523.53
1968-03-22,3523.3
1968-03-23,3523.06
1968-03-24,3522.93
1968-03-25,3522.58
1968-03-26,3522.29
1968-03-27,3521.82
1968-03-28,3521.41
1968-03-29,3521.01
1968-03-30,3520.74
1968-03-31,3520.48
1968-04-01,3520.13
1968-04-02,3519.76
1968-04-03,3519.4
1968-04-04,3519.09
1968-04-05,3518.81
1968-04-06,3518.61
1968-04-07,3518.43
1968-04-08,3518.21
1968-04-09,3517.94
1968-04-10,3517.66
1968-04-11,3517.42
1968-04-12,3517.15
1968-04-13,3516.9
1968-04-14,3516.57
1968-04-15,3516.21
1968-04-16,3515.9
1968-04-17,3515.78
1968-04-18,3515.44
1968-04-19,3515.25
1968-04-20,3515.16
1968-04-21,3515.2
1968-04-22,3515.05
1968-04-23,3514.87
1968-04-24,3514.76
1968-04-25,3514.69
1968-04-26,3514.58
1968-04-27,3514.45
1968-04-28,3514.4
1968-04-29,3514.26
1968-04-30,3514.04
1968-05-01,3513.87
1968-05-02,3513.71
1968-05-03,3513.5
1968-05-04,3513.38
1968-05-05,3513.3
1968-05-06,3513.32
1968-05-07,3513.44
1968-05-08,3513.74
1968-05-09,3514.22
1968-05-10,3514.66
1968-05-11,3515.07
1968-05-12,3515.58
1968-05-13,3515.87
1968-05-14,3516.16
1968-05-15,3516.5
1968-05-16,3516.87
1968-05-17,3517.1
1968-05-18,3517.32
1968-05-19,3517.65
1968-05-20,3517.83
1968-05-21,3517.91
1968-05-22,3518.04
1968-05-23,3518.2
1968-05-24,3518.58
1968-05-25,3519.04
1968-05-26,3519.61
1968-05-27,3520.1
1968-05-28,3520.61
1968-05-29,3520.97
1968-05-30,3521.56
1968-05-31,3522.24
1968-06-01,3523.14
1968-06-02,3524.2
1968-06-03,3525.24
1968-06-04,3526.37
1968-06-05,3527.51
1968-06-06,3528.89
1968-06-07,3530.26
1968-06-08,3531.8
1968-06-09,3533.31
1968-06-10,3534.57
1968-06-11,3535.58
1968-06-12,3536.39
1968-06-13,3536.98
1968-06-14,3537.51
1968-06-15,3538.08
1968-06-16,3538.85
1968-06-17,3539.53
1968-06-18,3540.22
1968-06-19,3540.9
1968-06-20,3541.59
1968-06-21,3542.29
1968-06-22,3542.98
1968-06-23,3543.7
1968-06-24,3544.43
1968-06-25,3545
1968-06-26,3545.57
1968-06-27,3545.96
1968-06-28,3546.3
1968-06-29,3546.75
1968-06-30,3547
1968-07-01,3547.4
1968-07-02,3547.71
1968-07-03,3547.98
1968-07-04,3548.25
1968-07-05,3548.46
1968-07-06,3548.6
1968-07-07,3548.84
1968-07-08,3548.65
1968-07-09,3548.6
1968-07-10,3548.6
1968-07-11,3548.51
1968-07-12,3548.36
1968-07-13,3548.24
1968-07-14,3548.24
1968-07-15,3548.11
1968-07-16,3547.98
1968-07-17,3547.77
1968-07-18,3547.52
1968-07-19,3547.21
1968-07-20,3546.93
1968-07-21,3546.79
1968-07-22,3546.64
1968-07-23,3546.4
1968-07-24,3546.24
1968-07-25,3546.03
1968-07-26,3545.84
1968-07-27,3545.89
1968-07-28,3546.17
1968-07-29,3546.12
1968-07-30,3546.14
1968-07-31,3546.1
1968-08-01,3546.41
1968-08-02,3546.9
1968-08-03,3547.22
1968-08-04,3547.57
1968-08-05,3547.79
1968-08-06,3547.9
1968-08-07,3547.95
1968-08-08,3548.07
1968-08-09,3548.11
1968-08-10,3548.3
1968-08-11,3548.6
1968-08-12,3548.88
1968-08-13,3549.1
1968-08-14,3549.28
1968-08-15,3549.53
1968-08-16,3549.79
1968-08-17,3549.98
1968-08-18,3550.23
1968-08-19,3550.31
1968-08-20,3550.38
1968-08-21,3550.25
1968-08-22,3550.14
1968-08-23,3550.07
1968-08-24,3549.96
1968-08-25,3549.88
1968-08-26,3549.7
1968-08-27,3549.47
1968-08-28,3549.24
1968-08-29,3549.07
1968-08-30,3548.85
1968-08-31,3548.73
1968-09-01,3548.65
1968-09-02,3548.57
1968-09-03,3548.51
1968-09-04,3548.3
1968-09-05,3548.11
1968-09-06,3547.9
1968-09-07,3547.74
1968-09-08,3547.63
1968-09-09,3547.45
1968-09-10,3547.27
1968-09-11,3547.04
1968-09-12,3546.89
1968-09-13,3546.73
1968-09-14,3546.59
1968-09-15,3546.57
1968-09-16,3546.38
1968-09-17,3546.24
1968-09-18,3546.11
1968-09-19,3545.99
1968-09-20,3545.91
1968-09-21,3545.86
1968-09-22,3545.89
1968-09-23,3545.82
1968-09-24,3545.7
1968-09-25,3545.59
1968-09-26,3545.51
1968-09-27,3545.4
1968-09-28,3545.43
1968-09-29,3545.45
1968-09-30,3545.35
1968-10-01,3545.29
1968-10-02,3545.31
1968-10-03,3545.4
1968-10-04,3545.4
1968-10-05,3545.39
1968-10-06,3545.46
1968-10-07,3545.47
1968-10-08,3545.47
1968-10-09,3545.44
1968-10-10,3545.37
1968-10-11,3545.24
1968-10-12,3545.14
1968-10-13,3545.09
1968-10-14,3545.02
1968-10-15,3544.85
1968-10-16,3544.73
1968-10-17,3544.59
1968-10-18,3544.49
1968-10-19,3544.42
1968-10-20,3544.42
1968-10-21,3544.38
1968-10-22,3544.29
1968-10-23,3544.19
1968-10-24,3544.09
1968-10-25,3543.98
1968-10-26,3543.92
1968-10-27,3543.85
1968-10-28,3543.76
1968-10-29,3543.63
1968-10-30,3543.47
1968-10-31,3543.39
1968-11-01,3543.3
1968-11-02,3543.27
1968-11-03,3543.28
1968-11-04,3543.24
1968-11-05,3543.19
1968-11-06,3543.12
1968-11-07,3543.04
1968-11-08,3542.94
1968-11-09,3542.91
1968-11-10,3542.95
1968-11-11,3542.91
1968-11-12,3542.81
1968-11-13,3542.7
1968-11-14,3542.57
1968-11-15,3542.42
1968-11-16,3542.38
1968-11-17,3542.43
1968-11-18,3542.36
1968-11-19,3542.23
1968-11-20,3542.1
1968-11-21,3541.96
1968-11-22,3541.88
1968-11-23,3541.82
1968-11-24,3541.83
1968-11-25,3541.79
1968-11-26,3541.7
1968-11-27,3541.63
1968-11-28,3541.71
1968-11-29,3541.64
1968-11-30,3541.67
1968-12-01,3541.68
1968-12-02,3541.57
1968-12-03,3541.46
1968-12-04,3541.34
1968-12-05,3541.22
1968-12-06,3541.17
1968-12-07,3541.08
1968-12-08,3541.13
1968-12-09,3541.05
1968-12-10,3541
1968-12-11,3540.92
1968-12-12,3540.75
1968-12-13,3540.76
1968-12-14,3540.77
1968-12-15,3540.83
1968-12-16,3540.74
1968-12-17,3540.68
1968-12-18,3540.59
1968-12-19,3540.4
1968-12-20,3540.33
1968-12-21,3540.18
1968-12-22,3540.14
1968-12-23,3540.04
1968-12-24,3539.92
1968-12-25,3539.79
1968-12-26,3539.7
1968-12-27,3539.53
1968-12-28,3539.39
1968-12-29,3539.37
1968-12-30,3539.3
1968-12-31,3539.29
1969-01-01,3539.39
1969-01-02,3539.42
1969-01-03,3539.44
1969-01-04,3539.48
1969-01-05,3539.56
1969-01-06,3539.58
1969-01-07,3539.54
1969-01-08,3539.61
1969-01-09,3539.57
1969-01-10,3539.57
1969-01-11,3539.6
1969-01-12,3539.78
1969-01-13,3539.78
1969-01-14,3539.71
1969-01-15,3539.64
1969-01-16,3539.67
1969-01-17,3539.64
1969-01-18,3539.67
1969-01-19,3539.8
1969-01-20,3539.82
1969-01-21,3539.85
1969-01-22,3539.89
1969-01-23,3539.97
1969-01-24,3540
1969-01-25,3540.04
1969-01-26,3540.19
1969-01-27,3540.25
1969-01-28,3540.35
1969-01-29,3540.3
1969-01-30,3540.3
1969-01-31,3540.22
1969-02-01,3540.13
1969-02-02,3540.29
1969-02-03,3540.41
1969-02-04,3540.5
1969-02-05,3540.58
1969-02-06,3540.7
1969-02-07,3540.69
1969-02-08,3540.73
1969-02-09,3540.86
1969-02-10,3540.92
1969-02-11,3541
1969-02-12,3541.08
1969-02-13,3541.12
1969-02-14,3541.22
1969-02-15,3541.34
1969-02-16,3541.47
1969-02-17,3541.59
1969-02-18,3541.67
1969-02-19,3541.82
1969-02-20,3541.84
1969-02-21,3541.96
1969-02-22,3542.14
1969-02-23,3542.27
1969-02-24,3542.37
1969-02-25,3542.51
1969-02-26,3542.66
1969-02-27,3542.74
1969-02-28,3542.87
1969-03-01,3543.07
1969-03-02,3543.18
1969-03-03,3543.27
1969-03-04,3543.42
1969-03-05,3543.51
1969-03-06,3543.65
1969-03-07,3543.7
1969-03-08,3543.84
1969-03-09,3544.04
1969-03-10,3544.11
1969-03-11,3544.14
1969-03-12,3544.25
1969-03-13,3544.26
1969-03-14,3544.05
1969-03-15,3543.88
1969-03-16,3543.86
1969-03-17,3543.81
1969-03-18,3543.73
1969-03-19,3543.74
1969-03-20,3543.66
1969-03-21,3543.65
1969-03-22,3543.56
1969-03-23,3543.52
1969-03-24,3543.59
1969-03-25,3543.64
1969-03-26,3543.65
1969-03-27,3543.65
1969-03-28,3543.58
1969-03-29,3543.56
1969-03-30,3543.65
1969-03-31,3543.65
1969-04-01,3543.52
1969-04-02,3543.5
1969-04-03,3543.53
1969-04-04,3543.67
1969-04-05,3543.86
1969-04-06,3544.06
1969-04-07,3544.3
1969-04-08,3544.68
1969-04-09,3544.88
1969-04-10,3545.12
1969-04-11,3545.36
1969-04-12,3545.67
1969-04-13,3546
1969-04-14,3546.26
1969-04-15,3546.53
1969-04-16,3546.77
1969-04-17,3547.14
1969-04-18,3547.4
1969-04-19,3547.62
1969-04-20,3547.94
1969-04-21,3548.12
1969-04-22,3548.36
1969-04-23,3548.62
1969-04-24,3549.08
1969-04-25,3549.58
1969-04-26,3550.31
1969-04-27,3551.07
1969-04-28,3551.64
1969-04-29,3552.15
1969-04-30,3552.61
1969-05-01,3552.95
1969-05-02,3553.22
1969-05-03,3553.53
1969-05-04,3553.97
1969-05-05,3554.37
1969-05-06,3554.92
1969-05-07,3555.54
1969-05-08,3556.12
1969-05-09,3556.76
1969-05-10,3557.38
1969-05-11,3558.02
1969-05-12,3558.62
1969-05-13,3559.1
1969-05-14,3559.64
1969-05-15,3560.2
1969-05-16,3560.77
1969-05-17,3561.44
1969-05-18,3562.17
1969-05-19,3562.77
1969-05-20,3563.38
1969-05-21,3564.04
1969-05-22,3564.77
1969-05-23,3565.52
1969-05-24,3566.32
1969-05-25,3567.19
1969-05-26,3567.99
1969-05-27,3568.65
1969-05-28,3569.32
1969-05-29,3570.03
1969-05-30,3570.76
1969-05-31,3571.49
1969-06-01,3572.11
1969-06-02,3572.65
1969-06-03,3573.13
1969-06-04,3573.53
1969-06-05,3573.75
1969-06-06,3573.98
1969-06-07,3574.25
1969-06-08,3574.46
1969-06-09,3574.62
1969-06-10,3574.76
1969-06-11,3575.1
1969-06-12,3575.17
1969-06-13,3575.39
1969-06-14,3575.59
1969-06-15,3575.77
1969-06-16,3575.85
1969-06-17,3575.93
1969-06-18,3576.12
1969-06-19,3576.37
1969-06-20,3576.64
1969-06-21,3577.02
1969-06-22,3577.29
1969-06-23,3577.6
1969-06-24,3577.79
1969-06-25,3578.27
1969-06-26,3578.48
1969-06-27,3578.87
1969-06-28,3579.25
1969-06-29,3579.64
1969-06-30,3579.95
1969-07-01,3580.14
1969-07-02,3580.3
1969-07-03,3580.48
1969-07-04,3580.6
1969-07-05,3580.7
1969-07-06,3580.83
1969-07-07,3580.9
1969-07-08,3580.96
1969-07-09,3581.02
1969-07-10,3580.99
1969-07-11,3580.95
1969-07-12,3580.92
1969-07-13,3580.94
1969-07-14,3580.96
1969-07-15,3581.09
1969-07-16,3581.03
1969-07-17,3580.95
1969-07-18,3580.7
1969-07-19,3580.9
1969-07-20,3581.1
1969-07-21,3581.18
1969-07-22,3581.15
1969-07-23,3581.03
1969-07-24,3581.06
1969-07-25,3580.99
1969-07-26,3580.95
1969-07-27,3580.86
1969-07-28,3580.88
1969-07-29,3580.84
1969-07-30,3580.71
1969-07-31,3580.54
1969-08-01,3580.42
1969-08-02,3580.24
1969-08-03,3580.21
1969-08-04,3580.05
1969-08-05,3579.94
1969-08-06,3579.78
1969-08-07,3579.63
1969-08-08,3579.48
1969-08-09,3579.41
1969-08-10,3579.28
1969-08-11,3579.14
1969-08-12,3578.88
1969-08-13,3578.77
1969-08-14,3578.6
1969-08-15,3578.45
1969-08-16,3578.28
1969-08-17,3578.14
1969-08-18,3577.98
1969-08-19,3577.87
1969-08-20,3577.74
1969-08-21,3577.58
1969-08-22,3577.39
1969-08-23,3577.24
1969-08-24,3577.09
1969-08-25,3576.9
1969-08-26,3576.66
1969-08-27,3576.37
1969-08-28,3576.2
1969-08-29,3576.04
1969-08-30,3575.9
1969-08-31,3575.94
1969-09-01,3575.92
1969-09-02,3575.78
1969-09-03,3575.65
1969-09-04,3575.42
1969-09-05,3575.18
1969-09-06,3575.02
1969-09-07,3574.93
1969-09-08,3574.75
1969-09-09,3574.5
1969-09-10,3574.36
1969-09-11,3574.22
1969-09-12,3574.01
1969-09-13,3574.14
1969-09-14,3574.19
1969-09-15,3574.14
1969-09-16,3574.05
1969-09-17,3573.97
1969-09-18,3573.87
1969-09-19,3573.72
1969-09-20,3573.65
1969-09-21,3573.78
1969-09-22,3573.73
1969-09-23,3573.68
1969-09-24,3573.62
1969-09-25,3573.55
1969-09-26,3573.48
1969-09-27,3573.44
1969-09-28,3573.46
1969-09-29,3573.39
1969-09-30,3573.32
1969-10-01,3573.31
1969-10-02,3573.31
1969-10-03,3573.49
1969-10-04,3573.77
1969-10-05,3573.92
1969-10-06,3574.06
1969-10-07,3574.07
1969-10-08,3574.02
1969-10-09,3573.98
1969-10-10,3573.86
1969-10-11,3573.95
1969-10-12,3573.97
1969-10-13,3573.85
1969-10-14,3573.8
1969-10-15,3573.86
1969-10-16,3573.83
1969-10-17,3573.8
1969-10-18,3573.81
1969-10-19,3573.92
1969-10-20,3574.01
1969-10-21,3573.97
1969-10-22,3574.18
1969-10-23,3574.52
1969-10-24,3574.71
1969-10-25,3574.8
1969-10-26,3574.95
1969-10-27,3574.99
1969-10-28,3574.94
1969-10-29,3575.03
1969-10-30,3574.92
1969-10-31,3574.9
1969-11-01,3574.89
1969-11-02,3574.99
1969-11-03,3575
1969-11-04,3574.96
1969-11-05,3574.94
1969-11-06,3574.87
1969-11-07,3574.86
1969-11-08,3574.81
1969-11-09,3574.92
1969-11-10,3574.88
1969-11-11,3574.81
1969-11-12,3574.78
1969-11-13,3574.76
1969-11-14,3574.7
1969-11-15,3574.67
1969-11-16,3574.75
1969-11-17,3574.72
1969-11-18,3574.65
1969-11-19,3574.55
1969-11-20,3574.49
1969-11-21,3574.33
1969-11-22,3574.29
1969-11-23,3574.34
1969-11-24,3574.26
1969-11-25,3574.19
1969-11-26,3574.15
1969-11-27,3574.24
1969-11-28,3574.16
1969-11-29,3574.16
1969-11-30,3574.21
1969-12-01,3574.06
1969-12-02,3573.91
1969-12-03,3573.7
1969-12-04,3573.58
1969-12-05,3573.42
1969-12-06,3573.24
1969-12-07,3573.28
1969-12-08,3573.14
1969-12-09,3572.96
1969-12-10,3572.85
1969-12-11,3572.72
1969-12-12,3572.62
1969-12-13,3572.59
1969-12-14,3572.62
1969-12-15,3572.6
1969-12-16,3572.55
1969-12-17,3572.47
1969-12-18,3572.39
1969-12-19,3572.27
1969-12-20,3572.25
1969-12-21,3572.32
1969-12-22,3572.28
1969-12-23,3572.15
1969-12-24,3572.18
1969-12-25,3572.3
1969-12-26,3572.4
1969-12-27,3572.34
1969-12-28,3572.45
1969-12-29,3572.35
1969-12-30,3572.2
1969-12-31,3572.11
1970-01-01,3572.11
1970-01-02,3571.92
1970-01-03,3571.7
1970-01-04,3571.68
1970-01-05,3571.38
1970-01-06,3571.12
1970-01-07,3570.88
1970-01-08,3570.62
1970-01-09,3570.39
1970-01-10,3570.22
1970-01-11,3570.23
1970-01-12,3570.03
1970-01-13,3569.96
1970-01-14,3569.85
1970-01-15,3569.78
1970-01-16,3569.66
1970-01-17,3569.58
1970-01-18,3569.54
1970-01-19,3569.44
1970-01-20,3569.41
1970-01-21,3569.36
1970-01-22,3569.39
1970-01-23,3569.46
1970-01-24,3569.56
1970-01-25,3569.71
1970-01-26,3569.68
1970-01-27,3569.66
1970-01-28,3569.66
1970-01-29,3569.6
1970-01-30,3569.43
1970-01-31,3569.37
1970-02-01,3569.47
1970-02-02,3569.45
1970-02-03,3569.42
1970-02-04,3569.35
1970-02-05,3569.28
1970-02-06,3569.26
1970-02-07,3569.27
1970-02-08,3569.39
1970-02-09,3569.38
1970-02-10,3569.36
1970-02-11,3569.25
1970-02-12,3569.12
1970-02-13,3569.15
1970-02-14,3569.15
1970-02-15,3569.26
1970-02-16,3569.3
1970-02-17,3569.41
1970-02-18,3569.39
1970-02-19,3569.4
1970-02-20,3569.46
1970-02-21,3569.55
1970-02-22,3569.68
1970-02-23,3569.77
1970-02-24,3569.81
1970-02-25,3569.88
1970-02-26,3569.95
1970-02-27,3570
1970-02-28,3570.13
1970-03-01,3570.33
1970-03-02,3570.4
1970-03-03,3570.53
1970-03-04,3570.7
1970-03-05,3570.87
1970-03-06,3570.99
1970-03-07,3571.13
1970-03-08,3571.21
1970-03-09,3571.31
1970-03-10,3571.39
1970-03-11,3571.36
1970-03-12,3571.36
1970-03-13,3571.39
1970-03-14,3571.46
1970-03-15,3571.49
1970-03-16,3571.51
1970-03-17,3571.47
1970-03-18,3571.52
1970-03-19,3571.46
1970-03-20,3571.44
1970-03-21,3571.46
1970-03-22,3571.47
1970-03-23,3571.46
1970-03-24,3571.38
1970-03-25,3571.42
1970-03-26,3571.43
1970-03-27,3571.32
1970-03-28,3571.29
1970-03-29,3571.33
1970-03-30,3571.35
1970-03-31,3571.27
1970-04-01,3571.14
1970-04-02,3571.03
1970-04-03,3570.83
1970-04-04,3570.66
1970-04-05,3570.47
1970-04-06,3570.27
1970-04-07,3570.06
1970-04-08,3569.96
1970-04-09,3569.66
1970-04-10,3569.47
1970-04-11,3569.34
1970-04-12,3569.17
1970-04-13,3568.97
1970-04-14,3568.87
1970-04-15,3568.78
1970-04-16,3568.61
1970-04-17,3568.47
1970-04-18,3568.38
1970-04-19,3568.44
1970-04-20,3568.36
1970-04-21,3568.22
1970-04-22,3568.07
1970-04-23,3567.88
1970-04-24,3567.59
1970-04-25,3567.39
1970-04-26,3567.25
1970-04-27,3567.08
1970-04-28,3566.84
1970-04-29,3566.72
1970-04-30,3566.65
1970-05-01,3566.62
1970-05-02,3566.62
1970-05-03,3566.67
1970-05-04,3566.69
1970-05-05,3566.68
1970-05-06,3566.65
1970-05-07,3566.77
1970-05-08,3567
1970-05-09,3567.32
1970-05-10,3567.66
1970-05-11,3568.09
1970-05-12,3568.42
1970-05-13,3568.82
1970-05-14,3569.19
1970-05-15,3569.64
1970-05-16,3570.14
1970-05-17,3570.66
1970-05-18,3571.2
1970-05-19,3571.85
1970-05-20,3572.5
1970-05-21,3573.25
1970-05-22,3574.08
1970-05-23,3575.02
1970-05-24,3575.95
1970-05-25,3576.87
1970-05-26,3577.81
1970-05-27,3578.6
1970-05-28,3579.6
1970-05-29,3580.35
1970-05-30,3581.33
1970-05-31,3582.13
1970-06-01,3583
1970-06-02,3583.72
1970-06-03,3584.42
1970-06-04,3584.98
1970-06-05,3585.5
1970-06-06,3586.06
1970-06-07,3586.72
1970-06-08,3587.29
1970-06-09,3587.86
1970-06-10,3588.48
1970-06-11,3589.26
1970-06-12,3589.91
1970-06-13,3590.7
1970-06-14,3591.54
1970-06-15,3592.27
1970-06-16,3592.88
1970-06-17,3593.44
1970-06-18,3593.83
1970-06-19,3594.2
1970-06-20,3594.58
1970-06-21,3595
1970-06-22,3595.42
1970-06-23,3595.93
1970-06-24,3596.41
1970-06-25,3596.82
1970-06-26,3597.23
1970-06-27,3597.68
1970-06-28,3598.16
1970-06-29,3598.6
1970-06-30,3599.13
1970-07-01,3599.56
1970-07-02,3599.77
1970-07-03,3599.87
1970-07-04,3600.08
1970-07-05,3600.24
1970-07-06,3600.43
1970-07-07,3600.51
1970-07-08,3600.75
1970-07-09,3600.84
1970-07-10,3601.03
1970-07-11,3601.23
1970-07-12,3601.4
1970-07-13,3601.56
1970-07-14,3601.66
1970-07-15,3601.77
1970-07-16,3601.61
1970-07-17,3601.63
1970-07-18,3601.48
1970-07-19,3601.45
1970-07-20,3601.34
1970-07-21,3601.36
1970-07-22,3601.36
1970-07-23,3601.3
1970-07-24,3601.21
1970-07-25,3601.25
1970-07-26,3601.25
1970-07-27,3601.21
1970-07-28,3601.1
1970-07-29,3601.06
1970-07-30,3600.96
1970-07-31,3600.88
1970-08-01,3600.71
1970-08-02,3600.69
1970-08-03,3600.64
1970-08-04,3600.63
1970-08-05,3600.52
1970-08-06,3600.49
1970-08-07,3600.39
1970-08-08,3600.21
1970-08-09,3600.24
1970-08-10,3600.14
1970-08-11,3600.01
1970-08-12,3599.92
1970-08-13,3599.85
1970-08-14,3599.71
1970-08-15,3599.67
1970-08-16,3599.62
1970-08-17,3599.51
1970-08-18,3599.43
1970-08-19,3599.24
1970-08-20,3599.31
1970-08-21,3599.26
1970-08-22,3599.18
1970-08-23,3599.25
1970-08-24,3599.1
1970-08-25,3598.9
1970-08-26,3598.72
1970-08-27,3598.5
1970-08-28,3598.35
1970-08-29,3598.22
1970-08-30,3598.09
1970-08-31,3597.9
1970-09-01,3597.77
1970-09-02,3597.53
1970-09-03,3597.44
1970-09-04,3597.35
1970-09-05,3597.25
1970-09-06,3597.83
1970-09-07,3598.18
1970-09-08,3598.58
1970-09-09,3598.78
1970-09-10,3598.76
1970-09-11,3598.74
1970-09-12,3598.88
1970-09-13,3599.05
1970-09-14,3599.11
1970-09-15,3599.23
1970-09-16,3599.43
1970-09-17,3599.54
1970-09-18,3599.56
1970-09-19,3599.58
1970-09-20,3599.64
1970-09-21,3599.5
1970-09-22,3599.6
1970-09-23,3599.44
1970-09-24,3599.5
1970-09-25,3599.22
1970-09-26,3599.18
1970-09-27,3599.18
1970-09-28,3599.06
1970-09-29,3598.96
1970-09-30,3598.87
1970-10-01,3598.85
1970-10-02,3598.84
1970-10-03,3598.86
1970-10-04,3598.94
1970-10-05,3598.95
1970-10-06,3598.98
1970-10-07,3599.01
1970-10-08,3599.13
1970-10-09,3599.12
1970-10-10,3599.17
1970-10-11,3599.2
1970-10-12,3599.16
1970-10-13,3599.21
1970-10-14,3599.24
1970-10-15,3599.15
1970-10-16,3599.2
1970-10-17,3599.25
1970-10-18,3599.37
1970-10-19,3599.37
1970-10-20,3599.37
1970-10-21,3599.38
1970-10-22,3599.36
1970-10-23,3599.36
1970-10-24,3599.45
1970-10-25,3599.56
1970-10-26,3599.57
1970-10-27,3599.58
1970-10-28,3599.66
1970-10-29,3599.69
1970-10-30,3599.72
1970-10-31,3599.84
1970-11-01,3599.92
1970-11-02,3599.96
1970-11-03,3599.98
1970-11-04,3600.05
1970-11-05,3600.07
1970-11-06,3600.12
1970-11-07,3600.23
1970-11-08,3600.35
1970-11-09,3600.4
1970-11-10,3600.46
1970-11-11,3600.48
1970-11-12,3600.54
1970-11-13,3600.57
1970-11-14,3600.61
1970-11-15,3600.76
1970-11-16,3600.74
1970-11-17,3600.68
1970-11-18,3600.68
1970-11-19,3600.6
1970-11-20,3600.5
1970-11-21,3600.53
1970-11-22,3600.62
1970-11-23,3600.59
1970-11-24,3600.52
1970-11-25,3600.52
1970-11-26,3600.7
1970-11-27,3600.7
1970-11-28,3600.76
1970-11-29,3600.83
1970-11-30,3600.89
1970-12-01,3600.95
1970-12-02,3601.03
1970-12-03,3601.05
1970-12-04,3601.08
1970-12-05,3601.12
1970-12-06,3601.19
1970-12-07,3601.19
1970-12-08,3601.16
1970-12-09,3601.12
1970-12-10,3601.15
1970-12-11,3601.09
1970-12-12,3601.09
1970-12-13,3601.16
1970-12-14,3601.03
1970-12-15,3600.97
1970-12-16,3600.78
1970-12-17,3600.67
1970-12-18,3600.63
1970-12-19,3600.49
1970-12-20,3600.51
1970-12-21,3600.39
1970-12-22,3600.25
1970-12-23,3600.16
1970-12-24,3600.1
1970-12-25,3600.18
1970-12-26,3600.13
1970-12-27,3600.16
1970-12-28,3600.04
1970-12-29,3599.88
1970-12-30,3599.81
1970-12-31,3599.78
1971-01-01,3599.91
1971-01-02,3599.95
1971-01-03,3599.94
1971-01-04,3599.77
1971-01-05,3599.56
1971-01-06,3599.38
1971-01-07,3599.16
1971-01-08,3598.94
1971-01-09,3598.88
1971-01-10,3598.87
1971-01-11,3598.82
1971-01-12,3598.8
1971-01-13,3598.8
1971-01-14,3598.87
1971-01-15,3598.9
1971-01-16,3598.95
1971-01-17,3599.11
1971-01-18,3599.18
1971-01-19,3599.23
1971-01-20,3599.35
1971-01-21,3599.45
1971-01-22,3599.61
1971-01-23,3599.78
1971-01-24,3599.89
1971-01-25,3599.99
1971-01-26,3600.05
1971-01-27,3600.13
1971-01-28,3600.24
1971-01-29,3600.37
1971-01-30,3600.58
1971-01-31,3600.79
1971-02-01,3600.89
1971-02-02,3601
1971-02-03,3601.09
1971-02-04,3601.17
1971-02-05,3601.31
1971-02-06,3601.37
1971-02-07,3601.56
1971-02-08,3601.76
1971-02-09,3601.8
1971-02-10,3601.85
1971-02-11,3601.92
1971-02-12,3601.99
1971-02-13,3602.05
1971-02-14,3602.17
1971-02-15,3602.27
1971-02-16,3602.34
1971-02-17,3602.37
1971-02-18,3602.42
1971-02-19,3602.55
1971-02-20,3602.53
1971-02-21,3602.64
1971-02-22,3602.7
1971-02-23,3602.7
1971-02-24,3602.74
1971-02-25,3602.71
1971-02-26,3602.62
1971-02-27,3602.7
1971-02-28,3602.66
1971-03-01,3602.57
1971-03-02,3602.52
1971-03-03,3602.39
1971-03-04,3602.23
1971-03-05,3602.32
1971-03-06,3602.31
1971-03-07,3602.35
1971-03-08,3602.3
1971-03-09,3602.33
1971-03-10,3602.36
1971-03-11,3602.34
1971-03-12,3602.29
1971-03-13,3602.28
1971-03-14,3602.28
1971-03-15,3602.27
1971-03-16,3602.25
1971-03-17,3602.28
1971-03-18,3602.34
1971-03-19,3602.4
1971-03-20,3602.46
1971-03-21,3602.51
1971-03-22,3602.5
1971-03-23,3602.53
1971-03-24,3602.53
1971-03-25,3602.49
1971-03-26,3602.5
1971-03-27,3602.54
1971-03-28,3602.56
1971-03-29,3602.57
1971-03-30,3602.68
1971-03-31,3602.86
1971-04-01,3602.9
1971-04-02,3602.89
1971-04-03,3602.85
1971-04-04,3602.85
1971-04-05,3602.71
1971-04-06,3602.58
1971-04-07,3602.44
1971-04-08,3602.31
1971-04-09,3602.21
1971-04-10,3602.15
1971-04-11,3602.06
1971-04-12,3602.02
1971-04-13,3601.86
1971-04-14,3601.8
1971-04-15,3601.8
1971-04-16,3601.88
1971-04-17,3601.98
1971-04-18,3602.19
1971-04-19,3602.35
1971-04-20,3602.51
1971-04-21,3602.66
1971-04-22,3602.88
1971-04-23,3603.06
1971-04-24,3603.25
1971-04-25,3603.45
1971-04-26,3603.47
1971-04-27,3603.47
1971-04-28,3603.51
1971-04-29,3603.58
1971-04-30,3603.62
1971-05-01,3603.67
1971-05-02,3603.78
1971-05-03,3603.74
1971-05-04,3603.72
1971-05-05,3603.62
1971-05-06,3603.62
1971-05-07,3603.64
1971-05-08,3603.79
1971-05-09,3604.11
1971-05-10,3604.25
1971-05-11,3604.35
1971-05-12,3604.52
1971-05-13,3604.7
1971-05-14,3604.87
1971-05-15,3605.07
1971-05-16,3605.38
1971-05-17,3605.6
1971-05-18,3605.81
1971-05-19,3606.17
1971-05-20,3606.53
1971-05-21,3606.88
1971-05-22,3607.13
1971-05-23,3607.48
1971-05-24,3607.6
1971-05-25,3607.69
1971-05-26,3607.69
1971-05-27,3607.8
1971-05-28,3607.86
1971-05-29,3608.02
1971-05-30,3608.39
1971-05-31,3608.73
1971-06-01,3609.19
1971-06-02,3609.53
1971-06-03,3609.92
1971-06-04,3610.37
1971-06-05,3610.82
1971-06-06,3611.27
1971-06-07,3611.62
1971-06-08,3611.94
1971-06-09,3612.27
1971-06-10,3612.66
1971-06-11,3613.04
1971-06-12,3613.52
1971-06-13,3613.91
1971-06-14,3614.28
1971-06-15,3614.58
1971-06-16,3614.83
1971-06-17,3615.18
1971-06-18,3615.54
1971-06-19,3616.05
1971-06-20,3616.6
1971-06-21,3617.13
1971-06-22,3617.6
1971-06-23,3618.05
1971-06-24,3618.49
1971-06-25,3618.86
1971-06-26,3619.3
1971-06-27,3619.77
1971-06-28,3620.11
1971-06-29,3620.46
1971-06-30,3620.79
1971-07-01,3621.03
1971-07-02,3621.31
1971-07-03,3621.47
1971-07-04,3621.72
1971-07-05,3621.94
1971-07-06,3622.08
1971-07-07,3622.2
1971-07-08,3622.21
1971-07-09,3622.26
1971-07-10,3622.28
1971-07-11,3622.34
1971-07-12,3622.26
1971-07-13,3622.26
1971-07-14,3622.12
1971-07-15,3622.12
1971-07-16,3622
1971-07-17,3621.85
1971-07-18,3621.96
1971-07-19,3621.73
1971-07-20,3621.49
1971-07-21,3621.47
1971-07-22,3621.3
1971-07-23,3621.3
1971-07-24,3621.28
1971-07-25,3621.27
1971-07-26,3621.27
1971-07-27,3621.17
1971-07-28,3621.09
1971-07-29,3620.98
1971-07-30,3620.8
1971-07-31,3620.8
1971-08-01,3620.79
1971-08-02,3620.59
1971-08-03,3620.47
1971-08-04,3620.42
1971-08-05,3620.2
1971-08-06,3620.01
1971-08-07,3619.98
1971-08-08,3619.93
1971-08-09,3619.85
1971-08-10,3619.71
1971-08-11,3619.49
1971-08-12,3619.32
1971-08-13,3619.17
1971-08-14,3618.98
1971-08-15,3618.91
1971-08-16,3618.69
1971-08-17,3618.43
1971-08-18,3618.33
1971-08-19,3618.1
1971-08-20,3617.9
1971-08-21,3617.75
1971-08-22,3617.84
1971-08-23,3617.7
1971-08-24,3617.62
1971-08-25,3617.44
1971-08-26,3617.5
1971-08-27,3617.33
1971-08-28,3617.5
1971-08-29,3617.43
1971-08-30,3617.32
1971-08-31,3617.31
1971-09-01,3617.18
1971-09-02,3617.01
1971-09-03,3616.94
1971-09-04,3616.91
1971-09-05,3616.95
1971-09-06,3616.95
1971-09-07,3616.88
1971-09-08,3616.73
1971-09-09,3616.59
1971-09-10,3616.46
1971-09-11,3616.32
1971-09-12,3616.28
1971-09-13,3616.11
1971-09-14,3615.92
1971-09-15,3615.75
1971-09-16,3615.6
1971-09-17,3615.42
1971-09-18,3615.3
1971-09-19,3615.33
1971-09-20,3615.27
1971-09-21,3615.18
1971-09-22,3615.08
1971-09-23,3615
1971-09-24,3614.92
1971-09-25,3614.81
1971-09-26,3614.73
1971-09-27,3614.64
1971-09-28,3614.5
1971-09-29,3614.43
1971-09-30,3614.25
1971-10-01,3614.25
1971-10-02,3614.37
1971-10-03,3614.41
1971-10-04,3614.42
1971-10-05,3614.41
1971-10-06,3614.39
1971-10-07,3614.33
1971-10-08,3614.33
1971-10-09,3614.31
1971-10-10,3614.29
1971-10-11,3614.24
1971-10-12,3614.19
1971-10-13,3614.11
1971-10-14,3613.97
1971-10-15,3613.92
1971-10-16,3613.8
1971-10-17,3613.78
1971-10-18,3613.81
1971-10-19,3613.88
1971-10-20,3613.94
1971-10-21,3613.95
1971-10-22,3613.94
1971-10-23,3614.01
1971-10-24,3614.06
1971-10-25,3614.12
1971-10-26,3614.09
1971-10-27,3614.09
1971-10-28,3614.16
1971-10-29,3614.08
1971-10-30,3614.13
1971-10-31,3614.15
1971-11-01,3614.03
1971-11-02,3613.98
1971-11-03,3613.93
1971-11-04,3613.83
1971-11-05,3613.78
1971-11-06,3613.73
1971-11-07,3613.74
1971-11-08,3613.69
1971-11-09,3613.6
1971-11-10,3613.49
1971-11-11,3613.4
1971-11-12,3613.25
1971-11-13,3613.22
1971-11-14,3613.26
1971-11-15,3613.17
1971-11-16,3613.17
1971-11-17,3613.02
1971-11-18,3612.91
1971-11-19,3612.79
1971-11-20,3612.68
1971-11-21,3612.64
1971-11-22,3612.52
1971-11-23,3612.42
1971-11-24,3612.33
1971-11-25,3612.36
1971-11-26,3612.35
1971-11-27,3612.42
1971-11-28,3612.45
1971-11-29,3612.42
1971-11-30,3612.42
1971-12-01,3612.28
1971-12-02,3612.14
1971-12-03,3612
1971-12-04,3611.84
1971-12-05,3611.82
1971-12-06,3611.82
1971-12-07,3611.75
1971-12-08,3611.56
1971-12-09,3611.39
1971-12-10,3611.28
1971-12-11,3611.12
1971-12-12,3611.08
1971-12-13,3610.95
1971-12-14,3610.75
1971-12-15,3610.53
1971-12-16,3610.27
1971-12-17,3610.16
1971-12-18,3609.95
1971-12-19,3609.84
1971-12-20,3609.65
1971-12-21,3609.47
1971-12-22,3609.27
1971-12-23,3609.13
1971-12-24,3609.11
1971-12-25,3609.32
1971-12-26,3609.53
1971-12-27,3609.65
1971-12-28,3609.63
1971-12-29,3609.66
1971-12-30,3609.66
1971-12-31,3609.56
1972-01-01,3609.63
1972-01-02,3609.7
1972-01-03,3609.68
1972-01-04,3609.5
1972-01-05,3609.23
1972-01-06,3609.05
1972-01-07,3608.9
1972-01-08,3608.85
1972-01-09,3608.83
1972-01-10,3608.8
1972-01-11,3608.63
1972-01-12,3608.56
1972-01-13,3608.51
1972-01-14,3608.48
1972-01-15,3608.44
1972-01-16,3608.53
1972-01-17,3608.44
1972-01-18,3608.35
1972-01-19,3608.31
1972-01-20,3608.27
1972-01-21,3608.23
1972-01-22,3608.21
1972-01-23,3608.21
1972-01-24,3608.23
1972-01-25,3608.2
1972-01-26,3608.1
1972-01-27,3608.01
1972-01-28,3608.02
1972-01-29,3608.01
1972-01-30,3607.96
1972-01-31,3607.87
1972-02-01,3607.76
1972-02-02,3607.54
1972-02-03,3607.41
1972-02-04,3607.29
1972-02-05,3607.29
1972-02-06,3607.37
1972-02-07,3607.36
1972-02-08,3607.36
1972-02-09,3607.4
1972-02-10,3607.34
1972-02-11,3607.35
1972-02-12,3607.37
1972-02-13,3607.46
1972-02-14,3607.54
1972-02-15,3607.58
1972-02-16,3607.63
1972-02-17,3607.74
1972-02-18,3607.87
1972-02-19,3608.02
1972-02-20,3608.15
1972-02-21,3608.36
1972-02-22,3608.52
1972-02-23,3608.69
1972-02-24,3608.77
1972-02-25,3608.94
1972-02-26,3609.05
1972-02-27,3609.23
1972-02-28,3609.36
1972-02-29,3609.51
1972-03-01,3609.59
1972-03-02,3609.69
1972-03-03,3609.86
1972-03-04,3609.99
1972-03-05,3610.18
1972-03-06,3610.31
1972-03-07,3610.52
1972-03-08,3610.54
1972-03-09,3610.59
1972-03-10,3610.73
1972-03-11,3610.85
1972-03-12,3611.02
1972-03-13,3611.1
1972-03-14,3611.27
1972-03-15,3611.36
1972-03-16,3611.51
1972-03-17,3611.65
1972-03-18,3611.75
1972-03-19,3611.98
1972-03-20,3612.07
1972-03-21,3612.15
1972-03-22,3612.27
1972-03-23,3612.4
1972-03-24,3612.41
1972-03-25,3612.48
1972-03-26,3612.69
1972-03-27,3612.64
1972-03-28,3612.62
1972-03-29,3612.69
1972-03-30,3612.71
1972-03-31,3612.74
1972-04-01,3612.76
1972-04-02,3612.85
1972-04-03,3612.92
1972-04-04,3612.92
1972-04-05,3612.89
1972-04-06,3612.85
1972-04-07,3612.8
1972-04-08,3612.77
1972-04-09,3612.79
1972-04-10,3612.72
1972-04-11,3612.64
1972-04-12,3612.38
1972-04-13,3612.21
1972-04-14,3612.01
1972-04-15,3611.88
1972-04-16,3611.81
1972-04-17,3611.7
1972-04-18,3611.63
1972-04-19,3611.51
1972-04-20,3611.33
1972-04-21,3611.19
1972-04-22,3611.16
1972-04-23,3611.07
1972-04-24,3610.91
1972-04-25,3610.79
1972-04-26,3610.7
1972-04-27,3610.59
1972-04-28,3610.51
1972-04-29,3610.54
1972-04-30,3610.58
1972-05-01,3610.41
1972-05-02,3610.31
1972-05-03,3610.2
1972-05-04,3610.06
1972-05-05,3609.98
1972-05-06,3610.02
1972-05-07,3610
1972-05-08,3609.97
1972-05-09,3609.95
1972-05-10,3609.84
1972-05-11,3609.79
1972-05-12,3609.78
1972-05-13,3609.8
1972-05-14,3609.94
1972-05-15,3609.96
1972-05-16,3609.93
1972-05-17,3609.96
1972-05-18,3610.03
1972-05-19,3610.13
1972-05-20,3610.24
1972-05-21,3610.44
1972-05-22,3610.62
1972-05-23,3610.73
1972-05-24,3610.81
1972-05-25,3610.91
1972-05-26,3611.03
1972-05-27,3611.15
1972-05-28,3611.32
1972-05-29,3611.55
1972-05-30,3611.72
1972-05-31,3611.92
1972-06-01,3612.1
1972-06-02,3612.36
1972-06-03,3612.68
1972-06-04,3613.18
1972-06-05,3613.55
1972-06-06,3613.93
1972-06-07,3614.37
1972-06-08,3614.79
1972-06-09,3615.19
1972-06-10,3615.67
1972-06-11,3616.22
1972-06-12,3616.63
1972-06-13,3617.03
1972-06-14,3617.3
1972-06-15,3617.65
1972-06-16,3617.89
1972-06-17,3618.18
1972-06-18,3618.38
1972-06-19,3618.56
1972-06-20,3618.68
1972-06-21,3618.87
1972-06-22,3619.29
1972-06-23,3619.45
1972-06-24,3619.53
1972-06-25,3619.63
1972-06-26,3619.68
1972-06-27,3619.71
1972-06-28,3619.67
1972-06-29,3619.62
1972-06-30,3619.57
1972-07-01,3619.58
1972-07-02,3619.65
1972-07-03,3619.67
1972-07-04,3619.66
1972-07-05,3619.62
1972-07-06,3619.43
1972-07-07,3619.33
1972-07-08,3619.27
1972-07-09,3619.2
1972-07-10,3619.14
1972-07-11,3618.87
1972-07-12,3618.68
1972-07-13,3618.53
1972-07-14,3618.34
1972-07-15,3618.23
1972-07-16,3618.18
1972-07-17,3618.04
1972-07-18,3617.89
1972-07-19,3617.81
1972-07-20,3617.55
1972-07-21,3617.36
1972-07-22,3617.24
1972-07-23,3617.16
1972-07-24,3617.01
1972-07-25,3616.73
1972-07-26,3616.59
1972-07-27,3616.26
1972-07-28,3616.03
1972-07-29,3615.85
1972-07-30,3615.68
1972-07-31,3615.43
1972-08-01,3615.24
1972-08-02,3615.11
1972-08-03,3614.86
1972-08-04,3614.61
1972-08-05,3614.49
1972-08-06,3614.35
1972-08-07,3614.11
1972-08-08,3613.87
1972-08-09,3613.62
1972-08-10,3613.35
1972-08-11,3613.05
1972-08-12,3612.91
1972-08-13,3612.86
1972-08-14,3612.63
1972-08-15,3612.31
1972-08-16,3612.09
1972-08-17,3611.82
1972-08-18,3611.55
1972-08-19,3611.34
1972-08-20,3611.23
1972-08-21,3610.98
1972-08-22,3610.68
1972-08-23,3610.52
1972-08-24,3610.27
1972-08-25,3610.08
1972-08-26,3609.95
1972-08-27,3609.97
1972-08-28,3609.7
1972-08-29,3609.54
1972-08-30,3609.32
1972-08-31,3609.12
1972-09-01,3608.92
1972-09-02,3608.74
1972-09-03,3608.63
1972-09-04,3608.52
1972-09-05,3608.32
1972-09-06,3608.16
1972-09-07,3607.97
1972-09-08,3607.75
1972-09-09,3607.54
1972-09-10,3607.4
1972-09-11,3607.15
1972-09-12,3606.98
1972-09-13,3606.73
1972-09-14,3606.43
1972-09-15,3606.14
1972-09-16,3605.89
1972-09-17,3605.74
1972-09-18,3605.4
1972-09-19,3605.23
1972-09-20,3605.07
1972-09-21,3604.82
1972-09-22,3604.68
1972-09-23,3604.57
1972-09-24,3604.52
1972-09-25,3604.33
1972-09-26,3604.15
1972-09-27,3603.96
1972-09-28,3603.73
1972-09-29,3603.54
1972-09-30,3603.4
1972-10-01,3603.41
1972-10-02,3603.26
1972-10-03,3603.05
1972-10-04,3603.15
1972-10-05,3603.14
1972-10-06,3603.02
1972-10-07,3603.26
1972-10-08,3603.44
1972-10-09,3603.49
1972-10-10,3603.51
1972-10-11,3603.55
1972-10-12,3603.47
1972-10-13,3603.38
1972-10-14,3603.28
1972-10-15,3603.77
1972-10-16,3603.83
1972-10-17,3603.94
1972-10-18,3604.55
1972-10-19,3605.8
1972-10-20,3606.94
1972-10-21,3607.52
1972-10-22,3607.99
1972-10-23,3608.28
1972-10-24,3608.5
1972-10-25,3608.58
1972-10-26,3608.65
1972-10-27,3608.78
1972-10-28,3608.88
1972-10-29,3609.15
1972-10-30,3609.22
1972-10-31,3609.09
1972-11-01,3609.09
1972-11-02,3609.08
1972-11-03,3609.11
1972-11-04,3609.16
1972-11-05,3609.3
1972-11-06,3609.37
1972-11-07,3609.37
1972-11-08,3609.31
1972-11-09,3609.34
1972-11-10,3609.36
1972-11-11,3609.36
1972-11-12,3609.58
1972-11-13,3609.56
1972-11-14,3609.49
1972-11-15,3609.42
1972-11-16,3609.36
1972-11-17,3609.25
1972-11-18,3609.23
1972-11-19,3609.34
1972-11-20,3609.36
1972-11-21,3609.36
1972-11-22,3609.34
1972-11-23,3609.45
1972-11-24,3609.57
1972-11-25,3609.6
1972-11-26,3609.71
1972-11-27,3609.78
1972-11-28,3609.73
1972-11-29,3609.63
1972-11-30,3609.51
1972-12-01,3609.41
1972-12-02,3609.29
1972-12-03,3609.29
1972-12-04,3609.34
1972-12-05,3609.28
1972-12-06,3609.13
1972-12-07,3609.02
1972-12-08,3608.87
1972-12-09,3608.8
1972-12-10,3608.74
1972-12-11,3608.55
1972-12-12,3608.35
1972-12-13,3608.1
1972-12-14,3607.9
1972-12-15,3607.74
1972-12-16,3607.53
1972-12-17,3607.5
1972-12-18,3607.24
1972-12-19,3607.05
1972-12-20,3606.85
1972-12-21,3606.67
1972-12-22,3606.5
1972-12-23,3606.52
1972-12-24,3606.64
1972-12-25,3606.82
1972-12-26,3606.81
1972-12-27,3606.65
1972-12-28,3606.5
1972-12-29,3606.36
1972-12-30,3606.21
1972-12-31,3606.2
1973-01-01,3606.13
1973-01-02,3605.9
1973-01-03,3605.64
1973-01-04,3605.41
1973-01-05,3605.15
1973-01-06,3604.93
1973-01-07,3604.88
1973-01-08,3604.6
1973-01-09,3604.31
1973-01-10,3604.15
1973-01-11,3603.96
1973-01-12,3603.7
1973-01-13,3603.63
1973-01-14,3603.7
1973-01-15,3603.6
1973-01-16,3603.53
1973-01-17,3603.39
1973-01-18,3603.21
1973-01-19,3603.03
1973-01-20,3602.86
1973-01-21,3602.86
1973-01-22,3602.67
1973-01-23,3602.49
1973-01-24,3602.32
1973-01-25,3602.19
1973-01-26,3601.94
1973-01-27,3601.7
1973-01-28,3601.6
1973-01-29,3601.37
1973-01-30,3601.21
1973-01-31,3601.04
1973-02-01,3600.9
1973-02-02,3600.8
1973-02-03,3600.8
1973-02-04,3600.87
1973-02-05,3600.82
1973-02-06,3600.78
1973-02-07,3600.62
1973-02-08,3600.56
1973-02-09,3600.56
1973-02-10,3600.62
1973-02-11,3600.74
1973-02-12,3600.71
1973-02-13,3600.68
1973-02-14,3600.64
1973-02-15,3600.61
1973-02-16,3600.56
1973-02-17,3600.58
1973-02-18,3600.71
1973-02-19,3600.65
1973-02-20,3600.57
1973-02-21,3600.45
1973-02-22,3600.3
1973-02-23,3600.3
1973-02-24,3600.33
1973-02-25,3600.52
1973-02-26,3600.56
1973-02-27,3600.56
1973-02-28,3600.68
1973-03-01,3600.8
1973-03-02,3600.9
1973-03-03,3601.09
1973-03-04,3601.18
1973-03-05,3601.22
1973-03-06,3601.31
1973-03-07,3601.38
1973-03-08,3601.46
1973-03-09,3601.51
1973-03-10,3601.57
1973-03-11,3601.8
1973-03-12,3601.68
1973-03-13,3601.63
1973-03-14,3601.45
1973-03-15,3601.34
1973-03-16,3601.28
1973-03-17,3601.2
1973-03-18,3601.26
1973-03-19,3601.17
1973-03-20,3600.96
1973-03-21,3600.81
1973-03-22,3600.61
1973-03-23,3600.4
1973-03-24,3600.18
1973-03-25,3600.02
1973-03-26,3599.68
1973-03-27,3599.39
1973-03-28,3599.09
1973-03-29,3598.77
1973-03-30,3598.37
1973-03-31,3598.12
1973-04-01,3597.9
1973-04-02,3597.62
1973-04-03,3597.2
1973-04-04,3596.82
1973-04-05,3596.53
1973-04-06,3596.16
1973-04-07,3595.84
1973-04-08,3595.57
1973-04-09,3595.23
1973-04-10,3594.9
1973-04-11,3594.5
1973-04-12,3594.22
1973-04-13,3593.81
1973-04-14,3593.47
1973-04-15,3593.26
1973-04-16,3593.01
1973-04-17,3592.83
1973-04-18,3592.64
1973-04-19,3592.38
1973-04-20,3592.24
1973-04-21,3592.04
1973-04-22,3591.9
1973-04-23,3591.65
1973-04-24,3591.42
1973-04-25,3591.15
1973-04-26,3590.93
1973-04-27,3590.76
1973-04-28,3590.62
1973-04-29,3590.6
1973-04-30,3590.63
1973-05-01,3590.77
1973-05-02,3591.31
1973-05-03,3591.77
1973-05-04,3592.18
1973-05-05,3592.78
1973-05-06,3593.4
1973-05-07,3594.07
1973-05-08,3594.66
1973-05-09,3595.19
1973-05-10,3595.67
1973-05-11,3596.3
1973-05-12,3597.22
1973-05-13,3598.26
1973-05-14,3599.28
1973-05-15,3600.38
1973-05-16,3601.39
1973-05-17,3602.32
1973-05-18,3603.18
1973-05-19,3604.17
1973-05-20,3605.2
1973-05-21,3606.43
1973-05-22,3607.62
1973-05-23,3608.84
1973-05-24,3610.08
1973-05-25,3611.34
1973-05-26,3612.32
1973-05-27,3613.47
1973-05-28,3614.56
1973-05-29,3615.38
1973-05-30,3616
1973-05-31,3616.52
1973-06-01,3617.17
1973-06-02,3617.83
1973-06-03,3618.61
1973-06-04,3619.42
1973-06-05,3620.07
1973-06-06,3620.71
1973-06-07,3621.22
1973-06-08,3621.68
1973-06-09,3622.17
1973-06-10,3622.8
1973-06-11,3623.51
1973-06-12,3624.41
1973-06-13,3625.45
1973-06-14,3626.47
1973-06-15,3627.47
1973-06-16,3628.56
1973-06-17,3629.67
1973-06-18,3630.56
1973-06-19,3631.2
1973-06-20,3631.86
1973-06-21,3632.4
1973-06-22,3632.87
1973-06-23,3633.35
1973-06-24,3633.88
1973-06-25,3634.4
1973-06-26,3634.75
1973-06-27,3635.08
1973-06-28,3635.49
1973-06-29,3635.85
1973-06-30,3636.36
1973-07-01,3636.96
1973-07-02,3637.44
1973-07-03,3637.9
1973-07-04,3638.42
1973-07-05,3638.77
1973-07-06,3639.03
1973-07-07,3639.36
1973-07-08,3639.71
1973-07-09,3639.97
1973-07-10,3640.15
1973-07-11,3640.24
1973-07-12,3640.39
1973-07-13,3640.65
1973-07-14,3640.76
1973-07-15,3640.99
1973-07-16,3641.2
1973-07-17,3641.39
1973-07-18,3641.5
1973-07-19,3641.72
1973-07-20,3642.01
1973-07-21,3642.18
1973-07-22,3642.47
1973-07-23,3642.75
1973-07-24,3643.03
1973-07-25,3643.22
1973-07-26,3643.35
1973-07-27,3643.5
1973-07-28,3643.67
1973-07-29,3643.81
1973-07-30,3644
1973-07-31,3644.05
1973-08-01,3644.13
1973-08-02,3644.18
1973-08-03,3644.16
1973-08-04,3644.21
1973-08-05,3644.3
1973-08-06,3644.38
1973-08-07,3644.39
1973-08-08,3644.44
1973-08-09,3644.48
1973-08-10,3644.48
1973-08-11,3644.62
1973-08-12,3644.77
1973-08-13,3644.8
1973-08-14,3644.76
1973-08-15,3644.73
1973-08-16,3644.73
1973-08-17,3644.7
1973-08-18,3644.77
1973-08-19,3644.9
1973-08-20,3644.97
1973-08-21,3644.88
1973-08-22,3644.81
1973-08-23,3644.78
1973-08-24,3644.84
1973-08-25,3644.93
1973-08-26,3645.04
1973-08-27,3645.08
1973-08-28,3645.21
1973-08-29,3645.2
1973-08-30,3645.28
1973-08-31,3645.25
1973-09-01,3645.26
1973-09-02,3645.3
1973-09-03,3645.43
1973-09-04,3645.44
1973-09-05,3645.44
1973-09-06,3645.44
1973-09-07,3645.41
1973-09-08,3645.53
1973-09-09,3645.56
1973-09-10,3645.66
1973-09-11,3645.71
1973-09-12,3645.8
1973-09-13,3645.88
1973-09-14,3645.89
1973-09-15,3646
1973-09-16,3646.07
1973-09-17,3646.13
1973-09-18,3646.14
1973-09-19,3646.19
1973-09-20,3646.15
1973-09-21,3646.17
1973-09-22,3646.14
1973-09-23,3646.19
1973-09-24,3646.12
1973-09-25,3646.1
1973-09-26,3646.08
1973-09-27,3645.99
1973-09-28,3645.97
1973-09-29,3645.06
1973-09-30,3646.02
1973-10-01,3646.02
1973-10-02,3645.99
1973-10-03,3645.98
1973-10-04,3645.92
1973-10-05,3645.92
1973-10-06,3645.91
1973-10-07,3645.92
1973-10-08,3645.92
1973-10-09,3645.92
1973-10-10,3645.88
1973-10-11,3645.76
1973-10-12,3645.82
1973-10-13,3645.87
1973-10-14,3645.93
1973-10-15,3645.92
1973-10-16,3645.89
1973-10-17,3645.86
1973-10-18,3645.86
1973-10-19,3645.83
1973-10-20,3645.81
1973-10-21,3645.89
1973-10-22,3645.92
1973-10-23,3645.87
1973-10-24,3645.84
1973-10-25,3645.84
1973-10-26,3645.77
1973-10-27,3645.79
1973-10-28,3645.87
1973-10-29,3645.88
1973-10-30,3645.85
1973-10-31,3645.8
1973-11-01,3645.86
1973-11-02,3645.82
1973-11-03,3645.88
1973-11-04,3645.84
1973-11-05,3645.76
1973-11-06,3645.71
1973-11-07,3645.68
1973-11-08,3645.72
1973-11-09,3645.79
1973-11-10,3645.83
1973-11-11,3645.89
1973-11-12,3645.92
1973-11-13,3645.96
1973-11-14,3645.99
1973-11-15,3645.97
1973-11-16,3645.99
1973-11-17,3646.09
1973-11-18,3646.24
1973-11-19,3646.23
1973-11-20,3646.24
1973-11-21,3646.34
1973-11-22,3646.44
1973-11-23,3646.5
1973-11-24,3646.64
1973-11-25,3646.68
1973-11-26,3646.62
1973-11-27,3646.59
1973-11-28,3646.66
1973-11-29,3646.75
1973-11-30,3646.85
1973-12-01,3646.89
1973-12-02,3646.97
1973-12-03,3647.15
1973-12-04,3647.18
1973-12-05,3647.19
1973-12-06,3647.18
1973-12-07,3647.19
1973-12-08,3647.22
1973-12-09,3647.28
1973-12-10,3647.27
1973-12-11,3647.27
1973-12-12,3647.37
1973-12-13,3647.4
1973-12-14,3647.44
1973-12-15,3647.48
1973-12-16,3647.6
1973-12-17,3647.62
1973-12-18,3647.7
1973-12-19,3647.74
1973-12-20,3647.84
1973-12-21,3647.92
1973-12-22,3647.98
1973-12-23,3648.07
1973-12-24,3648.23
1973-12-25,3648.38
1973-12-26,3648.44
1973-12-27,3648.48
1973-12-28,3648.56
1973-12-29,3648.61
1973-12-30,3648.8
1973-12-31,3648.84
1974-01-01,3648.89
1974-01-02,3648.69
1974-01-03,3648.45
1974-01-04,3648.25
1974-01-05,3648.05
1974-01-06,3647.91
1974-01-07,3647.75
1974-01-08,3647.61
1974-01-09,3647.47
1974-01-10,3647.32
1974-01-11,3647.24
1974-01-12,3647.18
1974-01-13,3647.21
1974-01-14,3647.17
1974-01-15,3647.17
1974-01-16,3647.15
1974-01-17,3647.15
1974-01-18,3647.09
1974-01-19,3647.19
1974-01-20,3647.24
1974-01-21,3647.15
1974-01-22,3647.06
1974-01-23,3647.04
1974-01-24,3646.93
1974-01-25,3646.92
1974-01-26,3646.92
1974-01-27,3647
1974-01-28,3647.08
1974-01-29,3647.08
1974-01-30,3647.07
1974-01-31,3647.09
1974-02-01,3647.18
1974-02-02,3647.27
1974-02-03,3647.34
1974-02-04,3647.39
1974-02-05,3647.53
1974-02-06,3647.57
1974-02-07,3647.64
1974-02-08,3647.73
1974-02-09,3647.83
1974-02-10,3647.93
1974-02-11,3647.98
1974-02-12,3648.07
1974-02-13,3648.12
1974-02-14,3648.16
1974-02-15,3648.22
1974-02-16,3648.27
1974-02-17,3648.38
1974-02-18,3648.38
1974-02-19,3648.37
1974-02-20,3648.38
1974-02-21,3648.44
1974-02-22,3648.48
1974-02-23,3648.44
1974-02-24,3648.5
1974-02-25,3648.52
1974-02-26,3648.52
1974-02-27,3648.49
1974-02-28,3648.49
1974-03-01,3648.52
1974-03-02,3648.6
1974-03-03,3648.68
1974-03-04,3648.77
1974-03-05,3648.85
1974-03-06,3648.87
1974-03-07,3648.95
1974-03-08,3649.03
1974-03-09,3649.12
1974-03-10,3649.14
1974-03-11,3649.21
1974-03-12,3649.33
1974-03-13,3649.44
1974-03-14,3649.57
1974-03-15,3649.7
1974-03-16,3649.77
1974-03-17,3649.91
1974-03-18,3650.08
1974-03-19,3650.19
1974-03-20,3650.33
1974-03-21,3650.48
1974-03-22,3650.56
1974-03-23,3650.75
1974-03-24,3650.88
1974-03-25,3650.94
1974-03-26,3650.99
1974-03-27,3650.97
1974-03-28,3650.96
1974-03-29,3650.93
1974-03-30,3651.1
1974-03-31,3651.14
1974-04-01,3651.16
1974-04-02,3651.17
1974-04-03,3651.21
1974-04-04,3651.29
1974-04-05,3651.33
1974-04-06,3651.46
1974-04-07,3651.5
1974-04-08,3651.5
1974-04-09,3651.52
1974-04-10,3651.54
1974-04-11,3651.5
1974-04-12,3651.4
1974-04-13,3651.59
1974-04-14,3651.53
1974-04-15,3651.55
1974-04-16,3651.57
1974-04-17,3651.59
1974-04-18,3651.51
1974-04-19,3651.47
1974-04-20,3651.51
1974-04-21,3651.54
1974-04-22,3651.55
1974-04-23,3651.5
1974-04-24,3651.5
1974-04-25,3651.55
1974-04-26,3651.65
1974-04-27,3651.66
1974-04-28,3651.88
1974-04-29,3652.06
1974-04-30,3652.34
1974-05-01,3652.64
1974-05-02,3652.97
1974-05-03,3653.15
1974-05-04,3653.45
1974-05-05,3653.77
1974-05-06,3653.98
1974-05-07,3654.35
1974-05-08,3654.65
1974-05-09,3654.88
1974-05-10,3655.26
1974-05-11,3655.61
1974-05-12,3656.17
1974-05-13,3656.7
1974-05-14,3657.12
1974-05-15,3657.53
1974-05-16,3657.96
1974-05-17,3658.32
1974-05-18,3658.63
1974-05-19,3658.98
1974-05-20,3659.35
1974-05-21,3659.73
1974-05-22,3660.03
1974-05-23,3660.31
1974-05-24,3660.6
1974-05-25,3660.93
1974-05-26,3661.2
1974-05-27,3661.39
1974-05-28,3661.5
1974-05-29,3661.66
1974-05-30,3661.96
1974-05-31,3662.3
1974-06-01,3662.72
1974-06-02,3663.17
1974-06-03,3663.5
1974-06-04,3663.82
1974-06-05,3664.22
1974-06-06,3664.39
1974-06-07,3664.74
1974-06-08,3664.85
1974-06-09,3665.08
1974-06-10,3665.32
1974-06-11,3665.55
1974-06-12,3665.68
1974-06-13,3665.75
1974-06-14,3665.83
1974-06-15,3665.89
1974-06-16,3666.02
1974-06-17,3666.07
1974-06-18,3666.18
1974-06-19,3666.31
1974-06-20,3666.37
1974-06-21,3666.51
1974-06-22,3666.65
1974-06-23,3666.82
1974-06-24,3666.95
1974-06-25,3667.04
1974-06-26,3667.11
1974-06-27,3667.14
1974-06-28,3667.16
1974-06-29,3667.28
1974-06-30,3667.35
1974-07-01,3667.29
1974-07-02,3667.16
1974-07-03,3667.13
1974-07-04,3667.06
1974-07-05,3666.9
1974-07-06,3666.82
1974-07-07,3666.74
1974-07-08,3666.51
1974-07-09,3666.34
1974-07-10,3666.11
1974-07-11,3665.95
1974-07-12,3665.78
1974-07-13,3665.56
1974-07-14,3665.45
1974-07-15,3665.3
1974-07-16,3665.11
1974-07-17,3664.8
1974-07-18,3664.57
1974-07-19,3664.42
1974-07-20,3664.31
1974-07-21,3664.24
1974-07-22,3664.06
1974-07-23,3663.94
1974-07-24,3663.86
1974-07-25,3663.61
1974-07-26,3663.47
1974-07-27,3663.36
1974-07-28,3663.24
1974-07-29,3663.04
1974-07-30,3662.81
1974-07-31,3662.62
1974-08-01,3662.4
1974-08-02,3662.25
1974-08-03,3662.12
1974-08-04,3661.95
1974-08-05,3661.8
1974-08-06,3661.6
1974-08-07,3661.36
1974-08-08,3661.19
1974-08-09,3661.05
1974-08-10,3660.88
1974-08-11,3660.79
1974-08-12,3660.63
1974-08-13,3660.45
1974-08-14,3660.25
1974-08-15,3660.04
1974-08-16,3659.77
1974-08-17,3659.53
1974-08-18,3659.26
1974-08-19,3658.98
1974-08-20,3658.69
1974-08-21,3658.49
1974-08-22,3658.26
1974-08-23,3657.96
1974-08-24,3657.68
1974-08-25,3657.45
1974-08-26,3657.17
1974-08-27,3656.89
1974-08-28,3656.62
1974-08-29,3656.32
1974-08-30,3656.08
1974-08-31,3655.82
1974-09-01,3655.57
1974-09-02,3655.44
1974-09-03,3655.2
1974-09-04,3654.98
1974-09-05,3654.78
1974-09-06,3654.72
1974-09-07,3654.64
1974-09-08,3654.55
1974-09-09,3654.41
1974-09-10,3654.21
1974-09-11,3654.18
1974-09-12,3654.01
1974-09-13,3653.84
1974-09-14,3653.76
1974-09-15,3653.7
1974-09-16,3653.5
1974-09-17,3653.4
1974-09-18,3653.34
1974-09-19,3653.27
1974-09-20,3653.15
1974-09-21,3653.02
1974-09-22,3652.99
1974-09-23,3652.78
1974-09-24,3652.71
1974-09-25,3652.47
1974-09-26,3652.3
1974-09-27,3652.15
1974-09-28,3651.93
1974-09-29,3651.86
1974-09-30,3651.73
1974-10-01,3651.67
1974-10-02,3651.62
1974-10-03,3651.53
1974-10-04,3651.44
1974-10-05,3651.49
1974-10-06,3651.4
1974-10-07,3651.33
1974-10-08,3651.31
1974-10-09,3651.28
1974-10-10,3651.23
1974-10-11,3651.23
1974-10-12,3651.17
1974-10-13,3651.15
1974-10-14,3651.1
1974-10-15,3650.99
1974-10-16,3650.9
1974-10-17,3650.85
1974-10-18,3650.81
1974-10-19,3650.83
1974-10-20,3650.84
1974-10-21,3650.8
1974-10-22,3650.67
1974-10-23,3650.6
1974-10-24,3650.54
1974-10-25,3650.54
1974-10-26,3650.62
1974-10-27,3650.65
1974-10-28,3650.65
1974-10-29,3650.81
1974-10-30,3650.7
1974-10-31,3650.71
1974-11-01,3650.72
1974-11-02,3650.66
1974-11-03,3650.72
1974-11-04,3650.66
1974-11-05,3650.59
1974-11-06,3650.47
1974-11-07,3650.38
1974-11-08,3650.28
1974-11-09,3650.26
1974-11-10,3650.29
1974-11-11,3650.25
1974-11-12,3650.21
1974-11-13,3650.21
1974-11-14,3650.21
1974-11-15,3650.14
1974-11-16,3650.15
1974-11-17,3650.23
1974-11-18,3650.16
1974-11-19,3650.15
1974-11-20,3650.07
1974-11-21,3650
1974-11-22,3649.91
1974-11-23,3649.87
1974-11-24,3649.93
1974-11-25,3649.84
1974-11-26,3649.69
1974-11-27,3649.57
1974-11-28,3649.62
1974-11-29,3649.52
1974-11-30,3649.46
1974-12-01,3649.48
1974-12-02,3649.48
1974-12-03,3649.45
1974-12-04,3649.37
1974-12-05,3649.34
1974-12-06,3649.27
1974-12-07,3649.32
1974-12-08,3649.31
1974-12-09,3649.32
1974-12-10,3649.29
1974-12-11,3649.17
1974-12-12,3649.17
1974-12-13,3649.09
1974-12-14,3649.01
1974-12-15,3649.04
1974-12-16,3648.93
1974-12-17,3648.84
1974-12-18,3648.71
1974-12-19,3648.72
1974-12-20,3648.62
1974-12-21,3648.6
1974-12-22,3648.72
1974-12-23,3648.67
1974-12-24,3648.66
1974-12-25,3648.7
1974-12-26,3648.55
1974-12-27,3648.49
1974-12-28,3648.43
1974-12-29,3648.39
1974-12-30,3648.35
1974-12-31,3648.27
1975-01-01,3648.16
1975-01-02,3648.05
1975-01-03,3647.87
1975-01-04,3647.73
1975-01-05,3647.59
1975-01-06,3647.43
1975-01-07,3647.28
1975-01-08,3647.06
1975-01-09,3646.95
1975-01-10,3646.73
1975-01-11,3646.52
1975-01-12,3646.32
1975-01-13,3646.11
1975-01-14,3646.03
1975-01-15,3645.96
1975-01-16,3645.92
1975-01-17,3645.83
1975-01-18,3645.87
1975-01-19,3645.96
1975-01-20,3645.95
1975-01-21,3645.9
1975-01-22,3645.8
1975-01-23,3645.74
1975-01-24,3645.68
1975-01-25,3645.72
1975-01-26,3645.79
1975-01-27,3645.77
1975-01-28,3645.75
1975-01-29,3645.75
1975-01-30,3645.71
1975-01-31,3645.78
1975-02-01,3645.85
1975-02-02,3645.94
1975-02-03,3645.97
1975-02-04,3645.96
1975-02-05,3645.91
1975-02-06,3645.89
1975-02-07,3645.89
1975-02-08,3645.9
1975-02-09,3645.93
1975-02-10,3645.79
1975-02-11,3645.82
1975-02-12,3645.82
1975-02-13,3645.84
1975-02-14,3645.89
1975-02-15,3645.9
1975-02-16,3646
1975-02-17,3645.96
1975-02-18,3645.91
1975-02-19,3645.78
1975-02-20,3645.66
1975-02-21,3645.57
1975-02-22,3645.47
1975-02-23,3645.5
1975-02-24,3645.49
1975-02-25,3645.43
1975-02-26,3645.39
1975-02-27,3645.35
1975-02-28,3645.34
1975-03-01,3645.41
1975-03-02,3645.46
1975-03-03,3645.53
1975-03-04,3645.58
1975-03-05,3645.64
1975-03-06,3645.69
1975-03-07,3645.77
1975-03-08,3645.81
1975-03-09,3645.92
1975-03-10,3646
1975-03-11,3645.97
1975-03-12,3646
1975-03-13,3646
1975-03-14,3645.97
1975-03-15,3645.86
1975-03-16,3645.83
1975-03-17,3645.78
1975-03-18,3645.79
1975-03-19,3645.78
1975-03-20,3645.79
1975-03-21,3645.84
1975-03-22,3645.93
1975-03-23,3645.98
1975-03-24,3646.07
1975-03-25,3646.28
1975-03-26,3646.12
1975-03-27,3646.08
1975-03-28,3646.04
1975-03-29,3646.05
1975-03-30,3646.09
1975-03-31,3646.1
1975-04-01,3646.08
1975-04-02,3646.06
1975-04-03,3646.06
1975-04-04,3646.07
1975-04-05,3646.12
1975-04-06,3646.24
1975-04-07,3646.14
1975-04-08,3646.12
1975-04-09,3646.16
1975-04-10,3646.15
1975-04-11,3646.18
1975-04-12,3646.2
1975-04-13,3646.25
1975-04-14,3646.27
1975-04-15,3646.27
1975-04-16,3646.3
1975-04-17,3646.26
1975-04-18,3646.3
1975-04-19,3646.38
1975-04-20,3646.51
1975-04-21,3646.57
1975-04-22,3646.59
1975-04-23,3646.69
1975-04-24,3646.8
1975-04-25,3646.94
1975-04-26,3647.12
1975-04-27,3647.34
1975-04-28,3647.6
1975-04-29,3647.68
1975-04-30,3647.81
1975-05-01,3647.84
1975-05-02,3647.85
1975-05-03,3647.96
1975-05-04,3648.13
1975-05-05,3648.08
1975-05-06,3648.1
1975-05-07,3648.1
1975-05-08,3648.12
1975-05-09,3648.09
1975-05-10,3648.12
1975-05-11,3648.12
1975-05-12,3648.24
1975-05-13,3648.3
1975-05-14,3648.52
1975-05-15,3648.69
1975-05-16,3648.96
1975-05-17,3649.24
1975-05-18,3649.63
1975-05-19,3649.98
1975-05-20,3650.5
1975-05-21,3650.94
1975-05-22,3651.53
1975-05-23,3652.12
1975-05-24,3652.69
1975-05-25,3653.27
1975-05-26,3653.75
1975-05-27,3654.06
1975-05-28,3654.39
1975-05-29,3654.83
1975-05-30,3655.22
1975-05-31,3655.6
1975-06-01,3655.93
1975-06-02,3656.26
1975-06-03,3656.58
1975-06-04,3656.84
1975-06-05,3657.12
1975-06-06,3657.54
1975-06-07,3658.02
1975-06-08,3658.67
1975-06-09,3659.3
1975-06-10,3659.96
1975-06-11,3660.6
1975-06-12,3661.19
1975-06-13,3661.69
1975-06-14,3662.14
1975-06-15,3662.47
1975-06-16,3662.85
1975-06-17,3663.29
1975-06-18,3664.06
1975-06-19,3664.68
1975-06-20,3665.23
1975-06-21,3665.99
1975-06-22,3666.41
1975-06-23,3666.76
1975-06-24,3666.99
1975-06-25,3667.2
1975-06-26,3667.49
1975-06-27,3667.79
1975-06-28,3668.22
1975-06-29,3668.58
1975-06-30,3668.9
1975-07-01,3669.23
1975-07-02,3669.56
1975-07-03,3669.81
1975-07-04,3670.19
1975-07-05,3670.61
1975-07-06,3670.95
1975-07-07,3671.35
1975-07-08,3671.57
1975-07-09,3671.92
1975-07-10,3672.2
1975-07-11,3672.56
1975-07-12,3672.97
1975-07-13,3673.29
1975-07-14,3673.59
1975-07-15,3673.82
1975-07-16,3674.02
1975-07-17,3674.17
1975-07-18,3674.34
1975-07-19,3674.51
1975-07-20,3674.67
1975-07-21,3674.82
1975-07-22,3674.82
1975-07-23,3674.89
1975-07-24,3674.89
1975-07-25,3674.93
1975-07-26,3674.9
1975-07-27,3674.85
1975-07-28,3674.78
1975-07-29,3674.85
1975-07-30,3674.83
1975-07-31,3674.81
1975-08-01,3674.84
1975-08-02,3674.86
1975-08-03,3674.87
1975-08-04,3674.84
1975-08-05,3674.68
1975-08-06,3674.61
1975-08-07,3674.46
1975-08-08,3674.3
1975-08-09,3674.17
1975-08-10,3674.03
1975-08-11,3673.84
1975-08-12,3673.77
1975-08-13,3673.7
1975-08-14,3673.57
1975-08-15,3673.48
1975-08-16,3673.46
1975-08-17,3673.39
1975-08-18,3673.24
1975-08-19,3673.13
1975-08-20,3673.04
1975-08-21,3672.98
1975-08-22,3672.88
1975-08-23,3672.78
1975-08-24,3672.76
1975-08-25,3672.63
1975-08-26,3672.56
1975-08-27,3672.43
1975-08-28,3672.25
1975-08-29,3672.1
1975-08-30,3672
1975-08-31,3671.89
1975-09-01,3671.77
1975-09-02,3671.58
1975-09-03,3671.44
1975-09-04,3671.21
1975-09-05,3671.01
1975-09-06,3670.84
1975-09-07,3670.76
1975-09-08,3670.62
1975-09-09,3670.42
1975-09-10,3670.24
1975-09-11,3670.17
1975-09-12,3669.98
1975-09-13,3670.04
1975-09-14,3670.1
1975-09-15,3670.03
1975-09-16,3669.93
1975-09-17,3669.83
1975-09-18,3669.78
1975-09-19,3669.66
1975-09-20,3669.48
1975-09-21,3669.32
1975-09-22,3669.13
1975-09-23,3668.94
1975-09-24,3668.76
1975-09-25,3668.58
1975-09-26,3668.41
1975-09-27,3668.37
1975-09-28,3668.37
1975-09-29,3668.24
1975-09-30,3668.06
1975-10-01,3667.96
1975-10-02,3667.84
1975-10-03,3667.71
1975-10-04,3667.72
1975-10-05,3667.54
1975-10-06,3667.38
1975-10-07,3667.27
1975-10-08,3667.12
1975-10-09,3667.03
1975-10-10,3666.87
1975-10-11,3666.82
1975-10-12,3666.82
1975-10-13,3666.8
1975-10-14,3666.7
1975-10-15,3666.6
1975-10-16,3666.55
1975-10-17,3666.49
1975-10-18,3666.52
1975-10-19,3666.56
1975-10-20,3666.54
1975-10-21,3666.5
1975-10-22,3666.5
1975-10-23,3666.45
1975-10-24,3666.43
1975-10-25,3666.38
1975-10-26,3666.37
1975-10-27,3666.4
1975-10-28,3666.45
1975-10-29,3666.47
1975-10-30,3666.51
1975-10-31,3666.57
1975-11-01,3666.66
1975-11-02,3666.72
1975-11-03,3666.81
1975-11-04,3666.92
1975-11-05,3666.99
1975-11-06,3667.04
1975-11-07,3667.14
1975-11-08,3667.24
1975-11-09,3667.29
1975-11-10,3667.31
1975-11-11,3667.1
1975-11-12,3666.99
1975-11-13,3666.87
1975-11-14,3666.82
1975-11-15,3666.88
1975-11-16,3666.96
1975-11-17,3666.96
1975-11-18,3666.91
1975-11-19,3666.83
1975-11-20,3666.85
1975-11-21,3666.81
1975-11-22,3666.86
1975-11-23,3666.93
1975-11-24,3666.95
1975-11-25,3666.94
1975-11-26,3666.89
1975-11-27,3667.01
1975-11-28,3667.09
1975-11-29,3667.07
1975-11-30,3667.15
1975-12-01,3667.18
1975-12-02,3667.24
1975-12-03,3667.26
1975-12-04,3667.21
1975-12-05,3667.18
1975-12-06,3667.27
1975-12-07,3667.38
1975-12-08,3667.46
1975-12-09,3667.56
1975-12-10,3667.6
1975-12-11,3667.65
1975-12-12,3667.66
1975-12-13,3667.68
1975-12-14,3667.72
1975-12-15,3667.71
1975-12-16,3667.7
1975-12-17,3667.64
1975-12-18,3667.55
1975-12-19,3667.41
1975-12-20,3667.35
1975-12-21,3667.28
1975-12-22,3667.28
1975-12-23,3667.3
1975-12-24,3667.38
1975-12-25,3667.52
1975-12-26,3667.63
1975-12-27,3667.75
1975-12-28,3667.8
1975-12-29,3667.85
1975-12-30,3667.99
1975-12-31,3667.88
1976-01-01,3667.93
1976-01-02,3667.85
1976-01-03,3667.85
1976-01-04,3667.82
1976-01-05,3667.74
1976-01-06,3667.75
1976-01-07,3667.66
1976-01-08,3667.57
1976-01-09,3667.54
1976-01-10,3667.58
1976-01-11,3667.7
1976-01-12,3667.75
1976-01-13,3667.72
1976-01-14,3667.65
1976-01-15,3667.58
1976-01-16,3667.56
1976-01-17,3667.51
1976-01-18,3667.44
1976-01-19,3667.34
1976-01-20,3667.28
1976-01-21,3667.17
1976-01-22,3667.09
1976-01-23,3667.01
1976-01-24,3666.97
1976-01-25,3667
1976-01-26,3666.95
1976-01-27,3666.94
1976-01-28,3666.88
1976-01-29,3666.82
1976-01-30,3666.77
1976-01-31,3666.77
1976-02-01,3666.82
1976-02-02,3666.78
1976-02-03,3666.68
1976-02-04,3666.53
1976-02-05,3666.45
1976-02-06,3666.4
1976-02-07,3666.44
1976-02-08,3666.5
1976-02-09,3666.48
1976-02-10,3666.42
1976-02-11,3666.42
1976-02-12,3666.41
1976-02-13,3666.45
1976-02-14,3666.44
1976-02-15,3666.5
1976-02-16,3666.42
1976-02-17,3666.45
1976-02-18,3666.44
1976-02-19,3666.44
1976-02-20,3666.25
1976-02-21,3666.18
1976-02-22,3666.15
1976-02-23,3666.11
1976-02-24,3665.96
1976-02-25,3665.86
1976-02-26,3665.76
1976-02-27,3665.63
1976-02-28,3665.53
1976-02-29,3665.43
1976-03-01,3665.43
1976-03-02,3665.43
1976-03-03,3665.28
1976-03-04,3665.21
1976-03-05,3665.17
1976-03-06,3665.13
1976-03-07,3665.17
1976-03-08,3665.17
1976-03-09,3665.13
1976-03-10,3665.04
1976-03-11,3665
1976-03-12,3664.97
1976-03-13,3664.95
1976-03-14,3664.99
1976-03-15,3664.97
1976-03-16,3664.92
1976-03-17,3664.92
1976-03-18,3664.88
1976-03-19,3664.86
1976-03-20,3664.88
1976-03-21,3664.96
1976-03-22,3664.93
1976-03-23,3664.88
1976-03-24,3664.79
1976-03-25,3664.72
1976-03-26,3664.74
1976-03-27,3664.8
1976-03-28,3664.78
1976-03-29,3664.78
1976-03-30,3664.75
1976-03-31,3664.7
1976-04-01,3664.66
1976-04-02,3664.64
1976-04-03,3664.67
1976-04-04,3664.69
1976-04-05,3664.6
1976-04-06,3664.62
1976-04-07,3664.65
1976-04-08,3664.62
1976-04-09,3664.72
1976-04-10,3664.75
1976-04-11,3664.74
1976-04-12,3664.73
1976-04-13,3664.69
1976-04-14,3664.66
1976-04-15,3664.7
1976-04-16,3664.58
1976-04-17,3664.63
1976-04-18,3664.72
1976-04-19,3664.71
1976-04-20,3664.69
1976-04-21,3664.69
1976-04-22,3664.69
1976-04-23,3664.63
1976-04-24,3664.56
1976-04-25,3664.47
1976-04-26,3664.37
1976-04-27,3664.28
1976-04-28,3664.28
1976-04-29,3664.25
1976-04-30,3664.17
1976-05-01,3664.15
1976-05-02,3664.13
1976-05-03,3664.1
1976-05-04,3664.09
1976-05-05,3664.09
1976-05-06,3664.18
1976-05-07,3664.32
1976-05-08,3664.32
1976-05-09,3664.44
1976-05-10,3664.61
1976-05-11,3664.72
1976-05-12,3664.72
1976-05-13,3664.82
1976-05-14,3664.87
1976-05-15,3664.97
1976-05-16,3665.12
1976-05-17,3665.19
1976-05-18,3665.31
1976-05-19,3665.43
1976-05-20,3665.6
1976-05-21,3665.87
1976-05-22,3666.01
1976-05-23,3666.29
1976-05-24,3666.48
1976-05-25,3666.7
1976-05-26,3666.88
1976-05-27,3667.04
1976-05-28,3667.19
1976-05-29,3667.31
1976-05-30,3667.54
1976-05-31,3667.76
1976-06-01,3667.91
1976-06-02,3668.06
1976-06-03,3668.19
1976-06-04,3668.41
1976-06-05,3668.65
1976-06-06,3668.99
1976-06-07,3669.17
1976-06-08,3669.37
1976-06-09,3669.52
1976-06-10,3669.72
1976-06-11,3669.9
1976-06-12,3670.19
1976-06-13,3670.48
1976-06-14,3670.7
1976-06-15,3670.87
1976-06-16,3670.99
1976-06-17,3671.16
1976-06-18,3671.27
1976-06-19,3671.4
1976-06-20,3671.51
1976-06-21,3671.62
1976-06-22,3671.59
1976-06-23,3671.7
1976-06-24,3671.8
1976-06-25,3671.86
1976-06-26,3672.01
1976-06-27,3672.13
1976-06-28,3672.15
1976-06-29,3672.16
1976-06-30,3672.16
1976-07-01,3672.11
1976-07-02,3672.13
1976-07-03,3672.18
1976-07-04,3672.23
1976-07-05,3672.27
1976-07-06,3672.21
1976-07-07,3672.16
1976-07-08,3672.07
1976-07-09,3672.02
1976-07-10,3671.93
1976-07-11,3671.81
1976-07-12,3671.75
1976-07-13,3671.73
1976-07-14,3671.67
1976-07-15,3671.67
1976-07-16,3671.55
1976-07-17,3671.51
1976-07-18,3671.42
1976-07-19,3671.37
1976-07-20,3671.24
1976-07-21,3671.11
1976-07-22,3671.02
1976-07-23,3670.83
1976-07-24,3670.78
1976-07-25,3670.82
1976-07-26,3670.64
1976-07-27,3670.57
1976-07-28,3670.46
1976-07-29,3670.36
1976-07-30,3670.22
1976-07-31,3670.39
1976-08-01,3670.4
1976-08-02,3670.34
1976-08-03,3670.3
1976-08-04,3670.24
1976-08-05,3670.24
1976-08-06,3670.17
1976-08-07,3670.17
1976-08-08,3670.15
1976-08-09,3670.01
1976-08-10,3669.93
1976-08-11,3669.85
1976-08-12,3669.78
1976-08-13,3669.71
1976-08-14,3669.7
1976-08-15,3669.63
1976-08-16,3669.55
1976-08-17,3669.46
1976-08-18,3669.31
1976-08-19,3669.18
1976-08-20,3669.05
1976-08-21,3668.89
1976-08-22,3668.79
1976-08-23,3668.59
1976-08-24,3668.47
1976-08-25,3668.31
1976-08-26,3668.17
1976-08-27,3667.98
1976-08-28,3667.87
1976-08-29,3667.75
1976-08-30,3667.64
1976-08-31,3667.44
1976-09-01,3667.27
1976-09-02,3667.15
1976-09-03,3667.01
1976-09-04,3666.93
1976-09-05,3666.87
1976-09-06,3666.77
1976-09-07,3666.68
1976-09-08,3666.53
1976-09-09,3666.41
1976-09-10,3666.24
1976-09-11,3666.08
1976-09-12,3666.07
1976-09-13,3665.99
1976-09-14,3665.82
1976-09-15,3665.68
1976-09-16,3665.52
1976-09-17,3665.37
1976-09-18,3665.28
1976-09-19,3665.25
1976-09-20,3665.13
1976-09-21,3664.96
1976-09-22,3664.77
1976-09-23,3664.64
1976-09-24,3664.51
1976-09-25,3664.37
1976-09-26,3664.33
1976-09-27,3664.35
1976-09-28,3664.23
1976-09-29,3664.1
1976-09-30,3664
1976-10-01,3663.88
1976-10-02,3663.83
1976-10-03,3663.83
1976-10-04,3663.76
1976-10-05,3663.72
1976-10-06,3663.63
1976-10-07,3663.46
1976-10-08,3663.38
1976-10-09,3663.32
1976-10-10,3663.31
1976-10-11,3663.27
1976-10-12,3663.15
1976-10-13,3663.07
1976-10-14,3663
1976-10-15,3662.94
1976-10-16,3662.87
1976-10-17,3662.79
1976-10-18,3662.74
1976-10-19,3662.61
1976-10-20,3662.5
1976-10-21,3662.37
1976-10-22,3662.25
1976-10-23,3662.13
1976-10-24,3662.05
1976-10-25,3661.91
1976-10-26,3661.85
1976-10-27,3661.7
1976-10-28,3661.57
1976-10-29,3661.42
1976-10-30,3661.32
1976-10-31,3661.24
1976-11-01,3661.13
1976-11-02,3660.99
1976-11-03,3660.85
1976-11-04,3660.72
1976-11-05,3660.63
1976-11-06,3660.54
1976-11-07,3660.45
1976-11-08,3660.35
1976-11-09,3660.26
1976-11-10,3660.13
1976-11-11,3660.03
1976-11-12,3659.9
1976-11-13,3659.74
1976-11-14,3659.69
1976-11-15,3659.57
1976-11-16,3659.49
1976-11-17,3659.4
1976-11-18,3659.31
1976-11-19,3659.22
1976-11-20,3659.11
1976-11-21,3659.05
1976-11-22,3658.95
1976-11-23,3658.8
1976-11-24,3658.69
1976-11-25,3658.64
1976-11-26,3658.62
1976-11-27,3658.38
1976-11-28,3658.24
1976-11-29,3658.05
1976-11-30,3657.89
1976-12-01,3657.75
1976-12-02,3657.57
1976-12-03,3657.42
1976-12-04,3657.25
1976-12-05,3657.15
1976-12-06,3657.03
1976-12-07,3656.97
1976-12-08,3656.9
1976-12-09,3656.85
1976-12-10,3656.81
1976-12-11,3656.76
1976-12-12,3656.79
1976-12-13,3656.77
1976-12-14,3656.7
1976-12-15,3656.7
1976-12-16,3656.65
1976-12-17,3656.56
1976-12-18,3656.49
1976-12-19,3656.49
1976-12-20,3656.36
1976-12-21,3656.28
1976-12-22,3656.15
1976-12-23,3656.09
1976-12-24,3656.08
1976-12-25,3656.12
1976-12-26,3656.15
1976-12-27,3655.98
1976-12-28,3655.83
1976-12-29,3655.63
1976-12-30,3655.38
1976-12-31,3655.31
1977-01-01,3655.31
1977-01-02,3655.4
1977-01-03,3655.27
1977-01-04,3655.17
1977-01-05,3655.08
1977-01-06,3654.94
1977-01-07,3654.81
1977-01-08,3654.62
1977-01-09,3654.52
1977-01-10,3654.41
1977-01-11,3654.22
1977-01-12,3654.01
1977-01-13,3653.85
1977-01-14,3653.68
1977-01-15,3653.48
1977-01-16,3653.37
1977-01-17,3653.18
1977-01-18,3652.97
1977-01-19,3652.78
1977-01-20,3652.66
1977-01-21,3652.62
1977-01-22,3652.55
1977-01-23,3652.6
1977-01-24,3652.54
1977-01-25,3652.42
1977-01-26,3652.3
1977-01-27,3652.19
1977-01-28,3652.05
1977-01-29,3651.91
1977-01-30,3651.87
1977-01-31,3651.78
1977-02-01,3651.69
1977-02-02,3651.66
1977-02-03,3651.65
1977-02-04,3651.64
1977-02-05,3651.66
1977-02-06,3651.77
1977-02-07,3651.75
1977-02-08,3651.74
1977-02-09,3651.7
1977-02-10,3651.64
1977-02-11,3651.56
1977-02-12,3651.54
1977-02-13,3651.59
1977-02-14,3651.54
1977-02-15,3651.5
1977-02-16,3651.53
1977-02-17,3651.55
1977-02-18,3651.59
1977-02-19,3651.65
1977-02-20,3651.69
1977-02-21,3651.65
1977-02-22,3651.6
1977-02-23,3651.66
1977-02-24,3651.62
1977-02-25,3651.58
1977-02-26,3651.61
1977-02-27,3651.58
1977-02-28,3651.53
1977-03-01,3651.41
1977-03-02,3651.19
1977-03-03,3650.99
1977-03-04,3650.92
1977-03-05,3650.9
1977-03-06,3650.9
1977-03-07,3650.81
1977-03-08,3650.8
1977-03-09,3650.69
1977-03-10,3650.77
1977-03-11,3650.7
1977-03-12,3650.75
1977-03-13,3650.81
1977-03-14,3650.76
1977-03-15,3650.76
1977-03-16,3650.6
1977-03-17,3650.65
1977-03-18,3650.73
1977-03-19,3650.74
1977-03-20,3650.82
1977-03-21,3650.89
1977-03-22,3651.02
1977-03-23,3651.05
1977-03-24,3651.15
1977-03-25,3651.28
1977-03-26,3651.31
1977-03-27,3651.41
1977-03-28,3651.34
1977-03-29,3651.23
1977-03-30,3651.18
1977-03-31,3651.2
1977-04-01,3651.25
1977-04-02,3651.31
1977-04-03,3651.37
1977-04-04,3651.42
1977-04-05,3651.51
1977-04-06,3651.6
1977-04-07,3651.67
1977-04-08,3651.71
1977-04-09,3651.68
1977-04-10,3651.76
1977-04-11,3651.84
1977-04-12,3651.98
1977-04-13,3651.95
1977-04-14,3652.03
1977-04-15,3652.03
1977-04-16,3652.08
1977-04-17,3652.1
1977-04-18,3652.13
1977-04-19,3652.07
1977-04-20,3652.09
1977-04-21,3652.18
1977-04-22,3652.25
1977-04-23,3652.31
1977-04-24,3652.36
1977-04-25,3652.42
1977-04-26,3652.46
1977-04-27,3652.47
1977-04-28,3652.52
1977-04-29,3652.58
1977-04-30,3652.63
1977-05-01,3652.64
1977-05-02,3652.64
1977-05-03,3652.55
1977-05-04,3652.62
1977-05-05,3652.61
1977-05-06,3652.64
1977-05-07,3652.73
1977-05-08,3652.85
1977-05-09,3652.93
1977-05-10,3652.96
1977-05-11,3653.07
1977-05-12,3653.13
1977-05-13,3653.19
1977-05-14,3653.19
1977-05-15,3653.29
1977-05-16,3653.37
1977-05-17,3653.3
1977-05-18,3653.37
1977-05-19,3653.42
1977-05-20,3653.49
1977-05-21,3653.59
1977-05-22,3653.69
1977-05-23,3653.79
1977-05-24,3653.81
1977-05-25,3653.9
1977-05-26,3653.96
1977-05-27,3654.02
1977-05-28,3654.08
1977-05-29,3654.15
1977-05-30,3654.25
1977-05-31,3654.27
1977-06-01,3654.29
1977-06-02,3654.4
1977-06-03,3654.33
1977-06-04,3654.33
1977-06-05,3654.49
1977-06-06,3654.45
1977-06-07,3654.52
1977-06-08,3654.63
1977-06-09,3654.6
1977-06-10,3654.74
1977-06-11,3654.9
1977-06-12,3655.07
1977-06-13,3655.15
1977-06-14,3655.18
1977-06-15,3655.18
1977-06-16,3655.14
1977-06-17,3655.1
1977-06-18,3655.13
1977-06-19,3655.07
1977-06-20,3655.05
1977-06-21,3654.99
1977-06-22,3654.91
1977-06-23,3654.73
1977-06-24,3654.59
1977-06-25,3654.38
1977-06-26,3654.33
1977-06-27,3654.07
1977-06-28,3653.92
1977-06-29,3653.75
1977-06-30,3653.65
1977-07-01,3653.67
1977-07-02,3653.54
1977-07-03,3653.38
1977-07-04,3653.41
1977-07-05,3653.28
1977-07-06,3653.1
1977-07-07,3652.92
1977-07-08,3652.74
1977-07-09,3652.56
1977-07-10,3652.41
1977-07-11,3652.21
1977-07-12,3652.08
1977-07-13,3651.88
1977-07-14,3651.72
1977-07-15,3651.55
1977-07-16,3651.31
1977-07-17,3651.19
1977-07-18,3650.95
1977-07-19,3650.71
1977-07-20,3650.59
1977-07-21,3650.43
1977-07-22,3650.2
1977-07-23,3650.28
1977-07-24,3650.27
1977-07-25,3650.15
1977-07-26,3650.06
1977-07-27,3649.98
1977-07-28,3649.86
1977-07-29,3649.69
1977-07-30,3649.63
1977-07-31,3649.36
1977-08-01,3649.05
1977-08-02,3648.76
1977-08-03,3648.46
1977-08-04,3648.2
1977-08-05,3648.02
1977-08-06,3647.85
1977-08-07,3647.75
1977-08-08,3647.42
1977-08-09,3647.09
1977-08-10,3646.82
1977-08-11,3646.56
1977-08-12,3646.32
1977-08-13,3646.07
1977-08-14,3645.86
1977-08-15,3645.62
1977-08-16,3645.35
1977-08-17,3645.22
1977-08-18,3644.95
1977-08-19,3644.78
1977-08-20,3644.68
1977-08-21,3644.53
1977-08-22,3644.28
1977-08-23,3644.1
1977-08-24,3643.88
1977-08-25,3643.63
1977-08-26,3643.36
1977-08-27,3643.19
1977-08-28,3643.08
1977-08-29,3642.89
1977-08-30,3642.68
1977-08-31,3642.48
1977-09-01,3642.28
1977-09-02,3642.04
1977-09-03,3641.88
1977-09-04,3641.79
1977-09-05,3641.62
1977-09-06,3641.38
1977-09-07,3641.09
1977-09-08,3640.8
1977-09-09,3640.49
1977-09-10,3640.34
1977-09-11,3640.28
1977-09-12,3640.03
1977-09-13,3639.79
1977-09-14,3639.65
1977-09-15,3639.42
1977-09-16,3639.23
1977-09-17,3639.14
1977-09-18,3639.1
1977-09-19,3638.91
1977-09-20,3638.71
1977-09-21,3638.61
1977-09-22,3638.38
1977-09-23,3638.21
1977-09-24,3637.99
1977-09-25,3637.82
1977-09-26,3637.56
1977-09-27,3637.34
1977-09-28,3637.1
1977-09-29,3636.86
1977-09-30,3636.7
1977-10-01,3636.59
1977-10-02,3636.57
1977-10-03,3636.48
1977-10-04,3636.39
1977-10-05,3636.33
1977-10-06,3636.26
1977-10-07,3636.2
1977-10-08,3636.15
1977-10-09,3636.13
1977-10-10,3636.11
1977-10-11,3636.05
1977-10-12,3635.95
1977-10-13,3635.88
1977-10-14,3635.9
1977-10-15,3635.94
1977-10-16,3635.99
1977-10-17,3635.97
1977-10-18,3635.94
1977-10-19,3635.9
1977-10-20,3635.88
1977-10-21,3635.87
1977-10-22,3635.86
1977-10-23,3635.83
1977-10-24,3635.79
1977-10-25,3635.71
1977-10-26,3635.65
1977-10-27,3635.56
1977-10-28,3635.52
1977-10-29,3635.5
1977-10-30,3635.57
1977-10-31,3635.65
1977-11-01,3635.62
1977-11-02,3635.67
1977-11-03,3635.63
1977-11-04,3635.52
1977-11-05,3635.43
1977-11-06,3635.49
1977-11-07,3635.39
1977-11-08,3635.35
1977-11-09,3635.28
1977-11-10,3635.25
1977-11-11,3635.2
1977-11-12,3635.2
1977-11-13,3635.26
1977-11-14,3635.25
1977-11-15,3635.25
1977-11-16,3635.18
1977-11-17,3635.12
1977-11-18,3635.06
1977-11-19,3635.01
1977-11-20,3634.99
1977-11-21,3634.8
1977-11-22,3634.69
1977-11-23,3634.66
1977-11-24,3634.68
1977-11-25,3634.69
1977-11-26,3634.73
1977-11-27,3634.74
1977-11-28,3634.72
1977-11-29,3634.71
1977-11-30,3634.62
1977-12-01,3634.42
1977-12-02,3634.35
1977-12-03,3634.39
1977-12-04,3634.45
1977-12-05,3634.38
1977-12-06,3634.28
1977-12-07,3634.13
1977-12-08,3633.99
1977-12-09,3633.81
1977-12-10,3633.78
1977-12-11,3633.69
1977-12-12,3633.57
1977-12-13,3633.4
1977-12-14,3633.24
1977-12-15,3633.1
1977-12-16,3632.93
1977-12-17,3632.81
1977-12-18,3632.65
1977-12-19,3632.44
1977-12-20,3632.19
1977-12-21,3631.98
1977-12-22,3631.66
1977-12-23,3631.45
1977-12-24,3631.3
1977-12-25,3631.13
1977-12-26,3630.94
1977-12-27,3630.68
1977-12-28,3630.47
1977-12-29,3630.27
1977-12-30,3630.07
1977-12-31,3630.05
1978-01-01,3629.9
1978-01-02,3629.73
1978-01-03,3629.54
1978-01-04,3629.27
1978-01-05,3629.04
1978-01-06,3628.86
1978-01-07,3628.62
1978-01-08,3628.48
1978-01-09,3628.3
1978-01-10,3628.08
1978-01-11,3627.94
1978-01-12,3627.83
1978-01-13,3627.72
1978-01-14,3627.6
1978-01-15,3627.54
1978-01-16,3627.35
1978-01-17,3627.2
1978-01-18,3627.09
1978-01-19,3626.9
1978-01-20,3626.66
1978-01-21,3626.53
1978-01-22,3626.43
1978-01-23,3626.22
1978-01-24,3626
1978-01-25,3625.77
1978-01-26,3625.61
1978-01-27,3625.49
1978-01-28,3625.4
1978-01-29,3625.36
1978-01-30,3625.2
1978-01-31,3625.02
1978-02-01,3624.86
1978-02-02,3624.73
1978-02-03,3624.63
1978-02-04,3624.63
1978-02-05,3624.6
1978-02-06,3624.57
1978-02-07,3624.41
1978-02-08,3624.36
1978-02-09,3624.29
1978-02-10,3624.27
1978-02-11,3624.29
1978-02-12,3624.35
1978-02-13,3624.33
1978-02-14,3624.19
1978-02-15,3624.07
1978-02-16,3624.03
1978-02-17,3623.92
1978-02-18,3623.84
1978-02-19,3623.78
1978-02-20,3623.74
1978-02-21,3623.63
1978-02-22,3623.54
1978-02-23,3623.37
1978-02-24,3623.23
1978-02-25,3623.17
1978-02-26,3623.08
1978-02-27,3622.87
1978-02-28,3622.71
1978-03-01,3622.61
1978-03-02,3622.49
1978-03-03,3622.3
1978-03-04,3622.31
1978-03-05,3622.3
1978-03-06,3622.29
1978-03-07,3622.32
1978-03-08,3622.32
1978-03-09,3622.35
1978-03-10,3622.38
1978-03-11,3622.39
1978-03-12,3622.39
1978-03-13,3622.41
1978-03-14,3622.47
1978-03-15,3622.57
1978-03-16,3622.62
1978-03-17,3622.69
1978-03-18,3622.77
1978-03-19,3622.88
1978-03-20,3622.83
1978-03-21,3622.78
1978-03-22,3622.72
1978-03-23,3622.72
1978-03-24,3622.72
1978-03-25,3622.72
1978-03-26,3622.74
1978-03-27,3622.6
1978-03-28,3622.68
1978-03-29,3622.64
1978-03-30,3622.63
1978-03-31,3622.69
1978-04-01,3622.73
1978-04-02,3622.77
1978-04-03,3622.88
1978-04-04,3622.98
1978-04-05,3623.15
1978-04-06,3623.26
1978-04-07,3623.38
1978-04-08,3623.44
1978-04-09,3623.64
1978-04-10,3623.93
1978-04-11,3624.13
1978-04-12,3624.32
1978-04-13,3624.49
1978-04-14,3624.55
1978-04-15,3624.73
1978-04-16,3624.99
1978-04-17,3625.1
1978-04-18,3625.25
1978-04-19,3625.41
1978-04-20,3625.54
1978-04-21,3625.6
1978-04-22,3625.69
1978-04-23,3625.86
1978-04-24,3626.02
1978-04-25,3626.1
1978-04-26,3626.19
1978-04-27,3626.35
1978-04-28,3626.52
1978-04-29,3626.65
1978-04-30,3626.85
1978-05-01,3627.15
1978-05-02,3627.24
1978-05-03,3627.33
1978-05-04,3627.6
1978-05-05,3627.5
1978-05-06,3627.76
1978-05-07,3627.93
1978-05-08,3628.14
1978-05-09,3628.29
1978-05-10,3628.45
1978-05-11,3628.57
1978-05-12,3628.76
1978-05-13,3628.94
1978-05-14,3629.11
1978-05-15,3629.2
1978-05-16,3629.4
1978-05-17,3629.64
1978-05-18,3629.98
1978-05-19,3630.43
1978-05-20,3630.99
1978-05-21,3631.46
1978-05-22,3631.9
1978-05-23,3632.3
1978-05-24,3632.55
1978-05-25,3632.86
1978-05-26,3633.2
1978-05-27,3633.72
1978-05-28,3634.26
1978-05-29,3634.8
1978-05-30,3635.27
1978-05-31,3635.62
1978-06-01,3635.94
1978-06-02,3636.29
1978-06-03,3636.63
1978-06-04,3637.08
1978-06-05,3637.45
1978-06-06,3637.84
1978-06-07,3638.29
1978-06-08,3638.62
1978-06-09,3638.97
1978-06-10,3639.41
1978-06-11,3639.95
1978-06-12,3640.48
1978-06-13,3641.04
1978-06-14,3641.54
1978-06-15,3642.1
1978-06-16,3642.73
1978-06-17,3643.45
1978-06-18,3644.2
1978-06-19,3644.82
1978-06-20,3645.42
1978-06-21,3645.9
1978-06-22,3646.34
1978-06-23,3646.73
1978-06-24,3647.23
1978-06-25,3647.71
1978-06-26,3648.13
1978-06-27,3648.59
1978-06-28,3649
1978-06-29,3649.34
1978-06-30,3649.65
1978-07-01,3650.04
1978-07-02,3650.4
1978-07-03,3650.71
1978-07-04,3650.99
1978-07-05,3651.24
1978-07-06,3651.52
1978-07-07,3651.64
1978-07-08,3651.85
1978-07-09,3651.97
1978-07-10,3652.1
1978-07-11,3652.13
1978-07-12,3652.18
1978-07-13,3652.27
1978-07-14,3652.27
1978-07-15,3652.37
1978-07-16,3652.56
1978-07-17,3652.45
1978-07-18,3652.5
1978-07-19,3652.51
1978-07-20,3652.49
1978-07-21,3652.6
1978-07-22,3652.62
1978-07-23,3652.69
1978-07-24,3652.75
1978-07-25,3652.69
1978-07-26,3652.67
1978-07-27,3652.56
1978-07-28,3652.48
1978-07-29,3652.46
1978-07-30,3652.42
1978-07-31,3652.29
1978-08-01,3652.14
1978-08-02,3652.02
1978-08-03,3651.91
1978-08-04,3651.74
1978-08-05,3651.6
1978-08-06,3651.43
1978-08-07,3651.25
1978-08-08,3651.02
1978-08-09,3650.82
1978-08-10,3650.57
1978-08-11,3650.39
1978-08-12,3650.16
1978-08-13,3649.98
1978-08-14,3649.87
1978-08-15,3649.58
1978-08-16,3649.26
1978-08-17,3649.02
1978-08-18,3648.83
1978-08-19,3648.64
1978-08-20,3648.47
1978-08-21,3648.24
1978-08-22,3647.93
1978-08-23,3647.7
1978-08-24,3647.43
1978-08-25,3647.1
1978-08-26,3646.88
1978-08-27,3646.75
1978-08-28,3646.52
1978-08-29,3646.3
1978-08-30,3646.04
1978-08-31,3645.8
1978-09-01,3645.54
1978-09-02,3645.36
1978-09-03,3645.14
1978-09-04,3644.84
1978-09-05,3644.81
1978-09-06,3644.27
1978-09-07,3644
1978-09-08,3643.67
1978-09-09,3643.43
1978-09-10,3643.16
1978-09-11,3643
1978-09-12,3642.73
1978-09-13,3642.51
1978-09-14,3642.39
1978-09-15,3642.2
1978-09-16,3642.07
1978-09-17,3641.94
1978-09-18,3641.87
1978-09-19,3641.76
1978-09-20,3641.58
1978-09-21,3641.38
1978-09-22,3641.27
1978-09-23,3641.14
1978-09-24,3641.01
1978-09-25,3640.86
1978-09-26,3640.71
1978-09-27,3640.59
1978-09-28,3640.4
1978-09-29,3640.27
1978-09-30,3640.17
1978-10-01,3640.1
1978-10-02,3640
1978-10-03,3639.93
1978-10-04,3639.85
1978-10-05,3639.8
1978-10-06,3639.68
1978-10-07,3639.58
1978-10-08,3639.59
1978-10-09,3639.52
1978-10-10,3639.42
1978-10-11,3639.32
1978-10-12,3639.13
1978-10-13,3638.92
1978-10-14,3638.88
1978-10-15,3638.87
1978-10-16,3638.75
1978-10-17,3638.57
1978-10-18,3638.46
1978-10-19,3638.26
1978-10-20,3638.2
1978-10-21,3638.23
1978-10-22,3638.12
1978-10-23,3637.93
1978-10-24,3637.69
1978-10-25,3637.58
1978-10-26,3637.5
1978-10-27,3637.47
1978-10-28,3637.39
1978-10-29,3637.4
1978-10-30,3637.41
1978-10-31,3637.28
1978-11-01,3637.25
1978-11-02,3637.26
1978-11-03,3637.4
1978-11-04,3637.48
1978-11-05,3637.61
1978-11-06,3637.69
1978-11-07,3637.7
1978-11-08,3637.73
1978-11-09,3637.72
1978-11-10,3637.65
1978-11-11,3637.74
1978-11-12,3637.84
1978-11-13,3637.72
1978-11-14,3637.7
1978-11-15,3637.53
1978-11-16,3637.42
1978-11-17,3637.32
1978-11-18,3637.27
1978-11-19,3637.17
1978-11-20,3637
1978-11-21,3636.85
1978-11-22,3636.74
1978-11-23,3636.81
1978-11-24,3636.76
1978-11-25,3636.66
1978-11-26,3636.63
1978-11-27,3636.47
1978-11-28,3636.32
1978-11-29,3636.24
1978-11-30,3636.08
1978-12-01,3636.13
1978-12-02,3636.09
1978-12-03,3636.07
1978-12-04,3635.89
1978-12-05,3635.84
1978-12-06,3635.66
1978-12-07,3635.48
1978-12-08,3635.21
1978-12-09,3634.95
1978-12-10,3634.75
1978-12-11,3634.54
1978-12-12,3634.25
1978-12-13,3633.99
1978-12-14,3633.73
1978-12-15,3633.55
1978-12-16,3633.46
1978-12-17,3633.49
1978-12-18,3633.51
1978-12-19,3633.5
1978-12-20,3633.46
1978-12-21,3633.38
1978-12-22,3633.3
1978-12-23,3633.35
1978-12-24,3633.45
1978-12-25,3633.51
1978-12-26,3633.39
1978-12-27,3633.21
1978-12-28,3633.03
1978-12-29,3632.84
1978-12-30,3632.8
1978-12-31,3632.83
1979-01-01,3632.74
1979-01-02,3632.54
1979-01-03,3632.32
1979-01-04,3632.11
1979-01-05,3631.94
1979-01-06,3631.78
1979-01-07,3631.75
1979-01-08,3631.56
1979-01-09,3631.36
1979-01-10,3631.21
1979-01-11,3630.96
1979-01-12,3630.83
1979-01-13,3630.69
1979-01-14,3630.63
1979-01-15,3630.46
1979-01-16,3630.31
1979-01-17,3630.18
1979-01-18,3630.11
1979-01-19,3630.16
1979-01-20,3630.35
1979-01-21,3630.44
1979-01-22,3630.42
1979-01-23,3630.32
1979-01-24,3630.14
1979-01-25,3630
1979-01-26,3629.75
1979-01-27,3629.69
1979-01-28,3629.6
1979-01-29,3629.33
1979-01-30,3629.09
1979-01-31,3628.84
1979-02-01,3628.63
1979-02-02,3628.43
1979-02-03,3628.29
1979-02-04,3628.2
1979-02-05,3627.97
1979-02-06,3627.78
1979-02-07,3627.56
1979-02-08,3627.39
1979-02-09,3627.26
1979-02-10,3627.23
1979-02-11,3627.22
1979-02-12,3627.16
1979-02-13,3627.06
1979-02-14,3627.1
1979-02-15,3627.04
1979-02-16,3626.93
1979-02-17,3627.04
1979-02-18,3627.25
1979-02-19,3627.35
1979-02-20,3627.41
1979-02-21,3627.5
1979-02-22,3627.58
1979-02-23,3627.62
1979-02-24,3627.77
1979-02-25,3627.9
1979-02-26,3627.98
1979-02-27,3627.93
1979-02-28,3627.99
1979-03-01,3628.04
1979-03-02,3628.05
1979-03-03,3628.22
1979-03-04,3628.38
1979-03-05,3628.53
1979-03-06,3628.68
1979-03-07,3628.88
1979-03-08,3629.13
1979-03-09,3629.37
1979-03-10,3629.66
1979-03-11,3629.91
1979-03-12,3630.14
1979-03-13,3630.35
1979-03-14,3630.6
1979-03-15,3630.82
1979-03-16,3631.06
1979-03-17,3631.29
1979-03-18,3631.55
1979-03-19,3631.83
1979-03-20,3632.05
1979-03-21,3632.17
1979-03-22,3632.36
1979-03-23,3632.61
1979-03-24,3632.94
1979-03-25,3633.23
1979-03-26,3633.49
1979-03-27,3633.71
1979-03-28,3634.08
1979-03-29,3634.3
1979-03-30,3634.61
1979-03-31,3635.03
1979-04-01,3635.49
1979-04-02,3635.73
1979-04-03,3635.98
1979-04-04,3636.2
1979-04-05,3636.5
1979-04-06,3636.75
1979-04-07,3637.09
1979-04-08,3637.41
1979-04-09,3637.67
1979-04-10,3637.99
1979-04-11,3638.21
1979-04-12,3638.57
1979-04-13,3638.8
1979-04-14,3639.07
1979-04-15,3639.35
1979-04-16,3639.65
1979-04-17,3640
1979-04-18,3640.36
1979-04-19,3640.81
1979-04-20,3641.31
1979-04-21,3641.83
1979-04-22,3642.27
1979-04-23,3642.68
1979-04-24,3643.13
1979-04-25,3643.8
1979-04-26,3644.38
1979-04-27,3644.89
1979-04-28,3645.36
1979-04-29,3645.81
1979-04-30,3646.28
1979-05-01,3646.74
1979-05-02,3647.15
1979-05-03,3647.64
1979-05-04,3648.09
1979-05-05,3648.5
1979-05-06,3648.93
1979-05-07,3649.37
1979-05-08,3649.82
1979-05-09,3650.35
1979-05-10,3650.89
1979-05-11,3651.33
1979-05-12,3651.78
1979-05-13,3652.18
1979-05-14,3652.53
1979-05-15,3652.9
1979-05-16,3653.2
1979-05-17,3653.5
1979-05-18,3653.89
1979-05-19,3654.35
1979-05-20,3654.93
1979-05-21,3655.5
1979-05-22,3656.12
1979-05-23,3656.83
1979-05-24,3657.55
1979-05-25,3658.27
1979-05-26,3659.07
1979-05-27,3659.93
1979-05-28,3660.83
1979-05-29,3661.78
1979-05-30,3662.8
1979-05-31,3663.76
1979-06-01,3664.76
1979-06-02,3665.6
1979-06-03,3666.47
1979-06-04,3667.12
1979-06-05,3667.71
1979-06-06,3668.25
1979-06-07,3668.82
1979-06-08,3669.43
1979-06-09,3670.19
1979-06-10,3670.96
1979-06-11,3671.6
1979-06-12,3672.1
1979-06-13,3672.55
1979-06-14,3673.01
1979-06-15,3673.48
1979-06-16,3673.99
1979-06-17,3674.62
1979-06-18,3675.24
1979-06-19,3675.93
1979-06-20,3676.59
1979-06-21,3677.09
1979-06-22,3677.52
1979-06-23,3677.94
1979-06-24,3678.33
1979-06-25,3678.68
1979-06-26,3679.02
1979-06-27,3679.39
1979-06-28,3679.75
1979-06-29,3680.11
1979-06-30,3680.4
1979-07-01,3680.72
1979-07-02,3681.04
1979-07-03,3681.41
1979-07-04,3681.84
1979-07-05,3682.19
1979-07-06,3682.5
1979-07-07,3682.81
1979-07-08,3683.09
1979-07-09,3683.31
1979-07-10,3683.46
1979-07-11,3683.69
1979-07-12,3683.84
1979-07-13,3684
1979-07-14,3684.14
1979-07-15,3684.3
1979-07-16,3684.39
1979-07-17,3684.53
1979-07-18,3684.62
1979-07-19,3684.7
1979-07-20,3684.72
1979-07-21,3684.77
1979-07-22,3684.74
1979-07-23,3684.74
1979-07-24,3684.74
1979-07-25,3684.71
1979-07-26,3684.62
1979-07-27,3684.54
1979-07-28,3684.47
1979-07-29,3684.43
1979-07-30,3684.33
1979-07-31,3684.32
1979-08-01,3684.25
1979-08-02,3684.15
1979-08-03,3684.02
1979-08-04,3683.91
1979-08-05,3683.7
1979-08-06,3683.78
1979-08-07,3683.58
1979-08-08,3683.41
1979-08-09,3683.25
1979-08-10,3683.11
1979-08-11,3682.96
1979-08-12,3682.94
1979-08-13,3682.84
1979-08-14,3682.89
1979-08-15,3682.8
1979-08-16,3682.7
1979-08-17,3682.48
1979-08-18,3682.37
1979-08-19,3682.27
1979-08-20,3682.14
1979-08-21,3682.04
1979-08-22,3681.98
1979-08-23,3681.91
1979-08-24,3681.82
1979-08-25,3681.74
1979-08-26,3681.62
1979-08-27,3681.42
1979-08-28,3681.23
1979-08-29,3681.08
1979-08-30,3680.95
1979-08-31,3680.79
1979-09-01,3680.7
1979-09-02,3680.65
1979-09-03,3680.55
1979-09-04,3680.41
1979-09-05,3680.27
1979-09-06,3680.13
1979-09-07,3680.01
1979-09-08,3679.87
1979-09-09,3679.72
1979-09-10,3679.57
1979-09-11,3679.51
1979-09-12,3679.4
1979-09-13,3679.3
1979-09-14,3679.26
1979-09-15,3679.22
1979-09-16,3679.17
1979-09-17,3679.1
1979-09-18,3679.08
1979-09-19,3678.97
1979-09-20,3678.9
1979-09-21,3678.84
1979-09-22,3678.72
1979-09-23,3678.67
1979-09-24,3678.56
1979-09-25,3678.46
1979-09-26,3678.37
1979-09-27,3678.27
1979-09-28,3678.21
1979-09-29,3678.16
1979-09-30,3678.1
1979-10-01,3678.06
1979-10-02,3677.93
1979-10-03,3677.89
1979-10-04,3677.84
1979-10-05,3677.78
1979-10-06,3677.72
1979-10-07,3677.72
1979-10-08,3677.63
1979-10-09,3677.53
1979-10-10,3677.42
1979-10-11,3677.27
1979-10-12,3677.15
1979-10-13,3677.1
1979-10-14,3677.08
1979-10-15,3677.05
1979-10-16,3677.06
1979-10-17,3676.99
1979-10-18,3676.93
1979-10-19,3676.91
1979-10-20,3677.02
1979-10-21,3676.97
1979-10-22,3676.87
1979-10-23,3676.76
1979-10-24,3676.64
1979-10-25,3676.59
1979-10-26,3676.59
1979-10-27,3676.58
1979-10-28,3676.53
1979-10-29,3676.43
1979-10-30,3676.27
1979-10-31,3676.13
1979-11-01,3675.95
1979-11-02,3675.8
1979-11-03,3675.66
1979-11-04,3675.57
1979-11-05,3675.5
1979-11-06,3675.34
1979-11-07,3675.23
1979-11-08,3675.25
1979-11-09,3675.1
1979-11-10,3675.02
1979-11-11,3675.05
1979-11-12,3674.98
1979-11-13,3674.91
1979-11-14,3674.81
1979-11-15,3674.73
1979-11-16,3674.68
1979-11-17,3674.64
1979-11-18,3674.64
1979-11-19,3674.54
1979-11-20,3674.36
1979-11-21,3674.3
1979-11-22,3674.25
1979-11-23,3674.22
1979-11-24,3674.04
1979-11-25,3674
1979-11-26,3673.92
1979-11-27,3673.89
1979-11-28,3673.78
1979-11-29,3673.63
1979-11-30,3673.5
1979-12-01,3673.35
1979-12-02,3673.22
1979-12-03,3673.07
1979-12-04,3672.99
1979-12-05,3672.94
1979-12-06,3672.89
1979-12-07,3672.87
1979-12-08,3672.88
1979-12-09,3672.92
1979-12-10,3672.75
1979-12-11,3672.73
1979-12-12,3672.64
1979-12-13,3672.54
1979-12-14,3672.48
1979-12-15,3672.47
1979-12-16,3672.51
1979-12-17,3672.49
1979-12-18,3672.46
1979-12-19,3672.43
1979-12-20,3672.38
1979-12-21,3672.36
1979-12-22,3672.44
1979-12-23,3672.46
1979-12-24,3672.49
1979-12-25,3672.6
1979-12-26,3672.59
1979-12-27,3672.58
1979-12-28,3672.51
1979-12-29,3672.51
1979-12-30,3672.59
1979-12-31,3672.68
1980-01-01,3672.76
1980-01-02,3672.76
1980-01-03,3672.73
1980-01-04,3672.7
1980-01-05,3672.64
1980-01-06,3672.67
1980-01-07,3672.62
1980-01-08,3672.53
1980-01-09,3672.45
1980-01-10,3672.55
1980-01-11,3672.53
1980-01-12,3672.58
1980-01-13,3672.71
1980-01-14,3672.79
1980-01-15,3672.94
1980-01-16,3673.03
1980-01-17,3673.04
1980-01-18,3673.22
1980-01-19,3673.24
1980-01-20,3673.25
1980-01-21,3673.2
1980-01-22,3673.21
1980-01-23,3673.22
1980-01-24,3673.24
1980-01-25,3673.28
1980-01-26,3673.3
1980-01-27,3673.31
1980-01-28,3673.27
1980-01-29,3673.18
1980-01-30,3673.07
1980-01-31,3673.03
1980-02-01,3672.91
1980-02-02,3672.88
1980-02-03,3672.9
1980-02-04,3672.91
1980-02-05,3672.84
1980-02-06,3672.9
1980-02-07,3672.9
1980-02-08,3672.86
1980-02-09,3672.8
1980-02-10,3672.75
1980-02-11,3672.69
1980-02-12,3672.67
1980-02-13,3672.65
1980-02-14,3672.63
1980-02-15,3672.62
1980-02-16,3672.65
1980-02-17,3672.72
1980-02-18,3672.73
1980-02-19,3672.83
1980-02-20,3673.01
1980-02-21,3673.04
1980-02-22,3673.32
1980-02-23,3673.43
1980-02-24,3673.62
1980-02-25,3673.75
1980-02-26,3673.94
1980-02-27,3674.04
1980-02-28,3674.12
1980-02-29,3674.26
1980-03-01,3674.3
1980-03-02,3674.39
1980-03-03,3674.49
1980-03-04,3674.48
1980-03-05,3674.55
1980-03-06,3674.7
1980-03-07,3674.79
1980-03-08,3674.87
1980-03-09,3675
1980-03-10,3675.06
1980-03-11,3675.07
1980-03-12,3675.14
1980-03-13,3675.28
1980-03-14,3675.31
1980-03-15,3675.33
1980-03-16,3675.38
1980-03-17,3675.38
1980-03-18,3675.38
1980-03-19,3675.31
1980-03-20,3675.29
1980-03-21,3675.3
1980-03-22,3675.35
1980-03-23,3675.44
1980-03-24,3675.44
1980-03-25,3675.4
1980-03-26,3675.38
1980-03-27,3675.38
1980-03-28,3675.45
1980-03-29,3675.51
1980-03-30,3675.54
1980-03-31,3675.54
1980-04-01,3675.41
1980-04-02,3675.41
1980-04-03,3675.42
1980-04-04,3675.39
1980-04-05,3675.37
1980-04-06,3675.37
1980-04-07,3675.36
1980-04-08,3675.27
1980-04-09,3675.23
1980-04-10,3675.2
1980-04-11,3675.12
1980-04-12,3675.07
1980-04-13,3674.9
1980-04-14,3674.82
1980-04-15,3674.76
1980-04-16,3674.71
1980-04-17,3674.69
1980-04-18,3674.66
1980-04-19,3674.75
1980-04-20,3674.91
1980-04-21,3675.12
1980-04-22,3675.21
1980-04-23,3675.4
1980-04-24,3675.71
1980-04-25,3675.97
1980-04-26,3676.29
1980-04-27,3676.58
1980-04-28,3676.91
1980-04-29,3677.33
1980-04-30,3677.64
1980-05-01,3678.06
1980-05-02,3678.48
1980-05-03,3678.91
1980-05-04,3679.37
1980-05-05,3679.73
1980-05-06,3680.13
1980-05-07,3680.64
1980-05-08,3681.06
1980-05-09,3681.59
1980-05-10,3682.16
1980-05-11,3682.83
1980-05-12,3683.35
1980-05-13,3683.92
1980-05-14,3684.37
1980-05-15,3684.92
1980-05-16,3685.36
1980-05-17,3685.74
1980-05-18,3686.08
1980-05-19,3686.39
1980-05-20,3686.76
1980-05-21,3687.15
1980-05-22,3687.54
1980-05-23,3687.98
1980-05-24,3688.54
1980-05-25,3689.09
1980-05-26,3689.67
1980-05-27,3690.16
1980-05-28,3690.58
1980-05-29,3691
1980-05-30,3691.32
1980-05-31,3691.72
1980-06-01,3692.15
1980-06-02,3692.49
1980-06-03,3692.88
1980-06-04,3693.22
1980-06-05,3693.55
1980-06-06,3693.85
1980-06-07,3694.23
1980-06-08,3694.6
1980-06-09,3694.97
1980-06-10,3695.32
1980-06-11,3695.65
1980-06-12,3696.12
1980-06-13,3696.52
1980-06-14,3696.97
1980-06-15,3697.5
1980-06-16,3697.92
1980-06-17,3698.24
1980-06-18,3698.51
1980-06-19,3698.83
1980-06-20,3699.15
1980-06-21,3699.62
1980-06-22,3700.02
1980-06-23,3700.23
1980-06-24,3700.34
1980-06-25,3700.54
1980-06-26,3700.55
1980-06-27,3700.56
1980-06-28,3700.16
1980-06-29,3700.59
1980-06-30,3700.5
1980-07-01,3700.46
1980-07-02,3700.38
1980-07-03,3700.34
1980-07-04,3700.36
1980-07-05,3700.33
1980-07-06,3700.26
1980-07-07,3700.3
1980-07-08,3700.15
1980-07-09,3700.11
1980-07-10,3700.03
1980-07-11,3699.92
1980-07-12,3699.84
1980-07-13,3699.67
1980-07-14,3699.56
1980-07-15,3699.43
1980-07-16,3699.27
1980-07-17,3699.13
1980-07-18,3698.98
1980-07-19,3698.84
1980-07-20,3698.68
1980-07-21,3698.52
1980-07-22,3698.35
1980-07-23,3698.12
1980-07-24,3697.94
1980-07-25,3697.75
1980-07-26,3697.5
1980-07-27,3697.35
1980-07-28,3697.17
1980-07-29,3696.88
1980-07-30,3696.61
1980-07-31,3696.4
1980-08-01,3696.13
1980-08-02,3695.91
1980-08-03,3695.78
1980-08-04,3695.55
1980-08-05,3695.34
1980-08-06,3695.12
1980-08-07,3694.91
1980-08-08,3694.73
1980-08-09,3694.47
1980-08-10,3694.24
1980-08-11,3694.03
1980-08-12,3693.73
1980-08-13,3693.53
1980-08-14,3693.26
1980-08-15,3693.04
1980-08-16,3692.82
1980-08-17,3692.63
1980-08-18,3692.38
1980-08-19,3692.18
1980-08-20,3692.03
1980-08-21,3691.88
1980-08-22,3691.65
1980-08-23,3691.47
1980-08-24,3691.37
1980-08-25,3691.14
1980-08-26,3691.08
1980-08-27,3690.9
1980-08-28,3690.77
1980-08-29,3690.65
1980-08-30,3690.58
1980-08-31,3690.48
1980-09-01,3690.38
1980-09-02,3690.25
1980-09-03,3690.14
1980-09-04,3689.97
1980-09-05,3689.87
1980-09-06,3689.68
1980-09-07,3689.53
1980-09-08,3689.39
1980-09-09,3689.39
1980-09-10,3689.44
1980-09-11,3689.44
1980-09-12,3689.41
1980-09-13,3689.4
1980-09-14,3689.37
1980-09-15,3689.26
1980-09-16,3689.21
1980-09-17,3689.15
1980-09-18,3689.02
1980-09-19,3688.9
1980-09-20,3688.79
1980-09-21,3688.76
1980-09-22,3688.56
1980-09-23,3688.44
1980-09-24,3688.35
1980-09-25,3688.24
1980-09-26,3688.17
1980-09-27,3688.07
1980-09-28,3687.99
1980-09-29,3687.85
1980-09-30,3687.78
1980-10-01,3687.76
1980-10-02,3687.69
1980-10-03,3687.63
1980-10-04,3687.59
1980-10-05,3687.49
1980-10-06,3687.37
1980-10-07,3687.22
1980-10-08,3687.07
1980-10-09,3686.93
1980-10-10,3686.77
1980-10-11,3686.67
1980-10-12,3686.62
1980-10-13,3686.55
1980-10-14,3686.35
1980-10-15,3686.17
1980-10-16,3686.09
1980-10-17,3686.08
1980-10-18,3686.12
1980-10-19,3686.16
1980-10-20,3686.11
1980-10-21,3686.05
1980-10-22,3686.01
1980-10-23,3685.9
1980-10-24,3685.8
1980-10-25,3685.71
1980-10-26,3685.66
1980-10-27,3685.63
1980-10-28,3685.55
1980-10-29,3685.54
1980-10-30,3685.51
1980-10-31,3685.47
1980-11-01,3685.42
1980-11-02,3685.41
1980-11-03,3685.36
1980-11-04,3685.31
1980-11-05,3685.24
1980-11-06,3685.12
1980-11-07,3685.02
1980-11-08,3684.9
1980-11-09,3684.86
1980-11-10,3684.77
1980-11-11,3684.69
1980-11-12,3684.56
1980-11-13,3684.43
1980-11-14,3684.31
1980-11-15,3684.16
1980-11-16,3684.01
1980-11-17,3683.9
1980-11-18,3683.77
1980-11-19,3683.65
1980-11-20,3683.5
1980-11-21,3683.38
1980-11-22,3683.26
1980-11-23,3683.15
1980-11-24,3683.02
1980-11-25,3682.9
1980-11-26,3682.82
1980-11-27,3682.85
1980-11-28,3682.85
1980-11-29,3682.82
1980-11-30,3682.81
1980-12-01,3682.74
1980-12-02,3682.66
1980-12-03,3682.6
1980-12-04,3682.54
1980-12-05,3682.45
1980-12-06,3682.29
1980-12-07,3682.22
1980-12-08,3682.1
1980-12-09,3681.99
1980-12-10,3681.82
1980-12-11,3681.67
1980-12-12,3681.56
1980-12-13,3681.51
1980-12-14,3681.48
1980-12-15,3681.41
1980-12-16,3681.44
1980-12-17,3681.45
1980-12-18,3681.42
1980-12-19,3681.3
1980-12-20,3681.22
1980-12-21,3681.22
1980-12-22,3681.2
1980-12-23,3681.24
1980-12-24,3681.18
1980-12-25,3681.22
1980-12-26,3681.23
1980-12-27,3681.25
1980-12-28,3681.27
1980-12-29,3681.27
1980-12-30,3681.29
1980-12-31,3681.28
1981-01-01,3681.32
1981-01-02,3681.38
1981-01-03,3681.27
1981-01-04,3681.23
1981-01-05,3681.09
1981-01-06,3681
1981-01-07,3681
1981-01-08,3680.9
1981-01-09,3680.85
1981-01-10,3680.8
1981-01-11,3680.76
1981-01-12,3680.71
1981-01-13,3680.72
1981-01-14,3680.72
1981-01-15,3680.66
1981-01-16,3680.63
1981-01-17,3680.53
1981-01-18,3680.41
1981-01-19,3680.31
1981-01-20,3680.22
1981-01-21,3680.16
1981-01-22,3680.13
1981-01-23,3680
1981-01-24,3680.03
1981-01-25,3680.01
1981-01-26,3679.95
1981-01-27,3679.89
1981-01-28,3679.81
1981-01-29,3679.78
1981-01-30,3679.7
1981-01-31,3679.57
1981-02-01,3679.42
1981-02-02,3679.28
1981-02-03,3679.11
1981-02-04,3678.98
1981-02-05,3678.94
1981-02-06,3678.84
1981-02-07,3678.77
1981-02-08,3678.67
1981-02-09,3678.6
1981-02-10,3678.54
1981-02-11,3678.44
1981-02-12,3678.36
1981-02-13,3678.34
1981-02-14,3678.28
1981-02-15,3678.21
1981-02-16,3678.19
1981-02-17,3678.18
1981-02-18,3678.18
1981-02-19,3678.2
1981-02-20,3678.17
1981-02-21,3678.18
1981-02-22,3678.19
1981-02-23,3678.2
1981-02-24,3678.23
1981-02-25,3678.21
1981-02-26,3678.16
1981-02-27,3678.12
1981-02-28,3678.09
1981-03-01,3678.16
1981-03-02,3678.13
1981-03-03,3678.14
1981-03-04,3678.17
1981-03-05,3678.25
1981-03-06,3678.2
1981-03-07,3678.22
1981-03-08,3678.23
1981-03-09,3678.2
1981-03-10,3678.22
1981-03-11,3678.21
1981-03-12,3678.21
1981-03-13,3678.21
1981-03-14,3678.16
1981-03-15,3678.21
1981-03-16,3678.18
1981-03-17,3678.2
1981-03-18,3678.13
1981-03-19,3678.07
1981-03-20,3678
1981-03-21,3677.98
1981-03-22,3678
1981-03-23,3677.95
1981-03-24,3677.93
1981-03-25,3677.88
1981-03-26,3677.83
1981-03-27,3677.81
1981-03-28,3677.82
1981-03-29,3677.8
1981-03-30,3677.77
1981-03-31,3677.75
1981-04-01,3677.74
1981-04-02,3677.72
1981-04-03,3677.62
1981-04-04,3677.64
1981-04-05,3677.65
1981-04-06,3677.6
1981-04-07,3677.65
1981-04-08,3677.61
1981-04-09,3677.58
1981-04-10,3677.57
1981-04-11,3677.56
1981-04-12,3677.52
1981-04-13,3677.51
1981-04-14,3677.47
1981-04-15,3677.46
1981-04-16,3677.44
1981-04-17,3677.4
1981-04-18,3677.38
1981-04-19,3677.41
1981-04-20,3677.38
1981-04-21,3677.38
1981-04-22,3677.32
1981-04-23,3677.32
1981-04-24,3677.27
1981-04-25,3677.27
1981-04-26,3677.27
1981-04-27,3677.23
1981-04-28,3677.23
1981-04-29,3677.27
1981-04-30,3677.25
1981-05-01,3677.25
1981-05-02,3677.29
1981-05-03,3677.28
1981-05-04,3677.29
1981-05-05,3677.26
1981-05-06,3677.31
1981-05-07,3677.38
1981-05-08,3677.43
1981-05-09,3677.58
1981-05-10,3677.64
1981-05-11,3677.72
1981-05-12,3677.77
1981-05-13,3677.73
1981-05-14,3677.66
1981-05-15,3677.66
1981-05-16,3677.68
1981-05-17,3677.64
1981-05-18,3677.6
1981-05-19,3677.51
1981-05-20,3677.46
1981-05-21,3677.4
1981-05-22,3677.46
1981-05-23,3677.47
1981-05-24,3677.48
1981-05-25,3677.49
1981-05-26,3677.49
1981-05-27,3677.54
1981-05-28,3677.5
1981-05-29,3677.51
1981-05-30,3677.66
1981-05-31,3677.76
1981-06-01,3677.9
1981-06-02,3678.01
1981-06-03,3678.21
1981-06-04,3678.37
1981-06-05,3678.54
1981-06-06,3678.74
1981-06-07,3678.96
1981-06-08,3679.14
1981-06-09,3679.33
1981-06-10,3679.55
1981-06-11,3679.78
1981-06-12,3679.99
1981-06-13,3680.18
1981-06-14,3680.43
1981-06-15,3680.58
1981-06-16,3680.7
1981-06-17,3680.82
1981-06-18,3680.82
1981-06-19,3680.87
1981-06-20,3680.92
1981-06-21,3680.93
1981-06-22,3680.91
1981-06-23,3680.87
1981-06-24,3680.86
1981-06-25,3680.83
1981-06-26,3680.78
1981-06-27,3680.78
1981-06-28,3680.75
1981-06-29,3680.71
1981-06-30,3680.61
1981-07-01,3680.54
1981-07-02,3680.47
1981-07-03,3680.49
1981-07-04,3680.46
1981-07-05,3680.43
1981-07-06,3680.32
1981-07-07,3680.22
1981-07-08,3680.14
1981-07-09,3680.01
1981-07-10,3679.86
1981-07-11,3679.71
1981-07-12,3679.84
1981-07-13,3679.66
1981-07-14,3679.64
1981-07-15,3679.7
1981-07-16,3679.6
1981-07-17,3679.56
1981-07-18,3679.58
1981-07-19,3679.54
1981-07-20,3679.41
1981-07-21,3679.38
1981-07-22,3679.21
1981-07-23,3679.09
1981-07-24,3678.9
1981-07-25,3678.77
1981-07-26,3678.68
1981-07-27,3678.51
1981-07-28,3678.33
1981-07-29,3678.14
1981-07-30,3677.92
1981-07-31,3677.79
1981-08-01,3677.64
1981-08-02,3677.5
1981-08-03,3677.29
1981-08-04,3677.12
1981-08-05,3676.95
1981-08-06,3676.86
1981-08-07,3676.6
1981-08-08,3676.43
1981-08-09,3676.3
1981-08-10,3676.13
1981-08-11,3675.96
1981-08-12,3675.84
1981-08-13,3675.73
1981-08-14,3675.61
1981-08-15,3675.54
1981-08-16,3675.48
1981-08-17,3675.29
1981-08-18,3675.18
1981-08-19,3675.06
1981-08-20,3674.91
1981-08-21,3674.77
1981-08-22,3674.71
1981-08-23,3674.54
1981-08-24,3674.42
1981-08-25,3674.26
1981-08-26,3674.14
1981-08-27,3673.94
1981-08-28,3673.79
1981-08-29,3673.7
1981-08-30,3673.59
1981-08-31,3673.44
1981-09-01,3673.28
1981-09-02,3673.15
1981-09-03,3673.05
1981-09-04,3673.01
1981-09-05,3672.99
1981-09-06,3673.03
1981-09-07,3673.33
1981-09-08,3673.31
1981-09-09,3673.2
1981-09-10,3673.23
1981-09-11,3673.41
1981-09-12,3673.08
1981-09-13,3673.04
1981-09-14,3672.94
1981-09-15,3672.91
1981-09-16,3672.81
1981-09-17,3672.68
1981-09-18,3672.58
1981-09-19,3672.55
1981-09-20,3672.51
1981-09-21,3672.44
1981-09-22,3672.35
1981-09-23,3672.29
1981-09-24,3672.18
1981-09-25,3672.14
1981-09-26,3672.11
1981-09-27,3672.12
1981-09-28,3672.08
1981-09-29,3672.03
1981-09-30,3671.96
1981-10-01,3671.92
1981-10-02,3672.15
1981-10-03,3672.24
1981-10-04,3672.48
1981-10-05,3672.51
1981-10-06,3672.47
1981-10-07,3672.45
1981-10-08,3672.46
1981-10-09,3672.46
1981-10-10,3672.46
1981-10-11,3672.5
1981-10-12,3672.5
1981-10-13,3672.43
1981-10-14,3672.47
1981-10-15,3672.44
1981-10-16,3672.5
1981-10-17,3672.62
1981-10-18,3672.69
1981-10-19,3672.61
1981-10-20,3672.5
1981-10-21,3672.37
1981-10-22,3672.27
1981-10-23,3672.18
1981-10-24,3672.18
1981-10-25,3672.19
1981-10-26,3672.19
1981-10-27,3672.15
1981-10-28,3672.15
1981-10-29,3671.99
1981-10-30,3671.96
1981-10-31,3671.94
1981-11-01,3671.95
1981-11-02,3671.9
1981-11-03,3671.89
1981-11-04,3671.7
1981-11-05,3671.88
1981-11-06,3671.84
1981-11-07,3671.78
1981-11-08,3671.83
1981-11-09,3671.32
1981-11-10,3671.7
1981-11-11,3671.36
1981-11-12,3671.45
1981-11-13,3671.36
1981-11-14,3671.35
1981-11-15,3671.36
1981-11-16,3671.32
1981-11-17,3671.25
1981-11-18,3671.25
1981-11-19,3671.1
1981-11-20,3671.02
1981-11-21,3670.89
1981-11-22,3670.89
1981-11-23,3670.83
1981-11-24,3670.79
1981-11-25,3670.72
1981-11-26,3670.71
1981-11-27,3670.72
1981-11-28,3670.82
1981-11-29,3670.79
1981-11-30,3670.68
1981-12-01,3670.58
1981-12-02,3670.52
1981-12-03,3670.44
1981-12-04,3670.32
1981-12-05,3670.24
1981-12-06,3670.18
1981-12-07,3670.12
1981-12-08,3670.05
1981-12-09,3670.01
1981-12-10,3669.94
1981-12-11,3669.84
1981-12-12,3669.72
1981-12-13,3669.63
1981-12-14,3669.45
1981-12-15,3669.32
1981-12-16,3669.22
1981-12-17,3668.98
1981-12-18,3668.75
1981-12-19,3668.55
1981-12-20,3668.46
1981-12-21,3668.35
1981-12-22,3668.2
1981-12-23,3668.06
1981-12-24,3667.72
1981-12-25,3667.88
1981-12-26,3667.82
1981-12-27,3667.85
1981-12-28,3667.75
1981-12-29,3667.65
1981-12-30,3667.51
1981-12-31,3667.47
1982-01-01,3667.51
1982-01-02,3667.45
1982-01-03,3667.34
1982-01-04,3667.18
1982-01-05,3667.07
1982-01-06,3667.06
1982-01-07,3666.85
1982-01-08,3666.7
1982-01-09,3666.56
1982-01-10,3666.49
1982-01-11,3666.36
1982-01-12,3666.1
1982-01-13,3665.83
1982-01-14,3665.68
1982-01-15,3665.6
1982-01-16,3665.54
1982-01-17,3665.54
1982-01-18,3665.42
1982-01-19,3665.25
1982-01-20,3665.15
1982-01-21,3664.96
1982-01-22,3664.77
1982-01-23,3664.65
1982-01-24,3664.54
1982-01-25,3664.44
1982-01-26,3664.3
1982-01-27,3664.21
1982-01-28,3664
1982-01-29,3663.93
1982-01-30,3663.85
1982-01-31,3663.75
1982-02-01,3663.63
1982-02-02,3663.52
1982-02-03,3663.38
1982-02-04,3663.2
1982-02-05,3663.03
1982-02-06,3662.88
1982-02-07,3662.73
1982-02-08,3662.52
1982-02-09,3662.33
1982-02-10,3662.24
1982-02-11,3662.14
1982-02-12,3662.02
1982-02-13,3661.89
1982-02-14,3661.93
1982-02-15,3661.94
1982-02-16,3662.02
1982-02-17,3662.1
1982-02-18,3662.18
1982-02-19,3662.23
1982-02-20,3662.32
1982-02-21,3662.39
1982-02-22,3662.42
1982-02-23,3662.43
1982-02-24,3662.43
1982-02-25,3662.44
1982-02-26,3662.51
1982-02-27,3662.58
1982-02-28,3662.75
1982-03-01,3662.85
1982-03-02,3662.87
1982-03-03,3662.9
1982-03-04,3662.92
1982-03-05,3662.98
1982-03-06,3663.06
1982-03-07,3663.15
1982-03-08,3663.19
1982-03-09,3663.27
1982-03-10,3663.35
1982-03-11,3663.36
1982-03-12,3663.4
1982-03-13,3663.43
1982-03-14,3663.47
1982-03-15,3663.63
1982-03-16,3663.64
1982-03-17,3663.71
1982-03-18,3663.72
1982-03-19,3663.73
1982-03-20,3663.78
1982-03-21,3663.88
1982-03-22,3663.92
1982-03-23,3663.94
1982-03-24,3663.93
1982-03-25,3663.9
1982-03-26,3663.86
1982-03-27,3663.92
1982-03-28,3663.94
1982-03-29,3663.98
1982-03-30,3663.99
1982-03-31,3663.96
1982-04-01,3663.99
1982-04-02,3663.94
1982-04-03,3663.91
1982-04-04,3664.02
1982-04-05,3663.85
1982-04-06,3663.8
1982-04-07,3663.74
1982-04-08,3663.62
1982-04-09,3663.64
1982-04-10,3663.57
1982-04-11,3663.55
1982-04-12,3663.55
1982-04-13,3663.5
1982-04-14,3663.45
1982-04-15,3663.52
1982-04-16,3663.62
1982-04-17,3663.78
1982-04-18,3664
1982-04-19,3664.21
1982-04-20,3664.26
1982-04-21,3664.45
1982-04-22,3664.6
1982-04-23,3664.75
1982-04-24,3664.86
1982-04-25,3665
1982-04-26,3665.15
1982-04-27,3665.26
1982-04-28,3665.36
1982-04-29,3665.5
1982-04-30,3665.59
1982-05-01,3665.78
1982-05-02,3666.04
1982-05-03,3666.29
1982-05-04,3666.49
1982-05-05,3666.83
1982-05-06,3667.18
1982-05-07,3667.63
1982-05-08,3668.11
1982-05-09,3668.61
1982-05-10,3668.9
1982-05-11,3669.24
1982-05-12,3669.56
1982-05-13,3669.84
1982-05-14,3670.16
1982-05-15,3670.5
1982-05-16,3670.76
1982-05-17,3671.04
1982-05-18,3671.23
1982-05-19,3671.47
1982-05-20,3671.53
1982-05-21,3671.7
1982-05-22,3671.9
1982-05-23,3672.14
1982-05-24,3672.46
1982-05-25,3672.64
1982-05-26,3672.84
1982-05-27,3673.04
1982-05-28,3673.37
1982-05-29,3673.73
1982-05-30,3674.29
1982-05-31,3674.59
1982-06-01,3675.04
1982-06-02,3675.6
1982-06-03,3675.93
1982-06-04,3676.35
1982-06-05,3676.72
1982-06-06,3677.04
1982-06-07,3677.32
1982-06-08,3677.66
1982-06-09,3677.89
1982-06-10,3678.19
1982-06-11,3678.55
1982-06-12,3678.89
1982-06-13,3679.24
1982-06-14,3679.69
1982-06-15,3680.05
1982-06-16,3680.42
1982-06-17,3680.7
1982-06-18,3681.12
1982-06-19,3681.41
1982-06-20,3681.82
1982-06-21,3682.22
1982-06-22,3682.53
1982-06-23,3682.79
1982-06-24,3683.01
1982-06-25,3683.33
1982-06-26,3683.67
1982-06-27,3684
1982-06-28,3684.27
1982-06-29,3684.39
1982-06-30,3684.92
1982-07-01,3685.15
1982-07-02,3685.44
1982-07-03,3685.73
1982-07-04,3686.03
1982-07-05,3686.3
1982-07-06,3686.49
1982-07-07,3686.67
1982-07-08,3686.78
1982-07-09,3686.88
1982-07-10,3687.06
1982-07-11,3687.18
1982-07-12,3687.24
1982-07-13,3687.23
1982-07-14,3687.23
1982-07-15,3687.24
1982-07-16,3687.28
1982-07-17,3687.32
1982-07-18,3687.37
1982-07-19,3687.39
1982-07-20,3687.38
1982-07-21,3687.36
1982-07-22,3687.3
1982-07-23,3687.28
1982-07-24,3687.3
1982-07-25,3687.29
1982-07-26,3687.29
1982-07-27,3687.33
1982-07-28,3687.27
1982-07-29,3687.3
1982-07-30,3687.35
1982-07-31,3687.35
1982-08-01,3687.47
1982-08-02,3687.42
1982-08-03,3687.46
1982-08-04,3687.43
1982-08-05,3687.38
1982-08-06,3687.31
1982-08-07,3687.45
1982-08-08,3687.3
1982-08-09,3687.24
1982-08-10,3687.17
1982-08-11,3687.06
1982-08-12,3686.99
1982-08-13,3686.91
1982-08-14,3686.83
1982-08-15,3686.86
1982-08-16,3686.8
1982-08-17,3686.65
1982-08-18,3686.6
1982-08-19,3686.55
1982-08-20,3686.5
1982-08-21,3686.45
1982-08-22,3686.44
1982-08-23,3686.43
1982-08-24,3686.45
1982-08-25,3686.5
1982-08-26,3686.69
1982-08-27,3686.74
1982-08-28,3686.78
1982-08-29,3686.81
1982-08-30,3686.74
1982-08-31,3686.64
1982-09-01,3686.6
1982-09-02,3686.54
1982-09-03,3686.5
1982-09-04,3686.53
1982-09-05,3686.46
1982-09-06,3686.4
1982-09-07,3686.45
1982-09-08,3686.39
1982-09-09,3686.36
1982-09-10,3686.35
1982-09-11,3686.44
1982-09-12,3686.46
1982-09-13,3686.6
1982-09-14,3686.67
1982-09-15,3686.65
1982-09-16,3686.74
1982-09-17,3686.8
1982-09-18,3686.88
1982-09-19,3686.97
1982-09-20,3687
1982-09-21,3687.02
1982-09-22,3687.01
1982-09-23,3687.01
1982-09-24,3687.05
1982-09-25,3687.12
1982-09-26,3687.15
1982-09-27,3687.15
1982-09-28,3687.22
1982-09-29,3687.32
1982-09-30,3687.27
1982-10-01,3687.35
1982-10-02,3687.48
1982-10-03,3687.56
1982-10-04,3687.63
1982-10-05,3687.77
1982-10-06,3687.76
1982-10-07,3687.69
1982-10-08,3687.72
1982-10-09,3687.77
1982-10-10,3687.81
1982-10-11,3687.77
1982-10-12,3687.76
1982-10-13,3687.78
1982-10-14,3687.77
1982-10-15,3687.77
1982-10-16,3687.74
1982-10-17,3687.75
1982-10-18,3687.71
1982-10-19,3687.78
1982-10-20,3687.74
1982-10-21,3687.68
1982-10-22,3687.7
1982-10-23,3687.74
1982-10-24,3687.82
1982-10-25,3687.83
1982-10-26,3687.81
1982-10-27,3687.82
1982-10-28,3687.77
1982-10-29,3687.68
1982-10-30,3687.63
1982-10-31,3687.65
1982-11-01,3687.64
1982-11-02,3687.55
1982-11-03,3687.5
1982-11-04,3687.45
1982-11-05,3687.33
1982-11-06,3687.25
1982-11-07,3687.2
1982-11-08,3687.15
1982-11-09,3687.13
1982-11-10,3687.05
1982-11-11,3686.96
1982-11-12,3686.87
1982-11-13,3686.92
1982-11-14,3686.86
1982-11-15,3686.83
1982-11-16,3686.8
1982-11-17,3686.75
1982-11-18,3686.64
1982-11-19,3686.66
1982-11-20,3686.64
1982-11-21,3686.66
1982-11-22,3686.66
1982-11-23,3686.68
1982-11-24,3686.61
1982-11-25,3686.58
1982-11-26,3686.53
1982-11-27,3686.46
1982-11-28,3686.39
1982-11-29,3686.28
1982-11-30,3686.26
1982-12-01,3686.12
1982-12-02,3686.1
1982-12-03,3686.09
1982-12-04,3686.06
1982-12-05,3686
1982-12-06,3685.9
1982-12-07,3685.8
1982-12-08,3685.76
1982-12-09,3685.69
1982-12-10,3685.6
1982-12-11,3685.6
1982-12-12,3685.64
1982-12-13,3685.59
1982-12-14,3685.52
1982-12-15,3685.39
1982-12-16,3685.27
1982-12-17,3685.15
1982-12-18,3685.15
1982-12-19,3685.15
1982-12-20,3685.06
1982-12-21,3685.03
1982-12-22,3685.02
1982-12-23,3684.95
1982-12-24,3685.07
1982-12-25,3685.03
1982-12-26,3685.07
1982-12-27,3685.07
1982-12-28,3685.04
1982-12-29,3684.93
1982-12-30,3684.78
1982-12-31,3684.74
1983-01-01,3684.62
1983-01-02,3684.47
1983-01-03,3684.36
1983-01-04,3684.24
1983-01-05,3684.16
1983-01-06,3684.05
1983-01-07,3683.97
1983-01-08,3683.98
1983-01-09,3684.01
1983-01-10,3683.99
1983-01-11,3684.06
1983-01-12,3684
1983-01-13,3683.91
1983-01-14,3683.89
1983-01-15,3683.88
1983-01-16,3683.87
1983-01-17,3683.87
1983-01-18,3683.83
1983-01-19,3683.79
1983-01-20,3683.7
1983-01-21,3683.61
1983-01-22,3683.49
1983-01-23,3683.46
1983-01-24,3683.39
1983-01-25,3683.3
1983-01-26,3683.3
1983-01-27,3683.28
1983-01-28,3683.26
1983-01-29,3683.31
1983-01-30,3683.34
1983-01-31,3683.32
1983-02-01,3683.25
1983-02-02,3683.16
1983-02-03,3683.02
1983-02-04,3682.82
1983-02-05,3682.74
1983-02-06,3682.65
1983-02-07,3682.53
1983-02-08,3682.44
1983-02-09,3682.34
1983-02-10,3682.3
1983-02-11,3682.26
1983-02-12,3682.25
1983-02-13,3682.25
1983-02-14,3682.22
1983-02-15,3682.22
1983-02-16,3682.15
1983-02-17,3682.1
1983-02-18,3682.12
1983-02-19,3682.11
1983-02-20,3682.18
1983-02-21,3682.17
1983-02-22,3682.17
1983-02-23,3682.16
1983-02-24,3682.12
1983-02-25,3682.01
1983-02-26,3682.07
1983-02-27,3682.13
1983-02-28,3682.13
1983-03-01,3682.09
1983-03-02,3682.14
1983-03-03,3682.18
1983-03-04,3682.24
1983-03-05,3682.38
1983-03-06,3682.46
1983-03-07,3682.5
1983-03-08,3682.59
1983-03-09,3682.64
1983-03-10,3682.72
1983-03-11,3682.82
1983-03-12,3682.93
1983-03-13,3683.05
1983-03-14,3683.12
1983-03-15,3683.17
1983-03-16,3683.3
1983-03-17,3683.42
1983-03-18,3683.57
1983-03-19,3683.7
1983-03-20,3683.89
1983-03-21,3684.01
1983-03-22,3684.15
1983-03-23,3684.14
1983-03-24,3684.26
1983-03-25,3684.3
1983-03-26,3684.37
1983-03-27,3684.49
1983-03-28,3684.56
1983-03-29,3684.57
1983-03-30,3684.63
1983-03-31,3684.62
1983-04-01,3684.72
1983-04-02,3684.77
1983-04-03,3685
1983-04-04,3685.07
1983-04-05,3685.14
1983-04-06,3685.15
1983-04-07,3685.21
1983-04-08,3685.28
1983-04-09,3685.3
1983-04-10,3685.29
1983-04-11,3685.27
1983-04-12,3685.17
1983-04-13,3685.03
1983-04-14,3684.95
1983-04-15,3684.91
1983-04-16,3684.88
1983-04-17,3684.89
1983-04-18,3684.86
1983-04-19,3684.85
1983-04-20,3684.86
1983-04-21,3684.79
1983-04-22,3684.82
1983-04-23,3684.88
1983-04-24,3684.88
1983-04-25,3684.97
1983-04-26,3685.03
1983-04-27,3685.24
1983-04-28,3685.45
1983-04-29,3685.63
1983-04-30,3685.8
1983-05-01,3686.11
1983-05-02,3686.37
1983-05-03,3686.61
1983-05-04,3686.77
1983-05-05,3686.93
1983-05-06,3687.1
1983-05-07,3687.41
1983-05-08,3687.67
1983-05-09,3687.89
1983-05-10,3688.1
1983-05-11,3688.41
1983-05-12,3688.78
1983-05-13,3689.07
1983-05-14,3689.37
1983-05-15,3689.7
1983-05-16,3689.9
1983-05-17,3690.15
1983-05-18,3690.34
1983-05-19,3690.46
1983-05-20,3690.6
1983-05-21,3690.86
1983-05-22,3690.99
1983-05-23,3691.2
1983-05-24,3691.35
1983-05-25,3691.6
1983-05-26,3691.93
1983-05-27,3692.37
1983-05-28,3692.93
1983-05-29,3693.55
1983-05-30,3694.32
1983-05-31,3695.08
1983-06-01,3695.93
1983-06-02,3696.78
1983-06-03,3697.54
1983-06-04,3698.2
1983-06-05,3698.77
1983-06-06,3699.27
1983-06-07,3699.63
1983-06-08,3700.11
1983-06-09,3700.4
1983-06-10,3700.78
1983-06-11,3701.16
1983-06-12,3701.5
1983-06-13,3701.96
1983-06-14,3702.35
1983-06-15,3702.75
1983-06-16,3703.02
1983-06-17,3703.21
1983-06-18,3703.41
1983-06-19,3703.61
1983-06-20,3703.84
1983-06-21,3704.17
1983-06-22,3704.51
1983-06-23,3704.84
1983-06-24,3705.16
1983-06-25,3705.6
1983-06-26,3705.96
1983-06-27,3706.39
1983-06-28,3706.68
1983-06-29,3706.89
1983-06-30,3707.13
1983-07-01,3707.26
1983-07-02,3707.36
1983-07-03,3707.49
1983-07-04,3707.46
1983-07-05,3707.41
1983-07-06,3707.41
1983-07-07,3707.5
1983-07-08,3707.65
1983-07-09,3707.73
1983-07-10,3707.9
1983-07-11,3708.07
1983-07-12,3708.18
1983-07-13,3708.29
1983-07-14,3708.34
1983-07-15,3708.3
1983-07-16,3708.25
1983-07-17,3708.17
1983-07-18,3708.1
1983-07-19,3707.99
1983-07-20,3707.92
1983-07-21,3707.92
1983-07-22,3707.88
1983-07-23,3707.79
1983-07-24,3707.79
1983-07-25,3707.73
1983-07-26,3707.65
1983-07-27,3707.73
1983-07-28,3707.71
1983-07-29,3707.68
1983-07-30,3707.56
1983-07-31,3707.45
1983-08-01,3707.32
1983-08-02,3707.26
1983-08-03,3707.22
1983-08-04,3707.1
1983-08-05,3707.01
1983-08-06,3706.9
1983-08-07,3706.81
1983-08-08,3706.79
1983-08-09,3706.65
1983-08-10,3706.54
1983-08-11,3706.57
1983-08-12,3706.53
1983-08-13,3706.54
1983-08-14,3706.51
1983-08-15,3706.41
1983-08-16,3706.39
1983-08-17,3706.35
1983-08-18,3706.26
1983-08-19,3706.09
1983-08-20,3705.97
1983-08-21,3705.84
1983-08-22,3705.72
1983-08-23,3705.61
1983-08-24,3705.45
1983-08-25,3705.33
1983-08-26,3705.19
1983-08-27,3705.04
1983-08-28,3704.88
1983-08-29,3704.73
1983-08-30,3704.59
1983-08-31,3704.42
1983-09-01,3704.23
1983-09-02,3704.06
1983-09-03,3703.85
1983-09-04,3703.67
1983-09-05,3703.47
1983-09-06,3703.32
1983-09-07,3703.09
1983-09-08,3702.95
1983-09-09,3702.73
1983-09-10,3702.56
1983-09-11,3702.42
1983-09-12,3702.24
1983-09-13,3702.07
1983-09-14,3701.86
1983-09-15,3701.68
1983-09-16,3701.46
1983-09-17,3701.24
1983-09-18,3701.1
1983-09-19,3700.97
1983-09-20,3700.63
1983-09-21,3700.41
1983-09-22,3700.2
1983-09-23,3700
1983-09-24,3699.83
1983-09-25,3699.64
1983-09-26,3699.45
1983-09-27,3699.25
1983-09-28,3699.11
1983-09-29,3698.87
1983-09-30,3698.86
1983-10-01,3698.69
1983-10-02,3698.58
1983-10-03,3698.47
1983-10-04,3698.37
1983-10-05,3698.21
1983-10-06,3698.07
1983-10-07,3697.9
1983-10-08,3697.77
1983-10-09,3697.59
1983-10-10,3697.47
1983-10-11,3697.31
1983-10-12,3697.21
1983-10-13,3697.06
1983-10-14,3696.94
1983-10-15,3696.81
1983-10-16,3696.68
1983-10-17,3696.54
1983-10-18,3696.4
1983-10-19,3696.25
1983-10-20,3696.11
1983-10-21,3695.97
1983-10-22,3695.84
1983-10-23,3695.68
1983-10-24,3695.53
1983-10-25,3695.35
1983-10-26,3695.18
1983-10-27,3695
1983-10-28,3694.8
1983-10-29,3694.61
1983-10-30,3694.42
1983-10-31,3694.23
1983-11-01,3694.08
1983-11-02,3693.88
1983-11-03,3693.69
1983-11-04,3693.46
1983-11-05,3693.22
1983-11-06,3693.04
1983-11-07,3692.87
1983-11-08,3692.76
1983-11-09,3692.63
1983-11-10,3692.44
1983-11-11,3692.28
1983-11-12,3692.14
1983-11-13,3691.96
1983-11-14,3691.89
1983-11-15,3691.78
1983-11-16,3691.65
1983-11-17,3691.52
1983-11-18,3691.45
1983-11-19,3691.29
1983-11-20,3691.22
1983-11-21,3691.07
1983-11-22,3690.93
1983-11-23,3690.79
1983-11-24,3690.66
1983-11-25,3690.57
1983-11-26,3690.46
1983-11-27,3690.28
1983-11-28,3690.11
1983-11-29,3689.99
1983-11-30,3689.82
1983-12-01,3689.67
1983-12-02,3689.54
1983-12-03,3689.34
1983-12-04,3689.25
1983-12-05,3689.11
1983-12-06,3688.96
1983-12-07,3688.79
1983-12-08,3688.67
1983-12-09,3688.47
1983-12-10,3688.34
1983-12-11,3688.23
1983-12-12,3688.05
1983-12-13,3687.86
1983-12-14,3687.7
1983-12-15,3687.62
1983-12-16,3687.46
1983-12-17,3687.33
1983-12-18,3687.14
1983-12-19,3686.96
1983-12-20,3686.87
1983-12-21,3686.72
1983-12-22,3686.57
1983-12-23,3686.42
1983-12-24,3686.35
1983-12-25,3686.16
1983-12-26,3685.98
1983-12-27,3685.82
1983-12-28,3685.72
1983-12-29,3685.57
1983-12-30,3685.41
1983-12-31,3685.24
1984-01-01,3685.09
1984-01-02,3684.92
1984-01-03,3684.73
1984-01-04,3684.56
1984-01-05,3684.41
1984-01-06,3684.24
1984-01-07,3684.08
1984-01-08,3683.94
1984-01-09,3683.79
1984-01-10,3683.67
1984-01-11,3683.54
1984-01-12,3683.45
1984-01-13,3683.35
1984-01-14,3683.18
1984-01-15,3683.09
1984-01-16,3682.94
1984-01-17,3682.77
1984-01-18,3682.63
1984-01-19,3682.45
1984-01-20,3682.24
1984-01-21,3682.03
1984-01-22,3681.78
1984-01-23,3681.56
1984-01-24,3681.39
1984-01-25,3681.26
1984-01-26,3681.11
1984-01-27,3681
1984-01-28,3680.89
1984-01-29,3680.79
1984-01-30,3680.66
1984-01-31,3680.53
1984-02-01,3680.37
1984-02-02,3680.25
1984-02-03,3680.13
1984-02-04,3680
1984-02-05,3679.9
1984-02-06,3679.76
1984-02-07,3679.63
1984-02-08,3679.51
1984-02-09,3679.41
1984-02-10,3679.24
1984-02-11,3679.17
1984-02-12,3679.03
1984-02-13,3678.92
1984-02-14,3678.8
1984-02-15,3678.71
1984-02-16,3678.56
1984-02-17,3678.48
1984-02-18,3678.42
1984-02-19,3678.3
1984-02-20,3678.19
1984-02-21,3678.09
1984-02-22,3678
1984-02-23,3677.82
1984-02-24,3677.68
1984-02-25,3677.53
1984-02-26,3677.42
1984-02-27,3677.28
1984-02-28,3677.17
1984-02-29,3677.02
1984-03-01,3676.95
1984-03-02,3676.83
1984-03-03,3676.69
1984-03-04,3676.59
1984-03-05,3676.42
1984-03-06,3676.3
1984-03-07,3676.2
1984-03-08,3676.06
1984-03-09,3675.93
1984-03-10,3675.8
1984-03-11,3675.72
1984-03-12,3675.62
1984-03-13,3675.52
1984-03-14,3675.43
1984-03-15,3675.24
1984-03-16,3675.25
1984-03-17,3675.17
1984-03-18,3675.1
1984-03-19,3675.03
1984-03-20,3674.99
1984-03-21,3674.86
1984-03-22,3674.8
1984-03-23,3674.72
1984-03-24,3674.66
1984-03-25,3674.53
1984-03-26,3674.47
1984-03-27,3674.4
1984-03-28,3674.32
1984-03-29,3674.32
1984-03-30,3674.19
1984-03-31,3674.1
1984-04-01,3674.02
1984-04-02,3673.92
1984-04-03,3673.86
1984-04-04,3673.77
1984-04-05,3673.67
1984-04-06,3673.56
1984-04-07,3673.45
1984-04-08,3673.35
1984-04-09,3673.34
1984-04-10,3673.18
1984-04-11,3673.21
1984-04-12,3673.13
1984-04-13,3673.13
1984-04-14,3673.1
1984-04-15,3673.1
1984-04-16,3673.06
1984-04-17,3673.06
1984-04-18,3672.99
1984-04-19,3672.99
1984-04-20,3673.11
1984-04-21,3673.23
1984-04-22,3673.34
1984-04-23,3673.5
1984-04-24,3673.64
1984-04-25,3673.7
1984-04-26,3673.85
1984-04-27,3673.97
1984-04-28,3674
1984-04-29,3674.06
1984-04-30,3674.17
1984-05-01,3674.23
1984-05-02,3674.27
1984-05-03,3674.29
1984-05-04,3674.26
1984-05-05,3674.16
1984-05-06,3674.16
1984-05-07,3674.05
1984-05-08,3674
1984-05-09,3673.91
1984-05-10,3673.84
1984-05-11,3673.85
1984-05-12,3673.91
1984-05-13,3674.05
1984-05-14,3674.42
1984-05-15,3674.79
1984-05-16,3675.31
1984-05-17,3675.95
1984-05-18,3676.73
1984-05-19,3677.52
1984-05-20,3678.26
1984-05-21,3679.01
1984-05-22,3679.8
1984-05-23,3680.57
1984-05-24,3681.42
1984-05-25,3682.32
1984-05-26,3683.19
1984-05-27,3684.16
1984-05-28,3685.14
1984-05-29,3686.09
1984-05-30,3687.05
1984-05-31,3687.83
1984-06-01,3688.89
1984-06-02,3689.32
1984-06-03,3690.04
1984-06-04,3690.72
1984-06-05,3691.43
1984-06-06,3691.96
1984-06-07,3692.55
1984-06-08,3693.14
1984-06-09,3693.78
1984-06-10,3694.39
1984-06-11,3694.86
1984-06-12,3695.32
1984-06-13,3695.66
1984-06-14,3696
1984-06-15,3696.32
1984-06-16,3696.64
1984-06-17,3697.04
1984-06-18,3697.45
1984-06-19,3697.92
1984-06-20,3698.23
1984-06-21,3698.6
1984-06-22,3698.96
1984-06-23,3699.32
1984-06-24,3699.68
1984-06-25,3699.96
1984-06-26,3700.22
1984-06-27,3700.54
1984-06-28,3700.8
1984-06-29,3700.98
1984-06-30,3701.28
1984-07-01,3701.46
1984-07-02,3701.62
1984-07-03,3701.88
1984-07-04,3702.04
1984-07-05,3702.27
1984-07-06,3702.37
1984-07-07,3702.46
1984-07-08,3702.46
1984-07-09,3702.43
1984-07-10,3702.44
1984-07-11,3702.32
1984-07-12,3702.33
1984-07-13,3702.4
1984-07-14,3702.25
1984-07-15,3702.18
1984-07-16,3702.18
1984-07-17,3702.22
1984-07-18,3702.16
1984-07-19,3702.12
1984-07-20,3702.08
1984-07-21,3702.16
1984-07-22,3702.09
1984-07-23,3702.03
1984-07-24,3702.04
1984-07-25,3702.06
1984-07-26,3702.1
1984-07-27,3702.09
1984-07-28,3702.24
1984-07-29,3702.15
1984-07-30,3702.22
1984-07-31,3702.15
1984-08-01,3702.22
1984-08-02,3702.22
1984-08-03,3702.24
1984-08-04,3702.22
1984-08-05,3702.2
1984-08-06,3702.19
1984-08-07,3702.15
1984-08-08,3702.12
1984-08-09,3702.08
1984-08-10,3702.02
1984-08-11,3701.96
1984-08-12,3701.63
1984-08-13,3701.35
1984-08-14,3701.2
1984-08-15,3700.89
1984-08-16,3700.84
1984-08-17,3700.76
1984-08-18,3700.67
1984-08-19,3700.63
1984-08-20,3700.63
1984-08-21,3700.71
1984-08-22,3700.7
1984-08-23,3700.68
1984-08-24,3700.65
1984-08-25,3700.63
1984-08-26,3700.66
1984-08-27,3700.64
1984-08-28,3700.59
1984-08-29,3700.55
1984-08-30,3700.48
1984-08-31,3700.36
1984-09-01,3700.32
1984-09-02,3700.2
1984-09-03,3700.16
1984-09-04,3700.08
1984-09-05,3700
1984-09-06,3699.83
1984-09-07,3699.77
1984-09-08,3699.6
1984-09-09,3699.38
1984-09-10,3699.2
1984-09-11,3699.05
1984-09-12,3698.87
1984-09-13,3698.74
1984-09-14,3698.58
1984-09-15,3698.42
1984-09-16,3698.34
1984-09-17,3698.13
1984-09-18,3697.95
1984-09-19,3697.8
1984-09-20,3697.68
1984-09-21,3697.53
1984-09-22,3697.32
1984-09-23,3697.12
1984-09-24,3696.97
1984-09-25,3696.75
1984-09-26,3696.63
1984-09-27,3696.45
1984-09-28,3696.28
1984-09-29,3696.11
1984-09-30,3695.91
1984-10-01,3695.79
1984-10-02,3695.68
1984-10-03,3695.52
1984-10-04,3695.4
1984-10-05,3695.37
1984-10-06,3695.28
1984-10-07,3695.16
1984-10-08,3695.07
1984-10-09,3694.98
1984-10-10,3694.86
1984-10-11,3694.71
1984-10-12,3694.6
1984-10-13,3694.45
1984-10-14,3694.34
1984-10-15,3694.18
1984-10-16,3694.1
1984-10-17,3693.9
1984-10-18,3693.9
1984-10-19,3694.02
1984-10-20,3694.14
1984-10-21,3694.28
1984-10-22,3694.34
1984-10-23,3694.2
1984-10-24,3694.11
1984-10-25,3693.95
1984-10-26,3693.8
1984-10-27,3693.73
1984-10-28,3693.59
1984-10-29,3693.5
1984-10-30,3693.37
1984-10-31,3693.29
1984-11-01,3693.2
1984-11-02,3692.97
1984-11-03,3692.87
1984-11-04,3692.78
1984-11-05,3692.64
1984-11-06,3692.48
1984-11-07,3692.26
1984-11-08,3692.24
1984-11-09,3692.11
1984-11-10,3691.96
1984-11-11,3691.82
1984-11-12,3691.71
1984-11-13,3691.52
1984-11-14,3691.42
1984-11-15,3691.3
1984-11-16,3691.17
1984-11-17,3691.03
1984-11-18,3690.92
1984-11-19,3690.77
1984-11-20,3690.65
1984-11-21,3690.53
1984-11-22,3690.38
1984-11-23,3690.2
1984-11-24,3690.01
1984-11-25,3689.91
1984-11-26,3689.79
1984-11-27,3689.62
1984-11-28,3689.45
1984-11-29,3689.34
1984-11-30,3689.2
1984-12-01,3689.07
1984-12-02,3688.96
1984-12-03,3688.84
1984-12-04,3688.71
1984-12-05,3688.58
1984-12-06,3688.46
1984-12-07,3688.35
1984-12-08,3688.14
1984-12-09,3688.01
1984-12-10,3687.85
1984-12-11,3687.71
1984-12-12,3687.52
1984-12-13,3687.47
1984-12-14,3687.31
1984-12-15,3687.17
1984-12-16,3687.01
1984-12-17,3686.88
1984-12-18,3686.74
1984-12-19,3686.59
1984-12-20,3686.45
1984-12-21,3686.28
1984-12-22,3686.14
1984-12-23,3685.98
1984-12-24,3685.83
1984-12-25,3685.66
1984-12-26,3685.5
1984-12-27,3685.37
1984-12-28,3685.2
1984-12-29,3685.04
1984-12-30,3684.92
1984-12-31,3684.76
1985-01-01,3684.63
1985-01-02,3684.5
1985-01-03,3684.34
1985-01-04,3684.2
1985-01-05,3684.03
1985-01-06,3683.84
1985-01-07,3683.72
1985-01-08,3683.52
1985-01-09,3683.42
1985-01-10,3683.29
1985-01-11,3683.18
1985-01-12,3683.02
1985-01-13,3682.89
1985-01-14,3682.74
1985-01-15,3682.57
1985-01-16,3682.41
1985-01-17,3682.3
1985-01-18,3682.11
1985-01-19,3681.94
1985-01-20,3681.78
1985-01-21,3681.67
1985-01-22,3681.58
1985-01-23,3681.45
1985-01-24,3681.34
1985-01-25,3681.24
1985-01-26,3681.12
1985-01-27,3680.98
1985-01-28,3680.87
1985-01-29,3680.74
1985-01-30,3680.62
1985-01-31,3680.5
1985-02-01,3680.29
1985-02-02,3680.08
1985-02-03,3679.82
1985-02-04,3679.61
1985-02-05,3679.45
1985-02-06,3679.29
1985-02-07,3679.11
1985-02-08,3678.93
1985-02-09,3678.84
1985-02-10,3678.69
1985-02-11,3678.54
1985-02-12,3678.41
1985-02-13,3678.27
1985-02-14,3678.13
1985-02-15,3678.01
1985-02-16,3677.87
1985-02-17,3677.74
1985-02-18,3677.6
1985-02-19,3677.43
1985-02-20,3677.3
1985-02-21,3677.23
1985-02-22,3677.08
1985-02-23,3676.91
1985-02-24,3676.74
1985-02-25,3676.59
1985-02-26,3676.46
1985-02-27,3676.31
1985-02-28,3676.12
1985-03-01,3675.97
1985-03-02,3675.82
1985-03-03,3675.61
1985-03-04,3675.5
1985-03-05,3675.33
1985-03-06,3675.17
1985-03-07,3675.05
1985-03-08,3674.96
1985-03-09,3674.92
1985-03-10,3674.87
1985-03-11,3674.85
1985-03-12,3674.82
1985-03-13,3674.87
1985-03-14,3674.88
1985-03-15,3674.89
1985-03-16,3674.97
1985-03-17,3675.08
1985-03-18,3675.15
1985-03-19,3675.35
1985-03-20,3675.4
1985-03-21,3675.56
1985-03-22,3675.59
1985-03-23,3675.71
1985-03-24,3675.81
1985-03-25,3675.84
1985-03-26,3675.82
1985-03-27,3676.1
1985-03-28,3676.21
1985-03-29,3676.29
1985-03-30,3676.36
1985-03-31,3676.47
1985-04-01,3676.57
1985-04-02,3676.62
1985-04-03,3676.67
1985-04-04,3676.65
1985-04-05,3676.65
1985-04-06,3676.72
1985-04-07,3676.79
1985-04-08,3676.86
1985-04-09,3676.97
1985-04-10,3677.17
1985-04-11,3677.4
1985-04-12,3677.68
1985-04-13,3677.93
1985-04-14,3678.23
1985-04-15,3678.55
1985-04-16,3678.95
1985-04-17,3679.41
1985-04-18,3679.9
1985-04-19,3680.29
1985-04-20,3680.8
1985-04-21,3681.2
1985-04-22,3681.69
1985-04-23,3682.13
1985-04-24,3682.58
1985-04-25,3682.92
1985-04-26,3683.3
1985-04-27,3683.58
1985-04-28,3683.69
1985-04-29,3684.21
1985-04-30,3684.59
1985-05-01,3685.04
1985-05-02,3685.38
1985-05-03,3685.78
1985-05-04,3686.11
1985-05-05,3686.58
1985-05-06,3687.18
1985-05-07,3687.83
1985-05-08,3688.49
1985-05-09,3689.19
1985-05-10,3689.79
1985-05-11,3690.53
1985-05-12,3691.19
1985-05-13,3691.86
1985-05-14,3692.45
1985-05-15,3692.99
1985-05-16,3693.43
1985-05-17,3693.64
1985-05-18,3693.76
1985-05-19,3693.87
1985-05-20,3693.9
1985-05-21,3694.03
1985-05-22,3694.12
1985-05-23,3694.24
1985-05-24,3694.34
1985-05-25,3694.46
1985-05-26,3694.54
1985-05-27,3694.69
1985-05-28,3694.88
1985-05-29,3695.06
1985-05-30,3695.29
1985-05-31,3695.58
1985-06-01,3695.78
1985-06-02,3695.97
1985-06-03,3696.05
1985-06-04,3696.27
1985-06-05,3696.36
1985-06-06,3696.55
1985-06-07,3696.82
1985-06-08,3697.09
1985-06-09,3697.43
1985-06-10,3697.86
1985-06-11,3698.38
1985-06-12,3698.85
1985-06-13,3699.25
1985-06-14,3699.49
1985-06-15,3699.67
1985-06-16,3699.82
1985-06-17,3699.97
1985-06-18,3700.01
1985-06-19,3700.05
1985-06-20,3700.1
1985-06-21,3700.09
1985-06-22,3700.05
1985-06-23,3700.07
1985-06-24,3700.04
1985-06-25,3699.94
1985-06-26,3700.04
1985-06-27,3700.02
1985-06-28,3700.07
1985-06-29,3700.1
1985-06-30,3700.11
1985-07-01,3700.12
1985-07-02,3700.08
1985-07-03,3700.04
1985-07-04,3699.91
1985-07-05,3699.85
1985-07-06,3699.64
1985-07-07,3699.63
1985-07-08,3699.51
1985-07-09,3699.37
1985-07-10,3699.29
1985-07-11,3699.12
1985-07-12,3698.95
1985-07-13,3698.92
1985-07-14,3698.78
1985-07-15,3698.59
1985-07-16,3698.38
1985-07-17,3698.3
1985-07-18,3698.15
1985-07-19,3698
1985-07-20,3697.87
1985-07-21,3697.81
1985-07-22,3697.86
1985-07-23,3697.81
1985-07-24,3697.76
1985-07-25,3697.8
1985-07-26,3697.69
1985-07-27,3697.59
1985-07-28,3697.48
1985-07-29,3697.39
1985-07-30,3697.21
1985-07-31,3697.12
1985-08-01,3697
1985-08-02,3695.85
1985-08-03,3696.73
1985-08-04,3696.62
1985-08-05,3696.43
1985-08-06,3696.3
1985-08-07,3696.11
1985-08-08,3695.93
1985-08-09,3695.8
1985-08-10,3695.52
1985-08-11,3695.32
1985-08-12,3695.09
1985-08-13,3694.87
1985-08-14,3694.66
1985-08-15,3694.38
1985-08-16,3694.14
1985-08-17,3693.97
1985-08-18,3693.7
1985-08-19,3693.44
1985-08-20,3693.28
1985-08-21,3693.05
1985-08-22,3692.84
1985-08-23,3692.65
1985-08-24,3692.45
1985-08-25,3692.17
1985-08-26,3691.93
1985-08-27,3691.77
1985-08-28,3691.51
1985-08-29,3691.28
1985-08-30,3690.98
1985-08-31,3690.74
1985-09-01,3690.44
1985-09-02,3690.15
1985-09-03,3689.91
1985-09-04,3689.61
1985-09-05,3689.34
1985-09-06,3689.08
1985-09-07,3688.92
1985-09-08,3688.68
1985-09-09,3688.45
1985-09-10,3688.22
1985-09-11,3688.17
1985-09-12,3687.89
1985-09-13,3687.71
1985-09-14,3687.65
1985-09-15,3687.41
1985-09-16,3687.24
1985-09-17,3687.09
1985-09-18,3686.98
1985-09-19,3686.99
1985-09-20,3686.87
1985-09-21,3686.79
1985-09-22,3686.7
1985-09-23,3686.6
1985-09-24,3686.47
1985-09-25,3686.34
1985-09-26,3686.24
1985-09-27,3686.07
1985-09-28,3685.99
1985-09-29,3685.84
1985-09-30,3685.66
1985-10-01,3685.66
1985-10-02,3685.67
1985-10-03,3685.67
1985-10-04,3685.66
1985-10-05,3685.66
1985-10-06,3685.68
1985-10-07,3685.65
1985-10-08,3685.7
1985-10-09,3685.65
1985-10-10,3685.73
1985-10-11,3685.8
1985-10-12,3685.86
1985-10-13,3686
1985-10-14,3686.07
1985-10-15,3686.14
1985-10-16,3686.19
1985-10-17,3686.23
1985-10-18,3686.25
1985-10-19,3686.31
1985-10-20,3686.35
1985-10-21,3686.32
1985-10-22,3686.35
1985-10-23,3686.38
1985-10-24,3686.38
1985-10-25,3686.38
1985-10-26,3686.38
1985-10-27,3686.38
1985-10-28,3686.33
1985-10-29,3686.27
1985-10-30,3686.25
1985-10-31,3686.23
1985-11-01,3686.23
1985-11-02,3686.22
1985-11-03,3686.3
1985-11-04,3686.3
1985-11-05,3686.3
1985-11-06,3686.3
1985-11-07,3686.27
1985-11-08,3686.26
1985-11-09,3686.26
1985-11-10,3686.24
1985-11-11,3686.21
1985-11-12,3686.15
1985-11-13,3686.15
1985-11-14,3686.15
1985-11-15,3686.12
1985-11-16,3686.14
1985-11-17,3686.18
1985-11-18,3686.14
1985-11-19,3686.14
1985-11-20,3686.11
1985-11-21,3686.07
1985-11-22,3686.08
1985-11-23,3686.07
1985-11-24,3686.05
1985-11-25,3686.12
1985-11-26,3686.11
1985-11-27,3686.18
1985-11-28,3686.3
1985-11-29,3686.41
1985-11-30,3686.47
1985-12-01,3686.6
1985-12-02,3686.63
1985-12-03,3686.67
1985-12-04,3686.75
1985-12-05,3686.75
1985-12-06,3686.75
1985-12-07,3686.85
1985-12-08,3686.87
1985-12-09,3686.92
1985-12-10,3686.94
1985-12-11,3686.85
1985-12-12,3686.75
1985-12-13,3686.7
1985-12-14,3686.7
1985-12-15,3686.77
1985-12-16,3686.73
1985-12-17,3686.73
1985-12-18,3686.67
1985-12-19,3686.7
1985-12-20,3686.7
1985-12-21,3686.7
1985-12-22,3686.83
1985-12-23,3686.88
1985-12-24,3686.88
1985-12-25,3687.01
1985-12-26,3687.08
1985-12-27,3687.08
1985-12-28,3687.08
1985-12-29,3687.1
1985-12-30,3687.15
1985-12-31,3687.19
1986-01-01,3687.22
1986-01-02,3687.25
1986-01-03,3687.21
1986-01-04,3687.22
1986-01-05,3687.21
1986-01-06,3687.27
1986-01-07,3687.25
1986-01-08,3687.23
1986-01-09,3687.23
1986-01-10,3687.15
1986-01-11,3687.17
1986-01-12,3687.18
1986-01-13,3687.18
1986-01-14,3687.18
1986-01-15,3687.14
1986-01-16,3687.06
1986-01-17,3686.93
1986-01-18,3686.86
1986-01-19,3686.83
1986-01-20,3686.79
1986-01-21,3686.73
1986-01-22,3686.67
1986-01-23,3686.6
1986-01-24,3686.45
1986-01-25,3686.29
1986-01-26,3686.14
1986-01-27,3685.98
1986-01-28,3685.81
1986-01-29,3685.73
1986-01-30,3685.62
1986-01-31,3685.59
1986-02-01,3685.48
1986-02-02,3685.35
1986-02-03,3685.25
1986-02-04,3685.15
1986-02-05,3684.99
1986-02-06,3684.92
1986-02-07,3684.77
1986-02-08,3684.63
1986-02-09,3684.48
1986-02-10,3684.39
1986-02-11,3684.22
1986-02-12,3684.13
1986-02-13,3684.04
1986-02-14,3683.93
1986-02-15,3683.84
1986-02-16,3683.73
1986-02-17,3683.65
1986-02-18,3683.57
1986-02-19,3683.45
1986-02-20,3683.43
1986-02-21,3683.4
1986-02-22,3683.43
1986-02-23,3683.57
1986-02-24,3683.62
1986-02-25,3683.63
1986-02-26,3683.6
1986-02-27,3683.6
1986-02-28,3683.57
1986-03-01,3683.57
1986-03-02,3683.53
1986-03-03,3683.43
1986-03-04,3683.34
1986-03-05,3683.24
1986-03-06,3683.15
1986-03-07,3683.04
1986-03-08,3682.88
1986-03-09,3682.85
1986-03-10,3682.77
1986-03-11,3682.63
1986-03-12,3682.54
1986-03-13,3682.44
1986-03-14,3682.68
1986-03-15,3682.49
1986-03-16,3682.33
1986-03-17,3682.27
1986-03-18,3682.15
1986-03-19,3682.04
1986-03-20,3681.92
1986-03-21,3681.8
1986-03-22,3681.68
1986-03-23,3681.56
1986-03-24,3681.37
1986-03-25,3681.28
1986-03-26,3681.12
1986-03-27,3681.01
1986-03-28,3680.92
1986-03-29,3680.85
1986-03-30,3680.76
1986-03-31,3680.68
1986-04-01,3680.74
1986-04-02,3680.69
1986-04-03,3680.88
1986-04-04,3681.06
1986-04-05,3681.24
1986-04-06,3681.34
1986-04-07,3681.42
1986-04-08,3681.47
1986-04-09,3681.54
1986-04-10,3681.5
1986-04-11,3681.49
1986-04-12,3681.5
1986-04-13,3681.49
1986-04-14,3681.49
1986-04-15,3681.44
1986-04-16,3681.53
1986-04-17,3681.52
1986-04-18,3681.5
1986-04-19,3681.49
1986-04-20,3681.56
1986-04-21,3681.57
1986-04-22,3681.56
1986-04-23,3681.51
1986-04-24,3681.52
1986-04-25,3681.52
1986-04-26,3681.52
1986-04-27,3681.6
1986-04-28,3681.75
1986-04-29,3681.88
1986-04-30,3682.06
1986-05-01,3682.18
1986-05-02,3682.34
1986-05-03,3682.47
1986-05-04,3682.66
1986-05-05,3682.99
1986-05-06,3683.33
1986-05-07,3683.9
1986-05-08,3684.19
1986-05-09,3684.4
1986-05-10,3684.57
1986-05-11,3684.61
1986-05-12,3684.61
1986-05-13,3684.57
1986-05-14,3684.54
1986-05-15,3684.5
1986-05-16,3684.35
1986-05-17,3684.25
1986-05-18,3684.24
1986-05-19,3684.18
1986-05-20,3684.09
1986-05-21,3684.16
1986-05-22,3684.11
1986-05-23,3684.09
1986-05-24,3684.13
1986-05-25,3684.24
1986-05-26,3684.36
1986-05-27,3684.46
1986-05-28,3684.6
1986-05-29,3684.7
1986-05-30,3684.94
1986-05-31,3685.09
1986-06-01,3685.28
1986-06-02,3685.45
1986-06-03,3685.84
1986-06-04,3686.01
1986-06-05,3686.42
1986-06-06,3686.82
1986-06-07,3687.24
1986-06-08,3687.67
1986-06-09,3688.29
1986-06-10,3688.82
1986-06-11,3689.4
1986-06-12,3689.9
1986-06-13,3690.32
1986-06-14,3690.67
1986-06-15,3691.05
1986-06-16,3691.37
1986-06-17,3691.73
1986-06-18,3691.98
1986-06-19,3692.29
1986-06-20,3692.58
1986-06-21,3692.89
1986-06-22,3693.18
1986-06-23,3693.46
1986-06-24,3693.74
1986-06-25,3693.94
1986-06-26,3694.15
1986-06-27,3694.4
1986-06-28,3694.57
1986-06-29,3694.74
1986-06-30,3694.99
1986-07-01,3695.19
1986-07-02,3695.48
1986-07-03,3695.7
1986-07-04,3695.95
1986-07-05,3696.2
1986-07-06,3696.44
1986-07-07,3696.72
1986-07-08,3696.91
1986-07-09,3697.09
1986-07-10,3697.3
1986-07-11,3697.52
1986-07-12,3697.8
1986-07-13,3698.12
1986-07-14,3698.36
1986-07-15,3698.65
1986-07-16,3698.77
1986-07-17,3698.97
1986-07-18,3699.1
1986-07-19,3699.4
1986-07-20,3699.45
1986-07-21,3699.76
1986-07-22,3699.77
1986-07-23,3699.86
1986-07-24,3699.94
1986-07-25,3699.97
1986-07-26,3699.91
1986-07-27,3700.02
1986-07-28,3700
1986-07-29,3699.89
1986-07-30,3699.83
1986-07-31,3699.71
1986-08-01,3699.54
1986-08-02,3699.4
1986-08-03,3699.22
1986-08-04,3699.2
1986-08-05,3699.18
1986-08-06,3699.04
1986-08-07,3699.02
1986-08-08,3698.95
1986-08-09,3698.75
1986-08-10,3698.59
1986-08-11,3698.37
1986-08-12,3698.2
1986-08-13,3698.03
1986-08-14,3697.81
1986-08-15,3697.72
1986-08-16,3697.47
1986-08-17,3697.27
1986-08-18,3697.07
1986-08-19,3696.8
1986-08-20,3696.65
1986-08-21,3696.41
1986-08-22,3696.28
1986-08-23,3696.01
1986-08-24,3695.8
1986-08-25,3695.58
1986-08-26,3695.41
1986-08-27,3695.22
1986-08-28,3695.18
1986-08-29,3695.04
1986-08-30,3694.91
1986-08-31,3694.72
1986-09-01,3694.58
1986-09-02,3694.44
1986-09-03,3694.24
1986-09-04,3694.09
1986-09-05,3693.92
1986-09-06,3693.69
1986-09-07,3693.5
1986-09-08,3693.29
1986-09-09,3693.23
1986-09-10,3692.95
1986-09-11,3692.77
1986-09-12,3692.6
1986-09-13,3692.43
1986-09-14,3692.2
1986-09-15,3692.03
1986-09-16,3691.82
1986-09-17,3691.63
1986-09-18,3691.41
1986-09-19,3691.17
1986-09-20,3690.98
1986-09-21,3690.73
1986-09-22,3690.58
1986-09-23,3690.41
1986-09-24,3690.32
1986-09-25,3690.16
1986-09-26,3690.09
1986-09-27,3689.96
1986-09-28,3689.9
1986-09-29,3689.78
1986-09-30,3689.62
1986-10-01,3689.6
1986-10-02,3689.55
1986-10-03,3689.56
1986-10-04,3689.54
1986-10-05,3689.51
1986-10-06,3689.47
1986-10-07,3689.47
1986-10-08,3689.47
1986-10-09,3689.47
1986-10-10,3689.39
1986-10-11,3689.55
1986-10-12,3689.56
1986-10-13,3689.57
1986-10-14,3689.6
1986-10-15,3689.62
1986-10-16,3689.59
1986-10-17,3689.59
1986-10-18,3689.55
1986-10-19,3689.57
1986-10-20,3689.57
1986-10-21,3689.52
1986-10-22,3689.52
1986-10-23,3689.5
1986-10-24,3689.46
1986-10-25,3689.44
1986-10-26,3689.41
1986-10-27,3689.36
1986-10-28,3689.31
1986-10-29,3689.25
1986-10-30,3689.2
1986-10-31,3689.22
1986-11-01,3689.16
1986-11-02,3689.15
1986-11-03,3689.18
1986-11-04,3689.18
1986-11-05,3689.16
1986-11-06,3689.16
1986-11-07,3689.14
1986-11-08,3689.21
1986-11-09,3689.21
1986-11-10,3689.17
1986-11-11,3689.13
1986-11-12,3689.1
1986-11-13,3689
1986-11-14,3688.91
1986-11-15,3688.81
1986-11-16,3688.74
1986-11-17,3688.66
1986-11-18,3688.68
1986-11-19,3688.6
1986-11-20,3688.56
1986-11-21,3688.49
1986-11-22,3688.48
1986-11-23,3688.44
1986-11-24,3688.38
1986-11-25,3688.36
1986-11-26,3688.28
1986-11-27,3688.23
1986-11-28,3688.25
1986-11-29,3688.17
1986-11-30,3688.06
1986-12-01,3687.94
1986-12-02,3687.79
1986-12-03,3687.62
1986-12-04,3687.46
1986-12-05,3687.38
1986-12-06,3687.28
1986-12-07,3687.18
1986-12-08,3687.04
1986-12-09,3686.96
1986-12-10,3686.79
1986-12-11,3686.64
1986-12-12,3686.57
1986-12-13,3686.36
1986-12-14,3686.24
1986-12-15,3686.09
1986-12-16,3685.99
1986-12-17,3685.85
1986-12-18,3685.75
1986-12-19,3685.64
1986-12-20,3685.49
1986-12-21,3685.44
1986-12-22,3685.25
1986-12-23,3685.15
1986-12-24,3685.1
1986-12-25,3685.09
1986-12-26,3685.01
1986-12-27,3684.92
1986-12-28,3684.82
1986-12-29,3684.67
1986-12-30,3684.51
1986-12-31,3684.36
1987-01-01,3684.16
1987-01-02,3684
1987-01-03,3683.8
1987-01-04,3683.64
1987-01-05,3683.48
1987-01-06,3683.31
1987-01-07,3683.17
1987-01-08,3683.03
1987-01-09,3682.84
1987-01-10,3682.64
1987-01-11,3682.52
1987-01-12,3682.34
1987-01-13,3682.16
1987-01-14,3682
1987-01-15,3681.82
1987-01-16,3681.7
1987-01-17,3681.5
1987-01-18,3681.28
1987-01-19,3681.23
1987-01-20,3680.96
1987-01-21,3680.77
1987-01-22,3680.6
1987-01-23,3680.35
1987-01-24,3680.15
1987-01-25,3680
1987-01-26,3679.84
1987-01-27,3679.7
1987-01-28,3679.52
1987-01-29,3679.39
1987-01-30,3679.25
1987-01-31,3679.07
1987-02-01,3678.98
1987-02-02,3678.84
1987-02-03,3678.74
1987-02-04,3678.63
1987-02-05,3678.48
1987-02-06,3678.37
1987-02-07,3678.29
1987-02-08,3678.24
1987-02-09,3678.19
1987-02-10,3678.15
1987-02-11,3678.1
1987-02-12,3678.09
1987-02-13,3678.05
1987-02-14,3678.04
1987-02-15,3678.07
1987-02-16,3678.07
1987-02-17,3678.02
1987-02-18,3678.02
1987-02-19,3678.04
1987-02-20,3677.93
1987-02-21,3677.89
1987-02-22,3677.85
1987-02-23,3677.81
1987-02-24,3677.69
1987-02-25,3677.65
1987-02-26,3677.64
1987-02-27,3677.63
1987-02-28,3677.65
1987-03-01,3677.68
1987-03-02,3677.63
1987-03-03,3677.55
1987-03-04,3677.52
1987-03-05,3677.47
1987-03-06,3677.49
1987-03-07,3677.51
1987-03-08,3677.53
1987-03-09,3677.58
1987-03-10,3677.68
1987-03-11,3677.86
1987-03-12,3677.94
1987-03-13,3678.14
1987-03-14,3678.25
1987-03-15,3678.45
1987-03-16,3678.59
1987-03-17,3678.67
1987-03-18,3678.73
1987-03-19,3678.84
1987-03-20,3678.99
1987-03-21,3679.09
1987-03-22,3679.2
1987-03-23,3679.28
1987-03-24,3679.32
1987-03-25,3679.32
1987-03-26,3679.33
1987-03-27,3679.4
1987-03-28,3679.49
1987-03-29,3679.53
1987-03-30,3679.46
1987-03-31,3679.42
1987-04-01,3679.49
1987-04-02,3679.6
1987-04-03,3679.6
1987-04-04,3679.78
1987-04-05,3679.84
1987-04-06,3679.93
1987-04-07,3680.01
1987-04-08,3680.12
1987-04-09,3680.2
1987-04-10,3680.29
1987-04-11,3680.4
1987-04-12,3680.53
1987-04-13,3680.75
1987-04-14,3680.94
1987-04-15,3681.11
1987-04-16,3681.23
1987-04-17,3681.37
1987-04-18,3681.49
1987-04-19,3681.76
1987-04-20,3682.07
1987-04-21,3682.29
1987-04-22,3682.49
1987-04-23,3682.71
1987-04-24,3682.86
1987-04-25,3683.12
1987-04-26,3683.32
1987-04-27,3683.58
1987-04-28,3683.84
1987-04-29,3684.08
1987-04-30,3684.45
1987-05-01,3684.81
1987-05-02,3685.35
1987-05-03,3685.75
1987-05-04,3686.17
1987-05-05,3686.57
1987-05-06,3686.93
1987-05-07,3687.25
1987-05-08,3687.57
1987-05-09,3687.85
1987-05-10,3688.19
1987-05-11,3688.47
1987-05-12,3688.71
1987-05-13,3688.99
1987-05-14,3689.3
1987-05-15,3689.61
1987-05-16,3689.97
1987-05-17,3690.45
1987-05-18,3690.95
1987-05-19,3691.43
1987-05-20,3691.86
1987-05-21,3692.24
1987-05-22,3692.64
1987-05-23,3693.14
1987-05-24,3693.4
1987-05-25,3693.72
1987-05-26,3693.9
1987-05-27,3694.07
1987-05-28,3694.23
1987-05-29,3694.39
1987-05-30,3694.5
1987-05-31,3694.57
1987-06-01,3694.67
1987-06-02,3694.77
1987-06-03,3694.91
1987-06-04,3695.02
1987-06-05,3695.21
1987-06-06,3695.44
1987-06-07,3695.67
1987-06-08,3695.96
1987-06-09,3696.08
1987-06-10,3696.35
1987-06-11,3696.63
1987-06-12,3696.95
1987-06-13,3697.23
1987-06-14,3697.45
1987-06-15,3697.67
1987-06-16,3697.83
1987-06-17,3697.97
1987-06-18,3698.13
1987-06-19,3698.26
1987-06-20,3698.34
1987-06-21,3698.39
1987-06-22,3698.41
1987-06-23,3698.43
1987-06-24,3698.45
1987-06-25,3698.47
1987-06-26,3698.45
1987-06-27,3698.45
1987-06-28,3698.45
1987-06-29,3698.44
1987-06-30,3698.37
1987-07-01,3698.33
1987-07-02,3698.33
1987-07-03,3698.29
1987-07-04,3698.31
1987-07-05,3698.31
1987-07-06,3698.27
1987-07-07,3698.24
1987-07-08,3698.17
1987-07-09,3698.1
1987-07-10,3698.06
1987-07-11,3698.08
1987-07-12,3698.07
1987-07-13,3697.96
1987-07-14,3697.87
1987-07-15,3697.82
1987-07-16,3697.78
1987-07-17,3697.65
1987-07-18,3697.57
1987-07-19,3697.53
1987-07-20,3697.46
1987-07-21,3697.33
1987-07-22,3697.25
1987-07-23,3697.15
1987-07-24,3697.05
1987-07-25,3696.95
1987-07-26,3696.72
1987-07-27,3696.65
1987-07-28,3696.5
1987-07-29,3696.37
1987-07-30,3696.23
1987-07-31,3696.09
1987-08-01,3695.95
1987-08-02,3695.83
1987-08-03,3695.72
1987-08-04,3695.62
1987-08-05,3695.5
1987-08-06,3695.32
1987-08-07,3695.27
1987-08-08,3695.21
1987-08-09,3695.11
1987-08-10,3695.01
1987-08-11,3694.96
1987-08-12,3694.76
1987-08-13,3694.66
1987-08-14,3694.45
1987-08-15,3694.24
1987-08-16,3694.06
1987-08-17,3693.84
1987-08-18,3693.62
1987-08-19,3693.36
1987-08-20,3693.13
1987-08-21,3692.86
1987-08-22,3692.69
1987-08-23,3692.58
1987-08-24,3692.35
1987-08-25,3692.18
1987-08-26,3692.09
1987-08-27,3691.92
1987-08-28,3691.83
1987-08-29,3691.77
1987-08-30,3691.7
1987-08-31,3691.61
1987-09-01,3691.51
1987-09-02,3691.4
1987-09-03,3691.29
1987-09-04,3691.16
1987-09-05,3691.06
1987-09-06,3690.98
1987-09-07,3690.85
1987-09-08,3690.69
1987-09-09,3690.56
1987-09-10,3690.46
1987-09-11,3690.33
1987-09-12,3690.2
1987-09-13,3690.14
1987-09-14,3689.9
1987-09-15,3689.66
1987-09-16,3689.53
1987-09-17,3689.36
1987-09-18,3689.22
1987-09-19,3689.05
1987-09-20,3688.93
1987-09-21,3688.76
1987-09-22,3688.68
1987-09-23,3688.57
1987-09-24,3688.51
1987-09-25,3688.37
1987-09-26,3688.24
1987-09-27,3688.22
1987-09-28,3688.13
1987-09-29,3688.03
1987-09-30,3687.95
1987-10-01,3687.89
1987-10-02,3687.84
1987-10-03,3687.78
1987-10-04,3687.78
1987-10-05,3687.71
1987-10-06,3687.67
1987-10-07,3687.58
1987-10-08,3687.6
1987-10-09,3687.56
1987-10-10,3687.55
1987-10-11,3687.56
1987-10-12,3687.45
1987-10-13,3687.46
1987-10-14,3687.46
1987-10-15,3687.41
1987-10-16,3687.4
1987-10-17,3687.42
1987-10-18,3687.47
1987-10-19,3687.43
1987-10-20,3687.39
1987-10-21,3687.36
1987-10-22,3687.35
1987-10-23,3687.34
1987-10-24,3687.4
1987-10-25,3687.46
1987-10-26,3687.47
1987-10-27,3687.51
1987-10-28,3687.53
1987-10-29,3687.68
1987-10-30,3687.71
1987-10-31,3687.79
1987-11-01,3688.03
1987-11-02,3688.08
1987-11-03,3688.1
1987-11-04,3688.13
1987-11-05,3688.09
1987-11-06,3688.33
1987-11-07,3688.44
1987-11-08,3688.51
1987-11-09,3688.5
1987-11-10,3688.45
1987-11-11,3688.42
1987-11-12,3688.37
1987-11-13,3688.31
1987-11-14,3688.24
1987-11-15,3688.24
1987-11-16,3688.2
1987-11-17,3688.13
1987-11-18,3688.09
1987-11-19,3688.07
1987-11-20,3687.98
1987-11-21,3687.92
1987-11-22,3687.87
1987-11-23,3687.75
1987-11-24,3687.62
1987-11-25,3687.51
1987-11-26,3687.56
1987-11-27,3687.5
1987-11-28,3687.48
1987-11-29,3687.46
1987-11-30,3687.43
1987-12-01,3687.33
1987-12-02,3687.23
1987-12-03,3687.12
1987-12-04,3687
1987-12-05,3686.93
1987-12-06,3686.9
1987-12-07,3686.82
1987-12-08,3686.76
1987-12-09,3686.69
1987-12-10,3686.57
1987-12-11,3686.58
1987-12-12,3686.6
1987-12-13,3686.5
1987-12-14,3686.34
1987-12-15,3686.27
1987-12-16,3686.13
1987-12-17,3686.02
1987-12-18,3685.87
1987-12-19,3685.83
1987-12-20,3685.79
1987-12-21,3685.76
1987-12-22,3685.69
1987-12-23,3685.69
1987-12-24,3685.69
1987-12-25,3685.68
1987-12-26,3685.54
1987-12-27,3685.53
1987-12-28,3685.54
1987-12-29,3685.48
1987-12-30,3685.37
1987-12-31,3685.3
1988-01-01,3685.22
1988-01-02,3685.09
1988-01-03,3685
1988-01-04,3684.86
1988-01-05,3684.69
1988-01-06,3684.6
1988-01-07,3684.63
1988-01-08,3684.61
1988-01-09,3684.64
1988-01-10,3684.64
1988-01-11,3684.52
1988-01-12,3684.54
1988-01-13,3684.5
1988-01-14,3684.45
1988-01-15,3684.33
1988-01-16,3684.27
1988-01-17,3684.34
1988-01-18,3684.14
1988-01-19,3684.03
1988-01-20,3683.92
1988-01-21,3683.87
1988-01-22,3683.73
1988-01-23,3683.69
1988-01-24,3683.54
1988-01-25,3683.4
1988-01-26,3683.34
1988-01-27,3683.21
1988-01-28,3683.13
1988-01-29,3683.04
1988-01-30,3683.04
1988-01-31,3683.04
1988-02-01,3682.98
1988-02-02,3682.95
1988-02-03,3682.89
1988-02-04,3682.87
1988-02-05,3682.85
1988-02-06,3682.85
1988-02-07,3682.83
1988-02-08,3682.76
1988-02-09,3682.66
1988-02-10,3682.63
1988-02-11,3682.59
1988-02-12,3682.57
1988-02-13,3682.49
1988-02-14,3682.53
1988-02-15,3682.43
1988-02-16,3682.4
1988-02-17,3682.26
1988-02-18,3682.16
1988-02-19,3682.07
1988-02-20,3682.02
1988-02-21,3681.99
1988-02-22,3681.92
1988-02-23,3681.9
1988-02-24,3681.81
1988-02-25,3681.72
1988-02-26,3681.65
1988-02-27,3681.71
1988-02-28,3681.75
1988-02-29,3681.75
1988-03-01,3681.7
1988-03-02,3681.78
1988-03-03,3681.79
1988-03-04,3681.82
1988-03-05,3681.83
1988-03-06,3681.87
1988-03-07,3681.91
1988-03-08,3681.92
1988-03-09,3681.85
1988-03-10,3681.97
1988-03-11,3681.95
1988-03-12,3681.92
1988-03-13,3681.9
1988-03-14,3681.89
1988-03-15,3681.8
1988-03-16,3681.86
1988-03-17,3681.79
1988-03-18,3681.78
1988-03-19,3681.81
1988-03-20,3681.87
1988-03-21,3681.79
1988-03-22,3681.8
1988-03-23,3681.71
1988-03-24,3681.69
1988-03-25,3681.72
1988-03-26,3681.71
1988-03-27,3681.86
1988-03-28,3681.7
1988-03-29,3681.69
1988-03-30,3681.73
1988-03-31,3681.69
1988-04-01,3681.7
1988-04-02,3681.75
1988-04-03,3681.73
1988-04-04,3681.82
1988-04-05,3681.72
1988-04-06,3681.73
1988-04-07,3681.75
1988-04-08,3681.73
1988-04-09,3681.76
1988-04-10,3681.79
1988-04-11,3681.82
1988-04-12,3681.84
1988-04-13,3681.82
1988-04-14,3681.92
1988-04-15,3681.86
1988-04-16,3682.08
1988-04-17,3682.11
1988-04-18,3682.2
1988-04-19,3682.3
1988-04-20,3682.35
1988-04-21,3682.43
1988-04-22,3682.6
1988-04-23,3682.78
1988-04-24,3682.93
1988-04-25,3683.11
1988-04-26,3683.25
1988-04-27,3683.39
1988-04-28,3683.48
1988-04-29,3683.58
1988-04-30,3683.61
1988-05-01,3683.71
1988-05-02,3683.76
1988-05-03,3683.85
1988-05-04,3683.92
1988-05-05,3684.06
1988-05-06,3684.1
1988-05-07,3684.19
1988-05-08,3684.31
1988-05-09,3684.41
1988-05-10,3684.52
1988-05-11,3684.55
1988-05-12,3684.61
1988-05-13,3684.63
1988-05-14,3684.7
1988-05-15,3684.74
1988-05-16,3684.87
1988-05-17,3684.9
1988-05-18,3685.16
1988-05-19,3685.32
1988-05-20,3685.63
1988-05-21,3685.97
1988-05-22,3686.28
1988-05-23,3686.57
1988-05-24,3686.8
1988-05-25,3687.02
1988-05-26,3687.15
1988-05-27,3687.26
1988-05-28,3687.44
1988-05-29,3687.6
1988-05-30,3687.8
1988-05-31,3688.01
1988-06-01,3688.23
1988-06-02,3688.47
1988-06-03,3688.7
1988-06-04,3688.9
1988-06-05,3689.11
1988-06-06,3689.24
1988-06-07,3689.43
1988-06-08,3689.62
1988-06-09,3689.85
1988-06-10,3690.05
1988-06-11,3690.3
1988-06-12,3690.63
1988-06-13,3690.84
1988-06-14,3691.1
1988-06-15,3691.28
1988-06-16,3691.42
1988-06-17,3691.62
1988-06-18,3691.71
1988-06-19,3691.93
1988-06-20,3691.96
1988-06-21,3692.09
1988-06-22,3692.2
1988-06-23,3692.22
1988-06-24,3692.32
1988-06-25,3692.46
1988-06-26,3692.49
1988-06-27,3692.65
1988-06-28,3692.76
1988-06-29,3692.73
1988-06-30,3692.9
1988-07-01,3693.04
1988-07-02,3693.12
1988-07-03,3693.24
1988-07-04,3693.28
1988-07-05,3693.31
1988-07-06,3693.26
1988-07-07,3693.2
1988-07-08,3693.1
1988-07-09,3693.22
1988-07-10,3693.14
1988-07-11,3693.07
1988-07-12,3693.03
1988-07-13,3692.94
1988-07-14,3692.87
1988-07-15,3692.8
1988-07-16,3692.75
1988-07-17,3692.73
1988-07-18,3692.66
1988-07-19,3692.55
1988-07-20,3692.45
1988-07-21,3692.34
1988-07-22,3692.21
1988-07-23,3692.19
1988-07-24,3692.07
1988-07-25,3691.95
1988-07-26,3691.8
1988-07-27,3691.63
1988-07-28,3691.47
1988-07-29,3691.25
1988-07-30,3691.11
1988-07-31,3690.98
1988-08-01,3690.92
1988-08-02,3690.74
1988-08-03,3690.65
1988-08-04,3690.51
1988-08-05,3690.34
1988-08-06,3690.37
1988-08-07,3690.25
1988-08-08,3690.16
1988-08-09,3690.1
1988-08-10,3689.97
1988-08-11,3689.93
1988-08-12,3689.75
1988-08-13,3689.63
1988-08-14,3689.6
1988-08-15,3689.43
1988-08-16,3689.34
1988-08-17,3689.17
1988-08-18,3689.03
1988-08-19,3688.91
1988-08-20,3688.88
1988-08-21,3688.83
1988-08-22,3688.72
1988-08-23,3688.57
1988-08-24,3688.52
1988-08-25,3688.37
1988-08-26,3688.35
1988-08-27,3688.38
1988-08-28,3688.35
1988-08-29,3688.25
1988-08-30,3688.25
1988-08-31,3688.08
1988-09-01,3688.02
1988-09-02,3687.93
1988-09-03,3687.89
1988-09-04,3687.87
1988-09-05,3687.83
1988-09-06,3687.73
1988-09-07,3687.6
1988-09-08,3687.52
1988-09-09,3687.41
1988-09-10,3687.37
1988-09-11,3687.31
1988-09-12,3687.2
1988-09-13,3687.08
1988-09-14,3686.98
1988-09-15,3686.91
1988-09-16,3686.87
1988-09-17,3686.81
1988-09-18,3686.83
1988-09-19,3686.71
1988-09-20,3686.63
1988-09-21,3686.47
1988-09-22,3686.41
1988-09-23,3686.29
1988-09-24,3686.24
1988-09-25,3686.19
1988-09-26,3686.04
1988-09-27,3685.91
1988-09-28,3685.78
1988-09-29,3685.69
1988-09-30,3685.61
1988-10-01,3685.57
1988-10-02,3685.58
1988-10-03,3685.51
1988-10-04,3685.45
1988-10-05,3685.41
1988-10-06,3685.29
1988-10-07,3685.21
1988-10-08,3685.16
1988-10-09,3685.2
1988-10-10,3685.11
1988-10-11,3685.06
1988-10-12,3685.03
1988-10-13,3684.9
1988-10-14,3684.81
1988-10-15,3684.8
1988-10-16,3684.78
1988-10-17,3684.7
1988-10-18,3684.61
1988-10-19,3684.57
1988-10-20,3684.53
1988-10-21,3684.45
1988-10-22,3684.44
1988-10-23,3684.43
1988-10-24,3684.33
1988-10-25,3684.32
1988-10-26,3684.26
1988-10-27,3684.24
1988-10-28,3684.21
1988-10-29,3684.25
1988-10-30,3684.24
1988-10-31,3684.19
1988-11-01,3684.13
1988-11-02,3684.06
1988-11-03,3684.05
1988-11-04,3684.03
1988-11-05,3684.01
1988-11-06,3683.97
1988-11-07,3683.88
1988-11-08,3683.77
1988-11-09,3683.69
1988-11-10,3683.56
1988-11-11,3683.54
1988-11-12,3683.47
1988-11-13,3683.46
1988-11-14,3683.5
1988-11-15,3683.38
1988-11-16,3683.24
1988-11-17,3683.14
1988-11-18,3683
1988-11-19,3682.86
1988-11-20,3682.72
1988-11-21,3682.59
1988-11-22,3682.48
1988-11-23,3682.33
1988-11-24,3682.39
1988-11-25,3682.26
1988-11-26,3682.21
1988-11-27,3682.19
1988-11-28,3682.06
1988-11-29,3682.1
1988-11-30,3682.1
1988-12-01,3682.05
1988-12-02,3681.98
1988-12-03,3681.96
1988-12-04,3681.99
1988-12-05,3681.9
1988-12-06,3681.86
1988-12-07,3681.81
1988-12-08,3681.68
1988-12-09,3681.56
1988-12-10,3681.51
1988-12-11,3681.49
1988-12-12,3681.41
1988-12-13,3681.35
1988-12-14,3681.37
1988-12-15,3681.23
1988-12-16,3681.11
1988-12-17,3681.08
1988-12-18,3681.07
1988-12-19,3680.95
1988-12-20,3680.84
1988-12-21,3680.74
1988-12-22,3680.58
1988-12-23,3680.42
1988-12-24,3680.32
1988-12-25,3680.2
1988-12-26,3680.12
1988-12-27,3680.02
1988-12-28,3679.93
1988-12-29,3679.85
1988-12-30,3679.8
1988-12-31,3679.76
1989-01-01,3679.73
1989-01-02,3679.7
1989-01-03,3679.63
1989-01-04,3679.51
1989-01-05,3679.43
1989-01-06,3679.28
1989-01-07,3679.16
1989-01-08,3679.09
1989-01-09,3678.95
1989-01-10,3678.86
1989-01-11,3678.76
1989-01-12,3678.59
1989-01-13,3678.44
1989-01-14,3678.4
1989-01-15,3678.33
1989-01-16,3678.21
1989-01-17,3678.08
1989-01-18,3677.92
1989-01-19,3677.79
1989-01-20,3677.68
1989-01-21,3677.64
1989-01-22,3677.61
1989-01-23,3677.53
1989-01-24,3677.46
1989-01-25,3677.39
1989-01-26,3677.29
1989-01-27,3677.08
1989-01-28,3676.98
1989-01-29,3676.87
1989-01-30,3676.73
1989-01-31,3676.59
1989-02-01,3676.48
1989-02-02,3676.31
1989-02-03,3676.18
1989-02-04,3676.11
1989-02-05,3675.99
1989-02-06,3675.78
1989-02-07,3675.61
1989-02-08,3675.42
1989-02-09,3675.27
1989-02-10,3675.14
1989-02-11,3675.14
1989-02-12,3675.15
1989-02-13,3675.12
1989-02-14,3675.09
1989-02-15,3675.12
1989-02-16,3675.07
1989-02-17,3674.96
1989-02-18,3674.94
1989-02-19,3674.95
1989-02-20,3674.92
1989-02-21,3674.87
1989-02-22,3674.79
1989-02-23,3674.71
1989-02-24,3674.62
1989-02-25,3674.62
1989-02-26,3674.66
1989-02-27,3674.66
1989-02-28,3674.61
1989-03-01,3674.59
1989-03-02,3674.54
1989-03-03,3674.42
1989-03-04,3674.5
1989-03-05,3674.4
1989-03-06,3674.36
1989-03-07,3674.34
1989-03-08,3674.34
1989-03-09,3674.36
1989-03-10,3674.37
1989-03-11,3674.42
1989-03-12,3674.5
1989-03-13,3674.58
1989-03-14,3674.57
1989-03-15,3674.55
1989-03-16,3674.51
1989-03-17,3674.59
1989-03-18,3674.61
1989-03-19,3674.77
1989-03-20,3674.67
1989-03-21,3674.63
1989-03-22,3674.65
1989-03-23,3674.67
1989-03-24,3674.66
1989-03-25,3674.66
1989-03-26,3674.67
1989-03-27,3674.69
1989-03-28,3674.68
1989-03-29,3674.68
1989-03-30,3674.65
1989-03-31,3674.6
1989-04-01,3674.67
1989-04-02,3674.7
1989-04-03,3674.7
1989-04-04,3674.7
1989-04-05,3674.69
1989-04-06,3674.69
1989-04-07,3674.65
1989-04-08,3674.66
1989-04-09,3674.7
1989-04-10,3674.63
1989-04-11,3674.62
1989-04-12,3674.65
1989-04-13,3674.69
1989-04-14,3674.74
1989-04-15,3674.8
1989-04-16,3674.84
1989-04-17,3674.91
1989-04-18,3674.91
1989-04-19,3674.91
1989-04-20,3674.96
1989-04-21,3675.03
1989-04-22,3675.08
1989-04-23,3675.11
1989-04-24,3675.18
1989-04-25,3675.26
1989-04-26,3675.34
1989-04-27,3675.42
1989-04-28,3675.52
1989-04-29,3675.7
1989-04-30,3675.85
1989-05-01,3675.98
1989-05-02,3676.02
1989-05-03,3676.17
1989-05-04,3676.21
1989-05-05,3676.26
1989-05-06,3676.29
1989-05-07,3676.29
1989-05-08,3676.23
1989-05-09,3676.22
1989-05-10,3676.22
1989-05-11,3676.22
1989-05-12,3676.31
1989-05-13,3676.37
1989-05-14,3676.55
1989-05-15,3676.73
1989-05-16,3676.8
1989-05-17,3676.89
1989-05-18,3676.93
1989-05-19,3677.02
1989-05-20,3677.1
1989-05-21,3677.18
1989-05-22,3677.21
1989-05-23,3677.25
1989-05-24,3677.28
1989-05-25,3677.38
1989-05-26,3677.44
1989-05-27,3677.52
1989-05-28,3677.64
1989-05-29,3677.69
1989-05-30,3677.75
1989-05-31,3677.84
1989-06-01,3677.87
1989-06-02,3677.96
1989-06-03,3678.06
1989-06-04,3678.19
1989-06-05,3678.22
1989-06-06,3678.4
1989-06-07,3678.43
1989-06-08,3678.46
1989-06-09,3678.45
1989-06-10,3678.52
1989-06-11,3678.64
1989-06-12,3678.61
1989-06-13,3678.62
1989-06-14,3678.64
1989-06-15,3678.5
1989-06-16,3678.49
1989-06-17,3678.47
1989-06-18,3678.48
1989-06-19,3678.46
1989-06-20,3678.39
1989-06-21,3678.31
1989-06-22,3678.28
1989-06-23,3678.32
1989-06-24,3678.17
1989-06-25,3678.16
1989-06-26,3678.05
1989-06-27,3677.93
1989-06-28,3677.91
1989-06-29,3677.79
1989-06-30,3677.67
1989-07-01,3677.56
1989-07-02,3677.44
1989-07-03,3677.32
1989-07-04,3677.24
1989-07-05,3677.11
1989-07-06,3676.96
1989-07-07,3676.78
1989-07-08,3676.6
1989-07-09,3676.43
1989-07-10,3676.26
1989-07-11,3676.1
1989-07-12,3675.97
1989-07-13,3675.91
1989-07-14,3675.74
1989-07-15,3675.61
1989-07-16,3675.54
1989-07-17,3675.41
1989-07-18,3675.29
1989-07-19,3675.12
1989-07-20,3674.89
1989-07-21,3674.74
1989-07-22,3674.59
1989-07-23,3674.5
1989-07-24,3674.32
1989-07-25,3674.18
1989-07-26,3673.99
1989-07-27,3673.8
1989-07-28,3673.75
1989-07-29,3673.73
1989-07-30,3673.65
1989-07-31,3673.59
1989-08-01,3673.42
1989-08-02,3673.29
1989-08-03,3673.24
1989-08-04,3673.09
1989-08-05,3672.98
1989-08-06,3672.92
1989-08-07,3672.8
1989-08-08,3672.63
1989-08-09,3672.5
1989-08-10,3672.3
1989-08-11,3672.28
1989-08-12,3672.12
1989-08-13,3672
1989-08-14,3671.85
1989-08-15,3671.69
1989-08-16,3671.5
1989-08-17,3671.46
1989-08-18,3671.51
1989-08-19,3671.46
1989-08-20,3671.5
1989-08-21,3671.39
1989-08-22,3671.25
1989-08-23,3671.07
1989-08-24,3670.92
1989-08-25,3670.8
1989-08-26,3670.64
1989-08-27,3670.52
1989-08-28,3670.32
1989-08-29,3670.1
1989-08-30,3669.92
1989-08-31,3669.76
1989-09-01,3669.69
1989-09-02,3669.52
1989-09-03,3669.39
1989-09-04,3669.3
1989-09-05,3669.15
1989-09-06,3668.96
1989-09-07,3668.77
1989-09-08,3668.58
1989-09-09,3668.4
1989-09-10,3668.3
1989-09-11,3668.21
1989-09-12,3668.04
1989-09-13,3667.86
1989-09-14,3667.7
1989-09-15,3667.5
1989-09-16,3667.31
1989-09-17,3667.14
1989-09-18,3666.98
1989-09-19,3666.81
1989-09-20,3666.65
1989-09-21,3666.48
1989-09-22,3666.3
1989-09-23,3666.18
1989-09-24,3666.08
1989-09-25,3665.92
1989-09-26,3665.72
1989-09-27,3665.55
1989-09-28,3665.41
1989-09-29,3665.32
1989-09-30,3665.2
1989-10-01,3665.2
1989-10-02,3665.08
1989-10-03,3664.95
1989-10-04,3664.92
1989-10-05,3664.83
1989-10-06,3664.8
1989-10-07,3664.8
1989-10-08,3664.8
1989-10-09,3664.8
1989-10-10,3664.73
1989-10-11,3664.65
1989-10-12,3664.55
1989-10-13,3664.43
1989-10-14,3664.37
1989-10-15,3664.42
1989-10-16,3664.32
1989-10-17,3664.14
1989-10-18,3663.98
1989-10-19,3663.9
1989-10-20,3663.82
1989-10-21,3663.79
1989-10-22,3663.77
1989-10-23,3663.71
1989-10-24,3663.65
1989-10-25,3663.62
1989-10-26,3663.63
1989-10-27,3663.58
1989-10-28,3663.57
1989-10-29,3663.56
1989-10-30,3663.5
1989-10-31,3663.44
1989-11-01,3663.32
1989-11-02,3663.2
1989-11-03,3663.1
1989-11-04,3663.03
1989-11-05,3662.97
1989-11-06,3662.94
1989-11-07,3662.9
1989-11-08,3662.77
1989-11-09,3662.73
1989-11-10,3662.7
1989-11-11,3662.66
1989-11-12,3662.63
1989-11-13,3662.5
1989-11-14,3662.43
1989-11-15,3662.34
1989-11-16,3662.24
1989-11-17,3662.12
1989-11-18,3662.08
1989-11-19,3662.11
1989-11-20,3662
1989-11-21,3661.94
1989-11-22,3661.88
1989-11-23,3661.86
1989-11-24,3661.8
1989-11-25,3661.8
1989-11-26,3661.79
1989-11-27,3661.69
1989-11-28,3661.56
1989-11-29,3661.42
1989-11-30,3661.34
1989-12-01,3661.22
1989-12-02,3661.23
1989-12-03,3661.23
1989-12-04,3661.21
1989-12-05,3661.16
1989-12-06,3661.14
1989-12-07,3661.02
1989-12-08,3660.91
1989-12-09,3660.83
1989-12-10,3660.81
1989-12-11,3660.62
1989-12-12,3660.46
1989-12-13,3660.29
1989-12-14,3660.15
1989-12-15,3659.97
1989-12-16,3659.92
1989-12-17,3659.82
1989-12-18,3659.71
1989-12-19,3659.56
1989-12-20,3659.45
1989-12-21,3659.29
1989-12-22,3659.16
1989-12-23,3659.1
1989-12-24,3659.05
1989-12-25,3659.05
1989-12-26,3658.99
1989-12-27,3658.89
1989-12-28,3658.77
1989-12-29,3658.62
1989-12-30,3658.52
1989-12-31,3658.46
1990-01-01,3658.42
1990-01-02,3658.34
1990-01-03,3658.17
1990-01-04,3658.01
1990-01-05,3657.9
1990-01-06,3657.75
1990-01-07,3657.7
1990-01-08,3657.57
1990-01-09,3657.47
1990-01-10,3657.33
1990-01-11,3657.22
1990-01-12,3657.1
1990-01-13,3657.07
1990-01-14,3657.09
1990-01-15,3656.98
1990-01-16,3656.86
1990-01-17,3656.84
1990-01-18,3656.66
1990-01-19,3656.52
1990-01-20,3656.41
1990-01-21,3656.4
1990-01-22,3656.27
1990-01-23,3656.13
1990-01-24,3656.06
1990-01-25,3656.03
1990-01-26,3656.01
1990-01-27,3655.88
1990-01-28,3655.84
1990-01-29,3655.74
1990-01-30,3655.66
1990-01-31,3655.6
1990-02-01,3655.55
1990-02-02,3655.42
1990-02-03,3655.4
1990-02-04,3655.4
1990-02-05,3655.32
1990-02-06,3655.26
1990-02-07,3655.18
1990-02-08,3655.04
1990-02-09,3654.97
1990-02-10,3654.96
1990-02-11,3654.98
1990-02-12,3654.95
1990-02-13,3654.86
1990-02-14,3654.69
1990-02-15,3654.56
1990-02-16,3654.45
1990-02-17,3654.36
1990-02-18,3654.29
1990-02-19,3654.19
1990-02-20,3654.09
1990-02-21,3653.97
1990-02-22,3653.86
1990-02-23,3653.77
1990-02-24,3653.7
1990-02-25,3653.68
1990-02-26,3653.55
1990-02-27,3653.35
1990-02-28,3653.17
1990-03-01,3653.04
1990-03-02,3652.93
1990-03-03,3652.87
1990-03-04,3652.81
1990-03-05,3652.68
1990-03-06,3652.47
1990-03-07,3652.4
1990-03-08,3652.36
1990-03-09,3652.25
1990-03-10,3652.26
1990-03-11,3652.37
1990-03-12,3652.26
1990-03-13,3652.17
1990-03-14,3652.06
1990-03-15,3652
1990-03-16,3651.99
1990-03-17,3651.98
1990-03-18,3652.02
1990-03-19,3651.94
1990-03-20,3651.89
1990-03-21,3651.84
1990-03-22,3651.7
1990-03-23,3651.54
1990-03-24,3651.54
1990-03-25,3651.55
1990-03-26,3651.52
1990-03-27,3651.45
1990-03-28,3651.35
1990-03-29,3651.25
1990-03-30,3651.13
1990-03-31,3651.03
1990-04-01,3651.01
1990-04-02,3651.01
1990-04-03,3650.95
1990-04-04,3650.87
1990-04-05,3650.75
1990-04-06,3650.72
1990-04-07,3650.76
1990-04-08,3650.71
1990-04-09,3650.65
1990-04-10,3650.59
1990-04-11,3650.46
1990-04-12,3650.32
1990-04-13,3650.29
1990-04-14,3650.26
1990-04-15,3650.23
1990-04-16,3650.15
1990-04-17,3649.96
1990-04-18,3649.93
1990-04-19,3649.85
1990-04-20,3649.77
1990-04-21,3649.75
1990-04-22,3649.76
1990-04-23,3649.81
1990-04-24,3649.71
1990-04-25,3649.64
1990-04-26,3649.68
1990-04-27,3649.63
1990-04-28,3649.61
1990-04-29,3649.55
1990-04-30,3649.51
1990-05-01,3649.5
1990-05-02,3649.52
1990-05-03,3649.53
1990-05-04,3649.51
1990-05-05,3649.52
1990-05-06,3649.5
1990-05-07,3649.41
1990-05-08,3649.34
1990-05-09,3649.27
1990-05-10,3649.13
1990-05-11,3649.05
1990-05-12,3649.04
1990-05-13,3649.08
1990-05-14,3649.03
1990-05-15,3648.94
1990-05-16,3648.92
1990-05-17,3648.83
1990-05-18,3648.75
1990-05-19,3648.76
1990-05-20,3648.8
1990-05-21,3648.82
1990-05-22,3648.76
1990-05-23,3648.66
1990-05-24,3648.56
1990-05-25,3648.5
1990-05-26,3648.52
1990-05-27,3648.61
1990-05-28,3648.7
1990-05-29,3648.73
1990-05-30,3648.76
1990-05-31,3648.79
1990-06-01,3649.02
1990-06-02,3649.12
1990-06-03,3649.25
1990-06-04,3649.4
1990-06-05,3649.4
1990-06-06,3649.41
1990-06-07,3649.38
1990-06-08,3649.49
1990-06-09,3649.67
1990-06-10,3649.81
1990-06-11,3649.98
1990-06-12,3650.08
1990-06-13,3650.21
1990-06-14,3650.29
1990-06-15,3650.44
1990-06-16,3650.7
1990-06-17,3650.88
1990-06-18,3650.9
1990-06-19,3650.95
1990-06-20,3650.96
1990-06-21,3650.93
1990-06-22,3650.85
1990-06-23,3650.7
1990-06-24,3650.7
1990-06-25,3650.72
1990-06-26,3650.59
1990-06-27,3650.46
1990-06-28,3650.38
1990-06-29,3650.44
1990-06-30,3650.51
1990-07-01,3650.54
1990-07-02,3650.51
1990-07-03,3650.3
1990-07-04,3650.18
1990-07-05,3650.06
1990-07-06,3649.86
1990-07-07,3649.8
1990-07-08,3649.8
1990-07-09,3649.76
1990-07-10,3649.6
1990-07-11,3649.58
1990-07-12,3649.47
1990-07-13,3649.46
1990-07-14,3649.52
1990-07-15,3649.6
1990-07-16,3649.44
1990-07-17,3649.25
1990-07-18,3649.16
1990-07-19,3649.06
1990-07-20,3648.85
1990-07-21,3648.71
1990-07-22,3648.48
1990-07-23,3648.3
1990-07-24,3648.11
1990-07-25,3647.94
1990-07-26,3647.76
1990-07-27,3647.74
1990-07-28,3647.74
1990-07-29,3647.71
1990-07-30,3647.53
1990-07-31,3647.31
1990-08-01,3647.05
1990-08-02,3646.83
1990-08-03,3646.62
1990-08-04,3646.43
1990-08-05,3646.3
1990-08-06,3646.05
1990-08-07,3645.8
1990-08-08,3645.54
1990-08-09,3645.29
1990-08-10,3645.04
1990-08-11,3644.87
1990-08-12,3644.73
1990-08-13,3644.54
1990-08-14,3644.33
1990-08-15,3644.1
1990-08-16,3643.94
1990-08-17,3643.74
1990-08-18,3643.61
1990-08-19,3643.49
1990-08-20,3643.29
1990-08-21,3643.06
1990-08-22,3642.86
1990-08-23,3642.61
1990-08-24,3642.37
1990-08-25,3642.21
1990-08-26,3642.11
1990-08-27,3641.92
1990-08-28,3641.71
1990-08-29,3641.45
1990-08-30,3641.28
1990-08-31,3641.06
1990-09-01,3640.9
1990-09-02,3640.8
1990-09-03,3640.71
1990-09-04,3640.62
1990-09-05,3640.45
1990-09-06,3640.29
1990-09-07,3640.12
1990-09-08,3639.95
1990-09-09,3639.78
1990-09-10,3639.61
1990-09-11,3639.51
1990-09-12,3639.37
1990-09-13,3639.22
1990-09-14,3639.18
1990-09-15,3639.12
1990-09-16,3639.06
1990-09-17,3638.9
1990-09-18,3638.79
1990-09-19,3638.68
1990-09-20,3638.56
1990-09-21,3638.39
1990-09-22,3638.23
1990-09-23,3638.14
1990-09-24,3638.02
1990-09-25,3637.87
1990-09-26,3637.71
1990-09-27,3637.59
1990-09-28,3637.58
1990-09-29,3637.58
1990-09-30,3637.61
1990-10-01,3637.59
1990-10-02,3637.65
1990-10-03,3637.65
1990-10-04,3637.6
1990-10-05,3637.56
1990-10-06,3637.54
1990-10-07,3637.52
1990-10-08,3637.49
1990-10-09,3637.41
1990-10-10,3637.34
1990-10-11,3637.34
1990-10-12,3637.32
1990-10-13,3637.3
1990-10-14,3637.34
1990-10-15,3637.32
1990-10-16,3637.26
1990-10-17,3637.25
1990-10-18,3637.22
1990-10-19,3637.21
1990-10-20,3637.25
1990-10-21,3637.25
1990-10-22,3637.29
1990-10-23,3637.3
1990-10-24,3637.29
1990-10-25,3637.27
1990-10-26,3637.32
1990-10-27,3637.36
1990-10-28,3637.39
1990-10-29,3637.41
1990-10-30,3637.41
1990-10-31,3637.39
1990-11-01,3637.35
1990-11-02,3637.34
1990-11-03,3637.35
1990-11-04,3637.35
1990-11-05,3637.32
1990-11-06,3637.36
1990-11-07,3637.24
1990-11-08,3637.17
1990-11-09,3637.18
1990-11-10,3637.23
1990-11-11,3637.25
1990-11-12,3637.24
1990-11-13,3637.18
1990-11-14,3637.11
1990-11-15,3637.04
1990-11-16,3636.96
1990-11-17,3636.93
1990-11-18,3636.93
1990-11-19,3636.83
1990-11-20,3636.83
1990-11-21,3636.65
1990-11-22,3636.6
1990-11-23,3636.57
1990-11-24,3636.56
1990-11-25,3636.53
1990-11-26,3636.41
1990-11-27,3636.37
1990-11-28,3636.32
1990-11-29,3636.28
1990-11-30,3636.24
1990-12-01,3636.18
1990-12-02,3636.19
1990-12-03,3636.09
1990-12-04,3636
1990-12-05,3635.91
1990-12-06,3635.79
1990-12-07,3635.68
1990-12-08,3635.62
1990-12-09,3635.56
1990-12-10,3635.44
1990-12-11,3635.31
1990-12-12,3635.22
1990-12-13,3635.1
1990-12-14,3635.11
1990-12-15,3635.1
1990-12-16,3635.1
1990-12-17,3635.01
1990-12-18,3634.93
1990-12-19,3634.82
1990-12-20,3634.72
1990-12-21,3634.62
1990-12-22,3634.5
1990-12-23,3634.35
1990-12-24,3634.19
1990-12-25,3634.03
1990-12-26,3633.87
1990-12-27,3633.74
1990-12-28,3633.67
1990-12-29,3633.64
1990-12-30,3633.67
1990-12-31,3633.48
1991-01-01,3633.27
1991-01-02,3633.09
1991-01-03,3632.94
1991-01-04,3632.8
1991-01-05,3632.66
1991-01-06,3632.52
1991-01-07,3632.38
1991-01-08,3632.25
1991-01-09,3632.12
1991-01-10,3632
1991-01-11,3632.05
1991-01-12,3632.04
1991-01-13,3632.06
1991-01-14,3632.03
1991-01-15,3631.99
1991-01-16,3631.84
1991-01-17,3631.78
1991-01-18,3631.65
1991-01-19,3631.6
1991-01-20,3631.65
1991-01-21,3631.52
1991-01-22,3631.45
1991-01-23,3631.27
1991-01-24,3631.07
1991-01-25,3631.1
1991-01-26,3631.1
1991-01-27,3631.07
1991-01-28,3630.96
1991-01-29,3630.86
1991-01-30,3630.8
1991-01-31,3630.71
1991-02-01,3630.6
1991-02-02,3630.5
1991-02-03,3630.44
1991-02-04,3630.34
1991-02-05,3630.29
1991-02-06,3630.23
1991-02-07,3630.14
1991-02-08,3630.13
1991-02-09,3630.17
1991-02-10,3630.22
1991-02-11,3630.14
1991-02-12,3630.01
1991-02-13,3629.93
1991-02-14,3629.87
1991-02-15,3629.81
1991-02-16,3629.7
1991-02-17,3629.74
1991-02-18,3629.65
1991-02-19,3629.51
1991-02-20,3629.39
1991-02-21,3629.33
1991-02-22,3629.22
1991-02-23,3629.2
1991-02-24,3629.18
1991-02-25,3629.14
1991-02-26,3629.11
1991-02-27,3629.05
1991-02-28,3629
1991-03-01,3628.97
1991-03-02,3628.93
1991-03-03,3628.98
1991-03-04,3628.97
1991-03-05,3628.91
1991-03-06,3628.89
1991-03-07,3628.86
1991-03-08,3628.86
1991-03-09,3628.86
1991-03-10,3628.91
1991-03-11,3628.87
1991-03-12,3628.83
1991-03-13,3628.8
1991-03-14,3628.76
1991-03-15,3628.75
1991-03-16,3628.72
1991-03-17,3628.73
1991-03-18,3628.71
1991-03-19,3628.69
1991-03-20,3628.68
1991-03-21,3628.68
1991-03-22,3628.49
1991-03-23,3628.31
1991-03-24,3628.21
1991-03-25,3628.05
1991-03-26,3627.89
1991-03-27,3627.78
1991-03-28,3627.67
1991-03-29,3627.72
1991-03-30,3627.74
1991-03-31,3627.75
1991-04-01,3627.64
1991-04-02,3627.61
1991-04-03,3627.52
1991-04-04,3627.5
1991-04-05,3627.42
1991-04-06,3627.49
1991-04-07,3627.42
1991-04-08,3627.36
1991-04-09,3627.3
1991-04-10,3627.19
1991-04-11,3627.17
1991-04-12,3627.12
1991-04-13,3627.13
1991-04-14,3627.16
1991-04-15,3627.2
1991-04-16,3627.18
1991-04-17,3627.22
1991-04-18,3627.19
1991-04-19,3627.22
1991-04-20,3627.2
1991-04-21,3627.36
1991-04-22,3627.42
1991-04-23,3627.36
1991-04-24,3627.39
1991-04-25,3627.42
1991-04-26,3627.39
1991-04-27,3627.48
1991-04-28,3627.6
1991-04-29,3627.61
1991-04-30,3627.61
1991-05-01,3627.59
1991-05-02,3627.63
1991-05-03,3627.92
1991-05-04,3627.84
1991-05-05,3627.81
1991-05-06,3627.75
1991-05-07,3627.64
1991-05-08,3627.51
1991-05-09,3627.52
1991-05-10,3627.48
1991-05-11,3627.32
1991-05-12,3627.31
1991-05-13,3627.37
1991-05-14,3627.45
1991-05-15,3627.58
1991-05-16,3627.74
1991-05-17,3628.04
1991-05-18,3628.43
1991-05-19,3628.77
1991-05-20,3628.94
1991-05-21,3629.13
1991-05-22,3629.38
1991-05-23,3629.79
1991-05-24,3630.07
1991-05-25,3630.35
1991-05-26,3630.69
1991-05-27,3630.97
1991-05-28,3631.26
1991-05-29,3631.51
1991-05-30,3631.78
1991-05-31,3632.3
1991-06-01,3632.77
1991-06-02,3633.18
1991-06-03,3633.52
1991-06-04,3633.83
1991-06-05,3634.02
1991-06-06,3634.28
1991-06-07,3634.43
1991-06-08,3634.69
1991-06-09,3635.05
1991-06-10,3635.26
1991-06-11,3635.49
1991-06-12,3635.77
1991-06-13,3635.99
1991-06-14,3636.16
1991-06-15,3636.51
1991-06-16,3636.83
1991-06-17,3637.05
1991-06-18,3637.21
1991-06-19,3637.4
1991-06-20,3637.6
1991-06-21,3637.77
1991-06-22,3637.98
1991-06-23,3638.22
1991-06-24,3638.36
1991-06-25,3638.42
1991-06-26,3638.46
1991-06-27,3638.48
1991-06-28,3638.61
1991-06-29,3638.8
1991-06-30,3639.02
1991-07-01,3638.96
1991-07-02,3638.88
1991-07-03,3638.82
1991-07-04,3638.7
1991-07-05,3638.55
1991-07-06,3638.44
1991-07-07,3638.29
1991-07-08,3638.09
1991-07-09,3637.95
1991-07-10,3637.78
1991-07-11,3637.62
1991-07-12,3637.69
1991-07-13,3637.75
1991-07-14,3637.83
1991-07-15,3637.67
1991-07-16,3637.52
1991-07-17,3637.38
1991-07-18,3637.19
1991-07-19,3636.99
1991-07-20,3636.87
1991-07-21,3636.72
1991-07-22,3636.52
1991-07-23,3636.42
1991-07-24,3636.23
1991-07-25,3636.06
1991-07-26,3636.07
1991-07-27,3636.07
1991-07-28,3636.1
1991-07-29,3636.01
1991-07-30,3635.76
1991-07-31,3635.59
1991-08-01,3635.39
1991-08-02,3635.37
1991-08-03,3635.15
1991-08-04,3635.21
1991-08-05,3635.04
1991-08-06,3634.91
1991-08-07,3634.82
1991-08-08,3634.75
1991-08-09,3634.62
1991-08-10,3634.5
1991-08-11,3634.38
1991-08-12,3634.23
1991-08-13,3634.15
1991-08-14,3633.97
1991-08-15,3633.81
1991-08-16,3633.65
1991-08-17,3633.52
1991-08-18,3633.38
1991-08-19,3633.26
1991-08-20,3633.11
1991-08-21,3632.91
1991-08-22,3632.74
1991-08-23,3632.56
1991-08-24,3632.4
1991-08-25,3632.31
1991-08-26,3632.12
1991-08-27,3631.92
1991-08-28,3631.78
1991-08-29,3631.61
1991-08-30,3631.42
1991-08-31,3631.22
1991-09-01,3631.17
1991-09-02,3631.11
1991-09-03,3630.95
1991-09-04,3630.78
1991-09-05,3630.59
1991-09-06,3630.54
1991-09-07,3630.5
1991-09-08,3630.48
1991-09-09,3630.44
1991-09-10,3630.45
1991-09-11,3630.38
1991-09-12,3630.31
1991-09-13,3630.26
1991-09-14,3630.22
1991-09-15,3630.23
1991-09-16,3630.16
1991-09-17,3630.07
1991-09-18,3629.98
1991-09-19,3629.87
1991-09-20,3629.78
1991-09-21,3629.65
1991-09-22,3629.64
1991-09-23,3629.53
1991-09-24,3629.38
1991-09-25,3629.24
1991-09-26,3629.08
1991-09-27,3628.91
1991-09-28,3628.79
1991-09-29,3628.68
1991-09-30,3628.62
1991-10-01,3628.58
1991-10-02,3628.55
1991-10-03,3628.49
1991-10-04,3628.46
1991-10-05,3628.42
1991-10-06,3628.39
1991-10-07,3628.31
1991-10-08,3628.29
1991-10-09,3628.19
1991-10-10,3628.11
1991-10-11,3628.06
1991-10-12,3628
1991-10-13,3627.96
1991-10-14,3627.9
1991-10-15,3627.84
1991-10-16,3627.77
1991-10-17,3627.68
1991-10-18,3627.67
1991-10-19,3627.64
1991-10-20,3627.58
1991-10-21,3627.52
1991-10-22,3627.44
1991-10-23,3627.35
1991-10-24,3627.32
1991-10-25,3627.27
1991-10-26,3627.19
1991-10-27,3627.24
1991-10-28,3627.21
1991-10-29,3627.17
1991-10-30,3627.22
1991-10-31,3627.24
1991-11-01,3627.19
1991-11-02,3627.22
1991-11-03,3627.19
1991-11-04,3627.11
1991-11-05,3627.07
1991-11-06,3627.03
1991-11-07,3626.99
1991-11-08,3626.96
1991-11-09,3626.95
1991-11-10,3626.92
1991-11-11,3626.91
1991-11-12,3626.87
1991-11-13,3626.81
1991-11-14,3626.87
1991-11-15,3626.86
1991-11-16,3626.83
1991-11-17,3626.9
1991-11-18,3626.92
1991-11-19,3626.93
1991-11-20,3626.9
1991-11-21,3626.88
1991-11-22,3626.86
1991-11-23,3626.79
1991-11-24,3626.8
1991-11-25,3626.75
1991-11-26,3626.67
1991-11-27,3626.65
1991-11-28,3626.62
1991-11-29,3626.61
1991-11-30,3626.59
1991-12-01,3626.48
1991-12-02,3626.42
1991-12-03,3626.34
1991-12-04,3626.27
1991-12-05,3626.17
1991-12-06,3626.07
1991-12-07,3625.98
1991-12-08,3625.92
1991-12-09,3625.83
1991-12-10,3625.75
1991-12-11,3625.7
1991-12-12,3625.59
1991-12-13,3625.58
1991-12-14,3625.55
1991-12-15,3625.55
1991-12-16,3625.49
1991-12-17,3625.39
1991-12-18,3625.3
1991-12-19,3625.25
1991-12-20,3625.17
1991-12-21,3625.07
1991-12-22,3625.07
1991-12-23,3625.02
1991-12-24,3624.95
1991-12-25,3624.92
1991-12-26,3624.86
1991-12-27,3624.8
1991-12-28,3624.74
1991-12-29,3624.71
1991-12-30,3624.62
1991-12-31,3624.55
1992-01-01,3624.49
1992-01-02,3624.41
1992-01-03,3624.29
1992-01-04,3624.22
1992-01-05,3624.19
1992-01-06,3624.05
1992-01-07,3623.97
1992-01-08,3623.88
1992-01-09,3623.79
1992-01-10,3623.69
1992-01-11,3623.6
1992-01-12,3623.52
1992-01-13,3623.4
1992-01-14,3623.35
1992-01-15,3623.24
1992-01-16,3623.09
1992-01-17,3622.93
1992-01-18,3622.82
1992-01-19,3622.72
1992-01-20,3622.54
1992-01-21,3622.35
1992-01-22,3622.16
1992-01-23,3622.02
1992-01-24,3621.91
1992-01-25,3621.78
1992-01-26,3621.74
1992-01-27,3621.63
1992-01-28,3621.49
1992-01-29,3621.42
1992-01-30,3621.33
1992-01-31,3621.26
1992-02-01,3621.23
1992-02-02,3621.19
1992-02-03,3621.12
1992-02-04,3621.03
1992-02-05,3620.97
1992-02-06,3620.95
1992-02-07,3620.88
1992-02-08,3620.83
1992-02-09,3620.82
1992-02-10,3620.79
1992-02-11,3620.71
1992-02-12,3620.66
1992-02-13,3620.62
1992-02-14,3620.61
1992-02-15,3620.6
1992-02-16,3620.6
1992-02-17,3620.58
1992-02-18,3620.47
1992-02-19,3620.42
1992-02-20,3620.35
1992-02-21,3620.29
1992-02-22,3620.22
1992-02-23,3620.22
1992-02-24,3620.1
1992-02-25,3620.06
1992-02-26,3619.97
1992-02-27,3619.9
1992-02-28,3619.87
1992-02-29,3619.83
1992-03-01,3619.82
1992-03-02,3619.76
1992-03-03,3619.79
1992-03-04,3619.75
1992-03-05,3619.74
1992-03-06,3619.73
1992-03-07,3619.72
1992-03-08,3619.77
1992-03-09,3619.73
1992-03-10,3619.72
1992-03-11,3619.7
1992-03-12,3619.72
1992-03-13,3619.71
1992-03-14,3619.7
1992-03-15,3619.68
1992-03-16,3619.64
1992-03-17,3619.59
1992-03-18,3619.55
1992-03-19,3619.56
1992-03-20,3619.46
1992-03-21,3619.39
1992-03-22,3619.41
1992-03-23,3619.44
1992-03-24,3619.37
1992-03-25,3619.35
1992-03-26,3619.28
1992-03-27,3619.31
1992-03-28,3619.31
1992-03-29,3619.31
1992-03-30,3619.34
1992-03-31,3619.39
1992-04-01,3619.4
1992-04-02,3619.38
1992-04-03,3619.4
1992-04-04,3619.38
1992-04-05,3619.4
1992-04-06,3619.39
1992-04-07,3619.38
1992-04-08,3619.38
1992-04-09,3619.35
1992-04-10,3619.39
1992-04-11,3619.42
1992-04-12,3619.49
1992-04-13,3619.55
1992-04-14,3619.58
1992-04-15,3619.63
1992-04-16,3619.74
1992-04-17,3619.81
1992-04-18,3619.99
1992-04-19,3620.08
1992-04-20,3620.23
1992-04-21,3620.33
1992-04-22,3620.54
1992-04-23,3620.68
1992-04-24,3620.78
1992-04-25,3620.91
1992-04-26,3621.04
1992-04-27,3621.21
1992-04-28,3621.24
1992-04-29,3621.33
1992-04-30,3621.41
1992-05-01,3621.51
1992-05-02,3621.63
1992-05-03,3621.83
1992-05-04,3621.95
1992-05-05,3622.13
1992-05-06,3622.31
1992-05-07,3622.52
1992-05-08,3622.69
1992-05-09,3622.99
1992-05-10,3623.15
1992-05-11,3623.47
1992-05-12,3623.8
1992-05-13,3624.05
1992-05-14,3624.29
1992-05-15,3624.56
1992-05-16,3624.88
1992-05-17,3625.2
1992-05-18,3625.5
1992-05-19,3625.8
1992-05-20,3626.17
1992-05-21,3626.53
1992-05-22,3626.74
1992-05-23,3627.15
1992-05-24,3627.6
1992-05-25,3628.12
1992-05-26,3628.45
1992-05-27,3628.84
1992-05-28,3629.28
1992-05-29,3629.71
1992-05-30,3630.19
1992-05-31,3630.73
1992-06-01,3631.05
1992-06-02,3631.22
1992-06-03,3631.64
1992-06-04,3631.91
1992-06-05,3632.11
1992-06-06,3632.28
1992-06-07,3632.49
1992-06-08,3632.73
1992-06-09,3632.93
1992-06-10,3633.13
1992-06-11,3633.22
1992-06-12,3633.27
1992-06-13,3633.4
1992-06-14,3633.51
1992-06-15,3633.56
1992-06-16,3633.7
1992-06-17,3633.79
1992-06-18,3633.85
1992-06-19,3633.9
1992-06-20,3633.91
1992-06-21,3633.98
1992-06-22,3633.97
1992-06-23,3634.01
1992-06-24,3633.96
1992-06-25,3633.93
1992-06-26,3633.93
1992-06-27,3633.94
1992-06-28,3633.89
1992-06-29,3633.84
1992-06-30,3633.74
1992-07-01,3633.65
1992-07-02,3633.54
1992-07-03,3633.6
1992-07-04,3633.42
1992-07-05,3633.37
1992-07-06,3633.25
1992-07-07,3633.08
1992-07-08,3632.95
1992-07-09,3632.83
1992-07-10,3632.72
1992-07-11,3632.56
1992-07-12,3632.51
1992-07-13,3632.47
1992-07-14,3632.45
1992-07-15,3632.36
1992-07-16,3632.29
1992-07-17,3632.17
1992-07-18,3632.08
1992-07-19,3632.05
1992-07-20,3631.89
1992-07-21,3631.72
1992-07-22,3631.61
1992-07-23,3631.5
1992-07-24,3631.29
1992-07-25,3631.17
1992-07-26,3631.15
1992-07-27,3631.06
1992-07-28,3630.98
1992-07-29,3630.92
1992-07-30,3630.71
1992-07-31,3630.54
1992-08-01,3630.44
1992-08-02,3630.34
1992-08-03,3630.12
1992-08-04,3629.96
1992-08-05,3629.85
1992-08-06,3629.67
1992-08-07,3629.46
1992-08-08,3629.3
1992-08-09,3629.16
1992-08-10,3629.06
1992-08-11,3628.86
1992-08-12,3628.66
1992-08-13,3628.57
1992-08-14,3628.35
1992-08-15,3628.15
1992-08-16,3628.03
1992-08-17,3627.8
1992-08-18,3627.64
1992-08-19,3627.47
1992-08-20,3627.3
1992-08-21,3627.16
1992-08-22,3627.01
1992-08-23,3626.91
1992-08-24,3626.73
1992-08-25,3626.65
1992-08-26,3626.55
1992-08-27,3626.45
1992-08-28,3626.32
1992-08-29,3626.23
1992-08-30,3626.26
1992-08-31,3626.16
1992-09-01,3626.03
1992-09-02,3625.92
1992-09-03,3625.82
1992-09-04,3625.73
1992-09-05,3625.63
1992-09-06,3625.56
1992-09-07,3625.5
1992-09-08,3625.36
1992-09-09,3625.23
1992-09-10,3625.1
1992-09-11,3624.94
1992-09-12,3624.82
1992-09-13,3624.73
1992-09-14,3624.6
1992-09-15,3624.45
1992-09-16,3624.3
1992-09-17,3624.18
1992-09-18,3624.1
1992-09-19,3624.09
1992-09-20,3624.07
1992-09-21,3624
1992-09-22,3623.9
1992-09-23,3623.78
1992-09-24,3623.64
1992-09-25,3623.6
1992-09-26,3623.42
1992-09-27,3623.34
1992-09-28,3623.23
1992-09-29,3623.12
1992-09-30,3623.01
1992-10-01,3622.96
1992-10-02,3622.89
1992-10-03,3622.81
1992-10-04,3622.79
1992-10-05,3622.71
1992-10-06,3622.61
1992-10-07,3622.49
1992-10-08,3622.42
1992-10-09,3622.36
1992-10-10,3622.28
1992-10-11,3622.21
1992-10-12,3622.15
1992-10-13,3622.06
1992-10-14,3621.95
1992-10-15,3621.89
1992-10-16,3621.81
1992-10-17,3621.8
1992-10-18,3621.75
1992-10-19,3621.69
1992-10-20,3621.63
1992-10-21,3621.57
1992-10-22,3621.49
1992-10-23,3621.42
1992-10-24,3621.36
1992-10-25,3621.37
1992-10-26,3621.32
1992-10-27,3621.3
1992-10-28,3621.21
1992-10-29,3621.18
1992-10-30,3621.12
1992-10-31,3621.21
1992-11-01,3621.18
1992-11-02,3621.17
1992-11-03,3621.16
1992-11-04,3621.12
1992-11-05,3621.09
1992-11-06,3621.04
1992-11-07,3620.98
1992-11-08,3620.93
1992-11-09,3620.87
1992-11-10,3620.83
1992-11-11,3620.78
1992-11-12,3620.7
1992-11-13,3620.62
1992-11-14,3620.55
1992-11-15,3620.52
1992-11-16,3620.45
1992-11-17,3620.38
1992-11-18,3620.32
1992-11-19,3620.22
1992-11-20,3620.16
1992-11-21,3620.1
1992-11-22,3620.11
1992-11-23,3619.96
1992-11-24,3619.86
1992-11-25,3619.79
1992-11-26,3619.72
1992-11-27,3619.65
1992-11-28,3619.57
1992-11-29,3619.52
1992-11-30,3619.44
1992-12-01,3619.32
1992-12-02,3619.2
1992-12-03,3619.1
1992-12-04,3618.99
1992-12-05,3618.89
1992-12-06,3618.78
1992-12-07,3618.71
1992-12-08,3618.55
1992-12-09,3618.43
1992-12-10,3618.32
1992-12-11,3618.18
1992-12-12,3618.11
1992-12-13,3618.02
1992-12-14,3617.87
1992-12-15,3617.74
1992-12-16,3617.63
1992-12-17,3617.55
1992-12-18,3617.44
1992-12-19,3617.35
1992-12-20,3617.25
1992-12-21,3617.13
1992-12-22,3617.01
1992-12-23,3616.89
1992-12-24,3616.77
1992-12-25,3616.64
1992-12-26,3616.52
1992-12-27,3616.4
1992-12-28,3616.27
1992-12-29,3616.15
1992-12-30,3616.03
1992-12-31,3615.91
1993-01-01,3615.86
1993-01-02,3615.76
1993-01-03,3615.7
1993-01-04,3615.6
1993-01-05,3615.48
1993-01-06,3615.34
1993-01-07,3615.22
1993-01-08,3615.14
1993-01-09,3615.14
1993-01-10,3615.17
1993-01-11,3615.14
1993-01-12,3615.15
1993-01-13,3615.04
1993-01-14,3614.87
1993-01-15,3614.79
1993-01-16,3614.74
1993-01-17,3614.74
1993-01-18,3614.71
1993-01-19,3614.71
1993-01-20,3614.7
1993-01-21,3614.64
1993-01-22,3614.57
1993-01-23,3614.5
1993-01-24,3614.44
1993-01-25,3614.3
1993-01-26,3614.16
1993-01-27,3614.02
1993-01-28,3613.87
1993-01-29,3613.74
1993-01-30,3613.66
1993-01-31,3613.68
1993-02-01,3613.68
1993-02-02,3613.62
1993-02-03,3613.54
1993-02-04,3613.43
1993-02-05,3613.31
1993-02-06,3613.2
1993-02-07,3613.18
1993-02-08,3613.19
1993-02-09,3613.13
1993-02-10,3613.11
1993-02-11,3613.08
1993-02-12,3613.06
1993-02-13,3613
1993-02-14,3612.93
1993-02-15,3612.89
1993-02-16,3612.76
1993-02-17,3612.7
1993-02-18,3612.57
1993-02-19,3612.46
1993-02-20,3612.64
1993-02-21,3612.77
1993-02-22,3612.77
1993-02-23,3612.73
1993-02-24,3612.76
1993-02-25,3612.71
1993-02-26,3612.67
1993-02-27,3612.63
1993-02-28,3612.6
1993-03-01,3612.61
1993-03-02,3612.69
1993-03-03,3612.69
1993-03-04,3612.69
1993-03-05,3612.74
1993-03-06,3612.79
1993-03-07,3612.86
1993-03-08,3612.88
1993-03-09,3612.97
1993-03-10,3613.01
1993-03-11,3613.1
1993-03-12,3613.18
1993-03-13,3613.27
1993-03-14,3613.31
1993-03-15,3613.41
1993-03-16,3613.47
1993-03-17,3613.52
1993-03-18,3613.7
1993-03-19,3613.8
1993-03-20,3613.95
1993-03-21,3614.21
1993-03-22,3614.47
1993-03-23,3614.72
1993-03-24,3614.97
1993-03-25,3615.14
1993-03-26,3615.34
1993-03-27,3615.59
1993-03-28,3615.89
1993-03-29,3616.15
1993-03-30,3616.44
1993-03-31,3616.66
1993-04-01,3616.86
1993-04-02,3617.11
1993-04-03,3617.36
1993-04-04,3617.64
1993-04-05,3617.82
1993-04-06,3618.02
1993-04-07,3618.18
1993-04-08,3618.37
1993-04-09,3618.6
1993-04-10,3618.83
1993-04-11,3619.07
1993-04-12,3619.22
1993-04-13,3619.45
1993-04-14,3619.66
1993-04-15,3619.83
1993-04-16,3620.01
1993-04-17,3620.15
1993-04-18,3620.5
1993-04-19,3620.57
1993-04-20,3620.76
1993-04-21,3620.98
1993-04-22,3621.2
1993-04-23,3621.37
1993-04-24,3621.69
1993-04-25,3621.99
1993-04-26,3622.3
1993-04-27,3622.62
1993-04-28,3622.93
1993-04-29,3623.27
1993-04-30,3623.7
1993-05-01,3624.18
1993-05-02,3624.66
1993-05-03,3625.05
1993-05-04,3625.53
1993-05-05,3625.95
1993-05-06,3626.4
1993-05-07,3626.87
1993-05-08,3627.32
1993-05-09,3627.77
1993-05-10,3628.2
1993-05-11,3628.59
1993-05-12,3628.92
1993-05-13,3629.26
1993-05-14,3629.72
1993-05-15,3630.23
1993-05-16,3630.9
1993-05-17,3631.56
1993-05-18,3632.38
1993-05-19,3633.43
1993-05-20,3634.53
1993-05-21,3635.6
1993-05-22,3636.65
1993-05-23,3637.76
1993-05-24,3638.89
1993-05-25,3640.02
1993-05-26,3641.11
1993-05-27,3642.13
1993-05-28,3643.21
1993-05-29,3644.32
1993-05-30,3645.53
1993-05-31,3646.67
1993-06-01,3647.74
1993-06-02,3648.83
1993-06-03,3649.94
1993-06-04,3650.86
1993-06-05,3651.9
1993-06-06,3652.75
1993-06-07,3653.57
1993-06-08,3654.33
1993-06-09,3655.04
1993-06-10,3655.65
1993-06-11,3656.18
1993-06-12,3656.72
1993-06-13,3657.25
1993-06-14,3657.73
1993-06-15,3658.29
1993-06-16,3658.87
1993-06-17,3659.4
1993-06-18,3660.12
1993-06-19,3660.82
1993-06-20,3661.46
1993-06-21,3662.04
1993-06-22,3662.63
1993-06-23,3663.28
1993-06-24,3663.79
1993-06-25,3664.33
1993-06-26,3664.82
1993-06-27,3665.29
1993-06-28,3665.69
1993-06-29,3666.02
1993-06-30,3666.34
1993-07-01,3666.62
1993-07-02,3666.88
1993-07-03,3667.15
1993-07-04,3667.51
1993-07-05,3667.68
1993-07-06,3667.88
1993-07-07,3668.04
1993-07-08,3668.22
1993-07-09,3668.3
1993-07-10,3668.38
1993-07-11,3668.49
1993-07-12,3668.55
1993-07-13,3668.61
1993-07-14,3668.66
1993-07-15,3668.66
1993-07-16,3668.66
1993-07-17,3668.67
1993-07-18,3668.7
1993-07-19,3668.68
1993-07-20,3668.64
1993-07-21,3668.58
1993-07-22,3668.52
1993-07-23,3668.43
1993-07-24,3668.42
1993-07-25,3668.32
1993-07-26,3668.24
1993-07-27,3668.17
1993-07-28,3668.06
1993-07-29,3667.97
1993-07-30,3667.83
1993-07-31,3667.73
1993-08-01,3667.63
1993-08-02,3667.5
1993-08-03,3667.31
1993-08-04,3667.3
1993-08-05,3667.12
1993-08-06,3666.97
1993-08-07,3666.83
1993-08-08,3666.72
1993-08-09,3666.6
1993-08-10,3666.52
1993-08-11,3666.39
1993-08-12,3666.27
1993-08-13,3666.13
1993-08-14,3666.02
1993-08-15,3665.85
1993-08-16,3665.69
1993-08-17,3665.58
1993-08-18,3665.44
1993-08-19,3665.35
1993-08-20,3665.26
1993-08-21,3665.11
1993-08-22,3665.03
1993-08-23,3664.93
1993-08-24,3664.81
1993-08-25,3664.88
1993-08-26,3664.7
1993-08-27,3664.6
1993-08-28,3664.53
1993-08-29,3664.42
1993-08-30,3664.41
1993-08-31,3664.39
1993-09-01,3664.29
1993-09-02,3664.31
1993-09-03,3664.25
1993-09-04,3664.21
1993-09-05,3664.24
1993-09-06,3664.1
1993-09-07,3664.05
1993-09-08,3663.99
1993-09-09,3663.91
1993-09-10,3663.84
1993-09-11,3663.75
1993-09-12,3663.74
1993-09-13,3663.66
1993-09-14,3663.55
1993-09-15,3663.45
1993-09-16,3663.35
1993-09-17,3663.29
1993-09-18,3663.27
1993-09-19,3663.23
1993-09-20,3663.17
1993-09-21,3663.11
1993-09-22,3663.02
1993-09-23,3662.95
1993-09-24,3662.91
1993-09-25,3662.87
1993-09-26,3662.82
1993-09-27,3662.75
1993-09-28,3662.68
1993-09-29,3662.61
1993-09-30,3662.52
1993-10-01,3662.46
1993-10-02,3662.44
1993-10-03,3662.41
1993-10-04,3662.37
1993-10-05,3662.28
1993-10-06,3662.31
1993-10-07,3662.35
1993-10-08,3662.39
1993-10-09,3662.32
1993-10-10,3662.33
1993-10-11,3662.33
1993-10-12,3662.34
1993-10-13,3662.33
1993-10-14,3662.29
1993-10-15,3662.28
1993-10-16,3662.3
1993-10-17,3662.27
1993-10-18,3662.32
1993-10-19,3662.31
1993-10-20,3662.31
1993-10-21,3662.33
1993-10-22,3662.33
1993-10-23,3662.33
1993-10-24,3662.35
1993-10-25,3662.35
1993-10-26,3662.36
1993-10-27,3662.27
1993-10-28,3662.31
1993-10-29,3662.32
1993-10-30,3662.26
1993-10-31,3662.26
1993-11-01,3662.23
1993-11-02,3662.13
1993-11-03,3662.01
1993-11-04,3662.03
1993-11-05,3661.97
1993-11-06,3661.92
1993-11-07,3661.95
1993-11-08,3661.89
1993-11-09,3661.84
1993-11-10,3661.83
1993-11-11,3661.79
1993-11-12,3661.79
1993-11-13,3661.83
1993-11-14,3661.85
1993-11-15,3661.78
1993-11-16,3661.79
1993-11-17,3661.76
1993-11-18,3661.76
1993-11-19,3661.72
1993-11-20,3661.74
1993-11-21,3661.73
1993-11-22,3661.69
1993-11-23,3661.7
1993-11-24,3661.68
1993-11-25,3661.65
1993-11-26,3661.61
1993-11-27,3661.64
1993-11-28,3661.63
1993-11-29,3661.59
1993-11-30,3661.53
1993-12-01,3661.47
1993-12-02,3661.42
1993-12-03,3661.33
1993-12-04,3661.27
1993-12-05,3661.26
1993-12-06,3661.17
1993-12-07,3661.11
1993-12-08,3661.04
1993-12-09,3660.98
1993-12-10,3660.9
1993-12-11,3660.83
1993-12-12,3660.82
1993-12-13,3660.73
1993-12-14,3660.68
1993-12-15,3660.56
1993-12-16,3660.48
1993-12-17,3660.43
1993-12-18,3660.34
1993-12-19,3660.33
1993-12-20,3660.2
1993-12-21,3660.13
1993-12-22,3660.01
1993-12-23,3659.91
1993-12-24,3659.82
1993-12-25,3659.75
1993-12-26,3659.67
1993-12-27,3659.55
1993-12-28,3659.51
1993-12-29,3659.42
1993-12-30,3659.37
1993-12-31,3659.31
1994-01-01,3659.27
1994-01-02,3659.22
1994-01-03,3659.16
1994-01-04,3659.08
1994-01-05,3659.03
1994-01-06,3658.97
1994-01-07,3658.87
1994-01-08,3658.84
1994-01-09,3658.79
1994-01-10,3658.69
1994-01-11,3658.62
1994-01-12,3658.5
1994-01-13,3658.45
1994-01-14,3658.33
1994-01-15,3658.26
1994-01-16,3658.25
1994-01-17,3658.14
1994-01-18,3658.08
1994-01-19,3658.01
1994-01-20,3657.92
1994-01-21,3657.85
1994-01-22,3657.8
1994-01-23,3657.78
1994-01-24,3657.7
1994-01-25,3657.58
1994-01-26,3657.5
1994-01-27,3657.45
1994-01-28,3657.36
1994-01-29,3657.3
1994-01-30,3657.28
1994-01-31,3657.15
1994-02-01,3657.08
1994-02-02,3656.97
1994-02-03,3656.88
1994-02-04,3656.82
1994-02-05,3656.76
1994-02-06,3656.67
1994-02-07,3656.57
1994-02-08,3656.47
1994-02-09,3656.33
1994-02-10,3656.23
1994-02-11,3656.19
1994-02-12,3656.1
1994-02-13,3656.08
1994-02-14,3656
1994-02-15,3655.91
1994-02-16,3655.85
1994-02-17,3655.74
1994-02-18,3655.65
1994-02-19,3655.59
1994-02-20,3655.56
1994-02-21,3655.51
1994-02-22,3655.44
1994-02-23,3655.32
1994-02-24,3655.24
1994-02-25,3655.18
1994-02-26,3655.14
1994-02-27,3655.13
1994-02-28,3655.04
1994-03-01,3655.01
1994-03-02,3655
1994-03-03,3654.99
1994-03-04,3655
1994-03-05,3655.03
1994-03-06,3655.1
1994-03-07,3655.06
1994-03-08,3655.11
1994-03-09,3655.11
1994-03-10,3655.11
1994-03-11,3655.04
1994-03-12,3655.08
1994-03-13,3655.08
1994-03-14,3655.06
1994-03-15,3655.04
1994-03-16,3654.99
1994-03-17,3654.97
1994-03-18,3654.91
1994-03-19,3654.92
1994-03-20,3654.91
1994-03-21,3654.86
1994-03-22,3654.81
1994-03-23,3654.77
1994-03-24,3654.74
1994-03-25,3654.7
1994-03-26,3654.69
1994-03-27,3654.67
1994-03-28,3654.61
1994-03-29,3654.64
1994-03-30,3654.58
1994-03-31,3654.52
1994-04-01,3654.44
1994-04-02,3654.51
1994-04-03,3654.45
1994-04-04,3654.39
1994-04-05,3654.38
1994-04-06,3654.34
1994-04-07,3654.3
1994-04-08,3654.22
1994-04-09,3654.19
1994-04-10,3654.15
1994-04-11,3654.13
1994-04-12,3654.08
1994-04-13,3654.01
1994-04-14,3654.01
1994-04-15,3653.93
1994-04-16,3653.89
1994-04-17,3653.85
1994-04-18,3653.8
1994-04-19,3653.72
1994-04-20,3653.66
1994-04-21,3653.6
1994-04-22,3653.57
1994-04-23,3653.54
1994-04-24,3653.58
1994-04-25,3653.54
1994-04-26,3653.62
1994-04-27,3653.7
1994-04-28,3653.8
1994-04-29,3653.88
1994-04-30,3654.01
1994-05-01,3654.12
1994-05-02,3654.25
1994-05-03,3654.33
1994-05-04,3654.38
1994-05-05,3654.42
1994-05-06,3654.47
1994-05-07,3654.54
1994-05-08,3654.65
1994-05-09,3654.79
1994-05-10,3654.88
1994-05-11,3655.06
1994-05-12,3655.17
1994-05-13,3655.36
1994-05-14,3655.59
1994-05-15,3655.8
1994-05-16,3656.09
1994-05-17,3656.32
1994-05-18,3656.62
1994-05-19,3656.95
1994-05-20,3657.26
1994-05-21,3657.65
1994-05-22,3658.04
1994-05-23,3658.37
1994-05-24,3658.69
1994-05-25,3659.08
1994-05-26,3659.42
1994-05-27,3659.76
1994-05-28,3660.11
1994-05-29,3660.39
1994-05-30,3660.69
1994-05-31,3661.03
1994-06-01,3661.3
1994-06-02,3661.61
1994-06-03,3661.94
1994-06-04,3662.3
1994-06-05,3662.68
1994-06-06,3663.01
1994-06-07,3663.33
1994-06-08,3663.66
1994-06-09,3663.93
1994-06-10,3664.16
1994-06-11,3664.39
1994-06-12,3664.6
1994-06-13,3664.76
1994-06-14,3664.89
1994-06-15,3665.01
1994-06-16,3665.1
1994-06-17,3665.21
1994-06-18,3665.34
1994-06-19,3665.43
1994-06-20,3665.47
1994-06-21,3665.49
1994-06-22,3665.54
1994-06-23,3665.52
1994-06-24,3665.6
1994-06-25,3665.65
1994-06-26,3665.71
1994-06-27,3665.74
1994-06-28,3665.75
1994-06-29,3665.73
1994-06-30,3665.66
1994-07-01,3665.61
1994-07-02,3665.55
1994-07-03,3665.47
1994-07-04,3665.41
1994-07-05,3665.29
1994-07-06,3665.25
1994-07-07,3665.1
1994-07-08,3664.99
1994-07-09,3664.87
1994-07-10,3664.79
1994-07-11,3664.66
1994-07-12,3664.52
1994-07-13,3664.39
1994-07-14,3664.25
1994-07-15,3664.08
1994-07-16,3663.95
1994-07-17,3663.88
1994-07-18,3663.72
1994-07-19,3663.58
1994-07-20,3663.41
1994-07-21,3663.25
1994-07-22,3663.12
1994-07-23,3663
1994-07-24,3662.88
1994-07-25,3662.75
1994-07-26,3662.57
1994-07-27,3662.4
1994-07-28,3662.23
1994-07-29,3662.03
1994-07-30,3661.91
1994-07-31,3661.76
1994-08-01,3661.64
1994-08-02,3661.43
1994-08-03,3661.26
1994-08-04,3661.07
1994-08-05,3660.89
1994-08-06,3660.72
1994-08-07,3660.57
1994-08-08,3660.4
1994-08-09,3660.2
1994-08-10,3660.02
1994-08-11,3659.82
1994-08-12,3659.66
1994-08-13,3659.54
1994-08-14,3659.43
1994-08-15,3659.31
1994-08-16,3659.12
1994-08-17,3658.9
1994-08-18,3658.8
1994-08-19,3658.62
1994-08-20,3658.5
1994-08-21,3658.37
1994-08-22,3658.21
1994-08-23,3658.06
1994-08-24,3657.91
1994-08-25,3657.76
1994-08-26,3657.58
1994-08-27,3657.52
1994-08-28,3657.37
1994-08-29,3657.24
1994-08-30,3657.07
1994-08-31,3656.9
1994-09-01,3656.78
1994-09-02,3656.69
1994-09-03,3656.59
1994-09-04,3656.5
1994-09-05,3656.43
1994-09-06,3656.29
1994-09-07,3656.26
1994-09-08,3656.14
1994-09-09,3656.04
1994-09-10,3655.99
1994-09-11,3655.93
1994-09-12,3655.84
1994-09-13,3655.67
1994-09-14,3655.61
1994-09-15,3655.46
1994-09-16,3655.39
1994-09-17,3655.33
1994-09-18,3655.32
1994-09-19,3655.23
1994-09-20,3655.14
1994-09-21,3655.05
1994-09-22,3655
1994-09-23,3654.9
1994-09-24,3654.83
1994-09-25,3654.79
1994-09-26,3654.72
1994-09-27,3654.62
1994-09-28,3654.52
1994-09-29,3654.53
1994-09-30,3654.42
1994-10-01,3654.36
1994-10-02,3654.32
1994-10-03,3654.32
1994-10-04,3654.27
1994-10-05,3654.25
1994-10-06,3654.18
1994-10-07,3654.13
1994-10-08,3654.13
1994-10-09,3654.11
1994-10-10,3654.08
1994-10-11,3654.02
1994-10-12,3654.02
1994-10-13,3654.02
1994-10-14,3653.94
1994-10-15,3653.9
1994-10-16,3653.92
1994-10-17,3653.88
1994-10-18,3653.88
1994-10-19,3653.86
1994-10-20,3653.84
1994-10-21,3653.83
1994-10-22,3653.84
1994-10-23,3653.83
1994-10-24,3653.83
1994-10-25,3653.81
1994-10-26,3653.8
1994-10-27,3653.79
1994-10-28,3653.79
1994-10-29,3653.79
1994-10-30,3653.75
1994-10-31,3653.73
1994-11-01,3653.67
1994-11-02,3653.66
1994-11-03,3653.59
1994-11-04,3653.52
1994-11-05,3653.48
1994-11-06,3653.45
1994-11-07,3653.37
1994-11-08,3653.32
1994-11-09,3653.3
1994-11-10,3653.25
1994-11-11,3653.23
1994-11-12,3653.2
1994-11-13,3653.15
1994-11-14,3653.12
1994-11-15,3653.08
1994-11-16,3653
1994-11-17,3652.9
1994-11-18,3652.9
1994-11-19,3652.87
1994-11-20,3652.83
1994-11-21,3652.82
1994-11-22,3652.78
1994-11-23,3652.71
1994-11-24,3652.69
1994-11-25,3652.67
1994-11-26,3652.63
1994-11-27,3652.58
1994-11-28,3652.53
1994-11-29,3652.47
1994-11-30,3652.4
1994-12-01,3652.31
1994-12-02,3652.2
1994-12-03,3652.13
1994-12-04,3652.04
1994-12-05,3651.98
1994-12-06,3651.92
1994-12-07,3651.83
1994-12-08,3651.72
1994-12-09,3651.68
1994-12-10,3651.65
1994-12-11,3651.58
1994-12-12,3651.47
1994-12-13,3651.38
1994-12-14,3651.29
1994-12-15,3651.15
1994-12-16,3651.07
1994-12-17,3650.99
1994-12-18,3650.95
1994-12-19,3650.83
1994-12-20,3650.7
1994-12-21,3650.66
1994-12-22,3650.58
1994-12-23,3650.48
1994-12-24,3650.44
1994-12-25,3650.41
1994-12-26,3650.35
1994-12-27,3650.28
1994-12-28,3650.25
1994-12-29,3650.17
1994-12-30,3650.02
1994-12-31,3650.04
1995-01-01,3649.92
1995-01-02,3649.87
1995-01-03,3649.8
1995-01-04,3649.7
1995-01-05,3649.55
1995-01-06,3649.42
1995-01-07,3649.32
1995-01-08,3649.24
1995-01-09,3649.09
1995-01-10,3648.99
1995-01-11,3648.94
1995-01-12,3648.78
1995-01-13,3648.66
1995-01-14,3648.61
1995-01-15,3648.54
1995-01-16,3648.47
1995-01-17,3648.3
1995-01-18,3648.23
1995-01-19,3648.15
1995-01-20,3648.02
1995-01-21,3647.95
1995-01-22,3647.86
1995-01-23,3647.76
1995-01-24,3647.68
1995-01-25,3647.54
1995-01-26,3647.38
1995-01-27,3647.29
1995-01-28,3647.21
1995-01-29,3647.12
1995-01-30,3647.06
1995-01-31,3646.98
1995-02-01,3646.88
1995-02-02,3646.85
1995-02-03,3646.77
1995-02-04,3646.72
1995-02-05,3646.66
1995-02-06,3646.61
1995-02-07,3646.57
1995-02-08,3646.55
1995-02-09,3646.42
1995-02-10,3646.36
1995-02-11,3646.28
1995-02-12,3646.2
1995-02-13,3646.14
1995-02-14,3645.99
1995-02-15,3645.93
1995-02-16,3645.86
1995-02-17,3645.74
1995-02-18,3645.68
1995-02-19,3645.61
1995-02-20,3645.53
1995-02-21,3645.42
1995-02-22,3645.33
1995-02-23,3645.23
1995-02-24,3645.13
1995-02-25,3645.03
1995-02-26,3644.96
1995-02-27,3644.86
1995-02-28,3644.74
1995-03-01,3644.73
1995-03-02,3644.66
1995-03-03,3644.6
1995-03-04,3644.59
1995-03-05,3644.66
1995-03-06,3644.77
1995-03-07,3644.84
1995-03-08,3644.91
1995-03-09,3644.92
1995-03-10,3644.89
1995-03-11,3644.85
1995-03-12,3644.85
1995-03-13,3644.86
1995-03-14,3644.84
1995-03-15,3644.82
1995-03-16,3644.82
1995-03-17,3644.84
1995-03-18,3644.82
1995-03-19,3644.86
1995-03-20,3644.85
1995-03-21,3644.9
1995-03-22,3644.85
1995-03-23,3644.92
1995-03-24,3644.88
1995-03-25,3644.99
1995-03-26,3645.09
1995-03-27,3645.1
1995-03-28,3645.11
1995-03-29,3645.16
1995-03-30,3645.18
1995-03-31,3645.21
1995-04-01,3645.25
1995-04-02,3645.26
1995-04-03,3645.25
1995-04-04,3645.26
1995-04-05,3645.22
1995-04-06,3645.22
1995-04-07,3645.21
1995-04-08,3645.3
1995-04-09,3645.28
1995-04-10,3645.32
1995-04-11,3645.38
1995-04-12,3645.4
1995-04-13,3645.43
1995-04-14,3645.43
1995-04-15,3645.45
1995-04-16,3645.46
1995-04-17,3645.55
1995-04-18,3645.63
1995-04-19,3645.65
1995-04-20,3645.69
1995-04-21,3645.77
1995-04-22,3645.93
1995-04-23,3646.06
1995-04-24,3646.11
1995-04-25,3646.18
1995-04-26,3646.19
1995-04-27,3646.25
1995-04-28,3646.33
1995-04-29,3646.37
1995-04-30,3646.52
1995-05-01,3646.58
1995-05-02,3646.76
1995-05-03,3646.88
1995-05-04,3647.03
1995-05-05,3647.29
1995-05-06,3647.44
1995-05-07,3647.67
1995-05-08,3647.95
1995-05-09,3648.23
1995-05-10,3648.49
1995-05-11,3648.73
1995-05-12,3649
1995-05-13,3649.28
1995-05-14,3649.58
1995-05-15,3649.92
1995-05-16,3650.23
1995-05-17,3650.64
1995-05-18,3651.15
1995-05-19,3651.64
1995-05-20,3652.14
1995-05-21,3652.69
1995-05-22,3653.22
1995-05-23,3653.81
1995-05-24,3654.38
1995-05-25,3655.14
1995-05-26,3655.74
1995-05-27,3656.49
1995-05-28,3657.15
1995-05-29,3657.82
1995-05-30,3658.39
1995-05-31,3658.91
1995-06-01,3659.38
1995-06-02,3659.81
1995-06-03,3660.25
1995-06-04,3660.82
1995-06-05,3661.35
1995-06-06,3662.03
1995-06-07,3662.69
1995-06-08,3663.36
1995-06-09,3664.14
1995-06-10,3664.9
1995-06-11,3665.61
1995-06-12,3666.21
1995-06-13,3666.81
1995-06-14,3667.44
1995-06-15,3668.11
1995-06-16,3668.87
1995-06-17,3669.62
1995-06-18,3670.57
1995-06-19,3671.53
1995-06-20,3672.5
1995-06-21,3673.42
1995-06-22,3674.29
1995-06-23,3675.13
1995-06-24,3675.96
1995-06-25,3676.74
1995-06-26,3677.43
1995-06-27,3678.19
1995-06-28,3678.86
1995-06-29,3679.53
1995-06-30,3680.28
1995-07-01,3680.94
1995-07-02,3681.61
1995-07-03,3682.39
1995-07-04,3683.08
1995-07-05,3683.78
1995-07-06,3684.42
1995-07-07,3685.03
1995-07-08,3685.55
1995-07-09,3686.12
1995-07-10,3686.65
1995-07-11,3687.13
1995-07-12,3687.7
1995-07-13,3688.24
1995-07-14,3688.84
1995-07-15,3689.36
1995-07-16,3689.92
1995-07-17,3690.46
1995-07-18,3690.81
1995-07-19,3691.23
1995-07-20,3691.57
1995-07-21,3691.89
1995-07-22,3692.18
1995-07-23,3692.51
1995-07-24,3692.7
1995-07-25,3692.93
1995-07-26,3693.1
1995-07-27,3693.27
1995-07-28,3693.39
1995-07-29,3693.54
1995-07-30,3693.52
1995-07-31,3693.59
1995-08-01,3693.64
1995-08-02,3693.68
1995-08-03,3693.75
1995-08-04,3693.69
1995-08-05,3693.65
1995-08-06,3693.6
1995-08-07,3693.54
1995-08-08,3693.47
1995-08-09,3693.41
1995-08-10,3693.38
1995-08-11,3693.25
1995-08-12,3693.13
1995-08-13,3693.04
1995-08-14,3693.01
1995-08-15,3692.88
1995-08-16,3692.82
1995-08-17,3692.69
1995-08-18,3692.62
1995-08-19,3692.5
1995-08-20,3692.42
1995-08-21,3692.33
1995-08-22,3692.2
1995-08-23,3692.09
1995-08-24,3691.98
1995-08-25,3691.91
1995-08-26,3691.82
1995-08-27,3691.8
1995-08-28,3691.7
1995-08-29,3691.59
1995-08-30,3691.49
1995-08-31,3691.43
1995-09-01,3691.32
1995-09-02,3691.19
1995-09-03,3691.1
1995-09-04,3690.97
1995-09-05,3690.87
1995-09-06,3690.69
1995-09-07,3690.5
1995-09-08,3690.32
1995-09-09,3690.2
1995-09-10,3690.06
1995-09-11,3689.93
1995-09-12,3689.8
1995-09-13,3689.7
1995-09-14,3689.58
1995-09-15,3689.44
1995-09-16,3689.29
1995-09-17,3689.2
1995-09-18,3689.02
1995-09-19,3688.86
1995-09-20,3688.76
1995-09-21,3688.52
1995-09-22,3688.36
1995-09-23,3688.2
1995-09-24,3688.03
1995-09-25,3687.88
1995-09-26,3687.66
1995-09-27,3687.53
1995-09-28,3687.39
1995-09-29,3687.21
1995-09-30,3687.1
1995-10-01,3686.96
1995-10-02,3686.86
1995-10-03,3686.78
1995-10-04,3686.7
1995-10-05,3686.6
1995-10-06,3686.5
1995-10-07,3686.38
1995-10-08,3686.36
1995-10-09,3686.27
1995-10-10,3686.19
1995-10-11,3686.11
1995-10-12,3686.07
1995-10-13,3685.93
1995-10-14,3685.86
1995-10-15,3685.84
1995-10-16,3685.75
1995-10-17,3685.66
1995-10-18,3685.56
1995-10-19,3685.5
1995-10-20,3685.36
1995-10-21,3685.29
1995-10-22,3685.29
1995-10-23,3685.11
1995-10-24,3685
1995-10-25,3684.9
1995-10-26,3684.8
1995-10-27,3684.8
1995-10-28,3684.75
1995-10-29,3684.7
1995-10-30,3684.63
1995-10-31,3684.58
1995-11-01,3684.53
1995-11-02,3684.47
1995-11-03,3684.36
1995-11-04,3684.28
1995-11-05,3684.24
1995-11-06,3684.15
1995-11-07,3684.07
1995-11-08,3683.94
1995-11-09,3683.88
1995-11-10,3683.82
1995-11-11,3683.78
1995-11-12,3683.76
1995-11-13,3683.72
1995-11-14,3683.66
1995-11-15,3683.61
1995-11-16,3683.56
1995-11-17,3683.52
1995-11-18,3683.5
1995-11-19,3683.49
1995-11-20,3683.41
1995-11-21,3683.35
1995-11-22,3683.29
1995-11-23,3683.27
1995-11-24,3683.23
1995-11-25,3683.2
1995-11-26,3683.18
1995-11-27,3683.11
1995-11-28,3683.03
1995-11-29,3682.94
1995-11-30,3682.88
1995-12-01,3682.78
1995-12-02,3682.73
1995-12-03,3682.69
1995-12-04,3682.63
1995-12-05,3682.6
1995-12-06,3682.56
1995-12-07,3682.48
1995-12-08,3682.42
1995-12-09,3682.38
1995-12-10,3682.35
1995-12-11,3682.3
1995-12-12,3682.23
1995-12-13,3682.2
1995-12-14,3682.14
1995-12-15,3682.06
1995-12-16,3682.01
1995-12-17,3682
1995-12-18,3681.9
1995-12-19,3681.83
1995-12-20,3681.72
1995-12-21,3681.65
1995-12-22,3681.57
1995-12-23,3681.52
1995-12-24,3681.48
1995-12-25,3681.34
1995-12-26,3681.29
1995-12-27,3681.21
1995-12-28,3681.13
1995-12-29,3681.03
1995-12-30,3680.96
1995-12-31,3680.92
1996-01-01,3680.85
1996-01-02,3680.75
1996-01-03,3680.66
1996-01-04,3680.56
1996-01-05,3680.48
1996-01-06,3680.39
1996-01-07,3680.34
1996-01-08,3680.25
1996-01-09,3680.14
1996-01-10,3680.04
1996-01-11,3679.94
1996-01-12,3679.84
1996-01-13,3679.75
1996-01-14,3679.72
1996-01-15,3679.63
1996-01-16,3679.53
1996-01-17,3679.42
1996-01-18,3679.29
1996-01-19,3679.16
1996-01-20,3679.04
1996-01-21,3678.95
1996-01-22,3678.81
1996-01-23,3678.67
1996-01-24,3678.54
1996-01-25,3678.41
1996-01-26,3678.31
1996-01-27,3678.25
1996-01-28,3678.19
1996-01-29,3678.07
1996-01-30,3677.96
1996-01-31,3677.85
1996-02-01,3677.72
1996-02-02,3677.62
1996-02-03,3677.56
1996-02-04,3677.5
1996-02-05,3677.42
1996-02-06,3677.37
1996-02-07,3677.29
1996-02-08,3677.22
1996-02-09,3677.16
1996-02-10,3677.13
1996-02-11,3677.11
1996-02-12,3677.06
1996-02-13,3676.98
1996-02-14,3676.94
1996-02-15,3676.88
1996-02-16,3676.81
1996-02-17,3676.75
1996-02-18,3676.71
1996-02-19,3676.64
1996-02-20,3676.57
1996-02-21,3676.49
1996-02-22,3676.42
1996-02-23,3676.37
1996-02-24,3676.36
1996-02-25,3676.36
1996-02-26,3676.3
1996-02-27,3676.24
1996-02-28,3676.15
1996-02-29,3676.08
1996-03-01,3676.02
1996-03-02,3675.94
1996-03-03,3675.94
1996-03-04,3675.88
1996-03-05,3675.84
1996-03-06,3675.8
1996-03-07,3675.77
1996-03-08,3675.74
1996-03-09,3675.72
1996-03-10,3675.7
1996-03-11,3675.66
1996-03-12,3675.62
1996-03-13,3675.57
1996-03-14,3675.5
1996-03-15,3675.44
1996-03-16,3675.43
1996-03-17,3675.45
1996-03-18,3675.41
1996-03-19,3675.38
1996-03-20,3675.33
1996-03-21,3675.29
1996-03-22,3675.32
1996-03-23,3675.36
1996-03-24,3675.4
1996-03-25,3675.43
1996-03-26,3675.09
1996-03-27,3674.63
1996-03-28,3674.15
1996-03-29,3673.66
1996-03-30,3673.2
1996-03-31,3672.74
1996-04-01,3672.26
1996-04-02,3671.9
1996-04-03,3671.79
1996-04-04,3671.86
1996-04-05,3671.91
1996-04-06,3671.99
1996-04-07,3672.08
1996-04-08,3672.07
1996-04-09,3672.03
1996-04-10,3672.05
1996-04-11,3672
1996-04-12,3672.01
1996-04-13,3672.05
1996-04-14,3672.12
1996-04-15,3672.21
1996-04-16,3672.32
1996-04-17,3672.4
1996-04-18,3672.46
1996-04-19,3672.45
1996-04-20,3672.48
1996-04-21,3672.48
1996-04-22,3672.5
1996-04-23,3672.49
1996-04-24,3672.48
1996-04-25,3672.47
1996-04-26,3672.45
1996-04-27,3672.45
1996-04-28,3672.45
1996-04-29,3672.46
1996-04-30,3672.5
1996-05-01,3672.57
1996-05-02,3672.7
1996-05-03,3672.75
1996-05-04,3672.8
1996-05-05,3672.9
1996-05-06,3672.98
1996-05-07,3673.06
1996-05-08,3673.14
1996-05-09,3673.33
1996-05-10,3673.51
1996-05-11,3673.77
1996-05-12,3674.08
1996-05-13,3674.33
1996-05-14,3674.59
1996-05-15,3674.91
1996-05-16,3675.27
1996-05-17,3675.62
1996-05-18,3676.02
1996-05-19,3676.54
1996-05-20,3677
1996-05-21,3677.48
1996-05-22,3677.96
1996-05-23,3678.45
1996-05-24,3678.85
1996-05-25,3679.23
1996-05-26,3679.58
1996-05-27,3679.91
1996-05-28,3680.21
1996-05-29,3680.4
1996-05-30,3680.66
1996-05-31,3680.9
1996-06-01,3681.12
1996-06-02,3681.35
1996-06-03,3681.51
1996-06-04,3681.63
1996-06-05,3681.81
1996-06-06,3682.01
1996-06-07,3682.21
1996-06-08,3682.45
1996-06-09,3682.71
1996-06-10,3682.96
1996-06-11,3683.21
1996-06-12,3683.48
1996-06-13,3683.71
1996-06-14,3683.91
1996-06-15,3684.24
1996-06-16,3684.46
1996-06-17,3684.66
1996-06-18,3684.91
1996-06-19,3685.15
1996-06-20,3685.43
1996-06-21,3685.64
1996-06-22,3685.87
1996-06-23,3686.13
1996-06-24,3686.4
1996-06-25,3686.67
1996-06-26,3686.92
1996-06-27,3687.15
1996-06-28,3687.35
1996-06-29,3687.56
1996-06-30,3687.75
1996-07-01,3687.86
1996-07-02,3687.96
1996-07-03,3688.02
1996-07-04,3688.11
1996-07-05,3688.14
1996-07-06,3688.25
1996-07-07,3688.31
1996-07-08,3688.29
1996-07-09,3688.18
1996-07-10,3688.15
1996-07-11,3688.1
1996-07-12,3688.08
1996-07-13,3687.99
1996-07-14,3687.91
1996-07-15,3687.85
1996-07-16,3687.73
1996-07-17,3687.65
1996-07-18,3687.57
1996-07-19,3687.49
1996-07-20,3687.45
1996-07-21,3687.4
1996-07-22,3687.37
1996-07-23,3687.26
1996-07-24,3687.14
1996-07-25,3687.1
1996-07-26,3686.95
1996-07-27,3686.89
1996-07-28,3686.82
1996-07-29,3686.68
1996-07-30,3686.6
1996-07-31,3686.49
1996-08-01,3686.31
1996-08-02,3686.19
1996-08-03,3686.07
1996-08-04,3685.94
1996-08-05,3685.77
1996-08-06,3685.68
1996-08-07,3685.52
1996-08-08,3685.38
1996-08-09,3685.18
1996-08-10,3685.08
1996-08-11,3684.92
1996-08-12,3684.75
1996-08-13,3684.62
1996-08-14,3684.44
1996-08-15,3684.26
1996-08-16,3684.08
1996-08-17,3683.95
1996-08-18,3683.86
1996-08-19,3683.7
1996-08-20,3683.54
1996-08-21,3683.35
1996-08-22,3683.25
1996-08-23,3683.09
1996-08-24,3682.96
1996-08-25,3682.87
1996-08-26,3682.74
1996-08-27,3682.62
1996-08-28,3682.49
1996-08-29,3682.36
1996-08-30,3682.23
1996-08-31,3682.2
1996-09-01,3682.14
1996-09-02,3682.1
1996-09-03,3681.95
1996-09-04,3681.81
1996-09-05,3681.66
1996-09-06,3681.52
1996-09-07,3681.44
1996-09-08,3681.28
1996-09-09,3681.14
1996-09-10,3681
1996-09-11,3680.87
1996-09-12,3680.76
1996-09-13,3680.67
1996-09-14,3680.61
1996-09-15,3680.55
1996-09-16,3680.47
1996-09-17,3680.41
1996-09-18,3680.36
1996-09-19,3680.31
1996-09-20,3680.22
1996-09-21,3680.15
1996-09-22,3680.07
1996-09-23,3679.97
1996-09-24,3679.86
1996-09-25,3679.75
1996-09-26,3679.65
1996-09-27,3679.52
1996-09-28,3679.45
1996-09-29,3679.37
1996-09-30,3679.29
1996-10-01,3679.21
1996-10-02,3679.12
1996-10-03,3679.1
1996-10-04,3679.04
1996-10-05,3679.09
1996-10-06,3679.1
1996-10-07,3679.08
1996-10-08,3679.04
1996-10-09,3678.98
1996-10-10,3678.91
1996-10-11,3678.87
1996-10-12,3678.85
1996-10-13,3678.85
1996-10-14,3678.82
1996-10-15,3678.74
1996-10-16,3678.71
1996-10-17,3678.61
1996-10-18,3678.52
1996-10-19,3678.45
1996-10-20,3678.4
1996-10-21,3678.37
1996-10-22,3678.31
1996-10-23,3678.28
1996-10-24,3678.2
1996-10-25,3678.2
1996-10-26,3678.21
1996-10-27,3678.12
1996-10-28,3678.05
1996-10-29,3678.06
1996-10-30,3678.06
1996-10-31,3678
1996-11-01,3678
1996-11-02,3678.02
1996-11-03,3677.98
1996-11-04,3677.99
1996-11-05,3678.05
1996-11-06,3677.91
1996-11-07,3677.87
1996-11-08,3677.86
1996-11-09,3677.84
1996-11-10,3677.84
1996-11-11,3677.84
1996-11-12,3677.8
1996-11-13,3677.76
1996-11-14,3677.73
1996-11-15,3677.77
1996-11-16,3677.74
1996-11-17,3677.77
1996-11-18,3677.74
1996-11-19,3677.75
1996-11-20,3677.75
1996-11-21,3677.7
1996-11-22,3677.62
1996-11-23,3677.68
1996-11-24,3677.68
1996-11-25,3677.64
1996-11-26,3677.64
1996-11-27,3677.53
1996-11-28,3677.55
1996-11-29,3677.53
1996-11-30,3677.49
1996-12-01,3677.47
1996-12-02,3677.42
1996-12-03,3677.32
1996-12-04,3677.19
1996-12-05,3677.04
1996-12-06,3676.98
1996-12-07,3676.93
1996-12-08,3676.89
1996-12-09,3676.76
1996-12-10,3676.64
1996-12-11,3676.58
1996-12-12,3676.45
1996-12-13,3676.36
1996-12-14,3676.33
1996-12-15,3676.28
1996-12-16,3676.21
1996-12-17,3676.08
1996-12-18,3675.96
1996-12-19,3675.83
1996-12-20,3675.64
1996-12-21,3675.54
1996-12-22,3675.53
1996-12-23,3675.33
1996-12-24,3675.23
1996-12-25,3675.21
1996-12-26,3675.08
1996-12-27,3674.97
1996-12-28,3674.9
1996-12-29,3674.94
1996-12-30,3674.8
1996-12-31,3674.71
1997-01-01,3674.68
1997-01-02,3674.58
1997-01-03,3674.5
1997-01-04,3674.46
1997-01-05,3674.41
1997-01-06,3674.29
1997-01-07,3674.18
1997-01-08,3674.03
1997-01-09,3673.9
1997-01-10,3673.79
1997-01-11,3673.61
1997-01-12,3673.53
1997-01-13,3673.39
1997-01-14,3673.26
1997-01-15,3673.17
1997-01-16,3673.03
1997-01-17,3672.89
1997-01-18,3672.7
1997-01-19,3672.52
1997-01-20,3672.31
1997-01-21,3672.15
1997-01-22,3672.04
1997-01-23,3671.89
1997-01-24,3671.75
1997-01-25,3671.65
1997-01-26,3671.61
1997-01-27,3671.53
1997-01-28,3671.42
1997-01-29,3671.32
1997-01-30,3671.22
1997-01-31,3671.1
1997-02-01,3671.02
1997-02-02,3670.93
1997-02-03,3670.8
1997-02-04,3670.67
1997-02-05,3670.52
1997-02-06,3670.36
1997-02-07,3670.25
1997-02-08,3670.14
1997-02-09,3670
1997-02-10,3669.88
1997-02-11,3669.75
1997-02-12,3669.64
1997-02-13,3669.45
1997-02-14,3669.31
1997-02-15,3669.18
1997-02-16,3669.03
1997-02-17,3668.9
1997-02-18,3668.67
1997-02-19,3668.43
1997-02-20,3668.17
1997-02-21,3667.94
1997-02-22,3667.72
1997-02-23,3667.49
1997-02-24,3667.26
1997-02-25,3666.99
1997-02-26,3666.7
1997-02-27,3666.49
1997-02-28,3666.22
1997-03-01,3666
1997-03-02,3665.75
1997-03-03,3665.63
1997-03-04,3665.33
1997-03-05,3665.1
1997-03-06,3664.86
1997-03-07,3664.61
1997-03-08,3664.35
1997-03-09,3664.14
1997-03-10,3663.91
1997-03-11,3663.72
1997-03-12,3663.56
1997-03-13,3663.43
1997-03-14,3663.29
1997-03-15,3663.22
1997-03-16,3663.21
1997-03-17,3663.21
1997-03-18,3663.17
1997-03-19,3663.14
1997-03-20,3663.12
1997-03-21,3663.11
1997-03-22,3663.08
1997-03-23,3663.1
1997-03-24,3663.14
1997-03-25,3663.14
1997-03-26,3663.18
1997-03-27,3663.17
1997-03-28,3663.24
1997-03-29,3663.19
1997-03-30,3663.21
1997-03-31,3663.22
1997-04-01,3663.19
1997-04-02,3663.2
1997-04-03,3663.25
1997-04-04,3663.23
1997-04-05,3663.31
1997-04-06,3663.32
1997-04-07,3663.35
1997-04-08,3663.4
1997-04-09,3663.33
1997-04-10,3663.43
1997-04-11,3663.45
1997-04-12,3663.44
1997-04-13,3663.46
1997-04-14,3663.44
1997-04-15,3663.43
1997-04-16,3663.41
1997-04-17,3663.37
1997-04-18,3663.33
1997-04-19,3663.31
1997-04-20,3663.35
1997-04-21,3663.35
1997-04-22,3663.5
1997-04-23,3663.58
1997-04-24,3663.76
1997-04-25,3663.88
1997-04-26,3664.06
1997-04-27,3664.23
1997-04-28,3664.35
1997-04-29,3664.49
1997-04-30,3664.64
1997-05-01,3664.89
1997-05-02,3664.98
1997-05-03,3665.18
1997-05-04,3665.43
1997-05-05,3665.64
1997-05-06,3665.8
1997-05-07,3665.97
1997-05-08,3666.2
1997-05-09,3666.46
1997-05-10,3666.76
1997-05-11,3667.1
1997-05-12,3667.5
1997-05-13,3667.89
1997-05-14,3668.29
1997-05-15,3668.75
1997-05-16,3669.22
1997-05-17,3669.73
1997-05-18,3670.28
1997-05-19,3670.83
1997-05-20,3671.48
1997-05-21,3672.11
1997-05-22,3672.72
1997-05-23,3673.42
1997-05-24,3674.19
1997-05-25,3674.91
1997-05-26,3675.7
1997-05-27,3676.42
1997-05-28,3677.16
1997-05-29,3677.82
1997-05-30,3678.36
1997-05-31,3678.84
1997-06-01,3679.35
1997-06-02,3679.93
1997-06-03,3680.56
1997-06-04,3681.29
1997-06-05,3682.09
1997-06-06,3682.79
1997-06-07,3683.52
1997-06-08,3684.21
1997-06-09,3684.93
1997-06-10,3685.61
1997-06-11,3686.33
1997-06-12,3686.99
1997-06-13,3687.52
1997-06-14,3688.04
1997-06-15,3688.64
1997-06-16,3689.19
1997-06-17,3689.68
1997-06-18,3690.09
1997-06-19,3690.44
1997-06-20,3690.8
1997-06-21,3691.29
1997-06-22,3691.69
1997-06-23,3692.12
1997-06-24,3692.54
1997-06-25,3692.95
1997-06-26,3693.28
1997-06-27,3693.55
1997-06-28,3693.79
1997-06-29,3693.98
1997-06-30,3694.08
1997-07-01,3694.27
1997-07-02,3694.37
1997-07-03,3694.54
1997-07-04,3694.68
1997-07-05,3694.78
1997-07-06,3694.89
1997-07-07,3694.96
1997-07-08,3695.03
1997-07-09,3695.06
1997-07-10,3695.09
1997-07-11,3695.08
1997-07-12,3695.06
1997-07-13,3695.05
1997-07-14,3695.04
1997-07-15,3695
1997-07-16,3694.96
1997-07-17,3694.89
1997-07-18,3694.82
1997-07-19,3694.67
1997-07-20,3694.66
1997-07-21,3694.56
1997-07-22,3694.44
1997-07-23,3694.36
1997-07-24,3694.25
1997-07-25,3694.13
1997-07-26,3694.02
1997-07-27,3693.91
1997-07-28,3693.81
1997-07-29,3693.69
1997-07-30,3693.56
1997-07-31,3693.5
1997-08-01,3693.4
1997-08-02,3693.26
1997-08-03,3693.29
1997-08-04,3693.16
1997-08-05,3693.1
1997-08-06,3693.11
1997-08-07,3693.02
1997-08-08,3692.9
1997-08-09,3692.9
1997-08-10,3692.83
1997-08-11,3692.77
1997-08-12,3692.81
1997-08-13,3692.7
1997-08-14,3692.63
1997-08-15,3692.54
1997-08-16,3692.47
1997-08-17,3692.37
1997-08-18,3692.33
1997-08-19,3692.21
1997-08-20,3692.12
1997-08-21,3692.01
1997-08-22,3691.82
1997-08-23,3691.72
1997-08-24,3691.57
1997-08-25,3691.43
1997-08-26,3691.3
1997-08-27,3691.15
1997-08-28,3691.01
1997-08-29,3690.91
1997-08-30,3690.89
1997-08-31,3690.91
1997-09-01,3690.99
1997-09-02,3690.89
1997-09-03,3690.89
1997-09-04,3690.82
1997-09-05,3690.7
1997-09-06,3690.59
1997-09-07,3690.56
1997-09-08,3690.41
1997-09-09,3690.32
1997-09-10,3690.26
1997-09-11,3690.17
1997-09-12,3690.08
1997-09-13,3690.01
1997-09-14,3689.94
1997-09-15,3690.1
1997-09-16,3690.04
1997-09-17,3689.96
1997-09-18,3689.92
1997-09-19,3689.81
1997-09-20,3689.73
1997-09-21,3689.72
1997-09-22,3689.86
1997-09-23,3690.02
1997-09-24,3690.12
1997-09-25,3690.18
1997-09-26,3690.25
1997-09-27,3690.33
1997-09-28,3690.32
1997-09-29,3690.32
1997-09-30,3690.32
1997-10-01,3690.29
1997-10-02,3690.32
1997-10-03,3690.35
1997-10-04,3690.31
1997-10-05,3690.31
1997-10-06,3690.26
1997-10-07,3690.25
1997-10-08,3690.24
1997-10-09,3690.21
1997-10-10,3690.14
1997-10-11,3690.16
1997-10-12,3690.07
1997-10-13,3689.99
1997-10-14,3689.94
1997-10-15,3689.85
1997-10-16,3689.81
1997-10-17,3689.74
1997-10-18,3689.69
1997-10-19,3689.67
1997-10-20,3689.63
1997-10-21,3689.57
1997-10-22,3689.5
1997-10-23,3689.43
1997-10-24,3689.33
1997-10-25,3689.2
1997-10-26,3689.15
1997-10-27,3689.09
1997-10-28,3688.98
1997-10-29,3688.89
1997-10-30,3688.78
1997-10-31,3688.7
1997-11-01,3688.64
1997-11-02,3688.57
1997-11-03,3688.39
1997-11-04,3688.19
1997-11-05,3688
1997-11-06,3687.91
1997-11-07,3687.81
1997-11-08,3687.78
1997-11-09,3687.72
1997-11-10,3687.62
1997-11-11,3687.55
1997-11-12,3687.39
1997-11-13,3687.3
1997-11-14,3687.24
1997-11-15,3687.11
1997-11-16,3687.04
1997-11-17,3686.92
1997-11-18,3686.81
1997-11-19,3686.68
1997-11-20,3686.63
1997-11-21,3686.5
1997-11-22,3686.46
1997-11-23,3686.41
1997-11-24,3686.29
1997-11-25,3686.24
1997-11-26,3686.11
1997-11-27,3686.08
1997-11-28,3685.96
1997-11-29,3685.9
1997-11-30,3685.85
1997-12-01,3685.73
1997-12-02,3685.62
1997-12-03,3685.54
1997-12-04,3685.45
1997-12-05,3685.37
1997-12-06,3685.27
1997-12-07,3685.19
1997-12-08,3685.08
1997-12-09,3684.97
1997-12-10,3684.87
1997-12-11,3684.72
1997-12-12,3684.58
1997-12-13,3684.45
1997-12-14,3684.36
1997-12-15,3684.24
1997-12-16,3684.09
1997-12-17,3683.99
1997-12-18,3683.86
1997-12-19,3683.76
1997-12-20,3683.61
1997-12-21,3683.59
1997-12-22,3683.41
1997-12-23,3683.24
1997-12-24,3683.17
1997-12-25,3683.07
1997-12-26,3682.92
1997-12-27,3682.78
1997-12-28,3682.72
1997-12-29,3682.57
1997-12-30,3682.44
1997-12-31,3682.3
1998-01-01,3682.19
1998-01-02,3682.05
1998-01-03,3682.01
1998-01-04,3681.92
1998-01-05,3681.8
1998-01-06,3681.71
1998-01-07,3681.62
1998-01-08,3681.52
1998-01-09,3681.38
1998-01-10,3681.3
1998-01-11,3681.17
1998-01-12,3681.09
1998-01-13,3680.97
1998-01-14,3680.84
1998-01-15,3680.72
1998-01-16,3680.64
1998-01-17,3680.54
1998-01-18,3680.44
1998-01-19,3680.31
1998-01-20,3680.23
1998-01-21,3680.11
1998-01-22,3680.02
1998-01-23,3679.9
1998-01-24,3679.77
1998-01-25,3679.68
1998-01-26,3679.56
1998-01-27,3679.44
1998-01-28,3679.31
1998-01-29,3679.18
1998-01-30,3679.02
1998-01-31,3678.93
1998-02-01,3678.84
1998-02-02,3678.74
1998-02-03,3678.67
1998-02-04,3678.51
1998-02-05,3678.4
1998-02-06,3678.25
1998-02-07,3678.19
1998-02-08,3678.09
1998-02-09,3677.94
1998-02-10,3677.83
1998-02-11,3677.69
1998-02-12,3677.58
1998-02-13,3677.47
1998-02-14,3677.35
1998-02-15,3677.29
1998-02-16,3677.15
1998-02-17,3677.01
1998-02-18,3676.89
1998-02-19,3676.78
1998-02-20,3676.67
1998-02-21,3676.52
1998-02-22,3676.5
1998-02-23,3676.32
1998-02-24,3676.07
1998-02-25,3675.99
1998-02-26,3675.88
1998-02-27,3675.74
1998-02-28,3675.64
1998-03-01,3675.55
1998-03-02,3675.41
1998-03-03,3675.26
1998-03-04,3675.17
1998-03-05,3675.01
1998-03-06,3674.93
1998-03-07,3674.86
1998-03-08,3674.78
1998-03-09,3674.62
1998-03-10,3674.52
1998-03-11,3674.39
1998-03-12,3674.25
1998-03-13,3674.14
1998-03-14,3674.02
1998-03-15,3673.91
1998-03-16,3673.8
1998-03-17,3673.75
1998-03-18,3673.56
1998-03-19,3673.46
1998-03-20,3673.41
1998-03-21,3673.41
1998-03-22,3673.24
1998-03-23,3673.19
1998-03-24,3673.1
1998-03-25,3673.05
1998-03-26,3672.88
1998-03-27,3672.81
1998-03-28,3672.91
1998-03-29,3672.88
1998-03-30,3672.96
1998-03-31,3673.12
1998-04-01,3673.15
1998-04-02,3673.31
1998-04-03,3673.39
1998-04-04,3673.49
1998-04-05,3673.62
1998-04-06,3673.67
1998-04-07,3673.71
1998-04-08,3673.76
1998-04-09,3673.86
1998-04-10,3673.92
1998-04-11,3674.06
1998-04-12,3674.12
1998-04-13,3674.18
1998-04-14,3674.24
1998-04-15,3674.29
1998-04-16,3674.42
1998-04-17,3674.5
1998-04-18,3674.65
1998-04-19,3674.83
1998-04-20,3674.92
1998-04-21,3675
1998-04-22,3675.06
1998-04-23,3675.12
1998-04-24,3675.19
1998-04-25,3675.31
1998-04-26,3675.59
1998-04-27,3675.84
1998-04-28,3675.99
1998-04-29,3676.22
1998-04-30,3676.45
1998-05-01,3676.73
1998-05-02,3677.1
1998-05-03,3677.53
1998-05-04,3677.91
1998-05-05,3678.33
1998-05-06,3678.82
1998-05-07,3679.28
1998-05-08,3679.75
1998-05-09,3680.29
1998-05-10,3680.74
1998-05-11,3681.11
1998-05-12,3681.47
1998-05-13,3681.84
1998-05-14,3682.21
1998-05-15,3682.62
1998-05-16,3683
1998-05-17,3683.4
1998-05-18,3683.75
1998-05-19,3684.06
1998-05-20,3684.42
1998-05-21,3684.73
1998-05-22,3685.17
1998-05-23,3685.61
1998-05-24,3686.19
1998-05-25,3686.73
1998-05-26,3687.2
1998-05-27,3687.62
1998-05-28,3688.02
1998-05-29,3688.42
1998-05-30,3688.83
1998-05-31,3689.3
1998-06-01,3689.75
1998-06-02,3690.19
1998-06-03,3690.66
1998-06-04,3691.02
1998-06-05,3691.47
1998-06-06,3691.87
1998-06-07,3692.28
1998-06-08,3692.56
1998-06-09,3692.85
1998-06-10,3693.09
1998-06-11,3693.29
1998-06-12,3693.42
1998-06-13,3693.61
1998-06-14,3693.87
1998-06-15,3693.97
1998-06-16,3694.16
1998-06-17,3694.27
1998-06-18,3694.41
1998-06-19,3694.55
1998-06-20,3694.75
1998-06-21,3694.93
1998-06-22,3695.1
1998-06-23,3695.23
1998-06-24,3695.41
1998-06-25,3695.53
1998-06-26,3695.68
1998-06-27,3695.83
1998-06-28,3696.01
1998-06-29,3696.15
1998-06-30,3696.27
1998-07-01,3696.39
1998-07-02,3696.51
1998-07-03,3696.6
1998-07-04,3696.73
1998-07-05,3696.87
1998-07-06,3696.94
1998-07-07,3697.06
1998-07-08,3697
1998-07-09,3696.94
1998-07-10,3696.98
1998-07-11,3696.96
1998-07-12,3696.95
1998-07-13,3696.91
1998-07-14,3696.88
1998-07-15,3696.86
1998-07-16,3696.8
1998-07-17,3696.72
1998-07-18,3696.62
1998-07-19,3696.5
1998-07-20,3696.43
1998-07-21,3696.26
1998-07-22,3696.18
1998-07-23,3696.06
1998-07-24,3695.87
1998-07-25,3695.8
1998-07-26,3695.65
1998-07-27,3695.55
1998-07-28,3695.47
1998-07-29,3695.39
1998-07-30,3695.32
1998-07-31,3695.24
1998-08-01,3695.13
1998-08-02,3695.08
1998-08-03,3694.99
1998-08-04,3694.89
1998-08-05,3694.79
1998-08-06,3694.67
1998-08-07,3694.51
1998-08-08,3694.43
1998-08-09,3694.27
1998-08-10,3694.18
1998-08-11,3694
1998-08-12,3693.88
1998-08-13,3693.68
1998-08-14,3693.51
1998-08-15,3693.37
1998-08-16,3693.2
1998-08-17,3693.06
1998-08-18,3692.86
1998-08-19,3692.65
1998-08-20,3692.46
1998-08-21,3692.29
1998-08-22,3692.14
1998-08-23,3691.97
1998-08-24,3691.8
1998-08-25,3691.71
1998-08-26,3691.53
1998-08-27,3691.38
1998-08-28,3691.21
1998-08-29,3691.04
1998-08-30,3690.84
1998-08-31,3690.74
1998-09-01,3690.6
1998-09-02,3690.44
1998-09-03,3690.31
1998-09-04,3690.21
1998-09-05,3690.32
1998-09-06,3690.22
1998-09-07,3690.13
1998-09-08,3690.02
1998-09-09,3689.83
1998-09-10,3689.73
1998-09-11,3689.69
1998-09-12,3689.73
1998-09-13,3689.7
1998-09-14,3689.59
1998-09-15,3689.52
1998-09-16,3689.41
1998-09-17,3689.31
1998-09-18,3689.2
1998-09-19,3689.09
1998-09-20,3688.99
1998-09-21,3688.86
1998-09-22,3688.71
1998-09-23,3688.61
1998-09-24,3688.45
1998-09-25,3688.33
1998-09-26,3688.21
1998-09-27,3688.15
1998-09-28,3688.03
1998-09-29,3687.87
1998-09-30,3687.71
1998-10-01,3687.64
1998-10-02,3687.51
1998-10-03,3687.4
1998-10-04,3687.3
1998-10-05,3687.26
1998-10-06,3687.15
1998-10-07,3687.04
1998-10-08,3686.97
1998-10-09,3686.91
1998-10-10,3686.82
1998-10-11,3686.81
1998-10-12,3686.75
1998-10-13,3686.65
1998-10-14,3686.57
1998-10-15,3686.47
1998-10-16,3686.45
1998-10-17,3686.39
1998-10-18,3686.33
1998-10-19,3686.24
1998-10-20,3686.15
1998-10-21,3686.13
1998-10-22,3686.18
1998-10-23,3686.11
1998-10-24,3686.09
1998-10-25,3686.25
1998-10-26,3686.22
1998-10-27,3686.17
1998-10-28,3686.31
1998-10-29,3686.36
1998-10-30,3686.38
1998-10-31,3686.35
1998-11-01,3686.39
1998-11-02,3686.4
1998-11-03,3686.37
1998-11-04,3686.32
1998-11-05,3686.26
1998-11-06,3686.24
1998-11-07,3686.19
1998-11-08,3686.27
1998-11-09,3686.24
1998-11-10,3686.24
1998-11-11,3686.29
1998-11-12,3686.21
1998-11-13,3686.18
1998-11-14,3686.15
1998-11-15,3686.13
1998-11-16,3686.13
1998-11-17,3686.06
1998-11-18,3686.02
1998-11-19,3685.96
1998-11-20,3685.91
1998-11-21,3685.84
1998-11-22,3685.83
1998-11-23,3685.8
1998-11-24,3685.75
1998-11-25,3685.71
1998-11-26,3685.68
1998-11-27,3685.63
1998-11-28,3685.61
1998-11-29,3685.54
1998-11-30,3685.54
1998-12-01,3685.46
1998-12-02,3685.4
1998-12-03,3685.32
1998-12-04,3685.24
1998-12-05,3685.22
1998-12-06,3685.15
1998-12-07,3685.06
1998-12-08,3685
1998-12-09,3684.97
1998-12-10,3684.83
1998-12-11,3684.76
1998-12-12,3684.68
1998-12-13,3684.62
1998-12-14,3684.54
1998-12-15,3684.44
1998-12-16,3684.34
1998-12-17,3684.24
1998-12-18,3684.13
1998-12-19,3683.98
1998-12-20,3684
1998-12-21,3683.99
1998-12-22,3683.86
1998-12-23,3683.73
1998-12-24,3683.57
1998-12-25,3683.44
1998-12-26,3683.31
1998-12-27,3683.18
1998-12-28,3683.03
1998-12-29,3682.93
1998-12-30,3682.85
1998-12-31,3682.7
1999-01-01,3682.68
1999-01-02,3682.58
1999-01-03,3682.51
1999-01-04,3682.43
1999-01-05,3682.33
1999-01-06,3682.23
1999-01-07,3682.13
1999-01-08,3682.07
1999-01-09,3681.99
1999-01-10,3681.93
1999-01-11,3681.85
1999-01-12,3681.78
1999-01-13,3681.71
1999-01-14,3681.63
1999-01-15,3681.58
1999-01-16,3681.49
1999-01-17,3681.45
1999-01-18,3681.4
1999-01-19,3681.35
1999-01-20,3681.28
1999-01-21,3681.18
1999-01-22,3681.12
1999-01-23,3681.09
1999-01-24,3681.09
1999-01-25,3681.02
1999-01-26,3680.92
1999-01-27,3680.87
1999-01-28,3680.8
1999-01-29,3680.71
1999-01-30,3680.66
1999-01-31,3680.59
1999-02-01,3680.54
1999-02-02,3680.43
1999-02-03,3680.4
1999-02-04,3680.34
1999-02-05,3680.24
1999-02-06,3680.2
1999-02-07,3680.11
1999-02-08,3680.08
1999-02-09,3680.06
1999-02-10,3679.98
1999-02-11,3679.92
1999-02-12,3679.87
1999-02-13,3679.8
1999-02-14,3679.73
1999-02-15,3679.68
1999-02-16,3679.59
1999-02-17,3679.54
1999-02-18,3679.46
1999-02-19,3679.42
1999-02-20,3679.36
1999-02-21,3679.2
1999-02-22,3679.18
1999-02-23,3679.16
1999-02-24,3679.1
1999-02-25,3679.01
1999-02-26,3678.93
1999-02-27,3678.89
1999-02-28,3678.83
1999-03-01,3678.78
1999-03-02,3678.7
1999-03-03,3678.61
1999-03-04,3678.6
1999-03-05,3678.58
1999-03-06,3678.5
1999-03-07,3678.45
1999-03-08,3678.44
1999-03-09,3678.4
1999-03-10,3678.38
1999-03-11,3678.27
1999-03-12,3678.26
1999-03-13,3678.24
1999-03-14,3678.23
1999-03-15,3678.15
1999-03-16,3678.09
1999-03-17,3678.05
1999-03-18,3677.99
1999-03-19,3677.97
1999-03-20,3677.88
1999-03-21,3677.82
1999-03-22,3677.88
1999-03-23,3677.83
1999-03-24,3677.8
1999-03-25,3677.77
1999-03-26,3677.75
1999-03-27,3677.75
1999-03-28,3677.73
1999-03-29,3677.68
1999-03-30,3677.72
1999-03-31,3677.64
1999-04-01,3677.61
1999-04-02,3677.56
1999-04-03,3677.65
1999-04-04,3677.6
1999-04-05,3677.59
1999-04-06,3677.59
1999-04-07,3677.56
1999-04-08,3677.59
1999-04-09,3677.56
1999-04-10,3677.57
1999-04-11,3677.59
1999-04-12,3677.54
1999-04-13,3677.47
1999-04-14,3677.45
1999-04-15,3677.39
1999-04-16,3677.33
1999-04-17,3677.31
1999-04-18,3677.29
1999-04-19,3677.26
1999-04-20,3677.31
1999-04-21,3677.2
1999-04-22,3677.23
1999-04-23,3677.2
1999-04-24,3677.23
1999-04-25,3677.22
1999-04-26,3677.22
1999-04-27,3677.27
1999-04-28,3677.37
1999-04-29,3677.44
1999-04-30,3677.48
1999-05-01,3677.61
1999-05-02,3677.76
1999-05-03,3677.91
1999-05-04,3678.12
1999-05-05,3678.28
1999-05-06,3678.42
1999-05-07,3678.56
1999-05-08,3678.64
1999-05-09,3678.72
1999-05-10,3678.77
1999-05-11,3678.74
1999-05-12,3678.71
1999-05-13,3678.75
1999-05-14,3678.73
1999-05-15,3678.76
1999-05-16,3678.93
1999-05-17,3678.93
1999-05-18,3678.97
1999-05-19,3679
1999-05-20,3679.11
1999-05-21,3679.19
1999-05-22,3679.29
1999-05-23,3679.45
1999-05-24,3679.63
1999-05-25,3679.91
1999-05-26,3680.17
1999-05-27,3680.51
1999-05-28,3680.86
1999-05-29,3681.24
1999-05-30,3681.61
1999-05-31,3682.07
1999-06-01,3682.46
1999-06-02,3682.91
1999-06-03,3683.38
1999-06-04,3683.77
1999-06-05,3684.29
1999-06-06,3684.73
1999-06-07,3685.17
1999-06-08,3685.56
1999-06-09,3685.92
1999-06-10,3686.36
1999-06-11,3686.72
1999-06-12,3687.14
1999-06-13,3687.54
1999-06-14,3687.86
1999-06-15,3688.16
1999-06-16,3688.67
1999-06-17,3688.89
1999-06-18,3689.35
1999-06-19,3689.77
1999-06-20,3690.29
1999-06-21,3690.74
1999-06-22,3691.03
1999-06-23,3691.46
1999-06-24,3691.83
1999-06-25,3692.21
1999-06-26,3692.53
1999-06-27,3692.83
1999-06-28,3693.1
1999-06-29,3693.37
1999-06-30,3693.57
1999-07-01,3693.72
1999-07-02,3693.86
1999-07-03,3693.98
1999-07-04,3694.11
1999-07-05,3694.22
1999-07-06,3694.27
1999-07-07,3694.32
1999-07-08,3694.48
1999-07-09,3694.5
1999-07-10,3694.53
1999-07-11,3694.65
1999-07-12,3694.67
1999-07-13,3694.66
1999-07-14,3694.66
1999-07-15,3694.62
1999-07-16,3694.73
1999-07-17,3694.72
1999-07-18,3694.73
1999-07-19,3694.64
1999-07-20,3694.64
1999-07-21,3694.64
1999-07-22,3694.54
1999-07-23,3694.5
1999-07-24,3694.41
1999-07-25,3694.41
1999-07-26,3694.28
1999-07-27,3694.29
1999-07-28,3694.17
1999-07-29,3694.11
1999-07-30,3694.01
1999-07-31,3694.04
1999-08-01,3693.99
1999-08-02,3693.91
1999-08-03,3693.94
1999-08-04,3693.87
1999-08-05,3693.83
1999-08-06,3693.83
1999-08-07,3693.83
1999-08-08,3693.84
1999-08-09,3693.8
1999-08-10,3693.75
1999-08-11,3693.74
1999-08-12,3693.72
1999-08-13,3693.76
1999-08-14,3693.7
1999-08-15,3693.75
1999-08-16,3693.71
1999-08-17,3693.67
1999-08-18,3693.63
1999-08-19,3693.63
1999-08-20,3693.58
1999-08-21,3693.61
1999-08-22,3693.67
1999-08-23,3693.63
1999-08-24,3693.66
1999-08-25,3693.62
1999-08-26,3693.6
1999-08-27,3693.61
1999-08-28,3693.55
1999-08-29,3693.52
1999-08-30,3693.49
1999-08-31,3693.49
1999-09-01,3693.46
1999-09-02,3693.38
1999-09-03,3693.31
1999-09-04,3693.34
1999-09-05,3693.37
1999-09-06,3693.41
1999-09-07,3693.44
1999-09-08,3693.39
1999-09-09,3693.33
1999-09-10,3693.28
1999-09-11,3693.19
1999-09-12,3693.2
1999-09-13,3693.12
1999-09-14,3693.08
1999-09-15,3693
1999-09-16,3692.91
1999-09-17,3692.85
1999-09-18,3692.69
1999-09-19,3692.77
1999-09-20,3692.63
1999-09-21,3692.45
1999-09-22,3692.35
1999-09-23,3692.25
1999-09-24,3692.18
1999-09-25,3692.1
1999-09-26,3692.09
1999-09-27,3691.99
1999-09-28,3691.83
1999-09-29,3691.71
1999-09-30,3691.59
1999-10-01,3691.52
1999-10-02,3691.44
1999-10-03,3691.37
1999-10-04,3691.3
1999-10-05,3691.21
1999-10-06,3691.08
1999-10-07,3691.06
1999-10-08,3690.95
1999-10-09,3690.87
1999-10-10,3690.81
1999-10-11,3690.71
1999-10-12,3690.62
1999-10-13,3690.53
1999-10-14,3690.4
1999-10-15,3690.32
1999-10-16,3690.16
1999-10-17,3690.02
1999-10-18,3689.95
1999-10-19,3689.82
1999-10-20,3689.7
1999-10-21,3689.61
1999-10-22,3689.51
1999-10-23,3689.41
1999-10-24,3689.32
1999-10-25,3689.2
1999-10-26,3689.08
1999-10-27,3688.98
1999-10-28,3688.82
1999-10-29,3688.77
1999-10-30,3688.67
1999-10-31,3688.57
1999-11-01,3688.47
1999-11-02,3688.36
1999-11-03,3688.24
1999-11-04,3688.13
1999-11-05,3688.02
1999-11-06,3687.93
1999-11-07,3687.8
1999-11-08,3687.67
1999-11-09,3687.56
1999-11-10,3687.44
1999-11-11,3687.33
1999-11-12,3687.17
1999-11-13,3687.04
1999-11-14,3686.94
1999-11-15,3686.79
1999-11-16,3686.67
1999-11-17,3686.57
1999-11-18,3686.4
1999-11-19,3686.26
1999-11-20,3686.13
1999-11-21,3686.04
1999-11-22,3685.86
1999-11-23,3685.72
1999-11-24,3685.57
1999-11-25,3685.45
1999-11-26,3685.3
1999-11-27,3685.21
1999-11-28,3685.1
1999-11-29,3684.97
1999-11-30,3684.82
1999-12-01,3684.73
1999-12-02,3684.57
1999-12-03,3684.47
1999-12-04,3684.32
1999-12-05,3684.26
1999-12-06,3684.08
1999-12-07,3683.95
1999-12-08,3683.85
1999-12-09,3683.73
1999-12-10,3683.59
1999-12-11,3683.48
1999-12-12,3683.36
1999-12-13,3683.26
1999-12-14,3683.11
1999-12-15,3682.99
1999-12-16,3682.82
1999-12-17,3682.72
1999-12-18,3682.62
1999-12-19,3682.5
1999-12-20,3682.4
1999-12-21,3682.27
1999-12-22,3682.15
1999-12-23,3682.08
1999-12-24,3681.93
1999-12-25,3681.89
1999-12-26,3681.81
1999-12-27,3681.69
1999-12-28,3681.58
1999-12-29,3681.47
1999-12-30,3681.37
1999-12-31,3681.27
2000-01-01,3681.21
2000-01-02,3681.15
2000-01-03,3681.08
2000-01-04,3680.97
2000-01-05,3680.93
2000-01-06,3680.81
2000-01-07,3680.7
2000-01-08,3680.59
2000-01-09,3680.51
2000-01-10,3680.4
2000-01-11,3680.32
2000-01-12,3680.26
2000-01-13,3680.22
2000-01-14,3680.16
2000-01-15,3680.1
2000-01-16,3680.08
2000-01-17,3680.01
2000-01-18,3679.96
2000-01-19,3679.9
2000-01-20,3679.82
2000-01-21,3679.76
2000-01-22,3679.73
2000-01-23,3679.68
2000-01-24,3679.64
2000-01-25,3679.6
2000-01-26,3679.48
2000-01-27,3679.46
2000-01-28,3679.37
2000-01-29,3679.33
2000-01-30,3679.27
2000-01-31,3679.17
2000-02-01,3679.16
2000-02-02,3679.1
2000-02-03,3679.05
2000-02-04,3678.99
2000-02-05,3678.96
2000-02-06,3678.92
2000-02-07,3678.82
2000-02-08,3678.76
2000-02-09,3678.71
2000-02-10,3678.65
2000-02-11,3678.62
2000-02-12,3678.6
2000-02-13,3678.55
2000-02-14,3678.5
2000-02-15,3678.49
2000-02-16,3678.44
2000-02-17,3678.35
2000-02-18,3678.33
2000-02-19,3678.32
2000-02-20,3678.24
2000-02-21,3678.12
2000-02-22,3678.16
2000-02-23,3678.12
2000-02-24,3678.02
2000-02-25,3678.04
2000-02-26,3677.98
2000-02-27,3677.95
2000-02-28,3677.91
2000-02-29,3677.86
2000-03-01,3677.83
2000-03-02,3677.78
2000-03-03,3677.72
2000-03-04,3677.72
2000-03-05,3677.66
2000-03-06,3677.65
2000-03-07,3677.53
2000-03-08,3677.47
2000-03-09,3677.45
2000-03-10,3677.43
2000-03-11,3677.38
2000-03-12,3677.38
2000-03-13,3677.34
2000-03-14,3677.29
2000-03-15,3677.26
2000-03-16,3677.18
2000-03-17,3677.13
2000-03-18,3677.08
2000-03-19,3677.03
2000-03-20,3677.09
2000-03-21,3676.97
2000-03-22,3676.89
2000-03-23,3676.82
2000-03-24,3676.83
2000-03-25,3676.83
2000-03-26,3676.88
2000-03-27,3676.84
2000-03-28,3676.89
2000-03-29,3676.87
2000-03-30,3676.94
2000-03-31,3676.96
2000-04-01,3676.87
2000-04-02,3676.95
2000-04-03,3676.98
2000-04-04,3677.01
2000-04-05,3677.05
2000-04-06,3677
2000-04-07,3676.98
2000-04-08,3676.87
2000-04-09,3676.77
2000-04-10,3676.71
2000-04-11,3676.63
2000-04-12,3676.56
2000-04-13,3676.49
2000-04-14,3676.41
2000-04-15,3676.4
2000-04-16,3676.33
2000-04-17,3676.31
2000-04-18,3676.26
2000-04-19,3676.24
2000-04-20,3676.2
2000-04-21,3676.15
2000-04-22,3676.14
2000-04-23,3676.08
2000-04-24,3676.07
2000-04-25,3676.02
2000-04-26,3676.03
2000-04-27,3675.98
2000-04-28,3675.98
2000-04-29,3675.88
2000-04-30,3675.95
2000-05-01,3676.02
2000-05-02,3676.03
2000-05-03,3675.87
2000-05-04,3675.74
2000-05-05,3675.64
2000-05-06,3675.53
2000-05-07,3675.64
2000-05-08,3675.77
2000-05-09,3675.92
2000-05-10,3676.08
2000-05-11,3676.3
2000-05-12,3676.48
2000-05-13,3676.59
2000-05-14,3676.73
2000-05-15,3676.84
2000-05-16,3676.92
2000-05-17,3676.96
2000-05-18,3677.04
2000-05-19,3677.07
2000-05-20,3677.1
2000-05-21,3677.11
2000-05-22,3677.15
2000-05-23,3677.17
2000-05-24,3677.16
2000-05-25,3677.23
2000-05-26,3677.35
2000-05-27,3677.5
2000-05-28,3677.74
2000-05-29,3678
2000-05-30,3678.24
2000-05-31,3678.53
2000-06-01,3678.89
2000-06-02,3679.31
2000-06-03,3679.73
2000-06-04,3680.15
2000-06-05,3680.53
2000-06-06,3680.87
2000-06-07,3681.22
2000-06-08,3681.5
2000-06-09,3681.71
2000-06-10,3681.96
2000-06-11,3682.16
2000-06-12,3682.36
2000-06-13,3682.52
2000-06-14,3682.65
2000-06-15,3682.79
2000-06-16,3682.88
2000-06-17,3682.91
2000-06-18,3682.99
2000-06-19,3683.04
2000-06-20,3683.06
2000-06-21,3683.09
2000-06-22,3683.14
2000-06-23,3683.2
2000-06-24,3683.19
2000-06-25,3683.29
2000-06-26,3683.31
2000-06-27,3683.28
2000-06-28,3683.31
2000-06-29,3683.35
2000-06-30,3683.4
2000-07-01,3683.36
2000-07-02,3683.37
2000-07-03,3683.34
2000-07-04,3683.3
2000-07-05,3683.28
2000-07-06,3683.23
2000-07-07,3683.27
2000-07-08,3683.19
2000-07-09,3683.2
2000-07-10,3683.14
2000-07-11,3683.12
2000-07-12,3683.07
2000-07-13,3683.04
2000-07-14,3683.03
2000-07-15,3682.99
2000-07-16,3682.92
2000-07-17,3682.83
2000-07-18,3682.81
2000-07-19,3682.76
2000-07-20,3682.71
2000-07-21,3682.69
2000-07-22,3682.63
2000-07-23,3682.56
2000-07-24,3682.56
2000-07-25,3682.5
2000-07-26,3682.41
2000-07-27,3682.36
2000-07-28,3682.27
2000-07-29,3682.26
2000-07-30,3682.16
2000-07-31,3682.12
2000-08-01,3682.04
2000-08-02,3681.95
2000-08-03,3681.9
2000-08-04,3681.81
2000-08-05,3681.8
2000-08-06,3681.73
2000-08-07,3681.66
2000-08-08,3681.59
2000-08-09,3681.49
2000-08-10,3681.47
2000-08-11,3681.39
2000-08-12,3681.34
2000-08-13,3681.28
2000-08-14,3681.19
2000-08-15,3681.13
2000-08-16,3681.06
2000-08-17,3681
2000-08-18,3680.93
2000-08-19,3680.87
2000-08-20,3680.79
2000-08-21,3680.76
2000-08-22,3680.73
2000-08-23,3680.65
2000-08-24,3680.63
2000-08-25,3680.6
2000-08-26,3680.57
2000-08-27,3680.57
2000-08-28,3680.48
2000-08-29,3680.44
2000-08-30,3680.4
2000-08-31,3680.32
2000-09-01,3680.3
2000-09-02,3680.24
2000-09-03,3680.23
2000-09-04,3680.17
2000-09-05,3679.84
2000-09-06,3679.5
2000-09-07,3679.11
2000-09-08,3678.86
2000-09-09,3678.79
2000-09-10,3678.72
2000-09-11,3678.7
2000-09-12,3678.7
2000-09-13,3678.66
2000-09-14,3678.63
2000-09-15,3678.58
2000-09-16,3678.55
2000-09-17,3678.47
2000-09-18,3678.38
2000-09-19,3678.39
2000-09-20,3678.32
2000-09-21,3678.22
2000-09-22,3678.15
2000-09-23,3678.08
2000-09-24,3678.04
2000-09-25,3677.96
2000-09-26,3677.91
2000-09-27,3677.88
2000-09-28,3677.91
2000-09-29,3677.82
2000-09-30,3677.8
2000-10-01,3677.74
2000-10-02,3677.67
2000-10-03,3677.63
2000-10-04,3677.53
2000-10-05,3677.55
2000-10-06,3677.49
2000-10-07,3677.43
2000-10-08,3677.37
2000-10-09,3677.28
2000-10-10,3677.2
2000-10-11,3677.1
2000-10-12,3677
2000-10-13,3676.96
2000-10-14,3676.9
2000-10-15,3676.87
2000-10-16,3676.8
2000-10-17,3676.73
2000-10-18,3676.69
2000-10-19,3676.64
2000-10-20,3676.58
2000-10-21,3676.62
2000-10-22,3676.65
2000-10-23,3676.6
2000-10-24,3676.67
2000-10-25,3676.68
2000-10-26,3676.65
2000-10-27,3676.68
2000-10-28,3676.6
2000-10-29,3676.54
2000-10-30,3676.55
2000-10-31,3676.5
2000-11-01,3676.45
2000-11-02,3676.37
2000-11-03,3676.28
2000-11-04,3676.18
2000-11-05,3676.11
2000-11-06,3676.01
2000-11-07,3675.88
2000-11-08,3675.74
2000-11-09,3675.64
2000-11-10,3675.57
2000-11-11,3675.46
2000-11-12,3675.33
2000-11-13,3675.23
2000-11-14,3675.09
2000-11-15,3674.99
2000-11-16,3674.88
2000-11-17,3674.79
2000-11-18,3674.65
2000-11-19,3674.57
2000-11-20,3674.45
2000-11-21,3674.34
2000-11-22,3674.21
2000-11-23,3674.1
2000-11-24,3673.97
2000-11-25,3673.85
2000-11-26,3673.74
2000-11-27,3673.66
2000-11-28,3673.54
2000-11-29,3673.47
2000-11-30,3673.32
2000-12-01,3673.24
2000-12-02,3673.14
2000-12-03,3673.03
2000-12-04,3672.91
2000-12-05,3672.8
2000-12-06,3672.69
2000-12-07,3672.59
2000-12-08,3672.48
2000-12-09,3672.38
2000-12-10,3672.25
2000-12-11,3672.2
2000-12-12,3672.04
2000-12-13,3671.92
2000-12-14,3671.78
2000-12-15,3671.75
2000-12-16,3671.61
2000-12-17,3671.47
2000-12-18,3671.38
2000-12-19,3671.28
2000-12-20,3671.2
2000-12-21,3671.03
2000-12-22,3670.91
2000-12-23,3670.81
2000-12-24,3670.76
2000-12-25,3670.59
2000-12-26,3670.44
2000-12-27,3670.32
2000-12-28,3670.23
2000-12-29,3670.11
2000-12-30,3670.01
2000-12-31,3669.89
2001-01-01,3669.81
2001-01-02,3669.71
2001-01-03,3669.57
2001-01-04,3669.45
2001-01-05,3669.33
2001-01-06,3669.24
2001-01-07,3669.14
2001-01-08,3669
2001-01-09,3668.87
2001-01-10,3668.71
2001-01-11,3668.58
2001-01-12,3668.48
2001-01-13,3668.38
2001-01-14,3668.31
2001-01-15,3668.19
2001-01-16,3668.08
2001-01-17,3667.94
2001-01-18,3667.82
2001-01-19,3667.68
2001-01-20,3667.55
2001-01-21,3667.48
2001-01-22,3667.33
2001-01-23,3667.2
2001-01-24,3667.09
2001-01-25,3666.94
2001-01-26,3666.85
2001-01-27,3666.74
2001-01-28,3666.64
2001-01-29,3666.53
2001-01-30,3666.4
2001-01-31,3666.27
2001-02-01,3666.2
2001-02-02,3666.09
2001-02-03,3665.98
2001-02-04,3665.94
2001-02-05,3665.84
2001-02-06,3665.76
2001-02-07,3665.62
2001-02-08,3665.52
2001-02-09,3665.46
2001-02-10,3665.39
2001-02-11,3665.31
2001-02-12,3665.23
2001-02-13,3665.12
2001-02-14,3665.04
2001-02-15,3664.94
2001-02-16,3664.86
2001-02-17,3664.81
2001-02-18,3664.7
2001-02-19,3664.62
2001-02-20,3664.5
2001-02-21,3664.45
2001-02-22,3664.36
2001-02-23,3664.29
2001-02-24,3664.21
2001-02-25,3664.2
2001-02-26,3664.13
2001-02-27,3664.07
2001-02-28,3664.01
2001-03-01,3663.98
2001-03-02,3663.95
2001-03-03,3663.93
2001-03-04,3663.9
2001-03-05,3663.84
2001-03-06,3663.78
2001-03-07,3663.74
2001-03-08,3663.68
2001-03-09,3663.61
2001-03-10,3663.61
2001-03-11,3663.57
2001-03-12,3663.55
2001-03-13,3663.52
2001-03-14,3663.46
2001-03-15,3663.4
2001-03-16,3663.32
2001-03-17,3663.32
2001-03-18,3663.32
2001-03-19,3663.21
2001-03-20,3663.12
2001-03-21,3663.06
2001-03-22,3663.01
2001-03-23,3662.98
2001-03-24,3662.93
2001-03-25,3662.88
2001-03-26,3662.89
2001-03-27,3662.84
2001-03-28,3662.85
2001-03-29,3662.84
2001-03-30,3662.83
2001-03-31,3662.82
2001-04-01,3662.83
2001-04-02,3662.85
2001-04-03,3662.78
2001-04-04,3662.77
2001-04-05,3662.73
2001-04-06,3662.71
2001-04-07,3662.69
2001-04-08,3662.68
2001-04-09,3662.61
2001-04-10,3662.62
2001-04-11,3662.63
2001-04-12,3662.59
2001-04-13,3662.57
2001-04-14,3662.56
2001-04-15,3662.6
2001-04-16,3662.59
2001-04-17,3662.56
2001-04-18,3662.5
2001-04-19,3662.48
2001-04-20,3662.4
2001-04-21,3662.39
2001-04-22,3662.42
2001-04-23,3662.4
2001-04-24,3662.39
2001-04-25,3662.4
2001-04-26,3662.39
2001-04-27,3662.43
2001-04-28,3662.42
2001-04-29,3662.46
2001-04-30,3662.49
2001-05-01,3662.57
2001-05-02,3662.6
2001-05-03,3662.69
2001-05-04,3662.77
2001-05-05,3662.9
2001-05-06,3663.13
2001-05-07,3663.24
2001-05-08,3663.34
2001-05-09,3663.45
2001-05-10,3663.54
2001-05-11,3663.65
2001-05-12,3663.73
2001-05-13,3663.88
2001-05-14,3663.95
2001-05-15,3664.11
2001-05-16,3664.42
2001-05-17,3664.69
2001-05-18,3665.07
2001-05-19,3665.41
2001-05-20,3665.81
2001-05-21,3666.24
2001-05-22,3666.64
2001-05-23,3667.02
2001-05-24,3667.4
2001-05-25,3667.75
2001-05-26,3668.06
2001-05-27,3668.41
2001-05-28,3668.7
2001-05-29,3669.09
2001-05-30,3669.41
2001-05-31,3669.7
2001-06-01,3670
2001-06-02,3670.23
2001-06-03,3670.53
2001-06-04,3670.73
2001-06-05,3670.98
2001-06-06,3671.23
2001-06-07,3671.43
2001-06-08,3671.6
2001-06-09,3671.77
2001-06-10,3671.93
2001-06-11,3672.09
2001-06-12,3672.35
2001-06-13,3672.3
2001-06-14,3672.41
2001-06-15,3672.53
2001-06-16,3672.62
2001-06-17,3672.74
2001-06-18,3672.79
2001-06-19,3672.86
2001-06-20,3672.89
2001-06-21,3672.93
2001-06-22,3672.89
2001-06-23,3672.98
2001-06-24,3672.97
2001-06-25,3672.95
2001-06-26,3673.01
2001-06-27,3673
2001-06-28,3672.98
2001-06-29,3672.98
2001-06-30,3673.02
2001-07-01,3673.02
2001-07-02,3672.9
2001-07-03,3672.84
2001-07-04,3672.76
2001-07-05,3672.66
2001-07-06,3672.51
2001-07-07,3672.33
2001-07-08,3672.23
2001-07-09,3672.14
2001-07-10,3672.07
2001-07-11,3671.98
2001-07-12,3671.86
2001-07-13,3671.75
2001-07-14,3671.67
2001-07-15,3671.54
2001-07-16,3671.44
2001-07-17,3671.33
2001-07-18,3671.22
2001-07-19,3671.1
2001-07-20,3670.96
2001-07-21,3670.84
2001-07-22,3670.75
2001-07-23,3670.6
2001-07-24,3670.49
2001-07-25,3670.34
2001-07-26,3670.18
2001-07-27,3670.02
2001-07-28,3669.83
2001-07-29,3669.74
2001-07-30,3669.6
2001-07-31,3669.46
2001-08-01,3669.31
2001-08-02,3669.16
2001-08-03,3668.96
2001-08-04,3668.86
2001-08-05,3668.81
2001-08-06,3668.67
2001-08-07,3668.52
2001-08-08,3668.39
2001-08-09,3668.43
2001-08-10,3668.32
2001-08-11,3668.16
2001-08-12,3668.17
2001-08-13,3668.1
2001-08-14,3668.07
2001-08-15,3668.02
2001-08-16,3667.95
2001-08-17,3667.79
2001-08-18,3667.66
2001-08-19,3667.67
2001-08-20,3667.49
2001-08-21,3667.45
2001-08-22,3667.28
2001-08-23,3667.16
2001-08-24,3667.06
2001-08-25,3666.95
2001-08-26,3666.9
2001-08-27,3666.79
2001-08-28,3666.63
2001-08-29,3666.52
2001-08-30,3666.36
2001-08-31,3666.22
2001-09-01,3666.16
2001-09-02,3666.11
2001-09-03,3666.08
2001-09-04,3666.04
2001-09-05,3665.94
2001-09-06,3665.94
2001-09-07,3665.86
2001-09-08,3665.77
2001-09-09,3665.69
2001-09-10,3665.64
2001-09-11,3665.59
2001-09-12,3665.56
2001-09-13,3665.45
2001-09-14,3665.44
2001-09-15,3665.41
2001-09-16,3665.34
2001-09-17,3665.4
2001-09-18,3665.35
2001-09-19,3665.26
2001-09-20,3665.22
2001-09-21,3665.19
2001-09-22,3665.18
2001-09-23,3665.15
2001-09-24,3665.09
2001-09-25,3665.06
2001-09-26,3665.03
2001-09-27,3664.98
2001-09-28,3664.93
2001-09-29,3664.91
2001-09-30,3664.84
2001-10-01,3664.73
2001-10-02,3664.64
2001-10-03,3664.55
2001-10-04,3664.45
2001-10-05,3664.35
2001-10-06,3664.25
2001-10-07,3664.16
2001-10-08,3664.05
2001-10-09,3663.97
2001-10-10,3663.91
2001-10-11,3663.82
2001-10-12,3663.74
2001-10-13,3663.61
2001-10-14,3663.6
2001-10-15,3663.52
2001-10-16,3663.43
2001-10-17,3663.33
2001-10-18,3663.28
2001-10-19,3663.21
2001-10-20,3663.14
2001-10-21,3663.13
2001-10-22,3663.03
2001-10-23,3662.98
2001-10-24,3662.88
2001-10-25,3662.78
2001-10-26,3662.72
2001-10-27,3662.63
2001-10-28,3662.6
2001-10-29,3662.53
2001-10-30,3662.44
2001-10-31,3662.35
2001-11-01,3662.29
2001-11-02,3662.22
2001-11-03,3662.16
2001-11-04,3662.11
2001-11-05,3662.02
2001-11-06,3661.95
2001-11-07,3661.9
2001-11-08,3661.85
2001-11-09,3661.74
2001-11-10,3661.67
2001-11-11,3661.62
2001-11-12,3661.56
2001-11-13,3661.48
2001-11-14,3661.39
2001-11-15,3661.31
2001-11-16,3661.22
2001-11-17,3661.14
2001-11-18,3661.11
2001-11-19,3661.01
2001-11-20,3660.92
2001-11-21,3660.85
2001-11-22,3660.8
2001-11-23,3660.68
2001-11-24,3660.59
2001-11-25,3660.56
2001-11-26,3660.47
2001-11-27,3660.32
2001-11-28,3660.22
2001-11-29,3660.17
2001-11-30,3660.14
2001-12-01,3660.02
2001-12-02,3659.94
2001-12-03,3659.86
2001-12-04,3659.68
2001-12-05,3659.49
2001-12-06,3659.37
2001-12-07,3659.2
2001-12-08,3659.11
2001-12-09,3659.07
2001-12-10,3658.87
2001-12-11,3658.76
2001-12-12,3658.61
2001-12-13,3658.46
2001-12-14,3658.34
2001-12-15,3658.2
2001-12-16,3658.1
2001-12-17,3657.92
2001-12-18,3657.78
2001-12-19,3657.67
2001-12-20,3657.52
2001-12-21,3657.33
2001-12-22,3657.22
2001-12-23,3657.14
2001-12-24,3656.98
2001-12-25,3656.91
2001-12-26,3656.75
2001-12-27,3656.63
2001-12-28,3656.5
2001-12-29,3656.38
2001-12-30,3656.27
2001-12-31,3656.17
2002-01-01,3656.08
2002-01-02,3655.9
2002-01-03,3655.79
2002-01-04,3655.67
2002-01-05,3655.59
2002-01-06,3655.5
2002-01-07,3655.41
2002-01-08,3655.29
2002-01-09,3655.16
2002-01-10,3654.99
2002-01-11,3654.9
2002-01-12,3654.74
2002-01-13,3654.69
2002-01-14,3654.55
2002-01-15,3654.45
2002-01-16,3654.3
2002-01-17,3654.17
2002-01-18,3653.99
2002-01-19,3653.89
2002-01-20,3653.77
2002-01-21,3653.63
2002-01-22,3653.53
2002-01-23,3653.41
2002-01-24,3653.25
2002-01-25,3653.09
2002-01-26,3652.99
2002-01-27,3652.89
2002-01-28,3652.73
2002-01-29,3652.58
2002-01-30,3652.48
2002-01-31,3652.33
2002-02-01,3652.26
2002-02-02,3652.15
2002-02-03,3652.08
2002-02-04,3651.96
2002-02-05,3651.89
2002-02-06,3651.78
2002-02-07,3651.68
2002-02-08,3651.57
2002-02-09,3651.5
2002-02-10,3651.41
2002-02-11,3651.31
2002-02-12,3651.23
2002-02-13,3651.11
2002-02-14,3651.03
2002-02-15,3650.93
2002-02-16,3650.85
2002-02-17,3650.75
2002-02-18,3650.67
2002-02-19,3650.56
2002-02-20,3650.5
2002-02-21,3650.4
2002-02-22,3650.3
2002-02-23,3650.23
2002-02-24,3650.15
2002-02-25,3650.08
2002-02-26,3649.96
2002-02-27,3649.89
2002-02-28,3649.79
2002-03-01,3649.7
2002-03-02,3649.64
2002-03-03,3649.57
2002-03-04,3649.52
2002-03-05,3649.42
2002-03-06,3649.32
2002-03-07,3649.29
2002-03-08,3649.24
2002-03-09,3649.15
2002-03-10,3649.05
2002-03-11,3648.95
2002-03-12,3648.85
2002-03-13,3648.78
2002-03-14,3648.71
2002-03-15,3648.61
2002-03-16,3648.57
2002-03-17,3648.5
2002-03-18,3648.42
2002-03-19,3648.35
2002-03-20,3648.32
2002-03-21,3648.26
2002-03-22,3648.16
2002-03-23,3648.11
2002-03-24,3648.04
2002-03-25,3647.96
2002-03-26,3647.99
2002-03-27,3647.91
2002-03-28,3647.86
2002-03-29,3647.77
2002-03-30,3647.74
2002-03-31,3647.67
2002-04-01,3647.59
2002-04-02,3647.53
2002-04-03,3647.47
2002-04-04,3647.44
2002-04-05,3647.35
2002-04-06,3647.35
2002-04-07,3647.31
2002-04-08,3647.23
2002-04-09,3647.16
2002-04-10,3647.2
2002-04-11,3647.08
2002-04-12,3647.06
2002-04-13,3646.97
2002-04-14,3646.91
2002-04-15,3646.8
2002-04-16,3646.73
2002-04-17,3646.75
2002-04-18,3646.66
2002-04-19,3646.53
2002-04-20,3646.54
2002-04-21,3646.5
2002-04-22,3646.42
2002-04-23,3646.35
2002-04-24,3646.31
2002-04-25,3646.22
2002-04-26,3646.2
2002-04-27,3646.08
2002-04-28,3646.02
2002-04-29,3645.92
2002-04-30,3645.85
2002-05-01,3645.8
2002-05-02,3645.69
2002-05-03,3645.63
2002-05-04,3645.57
2002-05-05,3645.51
2002-05-06,3645.42
2002-05-07,3645.36
2002-05-08,3645.27
2002-05-09,3645.23
2002-05-10,3645.18
2002-05-11,3645.11
2002-05-12,3645.09
2002-05-13,3645.01
2002-05-14,3644.92
2002-05-15,3644.85
2002-05-16,3644.85
2002-05-17,3644.73
2002-05-18,3644.67
2002-05-19,3644.64
2002-05-20,3644.52
2002-05-21,3644.43
2002-05-22,3644.37
2002-05-23,3644.33
2002-05-24,3644.33
2002-05-25,3644.31
2002-05-26,3644.29
2002-05-27,3644.33
2002-05-28,3644.38
2002-05-29,3644.44
2002-05-30,3644.45
2002-05-31,3644.46
2002-06-01,3644.4
2002-06-02,3644.36
2002-06-03,3644.25
2002-06-04,3644.17
2002-06-05,3644.17
2002-06-06,3644.13
2002-06-07,3644.04
2002-06-08,3644
2002-06-09,3643.89
2002-06-10,3643.75
2002-06-11,3643.66
2002-06-12,3643.56
2002-06-13,3643.47
2002-06-14,3643.32
2002-06-15,3643.22
2002-06-16,3643.1
2002-06-17,3642.99
2002-06-18,3642.86
2002-06-19,3642.73
2002-06-20,3642.54
2002-06-21,3642.39
2002-06-22,3642.22
2002-06-23,3642.11
2002-06-24,3641.94
2002-06-25,3641.74
2002-06-26,3641.57
2002-06-27,3641.38
2002-06-28,3641.2
2002-06-29,3641.06
2002-06-30,3640.91
2002-07-01,3640.68
2002-07-02,3640.5
2002-07-03,3640.26
2002-07-04,3640.13
2002-07-05,3639.9
2002-07-06,3639.68
2002-07-07,3639.51
2002-07-08,3639.3
2002-07-09,3639.1
2002-07-10,3638.86
2002-07-11,3638.64
2002-07-12,3638.43
2002-07-13,3638.21
2002-07-14,3638.02
2002-07-15,3637.8
2002-07-16,3637.58
2002-07-17,3637.34
2002-07-18,3637.11
2002-07-19,3636.89
2002-07-20,3636.67
2002-07-21,3636.47
2002-07-22,3636.25
2002-07-23,3636
2002-07-24,3635.77
2002-07-25,3635.53
2002-07-26,3635.3
2002-07-27,3635.08
2002-07-28,3634.92
2002-07-29,3634.7
2002-07-30,3634.46
2002-07-31,3634.24
2002-08-01,3634.03
2002-08-02,3633.85
2002-08-03,3633.64
2002-08-04,3633.43
2002-08-05,3633.19
2002-08-06,3632.98
2002-08-07,3632.74
2002-08-08,3632.51
2002-08-09,3632.29
2002-08-10,3632.11
2002-08-11,3631.88
2002-08-12,3631.69
2002-08-13,3631.47
2002-08-14,3631.24
2002-08-15,3631
2002-08-16,3630.76
2002-08-17,3630.57
2002-08-18,3630.36
2002-08-19,3630.16
2002-08-20,3629.93
2002-08-21,3629.69
2002-08-22,3629.44
2002-08-23,3629.19
2002-08-24,3629.01
2002-08-25,3628.78
2002-08-26,3628.53
2002-08-27,3628.32
2002-08-28,3628.19
2002-08-29,3627.94
2002-08-30,3627.7
2002-08-31,3627.45
2002-09-01,3627.34
2002-09-02,3627.25
2002-09-03,3627.12
2002-09-04,3627.02
2002-09-05,3626.94
2002-09-06,3626.87
2002-09-07,3626.96
2002-09-08,3627.04
2002-09-09,3626.98
2002-09-10,3627.02
2002-09-11,3627.11
2002-09-12,3627.18
2002-09-13,3627.38
2002-09-14,3627.47
2002-09-15,3627.52
2002-09-16,3627.49
2002-09-17,3627.44
2002-09-18,3627.35
2002-09-19,3627.3
2002-09-20,3627.27
2002-09-21,3627.25
2002-09-22,3627.19
2002-09-23,3627.12
2002-09-24,3627.03
2002-09-25,3627.04
2002-09-26,3626.9
2002-09-27,3626.8
2002-09-28,3626.7
2002-09-29,3626.6
2002-09-30,3626.53
2002-10-01,3626.55
2002-10-02,3626.44
2002-10-03,3626.34
2002-10-04,3626.31
2002-10-05,3626.27
2002-10-06,3626.22
2002-10-07,3626.17
2002-10-08,3626.12
2002-10-09,3626.05
2002-10-10,3625.98
2002-10-11,3625.95
2002-10-12,3625.89
2002-10-13,3625.83
2002-10-14,3625.76
2002-10-15,3625.7
2002-10-16,3625.62
2002-10-17,3625.51
2002-10-18,3625.44
2002-10-19,3625.39
2002-10-20,3625.33
2002-10-21,3625.24
2002-10-22,3625.18
2002-10-23,3625.07
2002-10-24,3625.02
2002-10-25,3624.97
2002-10-26,3624.96
2002-10-27,3624.9
2002-10-28,3624.82
2002-10-29,3624.81
2002-10-30,3624.73
2002-10-31,3624.72
2002-11-01,3624.69
2002-11-02,3624.71
2002-11-03,3624.59
2002-11-04,3624.51
2002-11-05,3624.43
2002-11-06,3624.39
2002-11-07,3624.3
2002-11-08,3624.23
2002-11-09,3624.19
2002-11-10,3624.18
2002-11-11,3624.2
2002-11-12,3624.2
2002-11-13,3624.16
2002-11-14,3624.09
2002-11-15,3624.09
2002-11-16,3624.03
2002-11-17,3623.97
2002-11-18,3623.93
2002-11-19,3623.87
2002-11-20,3623.82
2002-11-21,3623.74
2002-11-22,3623.7
2002-11-23,3623.61
2002-11-24,3623.55
2002-11-25,3623.56
2002-11-26,3623.44
2002-11-27,3623.38
2002-11-28,3623.33
2002-11-29,3623.29
2002-11-30,3623.25
2002-12-01,3623.16
2002-12-02,3623.07
2002-12-03,3622.94
2002-12-04,3622.84
2002-12-05,3622.74
2002-12-06,3622.65
2002-12-07,3622.55
2002-12-08,3622.46
2002-12-09,3622.35
2002-12-10,3622.26
2002-12-11,3622.18
2002-12-12,3622.07
2002-12-13,3621.96
2002-12-14,3621.89
2002-12-15,3621.79
2002-12-16,3621.72
2002-12-17,3621.56
2002-12-18,3621.43
2002-12-19,3621.33
2002-12-20,3621.18
2002-12-21,3621.14
2002-12-22,3621.06
2002-12-23,3620.93
2002-12-24,3620.82
2002-12-25,3620.75
2002-12-26,3620.61
2002-12-27,3620.54
2002-12-28,3620.43
2002-12-29,3620.31
2002-12-30,3620.24
2002-12-31,3620.1
2003-01-01,3619.94
2003-01-02,3619.78
2003-01-03,3619.61
2003-01-04,3619.42
2003-01-05,3619.28
2003-01-06,3619.13
2003-01-07,3619
2003-01-08,3618.82
2003-01-09,3618.68
2003-01-10,3618.52
2003-01-11,3618.39
2003-01-12,3618.25
2003-01-13,3618.12
2003-01-14,3617.94
2003-01-15,3617.79
2003-01-16,3617.65
2003-01-17,3617.48
2003-01-18,3617.32
2003-01-19,3617.14
2003-01-20,3616.99
2003-01-21,3616.8
2003-01-22,3616.66
2003-01-23,3616.53
2003-01-24,3616.37
2003-01-25,3616.2
2003-01-26,3616.05
2003-01-27,3615.9
2003-01-28,3615.75
2003-01-29,3615.58
2003-01-30,3615.42
2003-01-31,3615.28
2003-02-01,3615.08
2003-02-02,3614.93
2003-02-03,3614.75
2003-02-04,3614.65
2003-02-05,3614.45
2003-02-06,3614.31
2003-02-07,3614.16
2003-02-08,3613.97
2003-02-09,3613.82
2003-02-10,3613.65
2003-02-11,3613.47
2003-02-12,3613.33
2003-02-13,3613.2
2003-02-14,3613.05
2003-02-15,3612.9
2003-02-16,3612.72
2003-02-17,3612.58
2003-02-18,3612.44
2003-02-19,3612.35
2003-02-20,3612.19
2003-02-21,3612.01
2003-02-22,3611.84
2003-02-23,3611.66
2003-02-24,3611.55
2003-02-25,3611.48
2003-02-26,3611.29
2003-02-27,3611.13
2003-02-28,3611.02
2003-03-01,3610.94
2003-03-02,3610.76
2003-03-03,3610.6
2003-03-04,3610.45
2003-03-05,3610.3
2003-03-06,3610.18
2003-03-07,3610.04
2003-03-08,3609.92
2003-03-09,3609.79
2003-03-10,3609.65
2003-03-11,3609.51
2003-03-12,3609.38
2003-03-13,3609.21
2003-03-14,3609.05
2003-03-15,3608.9
2003-03-16,3608.8
2003-03-17,3608.72
2003-03-18,3608.59
2003-03-19,3608.49
2003-03-20,3608.46
2003-03-21,3608.36
2003-03-22,3608.25
2003-03-23,3608.13
2003-03-24,3607.98
2003-03-25,3607.93
2003-03-26,3607.81
2003-03-27,3607.69
2003-03-28,3607.51
2003-03-29,3607.39
2003-03-30,3607.28
2003-03-31,3607.13
2003-04-01,3607.05
2003-04-02,3606.94
2003-04-03,3606.88
2003-04-04,3606.79
2003-04-05,3606.64
2003-04-06,3606.59
2003-04-07,3606.52
2003-04-08,3606.43
2003-04-09,3606.34
2003-04-10,3606.23
2003-04-11,3606.18
2003-04-12,3606.07
2003-04-13,3606.03
2003-04-14,3605.91
2003-04-15,3605.81
2003-04-16,3605.75
2003-04-17,3605.68
2003-04-18,3605.56
2003-04-19,3605.52
2003-04-20,3605.53
2003-04-21,3605.48
2003-04-22,3605.43
2003-04-23,3605.43
2003-04-24,3605.39
2003-04-25,3605.32
2003-04-26,3605.27
2003-04-27,3605.3
2003-04-28,3605.23
2003-04-29,3605.14
2003-04-30,3605.1
2003-05-01,3605.05
2003-05-02,3605.06
2003-05-03,3605.12
2003-05-04,3605.2
2003-05-05,3605.27
2003-05-06,3605.29
2003-05-07,3605.26
2003-05-08,3605.34
2003-05-09,3605.29
2003-05-10,3605.29
2003-05-11,3605.31
2003-05-12,3605.31
2003-05-13,3605.28
2003-05-14,3605.27
2003-05-15,3605.23
2003-05-16,3605.19
2003-05-17,3605.13
2003-05-18,3605.26
2003-05-19,3605.31
2003-05-20,3605.41
2003-05-21,3605.59
2003-05-22,3605.83
2003-05-23,3606.16
2003-05-24,3606.62
2003-05-25,3607.1
2003-05-26,3607.57
2003-05-27,3608.09
2003-05-28,3608.57
2003-05-29,3609.05
2003-05-30,3609.57
2003-05-31,3610.26
2003-06-01,3610.95
2003-06-02,3611.56
2003-06-03,3612.25
2003-06-04,3612.92
2003-06-05,3613.46
2003-06-06,3614.03
2003-06-07,3614.56
2003-06-08,3615.04
2003-06-09,3615.33
2003-06-10,3615.51
2003-06-11,3615.68
2003-06-12,3615.83
2003-06-13,3615.91
2003-06-14,3616.04
2003-06-15,3616.19
2003-06-16,3616.32
2003-06-17,3616.34
2003-06-18,3616.49
2003-06-19,3616.47
2003-06-20,3616.44
2003-06-21,3616.45
2003-06-22,3616.56
2003-06-23,3616.6
2003-06-24,3616.54
2003-06-25,3616.49
2003-06-26,3616.43
2003-06-27,3616.39
2003-06-28,3616.34
2003-06-29,3616.32
2003-06-30,3616.2
2003-07-01,3616.09
2003-07-02,3615.94
2003-07-03,3615.82
2003-07-04,3615.8
2003-07-05,3615.64
2003-07-06,3615.58
2003-07-07,3615.43
2003-07-08,3615.25
2003-07-09,3615.09
2003-07-10,3614.92
2003-07-11,3614.71
2003-07-12,3614.54
2003-07-13,3614.42
2003-07-14,3614.21
2003-07-15,3614
2003-07-16,3613.8
2003-07-17,3613.55
2003-07-18,3613.29
2003-07-19,3613.14
2003-07-20,3613.04
2003-07-21,3612.81
2003-07-22,3612.58
2003-07-23,3612.37
2003-07-24,3612.09
2003-07-25,3611.93
2003-07-26,3611.65
2003-07-27,3611.5
2003-07-28,3611.28
2003-07-29,3611.04
2003-07-30,3610.82
2003-07-31,3610.63
2003-08-01,3610.37
2003-08-02,3610.25
2003-08-03,3610.13
2003-08-04,3609.88
2003-08-05,3609.66
2003-08-06,3609.47
2003-08-07,3609.26
2003-08-08,3609.05
2003-08-09,3608.77
2003-08-10,3608.6
2003-08-11,3608.39
2003-08-12,3608.15
2003-08-13,3607.92
2003-08-14,3607.73
2003-08-15,3607.5
2003-08-16,3607.25
2003-08-17,3607.1
2003-08-18,3606.89
2003-08-19,3606.63
2003-08-20,3606.44
2003-08-21,3606.23
2003-08-22,3606.02
2003-08-23,3605.77
2003-08-24,3605.65
2003-08-25,3605.47
2003-08-26,3605.22
2003-08-27,3605.03
2003-08-28,3604.78
2003-08-29,3604.56
2003-08-30,3604.39
2003-08-31,3604.21
2003-09-01,3604.13
2003-09-02,3604.04
2003-09-03,3603.99
2003-09-04,3603.9
2003-09-05,3603.85
2003-09-06,3603.74
2003-09-07,3603.64
2003-09-08,3603.57
2003-09-09,3603.81
2003-09-10,3603.92
2003-09-11,3604.22
2003-09-12,3604.41
2003-09-13,3604.56
2003-09-14,3604.6
2003-09-15,3604.58
2003-09-16,3604.53
2003-09-17,3604.53
2003-09-18,3604.45
2003-09-19,3604.4
2003-09-20,3604.35
2003-09-21,3604.3
2003-09-22,3604.23
2003-09-23,3604.17
2003-09-24,3604.13
2003-09-25,3604.05
2003-09-26,3603.99
2003-09-27,3603.92
2003-09-28,3603.86
2003-09-29,3603.77
2003-09-30,3603.73
2003-10-01,3603.72
2003-10-02,3603.65
2003-10-03,3603.58
2003-10-04,3603.56
2003-10-05,3603.56
2003-10-06,3603.54
2003-10-07,3603.47
2003-10-08,3603.47
2003-10-09,3603.42
2003-10-10,3603.4
2003-10-11,3603.27
2003-10-12,3603.17
2003-10-13,3603.14
2003-10-14,3603.05
2003-10-15,3602.98
2003-10-16,3602.92
2003-10-17,3602.87
2003-10-18,3602.82
2003-10-19,3602.79
2003-10-20,3602.73
2003-10-21,3602.67
2003-10-22,3602.61
2003-10-23,3602.55
2003-10-24,3602.48
2003-10-25,3602.4
2003-10-26,3602.29
2003-10-27,3602.21
2003-10-28,3602.15
2003-10-29,3602.1
2003-10-30,3602.04
2003-10-31,3601.93
2003-11-01,3601.85
2003-11-02,3601.8
2003-11-03,3601.71
2003-11-04,3601.66
2003-11-05,3601.62
2003-11-06,3601.56
2003-11-07,3601.47
2003-11-08,3601.43
2003-11-09,3601.35
2003-11-10,3601.47
2003-11-11,3601.42
2003-11-12,3601.41
2003-11-13,3601.48
2003-11-14,3601.43
2003-11-15,3601.42
2003-11-16,3601.34
2003-11-17,3601.3
2003-11-18,3601.27
2003-11-19,3601.23
2003-11-20,3601.17
2003-11-21,3601.1
2003-11-22,3601.06
2003-11-23,3600.97
2003-11-24,3600.88
2003-11-25,3600.78
2003-11-26,3600.71
2003-11-27,3600.7
2003-11-28,3600.63
2003-11-29,3600.59
2003-11-30,3600.48
2003-12-01,3600.33
2003-12-02,3600.25
2003-12-03,3600.14
2003-12-04,3600.03
2003-12-05,3599.92
2003-12-06,3599.81
2003-12-07,3599.76
2003-12-08,3599.64
2003-12-09,3599.56
2003-12-10,3599.45
2003-12-11,3599.37
2003-12-12,3599.23
2003-12-13,3599.14
2003-12-14,3599.02
2003-12-15,3599.03
2003-12-16,3598.88
2003-12-17,3598.79
2003-12-18,3598.66
2003-12-19,3598.55
2003-12-20,3598.45
2003-12-21,3598.34
2003-12-22,3598.23
2003-12-23,3598.11
2003-12-24,3597.98
2003-12-25,3597.92
2003-12-26,3597.73
2003-12-27,3597.64
2003-12-28,3597.55
2003-12-29,3597.45
2003-12-30,3597.36
2003-12-31,3597.22
2004-01-01,3597.06
2004-01-02,3596.9
2004-01-03,3596.66
2004-01-04,3596.57
2004-01-05,3596.37
2004-01-06,3596.24
2004-01-07,3596.04
2004-01-08,3595.86
2004-01-09,3595.64
2004-01-10,3595.44
2004-01-11,3595.26
2004-01-12,3595.07
2004-01-13,3594.9
2004-01-14,3594.73
2004-01-15,3594.53
2004-01-16,3594.36
2004-01-17,3594.14
2004-01-18,3593.99
2004-01-19,3593.8
2004-01-20,3593.64
2004-01-21,3593.48
2004-01-22,3593.33
2004-01-23,3593.13
2004-01-24,3592.94
2004-01-25,3592.77
2004-01-26,3592.63
2004-01-27,3592.42
2004-01-28,3592.24
2004-01-29,3592.09
2004-01-30,3591.88
2004-01-31,3591.8
2004-02-01,3591.56
2004-02-02,3591.45
2004-02-03,3591.24
2004-02-04,3591.03
2004-02-05,3590.84
2004-02-06,3590.64
2004-02-07,3590.44
2004-02-08,3590.42
2004-02-09,3590.24
2004-02-10,3590
2004-02-11,3589.87
2004-02-12,3589.6
2004-02-13,3589.41
2004-02-14,3589.22
2004-02-15,3589.14
2004-02-16,3588.93
2004-02-17,3588.73
2004-02-18,3588.55
2004-02-19,3588.33
2004-02-20,3588.12
2004-02-21,3587.98
2004-02-22,3587.88
2004-02-23,3587.75
2004-02-24,3587.53
2004-02-25,3587.38
2004-02-26,3587.2
2004-02-27,3586.98
2004-02-28,3586.9
2004-02-29,3586.84
2004-03-01,3586.71
2004-03-02,3586.54
2004-03-03,3586.36
2004-03-04,3586.12
2004-03-05,3585.96
2004-03-06,3585.76
2004-03-07,3585.78
2004-03-08,3585.63
2004-03-09,3585.44
2004-03-10,3585.27
2004-03-11,3585.09
2004-03-12,3584.92
2004-03-13,3584.79
2004-03-14,3584.74
2004-03-15,3584.61
2004-03-16,3584.46
2004-03-17,3584.29
2004-03-18,3584.12
2004-03-19,3583.96
2004-03-20,3583.77
2004-03-21,3583.75
2004-03-22,3583.6
2004-03-23,3583.47
2004-03-24,3583.31
2004-03-25,3583.16
2004-03-26,3583.09
2004-03-27,3582.92
2004-03-28,3583
2004-03-29,3582.95
2004-03-30,3582.86
2004-03-31,3582.78
2004-04-01,3582.77
2004-04-02,3582.69
2004-04-03,3582.72
2004-04-04,3582.72
2004-04-05,3582.78
2004-04-06,3582.81
2004-04-07,3582.85
2004-04-08,3582.89
2004-04-09,3582.92
2004-04-10,3582.96
2004-04-11,3583.02
2004-04-12,3583.08
2004-04-13,3583.12
2004-04-14,3583.16
2004-04-15,3583.19
2004-04-16,3583.2
2004-04-17,3583.2
2004-04-18,3583.27
2004-04-19,3583.23
2004-04-20,3583.2
2004-04-21,3583.23
2004-04-22,3583.15
2004-04-23,3583.09
2004-04-24,3583.13
2004-04-25,3583.12
2004-04-26,3583.12
2004-04-27,3583.08
2004-04-28,3583.08
2004-04-29,3582.94
2004-04-30,3582.93
2004-05-01,3582.91
2004-05-02,3582.93
2004-05-03,3582.94
2004-05-04,3582.93
2004-05-05,3582.93
2004-05-06,3582.91
2004-05-07,3582.92
2004-05-08,3583.04
2004-05-09,3583.16
2004-05-10,3583.25
2004-05-11,3583.47
2004-05-12,3583.65
2004-05-13,3583.94
2004-05-14,3584.17
2004-05-15,3584.43
2004-05-16,3584.73
2004-05-17,3584.99
2004-05-18,3585.14
2004-05-19,3585.3
2004-05-20,3585.44
2004-05-21,3585.59
2004-05-22,3585.75
2004-05-23,3585.91
2004-05-24,3586.13
2004-05-25,3586.34
2004-05-26,3586.42
2004-05-27,3586.55
2004-05-28,3586.67
2004-05-29,3586.86
2004-05-30,3587.02
2004-05-31,3587.17
2004-06-01,3587.27
2004-06-02,3587.27
2004-06-03,3587.26
2004-06-04,3587.21
2004-06-05,3587.19
2004-06-06,3587.17
2004-06-07,3587.14
2004-06-08,3587.13
2004-06-09,3587.14
2004-06-10,3587.15
2004-06-11,3587.17
2004-06-12,3587.21
2004-06-13,3587.3
2004-06-14,3587.35
2004-06-15,3587.31
2004-06-16,3587.32
2004-06-17,3587.22
2004-06-18,3587.22
2004-06-19,3587.14
2004-06-20,3587.1
2004-06-21,3587.02
2004-06-22,3586.92
2004-06-23,3586.81
2004-06-24,3586.73
2004-06-25,3586.66
2004-06-26,3586.53
2004-06-27,3586.4
2004-06-28,3586.45
2004-06-29,3586.28
2004-06-30,3586.16
2004-07-01,3585.96
2004-07-02,3585.79
2004-07-03,3585.64
2004-07-04,3585.55
2004-07-05,3585.4
2004-07-06,3585.24
2004-07-07,3585.05
2004-07-08,3584.88
2004-07-09,3584.69
2004-07-10,3584.5
2004-07-11,3584.32
2004-07-12,3584.11
2004-07-13,3583.87
2004-07-14,3583.64
2004-07-15,3583.39
2004-07-16,3583.13
2004-07-17,3582.85
2004-07-18,3582.71
2004-07-19,3582.47
2004-07-20,3582.23
2004-07-21,3581.97
2004-07-22,3581.8
2004-07-23,3581.54
2004-07-24,3581.32
2004-07-25,3581.09
2004-07-26,3580.85
2004-07-27,3580.73
2004-07-28,3580.42
2004-07-29,3580.19
2004-07-30,3579.94
2004-07-31,3579.7
2004-08-01,3579.57
2004-08-02,3579.36
2004-08-03,3579.1
2004-08-04,3578.85
2004-08-05,3578.6
2004-08-06,3578.38
2004-08-07,3578.09
2004-08-08,3577.89
2004-08-09,3577.64
2004-08-10,3577.38
2004-08-11,3577.08
2004-08-12,3576.82
2004-08-13,3576.59
2004-08-14,3576.34
2004-08-15,3576.17
2004-08-16,3575.91
2004-08-17,3575.59
2004-08-18,3575.27
2004-08-19,3575.05
2004-08-20,3574.82
2004-08-21,3574.6
2004-08-22,3574.33
2004-08-23,3574.1
2004-08-24,3573.8
2004-08-25,3573.58
2004-08-26,3573.38
2004-08-27,3573.06
2004-08-28,3572.84
2004-08-29,3572.6
2004-08-30,3572.34
2004-08-31,3572.1
2004-09-01,3571.98
2004-09-02,3571.84
2004-09-03,3571.68
2004-09-04,3571.67
2004-09-05,3571.53
2004-09-06,3571.48
2004-09-07,3571.44
2004-09-08,3571.39
2004-09-09,3571.36
2004-09-10,3571.32
2004-09-11,3571.29
2004-09-12,3571.19
2004-09-13,3571.1
2004-09-14,3571.04
2004-09-15,3570.91
2004-09-16,3570.83
2004-09-17,3570.72
2004-09-18,3570.57
2004-09-19,3570.74
2004-09-20,3570.71
2004-09-21,3570.68
2004-09-22,3570.65
2004-09-23,3570.68
2004-09-24,3570.73
2004-09-25,3570.76
2004-09-26,3570.75
2004-09-27,3570.73
2004-09-28,3570.7
2004-09-29,3570.76
2004-09-30,3570.77
2004-10-01,3570.8
2004-10-02,3570.88
2004-10-03,3570.9
2004-10-04,3570.86
2004-10-05,3570.89
2004-10-06,3571
2004-10-07,3570.97
2004-10-08,3570.96
2004-10-09,3571.01
2004-10-10,3571.01
2004-10-11,3570.97
2004-10-12,3570.92
2004-10-13,3570.89
2004-10-14,3570.81
2004-10-15,3570.76
2004-10-16,3570.73
2004-10-17,3570.67
2004-10-18,3570.63
2004-10-19,3570.59
2004-10-20,3570.51
2004-10-21,3570.43
2004-10-22,3570.49
2004-10-23,3570.47
2004-10-24,3570.46
2004-10-25,3570.43
2004-10-26,3570.42
2004-10-27,3570.43
2004-10-28,3570.47
2004-10-29,3570.45
2004-10-30,3570.43
2004-10-31,3570.5
2004-11-01,3570.53
2004-11-02,3570.49
2004-11-03,3570.53
2004-11-04,3570.53
2004-11-05,3570.51
2004-11-06,3570.51
2004-11-07,3570.54
2004-11-08,3570.47
2004-11-09,3570.54
2004-11-10,3570.56
2004-11-11,3570.57
2004-11-12,3570.59
2004-11-13,3570.62
2004-11-14,3570.61
2004-11-15,3570.61
2004-11-16,3570.59
2004-11-17,3570.58
2004-11-18,3570.58
2004-11-19,3570.58
2004-11-20,3570.55
2004-11-21,3570.09
2004-11-22,3569.27
2004-11-23,3568.41
2004-11-24,3567.61
2004-11-25,3567.42
2004-11-26,3567.41
2004-11-27,3567.4
2004-11-28,3567.35
2004-11-29,3567.3
2004-11-30,3567.28
2004-12-01,3567.18
2004-12-02,3567.1
2004-12-03,3567.02
2004-12-04,3566.96
2004-12-05,3566.86
2004-12-06,3566.73
2004-12-07,3566.62
2004-12-08,3566.5
2004-12-09,3566.38
2004-12-10,3566.26
2004-12-11,3566.17
2004-12-12,3566.08
2004-12-13,3566
2004-12-14,3565.89
2004-12-15,3565.78
2004-12-16,3565.72
2004-12-17,3565.63
2004-12-18,3565.56
2004-12-19,3565.48
2004-12-20,3565.4
2004-12-21,3565.31
2004-12-22,3565.21
2004-12-23,3565.09
2004-12-24,3564.96
2004-12-25,3564.86
2004-12-26,3564.7
2004-12-27,3564.52
2004-12-28,3564.44
2004-12-29,3564.44
2004-12-30,3564.44
2004-12-31,3564.42
2005-01-01,3564.47
2005-01-02,3564.55
2005-01-03,3564.48
2005-01-04,3564.42
2005-01-05,3564.31
2005-01-06,3564.18
2005-01-07,3564
2005-01-08,3563.8
2005-01-09,3563.82
2005-01-10,3563.69
2005-01-11,3563.72
2005-01-12,3563.7
2005-01-13,3563.7
2005-01-14,3563.7
2005-01-15,3563.66
2005-01-16,3563.73
2005-01-17,3563.63
2005-01-18,3563.51
2005-01-19,3563.38
2005-01-20,3563.24
2005-01-21,3563.13
2005-01-22,3562.94
2005-01-23,3562.97
2005-01-24,3562.77
2005-01-25,3562.65
2005-01-26,3562.5
2005-01-27,3562.4
2005-01-28,3562.28
2005-01-29,3562.14
2005-01-30,3562.21
2005-01-31,3562.07
2005-02-01,3561.94
2005-02-02,3561.76
2005-02-03,3561.62
2005-02-04,3561.45
2005-02-05,3561.29
2005-02-06,3561.3
2005-02-07,3561.15
2005-02-08,3560.94
2005-02-09,3560.78
2005-02-10,3560.61
2005-02-11,3560.46
2005-02-12,3560.35
2005-02-13,3560.4
2005-02-14,3560.34
2005-02-15,3560.26
2005-02-16,3560.13
2005-02-17,3560
2005-02-18,3559.82
2005-02-19,3559.73
2005-02-20,3559.77
2005-02-21,3559.7
2005-02-22,3559.67
2005-02-23,3559.61
2005-02-24,3559.54
2005-02-25,3559.4
2005-02-26,3559.29
2005-02-27,3559.36
2005-02-28,3559.23
2005-03-01,3559.13
2005-03-02,3558.97
2005-03-03,3558.89
2005-03-04,3558.76
2005-03-05,3558.6
2005-03-06,3558.61
2005-03-07,3558.46
2005-03-08,3558.3
2005-03-09,3558.13
2005-03-10,3557.99
2005-03-11,3557.86
2005-03-12,3557.71
2005-03-13,3557.77
2005-03-14,3557.61
2005-03-15,3557.41
2005-03-16,3557.28
2005-03-17,3557.17
2005-03-18,3557.06
2005-03-19,3556.93
2005-03-20,3557.01
2005-03-21,3556.93
2005-03-22,3556.8
2005-03-23,3556.69
2005-03-24,3556.57
2005-03-25,3556.4
2005-03-26,3556.3
2005-03-27,3556.37
2005-03-28,3556.27
2005-03-29,3556.14
2005-03-30,3556
2005-03-31,3555.9
2005-04-01,3555.79
2005-04-02,3555.65
2005-04-03,3555.71
2005-04-04,3555.59
2005-04-05,3555.45
2005-04-06,3555.3
2005-04-07,3555.19
2005-04-08,3555.1
2005-04-09,3555.23
2005-04-10,3555.38
2005-04-11,3555.58
2005-04-12,3555.79
2005-04-13,3555.95
2005-04-14,3556.14
2005-04-15,3556.31
2005-04-16,3556.52
2005-04-17,3556.79
2005-04-18,3557.1
2005-04-19,3557.48
2005-04-20,3557.93
2005-04-21,3558.41
2005-04-22,3558.88
2005-04-23,3559.25
2005-04-24,3559.8
2005-04-25,3560.24
2005-04-26,3560.75
2005-04-27,3561.31
2005-04-28,3561.84
2005-04-29,3562.36
2005-04-30,3562.81
2005-05-01,3563.21
2005-05-02,3563.64
2005-05-03,3564.04
2005-05-04,3564.4
2005-05-05,3564.74
2005-05-06,3565.05
2005-05-07,3565.47
2005-05-08,3565.87
2005-05-09,3566.25
2005-05-10,3566.7
2005-05-11,3567.07
2005-05-12,3567.52
2005-05-13,3568.06
2005-05-14,3568.62
2005-05-15,3569.2
2005-05-16,3569.72
2005-05-17,3570.3
2005-05-18,3570.9
2005-05-19,3571.56
2005-05-20,3572.27
2005-05-21,3573.06
2005-05-22,3574.02
2005-05-23,3575.16
2005-05-24,3576.49
2005-05-25,3577.85
2005-05-26,3579.35
2005-05-27,3580.9
2005-05-28,3582.4
2005-05-29,3583.9
2005-05-30,3585.28
2005-05-31,3586.53
2005-06-01,3587.6
2005-06-02,3588.64
2005-06-03,3589.49
2005-06-04,3590.47
2005-06-05,3591.39
2005-06-06,3592.26
2005-06-07,3593.07
2005-06-08,3593.81
2005-06-09,3594.52
2005-06-10,3595.27
2005-06-11,3595.95
2005-06-12,3596.67
2005-06-13,3597.28
2005-06-14,3597.86
2005-06-15,3598.4
2005-06-16,3598.87
2005-06-17,3599.3
2005-06-18,3599.8
2005-06-19,3600.32
2005-06-20,3600.85
2005-06-21,3601.42
2005-06-22,3601.97
2005-06-23,3602.48
2005-06-24,3603.17
2005-06-25,3603.79
2005-06-26,3604.44
2005-06-27,3604.97
2005-06-28,3605.45
2005-06-29,3605.89
2005-06-30,3606.28
2005-07-01,3606.62
2005-07-02,3606.94
2005-07-03,3607.28
2005-07-04,3607.52
2005-07-05,3607.71
2005-07-06,3607.9
2005-07-07,3608.05
2005-07-08,3608.15
2005-07-09,3608.26
2005-07-10,3608.32
2005-07-11,3608.35
2005-07-12,3608.38
2005-07-13,3608.37
2005-07-14,3608.38
2005-07-15,3608.28
2005-07-16,3608.22
2005-07-17,3608.22
2005-07-18,3608.18
2005-07-19,3608.07
2005-07-20,3607.95
2005-07-21,3607.84
2005-07-22,3607.66
2005-07-23,3607.54
2005-07-24,3607.51
2005-07-25,3607.42
2005-07-26,3607.31
2005-07-27,3607.21
2005-07-28,3607.12
2005-07-29,3606.98
2005-07-30,3606.93
2005-07-31,3606.87
2005-08-01,3606.73
2005-08-02,3606.6
2005-08-03,3606.49
2005-08-04,3606.37
2005-08-05,3606.22
2005-08-06,3606.07
2005-08-07,3605.99
2005-08-08,3605.8
2005-08-09,3605.75
2005-08-10,3605.64
2005-08-11,3605.62
2005-08-12,3605.51
2005-08-13,3605.47
2005-08-14,3605.36
2005-08-15,3605.22
2005-08-16,3605.15
2005-08-17,3605
2005-08-18,3604.87
2005-08-19,3604.78
2005-08-20,3604.61
2005-08-21,3604.5
2005-08-22,3604.39
2005-08-23,3604.19
2005-08-24,3604
2005-08-25,3603.84
2005-08-26,3603.66
2005-08-27,3603.46
2005-08-28,3603.32
2005-08-29,3603.16
2005-08-30,3603.01
2005-08-31,3602.83
2005-09-01,3602.64
2005-09-02,3602.57
2005-09-03,3602.49
2005-09-04,3602.51
2005-09-05,3602.41
2005-09-06,3602.31
2005-09-07,3602.26
2005-09-08,3602.23
2005-09-09,3602.14
2005-09-10,3602.28
2005-09-11,3602.27
2005-09-12,3602.28
2005-09-13,3602.3
2005-09-14,3602.31
2005-09-15,3602.33
2005-09-16,3602.26
2005-09-17,3602.23
2005-09-18,3602.2
2005-09-19,3602.17
2005-09-20,3602.1
2005-09-21,3602.07
2005-09-22,3602.03
2005-09-23,3602
2005-09-24,3602.02
2005-09-25,3601.98
2005-09-26,3601.93
2005-09-27,3601.96
2005-09-28,3601.92
2005-09-29,3601.9
2005-09-30,3601.97
2005-10-01,3602.04
2005-10-02,3602.07
2005-10-03,3602.08
2005-10-04,3602.07
2005-10-05,3602.02
2005-10-06,3602.01
2005-10-07,3601.99
2005-10-08,3602
2005-10-09,3601.96
2005-10-10,3602
2005-10-11,3602.01
2005-10-12,3602.05
2005-10-13,3602.07
2005-10-14,3602.09
2005-10-15,3602.09
2005-10-16,3602.08
2005-10-17,3602.08
2005-10-18,3602.34
2005-10-19,3602.46
2005-10-20,3602.51
2005-10-21,3602.55
2005-10-22,3602.59
2005-10-23,3602.63
2005-10-24,3602.68
2005-10-25,3602.7
2005-10-26,3602.71
2005-10-27,3602.71
2005-10-28,3602.72
2005-10-29,3602.75
2005-10-30,3602.78
2005-10-31,3602.77
2005-11-01,3602.79
2005-11-02,3602.81
2005-11-03,3602.79
2005-11-04,3602.76
2005-11-05,3602.78
2005-11-06,3602.78
2005-11-07,3602.77
2005-11-08,3602.82
2005-11-09,3602.82
2005-11-10,3602.79
2005-11-11,3602.75
2005-11-12,3602.75
2005-11-13,3602.74
2005-11-14,3602.68
2005-11-15,3602.65
2005-11-16,3602.63
2005-11-17,3602.66
2005-11-18,3602.61
2005-11-19,3602.6
2005-11-20,3602.59
2005-11-21,3602.57
2005-11-22,3602.55
2005-11-23,3602.54
2005-11-24,3602.53
2005-11-25,3602.48
2005-11-26,3602.48
2005-11-27,3602.48
2005-11-28,3602.42
2005-11-29,3602.38
2005-11-30,3602.36
2005-12-01,3602.23
2005-12-02,3602.16
2005-12-03,3602.01
2005-12-04,3601.92
2005-12-05,3601.78
2005-12-06,3601.66
2005-12-07,3601.54
2005-12-08,3601.41
2005-12-09,3601.25
2005-12-10,3601.06
2005-12-11,3600.91
2005-12-12,3600.69
2005-12-13,3600.48
2005-12-14,3600.31
2005-12-15,3600.11
2005-12-16,3599.95
2005-12-17,3599.8
2005-12-18,3599.69
2005-12-19,3599.54
2005-12-20,3599.39
2005-12-21,3599.3
2005-12-22,3599.16
2005-12-23,3599.07
2005-12-24,3598.99
2005-12-25,3598.92
2005-12-26,3598.81
2005-12-27,3598.71
2005-12-28,3598.54
2005-12-29,3598.46
2005-12-30,3598.3
2005-12-31,3598.17
2006-01-01,3598.13
2006-01-02,3597.99
2006-01-03,3597.89
2006-01-04,3597.83
2006-01-05,3597.67
2006-01-06,3597.55
2006-01-07,3597.44
2006-01-08,3597.4
2006-01-09,3597.24
2006-01-10,3597.1
2006-01-11,3596.94
2006-01-12,3596.83
2006-01-13,3596.69
2006-01-14,3596.55
2006-01-15,3596.46
2006-01-16,3596.29
2006-01-17,3596.14
2006-01-18,3595.98
2006-01-19,3595.85
2006-01-20,3595.7
2006-01-21,3595.61
2006-01-22,3595.5
2006-01-23,3595.37
2006-01-24,3595.23
2006-01-25,3595.14
2006-01-26,3594.92
2006-01-27,3594.78
2006-01-28,3594.6
2006-01-29,3594.59
2006-01-30,3594.39
2006-01-31,3594.21
2006-02-01,3594.05
2006-02-02,3593.87
2006-02-03,3593.71
2006-02-04,3593.59
2006-02-05,3593.54
2006-02-06,3593.35
2006-02-07,3593.17
2006-02-08,3593.01
2006-02-09,3592.88
2006-02-10,3592.72
2006-02-11,3592.53
2006-02-12,3592.39
2006-02-13,3592.23
2006-02-14,3592.06
2006-02-15,3591.83
2006-02-16,3591.71
2006-02-17,3591.5
2006-02-18,3591.38
2006-02-19,3591.24
2006-02-20,3591.07
2006-02-21,3590.89
2006-02-22,3590.72
2006-02-23,3590.56
2006-02-24,3590.38
2006-02-25,3590.23
2006-02-26,3590.09
2006-02-27,3589.91
2006-02-28,3589.7
2006-03-01,3589.67
2006-03-02,3589.62
2006-03-03,3589.54
2006-03-04,3589.52
2006-03-05,3589.51
2006-03-06,3589.47
2006-03-07,3589.45
2006-03-08,3589.45
2006-03-09,3589.43
2006-03-10,3589.39
2006-03-11,3589.38
2006-03-12,3589.36
2006-03-13,3589.35
2006-03-14,3589.34
2006-03-15,3589.36
2006-03-16,3589.28
2006-03-17,3589.25
2006-03-18,3589.22
2006-03-19,3589.16
2006-03-20,3589.12
2006-03-21,3589.11
2006-03-22,3589.07
2006-03-23,3589.02
2006-03-24,3588.98
2006-03-25,3588.92
2006-03-26,3588.94
2006-03-27,3588.85
2006-03-28,3588.84
2006-03-29,3588.79
2006-03-30,3588.78
2006-03-31,3588.71
2006-04-01,3588.72
2006-04-02,3588.73
2006-04-03,3588.71
2006-04-04,3588.7
2006-04-05,3588.75
2006-04-06,3588.74
2006-04-07,3588.66
2006-04-08,3588.66
2006-04-09,3588.7
2006-04-10,3588.74
2006-04-11,3588.79
2006-04-12,3588.83
2006-04-13,3588.91
2006-04-14,3588.96
2006-04-15,3589.14
2006-04-16,3589.27
2006-04-17,3589.5
2006-04-18,3589.74
2006-04-19,3589.99
2006-04-20,3590.28
2006-04-21,3590.6
2006-04-22,3590.88
2006-04-23,3591.17
2006-04-24,3591.42
2006-04-25,3591.65
2006-04-26,3591.9
2006-04-27,3592.13
2006-04-28,3592.39
2006-04-29,3592.64
2006-04-30,3592.99
2006-05-01,3593.33
2006-05-02,3593.63
2006-05-03,3593.88
2006-05-04,3594.18
2006-05-05,3594.47
2006-05-06,3594.82
2006-05-07,3595.13
2006-05-08,3595.47
2006-05-09,3595.72
2006-05-10,3596.03
2006-05-11,3596.32
2006-05-12,3596.57
2006-05-13,3596.84
2006-05-14,3597.09
2006-05-15,3597.36
2006-05-16,3597.58
2006-05-17,3597.86
2006-05-18,3598.13
2006-05-19,3598.51
2006-05-20,3598.9
2006-05-21,3599.39
2006-05-22,3599.75
2006-05-23,3600.3
2006-05-24,3600.9
2006-05-25,3601.5
2006-05-26,3602.17
2006-05-27,3602.79
2006-05-28,3603.52
2006-05-29,3604.11
2006-05-30,3604.72
2006-05-31,3605.25
2006-06-01,3605.65
2006-06-02,3606.02
2006-06-03,3606.38
2006-06-04,3606.75
2006-06-05,3607.08
2006-06-06,3607.39
2006-06-07,3607.6
2006-06-08,3608.03
2006-06-09,3608.39
2006-06-10,3608.72
2006-06-11,3609.11
2006-06-12,3609.44
2006-06-13,3609.7
2006-06-14,3609.95
2006-06-15,3610.22
2006-06-16,3610.39
2006-06-17,3610.58
2006-06-18,3610.72
2006-06-19,3610.79
2006-06-20,3610.82
2006-06-21,3610.84
2006-06-22,3610.87
2006-06-23,3610.83
2006-06-24,3610.85
2006-06-25,3610.81
2006-06-26,3610.77
2006-06-27,3610.64
2006-06-28,3610.58
2006-06-29,3610.48
2006-06-30,3610.35
2006-07-01,3610.28
2006-07-02,3610.18
2006-07-03,3610.04
2006-07-04,3609.95
2006-07-05,3609.87
2006-07-06,3609.7
2006-07-07,3609.7
2006-07-08,3609.51
2006-07-09,3609.41
2006-07-10,3609.32
2006-07-11,3609.34
2006-07-12,3609.27
2006-07-13,3609.21
2006-07-14,3609.17
2006-07-15,3609.12
2006-07-16,3609.02
2006-07-17,3608.97
2006-07-18,3608.87
2006-07-19,3608.71
2006-07-20,3608.55
2006-07-21,3608.37
2006-07-22,3608.28
2006-07-23,3608.17
2006-07-24,3608.03
2006-07-25,3607.84
2006-07-26,3607.72
2006-07-27,3607.51
2006-07-28,3607.31
2006-07-29,3607.13
2006-07-30,3606.99
2006-07-31,3606.85
2006-08-01,3606.73
2006-08-02,3606.56
2006-08-03,3606.45
2006-08-04,3606.35
2006-08-05,3606.27
2006-08-06,3606.15
2006-08-07,3606.16
2006-08-08,3606.03
2006-08-09,3605.96
2006-08-10,3605.81
2006-08-11,3605.76
2006-08-12,3605.57
2006-08-13,3605.44
2006-08-14,3605.34
2006-08-15,3605.19
2006-08-16,3605.06
2006-08-17,3604.91
2006-08-18,3604.75
2006-08-19,3604.63
2006-08-20,3604.52
2006-08-21,3604.38
2006-08-22,3604.21
2006-08-23,3604.02
2006-08-24,3603.89
2006-08-25,3603.73
2006-08-26,3603.59
2006-08-27,3603.41
2006-08-28,3603.24
2006-08-29,3603.08
2006-08-30,3602.94
2006-08-31,3602.78
2006-09-01,3602.73
2006-09-02,3602.68
2006-09-03,3602.6
2006-09-04,3602.53
2006-09-05,3602.44
2006-09-06,3602.39
2006-09-07,3602.4
2006-09-08,3602.28
2006-09-09,3602.19
2006-09-10,3602.17
2006-09-11,3602.16
2006-09-12,3602.15
2006-09-13,3602.12
2006-09-14,3602.07
2006-09-15,3602.04
2006-09-16,3602.01
2006-09-17,3601.92
2006-09-18,3601.92
2006-09-19,3601.88
2006-09-20,3601.78
2006-09-21,3601.84
2006-09-22,3601.83
2006-09-23,3601.78
2006-09-24,3601.8
2006-09-25,3601.83
2006-09-26,3601.82
2006-09-27,3601.82
2006-09-28,3601.79
2006-09-29,3601.76
2006-09-30,3601.74
2006-10-01,3601.73
2006-10-02,3601.65
2006-10-03,3601.71
2006-10-04,3601.63
2006-10-05,3601.99
2006-10-06,3603.32
2006-10-07,3604.29
2006-10-08,3605.03
2006-10-09,3605.5
2006-10-10,3605.91
2006-10-11,3606.22
2006-10-12,3606.45
2006-10-13,3606.56
2006-10-14,3606.83
2006-10-15,3607
2006-10-16,3607.13
2006-10-17,3607.22
2006-10-18,3607.42
2006-10-19,3607.6
2006-10-20,3607.71
2006-10-21,3607.77
2006-10-22,3607.85
2006-10-23,3607.87
2006-10-24,3607.87
2006-10-25,3607.82
2006-10-26,3607.92
2006-10-27,3607.94
2006-10-28,3607.98
2006-10-29,3607.97
2006-10-30,3607.96
2006-10-31,3607.96
2006-11-01,3607.99
2006-11-02,3607.97
2006-11-03,3607.95
2006-11-04,3607.92
2006-11-05,3607.89
2006-11-06,3607.87
2006-11-07,3607.81
2006-11-08,3607.76
2006-11-09,3607.78
2006-11-10,3607.71
2006-11-11,3607.68
2006-11-12,3607.64
2006-11-13,3607.56
2006-11-14,3607.58
2006-11-15,3607.49
2006-11-16,3607.46
2006-11-17,3607.4
2006-11-18,3607.36
2006-11-19,3607.32
2006-11-20,3607.27
2006-11-21,3607.21
2006-11-22,3607.16
2006-11-23,3607.15
2006-11-24,3607.1
2006-11-25,3607.06
2006-11-26,3607.01
2006-11-27,3606.95
2006-11-28,3606.93
2006-11-29,3606.92
2006-11-30,3606.85
2006-12-01,3606.71
2006-12-02,3606.62
2006-12-03,3606.52
2006-12-04,3606.37
2006-12-05,3606.23
2006-12-06,3606.05
2006-12-07,3605.92
2006-12-08,3605.76
2006-12-09,3605.64
2006-12-10,3605.55
2006-12-11,3605.42
2006-12-12,3605.29
2006-12-13,3605.18
2006-12-14,3605.08
2006-12-15,3604.97
2006-12-16,3604.93
2006-12-17,3604.82
2006-12-18,3604.72
2006-12-19,3604.6
2006-12-20,3604.5
2006-12-21,3604.4
2006-12-22,3604.3
2006-12-23,3604.2
2006-12-24,3604.13
2006-12-25,3604.02
2006-12-26,3603.88
2006-12-27,3603.75
2006-12-28,3603.67
2006-12-29,3603.54
2006-12-30,3603.47
2006-12-31,3603.39
2007-01-01,3603.29
2007-01-02,3603.17
2007-01-03,3603.03
2007-01-04,3602.91
2007-01-05,3602.84
2007-01-06,3602.7
2007-01-07,3602.64
2007-01-08,3602.51
2007-01-09,3602.39
2007-01-10,3602.26
2007-01-11,3602.13
2007-01-12,3601.97
2007-01-13,3601.9
2007-01-14,3601.81
2007-01-15,3601.71
2007-01-16,3601.55
2007-01-17,3601.36
2007-01-18,3601.17
2007-01-19,3600.97
2007-01-20,3600.79
2007-01-21,3600.74
2007-01-22,3600.55
2007-01-23,3600.42
2007-01-24,3600.28
2007-01-25,3600.14
2007-01-26,3600
2007-01-27,3599.94
2007-01-28,3599.83
2007-01-29,3599.72
2007-01-30,3599.59
2007-01-31,3599.51
2007-02-01,3599.43
2007-02-02,3599.33
2007-02-03,3599.26
2007-02-04,3599.23
2007-02-05,3599.15
2007-02-06,3599.06
2007-02-07,3599.01
2007-02-08,3598.92
2007-02-09,3598.87
2007-02-10,3598.83
2007-02-11,3598.78
2007-02-12,3598.72
2007-02-13,3598.7
2007-02-14,3598.63
2007-02-15,3598.6
2007-02-16,3598.58
2007-02-17,3598.55
2007-02-18,3598.48
2007-02-19,3598.44
2007-02-20,3598.33
2007-02-21,3598.29
2007-02-22,3598.21
2007-02-23,3598.17
2007-02-24,3598.12
2007-02-25,3598.08
2007-02-26,3598
2007-02-27,3597.98
2007-02-28,3597.91
2007-03-01,3597.88
2007-03-02,3597.81
2007-03-03,3597.8
2007-03-04,3597.81
2007-03-05,3597.74
2007-03-06,3597.69
2007-03-07,3597.64
2007-03-08,3597.59
2007-03-09,3597.56
2007-03-10,3597.53
2007-03-11,3597.51
2007-03-12,3597.5
2007-03-13,3597.44
2007-03-14,3597.45
2007-03-15,3597.43
2007-03-16,3597.38
2007-03-17,3597.42
2007-03-18,3597.49
2007-03-19,3597.56
2007-03-20,3597.72
2007-03-21,3597.8
2007-03-22,3597.85
2007-03-23,3597.97
2007-03-24,3598.15
2007-03-25,3598.21
2007-03-26,3598.32
2007-03-27,3598.47
2007-03-28,3598.53
2007-03-29,3598.6
2007-03-30,3598.71
2007-03-31,3598.81
2007-04-01,3598.88
2007-04-02,3598.97
2007-04-03,3599.05
2007-04-04,3599.1
2007-04-05,3599.2
2007-04-06,3599.24
2007-04-07,3599.26
2007-04-08,3599.33
2007-04-09,3599.41
2007-04-10,3599.51
2007-04-11,3599.59
2007-04-12,3599.67
2007-04-13,3599.78
2007-04-14,3599.88
2007-04-15,3599.96
2007-04-16,3600
2007-04-17,3600
2007-04-18,3600.01
2007-04-19,3600.04
2007-04-20,3600.04
2007-04-21,3600.02
2007-04-22,3599.99
2007-04-23,3600.02
2007-04-24,3600.09
2007-04-25,3600.15
2007-04-26,3600.18
2007-04-27,3600.22
2007-04-28,3600.27
2007-04-29,3600.34
2007-04-30,3600.35
2007-05-01,3600.42
2007-05-02,3600.42
2007-05-03,3600.56
2007-05-04,3600.75
2007-05-05,3601.03
2007-05-06,3601.37
2007-05-07,3601.68
2007-05-08,3602.01
2007-05-09,3602.32
2007-05-10,3602.62
2007-05-11,3602.9
2007-05-12,3603.1
2007-05-13,3603.36
2007-05-14,3603.58
2007-05-15,3603.82
2007-05-16,3604.21
2007-05-17,3604.48
2007-05-18,3604.89
2007-05-19,3605.35
2007-05-20,3605.84
2007-05-21,3606.31
2007-05-22,3606.81
2007-05-23,3607.23
2007-05-24,3607.62
2007-05-25,3608.02
2007-05-26,3608.38
2007-05-27,3608.69
2007-05-28,3608.98
2007-05-29,3609.22
2007-05-30,3609.42
2007-05-31,3609.61
2007-06-01,3609.73
2007-06-02,3609.85
2007-06-03,3609.97
2007-06-04,3610.09
2007-06-05,3610.17
2007-06-06,3610.27
2007-06-07,3610.41
2007-06-08,3610.48
2007-06-09,3610.6
2007-06-10,3610.69
2007-06-11,3610.75
2007-06-12,3610.8
2007-06-13,3610.82
2007-06-14,3610.86
2007-06-15,3610.95
2007-06-16,3611.05
2007-06-17,3611.13
2007-06-18,3611.22
2007-06-19,3611.27
2007-06-20,3611.37
2007-06-21,3611.44
2007-06-22,3611.52
2007-06-23,3611.56
2007-06-24,3611.66
2007-06-25,3611.68
2007-06-26,3611.64
2007-06-27,3611.62
2007-06-28,3611.6
2007-06-29,3611.54
2007-06-30,3611.5
2007-07-01,3611.45
2007-07-02,3611.35
2007-07-03,3611.27
2007-07-04,3611.19
2007-07-05,3611.11
2007-07-06,3610.95
2007-07-07,3610.8
2007-07-08,3610.7
2007-07-09,3610.57
2007-07-10,3610.41
2007-07-11,3610.33
2007-07-12,3610.13
2007-07-13,3610.01
2007-07-14,3609.85
2007-07-15,3609.69
2007-07-16,3609.52
2007-07-17,3609.39
2007-07-18,3609.17
2007-07-19,3609
2007-07-20,3608.8
2007-07-21,3608.67
2007-07-22,3608.56
2007-07-23,3608.39
2007-07-24,3608.18
2007-07-25,3608.04
2007-07-26,3607.93
2007-07-27,3607.81
2007-07-28,3607.68
2007-07-29,3607.62
2007-07-30,3607.58
2007-07-31,3607.35
2007-08-01,3607.19
2007-08-02,3607.17
2007-08-03,3606.98
2007-08-04,3606.97
2007-08-05,3606.85
2007-08-06,3606.73
2007-08-07,3606.71
2007-08-08,3606.65
2007-08-09,3606.58
2007-08-10,3606.5
2007-08-11,3606.4
2007-08-12,3606.32
2007-08-13,3606.24
2007-08-14,3606
2007-08-15,3605.85
2007-08-16,3605.71
2007-08-17,3605.57
2007-08-18,3605.42
2007-08-19,3605.25
2007-08-20,3605.1
2007-08-21,3604.95
2007-08-22,3604.79
2007-08-23,3604.6
2007-08-24,3604.41
2007-08-25,3604.22
2007-08-26,3604.15
2007-08-27,3604.13
2007-08-28,3603.97
2007-08-29,3603.83
2007-08-30,3603.63
2007-08-31,3603.58
2007-09-01,3603.47
2007-09-02,3603.39
2007-09-03,3603.3
2007-09-04,3603.16
2007-09-05,3603.06
2007-09-06,3602.98
2007-09-07,3602.85
2007-09-08,3602.75
2007-09-09,3602.61
2007-09-10,3602.55
2007-09-11,3602.42
2007-09-12,3602.33
2007-09-13,3602.21
2007-09-14,3602.1
2007-09-15,3602.01
2007-09-16,3601.93
2007-09-17,3601.81
2007-09-18,3601.75
2007-09-19,3601.65
2007-09-20,3601.6
2007-09-21,3601.61
2007-09-22,3601.62
2007-09-23,3601.74
2007-09-24,3601.87
2007-09-25,3601.85
2007-09-26,3601.9
2007-09-27,3601.91
2007-09-28,3601.87
2007-09-29,3601.86
2007-09-30,3601.87
2007-10-01,3601.83
2007-10-02,3601.84
2007-10-03,3601.79
2007-10-04,3601.75
2007-10-05,3601.65
2007-10-06,3601.69
2007-10-07,3601.66
2007-10-08,3601.63
2007-10-09,3601.58
2007-10-10,3601.53
2007-10-11,3601.52
2007-10-12,3601.46
2007-10-13,3601.47
2007-10-14,3601.42
2007-10-15,3601.38
2007-10-16,3601.31
2007-10-17,3601.23
2007-10-18,3601.17
2007-10-19,3601.12
2007-10-20,3601.12
2007-10-21,3601.1
2007-10-22,3601.02
2007-10-23,3600.96
2007-10-24,3600.9
2007-10-25,3600.84
2007-10-26,3600.79
2007-10-27,3600.76
2007-10-28,3600.74
2007-10-29,3600.7
2007-10-30,3600.67
2007-10-31,3600.62
2007-11-01,3600.59
2007-11-02,3600.53
2007-11-03,3600.48
2007-11-04,3600.47
2007-11-05,3600.41
2007-11-06,3600.34
2007-11-07,3600.27
2007-11-08,3600.22
2007-11-09,3600.16
2007-11-10,3600.09
2007-11-11,3600.03
2007-11-12,3599.98
2007-11-13,3599.92
2007-11-14,3599.89
2007-11-15,3599.8
2007-11-16,3599.72
2007-11-17,3599.68
2007-11-18,3599.62
2007-11-19,3599.54
2007-11-20,3599.45
2007-11-21,3599.37
2007-11-22,3599.32
2007-11-23,3599.23
2007-11-24,3599.15
2007-11-25,3599.04
2007-11-26,3599
2007-11-27,3598.86
2007-11-28,3598.79
2007-11-29,3598.72
2007-11-30,3598.63
2007-12-01,3598.6
2007-12-02,3598.54
2007-12-03,3598.42
2007-12-04,3598.31
2007-12-05,3598.2
2007-12-06,3598.05
2007-12-07,3598
2007-12-08,3597.85
2007-12-09,3597.75
2007-12-10,3597.65
2007-12-11,3597.52
2007-12-12,3597.39
2007-12-13,3597.28
2007-12-14,3597.16
2007-12-15,3597.05
2007-12-16,3596.95
2007-12-17,3596.8
2007-12-18,3596.65
2007-12-19,3596.47
2007-12-20,3596.32
2007-12-21,3596.16
2007-12-22,3596
2007-12-23,3595.88
2007-12-24,3595.69
2007-12-25,3595.6
2007-12-26,3595.46
2007-12-27,3595.3
2007-12-28,3595.12
2007-12-29,3594.97
2007-12-30,3594.84
2007-12-31,3594.64
2008-01-01,3594.51
2008-01-02,3594.33
2008-01-03,3594.12
2008-01-04,3593.93
2008-01-05,3593.82
2008-01-06,3593.73
2008-01-07,3593.63
2008-01-08,3593.52
2008-01-09,3593.43
2008-01-10,3593.32
2008-01-11,3593.14
2008-01-12,3593.06
2008-01-13,3592.95
2008-01-14,3592.78
2008-01-15,3592.62
2008-01-16,3592.49
2008-01-17,3592.29
2008-01-18,3592.14
2008-01-19,3591.99
2008-01-20,3591.83
2008-01-21,3591.65
2008-01-22,3591.49
2008-01-23,3591.4
2008-01-24,3591.2
2008-01-25,3591.11
2008-01-26,3591.03
2008-01-27,3590.96
2008-01-28,3590.81
2008-01-29,3590.8
2008-01-30,3590.76
2008-01-31,3590.66
2008-02-01,3590.62
2008-02-02,3590.56
2008-02-03,3590.53
2008-02-04,3590.47
2008-02-05,3590.41
2008-02-06,3590.37
2008-02-07,3590.25
2008-02-08,3590.19
2008-02-09,3590.17
2008-02-10,3590.12
2008-02-11,3590.04
2008-02-12,3590.03
2008-02-13,3589.87
2008-02-14,3590.02
2008-02-15,3590.06
2008-02-16,3590.14
2008-02-17,3590.16
2008-02-18,3590.22
2008-02-19,3590.26
2008-02-20,3590.22
2008-02-21,3590.23
2008-02-22,3590.28
2008-02-23,3590.32
2008-02-24,3590.32
2008-02-25,3590.41
2008-02-26,3590.47
2008-02-27,3590.55
2008-02-28,3590.61
2008-02-29,3590.66
2008-03-01,3590.66
2008-03-02,3590.71
2008-03-03,3590.76
2008-03-04,3590.92
2008-03-05,3590.51
2008-03-06,3589.75
2008-03-07,3589.02
2008-03-08,3588.4
2008-03-09,3588.24
2008-03-10,3588.28
2008-03-11,3588.26
2008-03-12,3588.35
2008-03-13,3588.41
2008-03-14,3588.49
2008-03-15,3588.6
2008-03-16,3588.7
2008-03-17,3588.76
2008-03-18,3588.84
2008-03-19,3588.89
2008-03-20,3588.98
2008-03-21,3589.07
2008-03-22,3589.14
2008-03-23,3589.21
2008-03-24,3589.24
2008-03-25,3589.28
2008-03-26,3589.32
2008-03-27,3589.41
2008-03-28,3589.44
2008-03-29,3589.48
2008-03-30,3589.6
2008-03-31,3589.77
2008-04-01,3589.81
2008-04-02,3589.91
2008-04-03,3590.04
2008-04-04,3590.15
2008-04-05,3590.34
2008-04-06,3590.46
2008-04-07,3590.6
2008-04-08,3590.76
2008-04-09,3590.76
2008-04-10,3590.94
2008-04-11,3591.02
2008-04-12,3591.11
2008-04-13,3591.22
2008-04-14,3591.27
2008-04-15,3591.31
2008-04-16,3591.24
2008-04-17,3591.3
2008-04-18,3591.41
2008-04-19,3591.56
2008-04-20,3591.67
2008-04-21,3591.77
2008-04-22,3591.89
2008-04-23,3592.12
2008-04-24,3592.42
2008-04-25,3592.61
2008-04-26,3592.9
2008-04-27,3593.25
2008-04-28,3593.56
2008-04-29,3593.83
2008-04-30,3594.09
2008-05-01,3594.37
2008-05-02,3594.69
2008-05-03,3595.03
2008-05-04,3595.34
2008-05-05,3595.58
2008-05-06,3595.9
2008-05-07,3596.16
2008-05-08,3596.45
2008-05-09,3596.77
2008-05-10,3597.13
2008-05-11,3597.53
2008-05-12,3597.94
2008-05-13,3598.5
2008-05-14,3599.11
2008-05-15,3599.64
2008-05-16,3600.07
2008-05-17,3600.52
2008-05-18,3600.96
2008-05-19,3601.39
2008-05-20,3601.84
2008-05-21,3602.36
2008-05-22,3603.02
2008-05-23,3603.88
2008-05-24,3604.9
2008-05-25,3605.88
2008-05-26,3606.88
2008-05-27,3607.75
2008-05-28,3608.53
2008-05-29,3609.28
2008-05-30,3610.04
2008-05-31,3610.81
2008-06-01,3611.66
2008-06-02,3612.5
2008-06-03,3613.42
2008-06-04,3614.45
2008-06-05,3615.42
2008-06-06,3616.41
2008-06-07,3617.49
2008-06-08,3618.32
2008-06-09,3619.18
2008-06-10,3620
2008-06-11,3620.84
2008-06-12,3621.59
2008-06-13,3622.25
2008-06-14,3622.91
2008-06-15,3623.51
2008-06-16,3624.07
2008-06-17,3624.63
2008-06-18,3625.18
2008-06-19,3625.81
2008-06-20,3626.4
2008-06-21,3627
2008-06-22,3627.62
2008-06-23,3628.19
2008-06-24,3628.67
2008-06-25,3629.12
2008-06-26,3629.56
2008-06-27,3629.93
2008-06-28,3630.32
2008-06-29,3630.71
2008-06-30,3631.05
2008-07-01,3631.3
2008-07-02,3631.62
2008-07-03,3631.91
2008-07-04,3632.16
2008-07-05,3632.4
2008-07-06,3632.64
2008-07-07,3632.82
2008-07-08,3632.97
2008-07-09,3633.15
2008-07-10,3633.28
2008-07-11,3633.41
2008-07-12,3633.48
2008-07-13,3633.52
2008-07-14,3633.61
2008-07-15,3633.64
2008-07-16,3633.72
2008-07-17,3633.67
2008-07-18,3633.64
2008-07-19,3633.61
2008-07-20,3633.58
2008-07-21,3633.56
2008-07-22,3633.51
2008-07-23,3633.42
2008-07-24,3633.4
2008-07-25,3633.34
2008-07-26,3633.31
2008-07-27,3633.23
2008-07-28,3633.22
2008-07-29,3633.14
2008-07-30,3633.07
2008-07-31,3633
2008-08-01,3632.89
2008-08-02,3632.82
2008-08-03,3632.69
2008-08-04,3632.55
2008-08-05,3632.43
2008-08-06,3632.38
2008-08-07,3632.27
2008-08-08,3632.25
2008-08-09,3632.23
2008-08-10,3632.13
2008-08-11,3632.1
2008-08-12,3632.04
2008-08-13,3631.96
2008-08-14,3631.84
2008-08-15,3631.77
2008-08-16,3631.59
2008-08-17,3631.49
2008-08-18,3631.35
2008-08-19,3631.18
2008-08-20,3631.04
2008-08-21,3630.88
2008-08-22,3630.75
2008-08-23,3630.62
2008-08-24,3630.5
2008-08-25,3630.39
2008-08-26,3630.2
2008-08-27,3630.07
2008-08-28,3629.89
2008-08-29,3629.75
2008-08-30,3629.66
2008-08-31,3629.55
2008-09-01,3629.48
2008-09-02,3629.35
2008-09-03,3629.21
2008-09-04,3629.14
2008-09-05,3629.09
2008-09-06,3628.99
2008-09-07,3628.92
2008-09-08,3628.8
2008-09-09,3628.77
2008-09-10,3628.67
2008-09-11,3628.61
2008-09-12,3628.49
2008-09-13,3628.37
2008-09-14,3628.29
2008-09-15,3628.22
2008-09-16,3628.13
2008-09-17,3628.07
2008-09-18,3627.98
2008-09-19,3627.92
2008-09-20,3627.81
2008-09-21,3627.71
2008-09-22,3627.68
2008-09-23,3627.57
2008-09-24,3627.47
2008-09-25,3627.39
2008-09-26,3627.3
2008-09-27,3627.21
2008-09-28,3627.12
2008-09-29,3627.03
2008-09-30,3626.9
2008-10-01,3626.8
2008-10-02,3626.7
2008-10-03,3626.57
2008-10-04,3626.53
2008-10-05,3626.41
2008-10-06,3626.33
2008-10-07,3626.24
2008-10-08,3626.16
2008-10-09,3626.05
2008-10-10,3625.95
2008-10-11,3625.82
2008-10-12,3625.73
2008-10-13,3625.6
2008-10-14,3625.49
2008-10-15,3625.38
2008-10-16,3625.27
2008-10-17,3625.18
2008-10-18,3625.07
2008-10-19,3625.01
2008-10-20,3624.88
2008-10-21,3624.85
2008-10-22,3624.71
2008-10-23,3624.57
2008-10-24,3624.49
2008-10-25,3624.39
2008-10-26,3624.3
2008-10-27,3624.2
2008-10-28,3624.1
2008-10-29,3623.99
2008-10-30,3623.91
2008-10-31,3623.82
2008-11-01,3623.77
2008-11-02,3623.71
2008-11-03,3623.62
2008-11-04,3623.58
2008-11-05,3623.5
2008-11-06,3623.41
2008-11-07,3623.36
2008-11-08,3623.31
2008-11-09,3623.21
2008-11-10,3623.16
2008-11-11,3623.08
2008-11-12,3623.04
2008-11-13,3622.94
2008-11-14,3622.87
2008-11-15,3622.84
2008-11-16,3622.76
2008-11-17,3622.7
2008-11-18,3622.65
2008-11-19,3622.58
2008-11-20,3622.52
2008-11-21,3622.46
2008-11-22,3622.37
2008-11-23,3622.34
2008-11-24,3622.29
2008-11-25,3622.22
2008-11-26,3622.1
2008-11-27,3622.08
2008-11-28,3622.03
2008-11-29,3621.96
2008-11-30,3621.9
2008-12-01,3621.78
2008-12-02,3621.66
2008-12-03,3621.57
2008-12-04,3621.43
2008-12-05,3621.31
2008-12-06,3621.22
2008-12-07,3621.07
2008-12-08,3620.97
2008-12-09,3620.88
2008-12-10,3620.71
2008-12-11,3620.59
2008-12-12,3620.44
2008-12-13,3620.31
2008-12-14,3620.19
2008-12-15,3620.09
2008-12-16,3619.98
2008-12-17,3619.9
2008-12-18,3619.71
2008-12-19,3619.58
2008-12-20,3619.51
2008-12-21,3619.4
2008-12-22,3619.26
2008-12-23,3619.1
2008-12-24,3618.98
2008-12-25,3618.84
2008-12-26,3618.67
2008-12-27,3618.54
2008-12-28,3618.42
2008-12-29,3618.25
2008-12-30,3618.06
2008-12-31,3617.89
2009-01-01,3617.76
2009-01-02,3617.64
2009-01-03,3617.53
2009-01-04,3617.42
2009-01-05,3617.24
2009-01-06,3617.07
2009-01-07,3616.95
2009-01-08,3616.8
2009-01-09,3616.66
2009-01-10,3616.53
2009-01-11,3616.41
2009-01-12,3616.32
2009-01-13,3616.2
2009-01-14,3616.06
2009-01-15,3615.94
2009-01-16,3615.82
2009-01-17,3615.71
2009-01-18,3615.61
2009-01-19,3615.48
2009-01-20,3615.37
2009-01-21,3615.23
2009-01-22,3615.12
2009-01-23,3614.98
2009-01-24,3614.88
2009-01-25,3614.78
2009-01-26,3614.7
2009-01-27,3614.54
2009-01-28,3614.46
2009-01-29,3614.36
2009-01-30,3614.25
2009-01-31,3614.17
2009-02-01,3614.1
2009-02-02,3614.01
2009-02-03,3613.96
2009-02-04,3613.89
2009-02-05,3613.81
2009-02-06,3613.73
2009-02-07,3613.67
2009-02-08,3613.62
2009-02-09,3613.51
2009-02-10,3613.4
2009-02-11,3613.36
2009-02-12,3613.29
2009-02-13,3613.2
2009-02-14,3613.13
2009-02-15,3613.05
2009-02-16,3612.96
2009-02-17,3612.89
2009-02-18,3612.85
2009-02-19,3612.75
2009-02-20,3612.67
2009-02-21,3612.6
2009-02-22,3612.53
2009-02-23,3612.44
2009-02-24,3612.34
2009-02-25,3612.26
2009-02-26,3612.17
2009-02-27,3612.12
2009-02-28,3612.05
2009-03-01,3612.01
2009-03-02,3611.94
2009-03-03,3611.89
2009-03-04,3611.83
2009-03-05,3611.78
2009-03-06,3611.71
2009-03-07,3611.68
2009-03-08,3611.66
2009-03-09,3611.6
2009-03-10,3611.56
2009-03-11,3611.52
2009-03-12,3611.47
2009-03-13,3611.4
2009-03-14,3611.37
2009-03-15,3611.32
2009-03-16,3611.26
2009-03-17,3611.19
2009-03-18,3611.14
2009-03-19,3611.07
2009-03-20,3610.99
2009-03-21,3610.92
2009-03-22,3610.85
2009-03-23,3610.79
2009-03-24,3610.73
2009-03-25,3610.65
2009-03-26,3610.59
2009-03-27,3610.54
2009-03-28,3610.52
2009-03-29,3610.49
2009-03-30,3610.47
2009-03-31,3610.43
2009-04-01,3610.34
2009-04-02,3610.32
2009-04-03,3610.25
2009-04-04,3610.23
2009-04-05,3610.22
2009-04-06,3610.16
2009-04-07,3610.08
2009-04-08,3610
2009-04-09,3609.98
2009-04-10,3609.94
2009-04-11,3609.92
2009-04-12,3609.84
2009-04-13,3609.82
2009-04-14,3609.77
2009-04-15,3609.74
2009-04-16,3609.72
2009-04-17,3609.7
2009-04-18,3609.71
2009-04-19,3609.74
2009-04-20,3609.79
2009-04-21,3609.83
2009-04-22,3609.86
2009-04-23,3609.92
2009-04-24,3610.03
2009-04-25,3610.17
2009-04-26,3610.39
2009-04-27,3610.48
2009-04-28,3610.74
2009-04-29,3610.99
2009-04-30,3611.26
2009-05-01,3611.55
2009-05-02,3611.8
2009-05-03,3612.1
2009-05-04,3612.41
2009-05-05,3612.76
2009-05-06,3613.15
2009-05-07,3613.48
2009-05-08,3613.82
2009-05-09,3614.19
2009-05-10,3614.62
2009-05-11,3615.09
2009-05-12,3615.62
2009-05-13,3616.18
2009-05-14,3616.74
2009-05-15,3617.37
2009-05-16,3618.05
2009-05-17,3618.73
2009-05-18,3619.4
2009-05-19,3620.12
2009-05-20,3620.8
2009-05-21,3621.5
2009-05-22,3622.39
2009-05-23,3623.24
2009-05-24,3624.06
2009-05-25,3624.82
2009-05-26,3625.59
2009-05-27,3626.39
2009-05-28,3627.18
2009-05-29,3627.88
2009-05-30,3628.57
2009-05-31,3629.09
2009-06-01,3629.67
2009-06-02,3630.2
2009-06-03,3630.72
2009-06-04,3631.19
2009-06-05,3631.7
2009-06-06,3632.22
2009-06-07,3632.76
2009-06-08,3633.32
2009-06-09,3633.85
2009-06-10,3634.36
2009-06-11,3634.77
2009-06-12,3635.16
2009-06-13,3635.54
2009-06-14,3635.85
2009-06-15,3636.16
2009-06-16,3636.45
2009-06-17,3636.74
2009-06-18,3636.98
2009-06-19,3637.22
2009-06-20,3637.53
2009-06-21,3637.75
2009-06-22,3638.02
2009-06-23,3638.28
2009-06-24,3638.54
2009-06-25,3638.8
2009-06-26,3639.13
2009-06-27,3639.4
2009-06-28,3639.76
2009-06-29,3640.14
2009-06-30,3640.49
2009-07-01,3640.76
2009-07-02,3641.04
2009-07-03,3641.24
2009-07-04,3641.5
2009-07-05,3641.65
2009-07-06,3641.77
2009-07-07,3641.89
2009-07-08,3642.01
2009-07-09,3642.1
2009-07-10,3642.18
2009-07-11,3642.25
2009-07-12,3642.29
2009-07-13,3642.3
2009-07-14,3642.3
2009-07-15,3642.28
2009-07-16,3642.3
2009-07-17,3642.22
2009-07-18,3642.16
2009-07-19,3642.11
2009-07-20,3642.05
2009-07-21,3641.97
2009-07-22,3641.91
2009-07-23,3641.82
2009-07-24,3641.72
2009-07-25,3641.68
2009-07-26,3641.63
2009-07-27,3641.5
2009-07-28,3641.4
2009-07-29,3641.25
2009-07-30,3641.2
2009-07-31,3641.14
2009-08-01,3641.03
2009-08-02,3640.95
2009-08-03,3640.84
2009-08-04,3640.76
2009-08-05,3640.65
2009-08-06,3640.51
2009-08-07,3640.35
2009-08-08,3640.24
2009-08-09,3640.15
2009-08-10,3640.04
2009-08-11,3639.92
2009-08-12,3639.78
2009-08-13,3639.67
2009-08-14,3639.56
2009-08-15,3639.48
2009-08-16,3639.36
2009-08-17,3639.24
2009-08-18,3639.11
2009-08-19,3638.94
2009-08-20,3638.8
2009-08-21,3638.66
2009-08-22,3638.53
2009-08-23,3638.42
2009-08-24,3638.33
2009-08-25,3638.2
2009-08-26,3638.07
2009-08-27,3637.96
2009-08-28,3637.85
2009-08-29,3637.71
2009-08-30,3637.61
2009-08-31,3637.5
2009-09-01,3637.41
2009-09-02,3637.35
2009-09-03,3637.29
2009-09-04,3637.21
2009-09-05,3637.15
2009-09-06,3637.05
2009-09-07,3636.96
2009-09-08,3636.87
2009-09-09,3636.77
2009-09-10,3636.73
2009-09-11,3636.65
2009-09-12,3636.57
2009-09-13,3636.48
2009-09-14,3636.43
2009-09-15,3636.38
2009-09-16,3636.28
2009-09-17,3636.23
2009-09-18,3636.15
2009-09-19,3636.07
2009-09-20,3636
2009-09-21,3635.94
2009-09-22,3635.89
2009-09-23,3635.8
2009-09-24,3635.74
2009-09-25,3635.69
2009-09-26,3635.63
2009-09-27,3635.6
2009-09-28,3635.53
2009-09-29,3635.48
2009-09-30,3635.37
2009-10-01,3635.3
2009-10-02,3635.23
2009-10-03,3635.15
2009-10-04,3635.08
2009-10-05,3634.99
2009-10-06,3634.9
2009-10-07,3634.81
2009-10-08,3634.73
2009-10-09,3634.68
2009-10-10,3634.61
2009-10-11,3634.57
2009-10-12,3634.49
2009-10-13,3634.43
2009-10-14,3634.4
2009-10-15,3634.38
2009-10-16,3634.3
2009-10-17,3634.25
2009-10-18,3634.17
2009-10-19,3634.13
2009-10-20,3634.1
2009-10-21,3634.02
2009-10-22,3633.97
2009-10-23,3633.9
2009-10-24,3633.89
2009-10-25,3633.85
2009-10-26,3633.75
2009-10-27,3633.71
2009-10-28,3633.68
2009-10-29,3633.58
2009-10-30,3633.57
2009-10-31,3633.52
2009-11-01,3633.45
2009-11-02,3633.39
2009-11-03,3633.3
2009-11-04,3633.22
2009-11-05,3633.13
2009-11-06,3633.05
2009-11-07,3632.97
2009-11-08,3632.92
2009-11-09,3632.83
2009-11-10,3632.77
2009-11-11,3632.69
2009-11-12,3632.58
2009-11-13,3632.51
2009-11-14,3632.42
2009-11-15,3632.36
2009-11-16,3632.27
2009-11-17,3632.17
2009-11-18,3632.09
2009-11-19,3631.99
2009-11-20,3631.88
2009-11-21,3631.79
2009-11-22,3631.71
2009-11-23,3631.64
2009-11-24,3631.56
2009-11-25,3631.49
2009-11-26,3631.41
2009-11-27,3631.35
2009-11-28,3631.31
2009-11-29,3631.21
2009-11-30,3631.1
2009-12-01,3630.98
2009-12-02,3630.86
2009-12-03,3630.67
2009-12-04,3630.49
2009-12-05,3630.37
2009-12-06,3630.28
2009-12-07,3630.17
2009-12-08,3630.01
2009-12-09,3629.81
2009-12-10,3629.61
2009-12-11,3629.4
2009-12-12,3629.22
2009-12-13,3629.05
2009-12-14,3628.86
2009-12-15,3628.68
2009-12-16,3628.53
2009-12-17,3628.34
2009-12-18,3628.18
2009-12-19,3628.02
2009-12-20,3627.9
2009-12-21,3627.74
2009-12-22,3627.63
2009-12-23,3627.52
2009-12-24,3627.35
2009-12-25,3627.21
2009-12-26,3627.08
2009-12-27,3626.96
2009-12-28,3626.79
2009-12-29,3626.61
2009-12-30,3626.39
2009-12-31,3626.22
2010-01-01,3626.09
2010-01-02,3625.92
2010-01-03,3625.76
2010-01-04,3625.59
2010-01-05,3625.4
2010-01-06,3625.2
2010-01-07,3625.06
2010-01-08,3624.88
2010-01-09,3624.75
2010-01-10,3624.57
2010-01-11,3624.4
2010-01-12,3624.22
2010-01-13,3624.08
2010-01-14,3623.92
2010-01-15,3623.76
2010-01-16,3623.61
2010-01-17,3623.51
2010-01-18,3623.38
2010-01-19,3623.28
2010-01-20,3623.12
2010-01-21,3623.13
2010-01-22,3623.03
2010-01-23,3622.96
2010-01-24,3622.87
2010-01-25,3622.79
2010-01-26,3622.7
2010-01-27,3622.61
2010-01-28,3622.45
2010-01-29,3622.33
2010-01-30,3622.25
2010-01-31,3622.14
2010-02-01,3622.07
2010-02-02,3622.01
2010-02-03,3621.91
2010-02-04,3621.82
2010-02-05,3621.73
2010-02-06,3621.73
2010-02-07,3621.72
2010-02-08,3621.65
2010-02-09,3621.6
2010-02-10,3621.51
2010-02-11,3621.42
2010-02-12,3621.33
2010-02-13,3621.28
2010-02-14,3621.26
2010-02-15,3621.18
2010-02-16,3621.06
2010-02-17,3620.96
2010-02-18,3620.89
2010-02-19,3620.8
2010-02-20,3620.71
2010-02-21,3620.66
2010-02-22,3620.65
2010-02-23,3620.58
2010-02-24,3620.47
2010-02-25,3620.37
2010-02-26,3620.31
2010-02-27,3620.23
2010-02-28,3620.16
2010-03-01,3620.11
2010-03-02,3620.06
2010-03-03,3620
2010-03-04,3619.89
2010-03-05,3619.91
2010-03-06,3619.96
2010-03-07,3619.96
2010-03-08,3619.97
2010-03-09,3619.96
2010-03-10,3619.97
2010-03-11,3620.03
2010-03-12,3620.03
2010-03-13,3620.06
2010-03-14,3620.01
2010-03-15,3619.97
2010-03-16,3619.95
2010-03-17,3619.94
2010-03-18,3619.94
2010-03-19,3619.92
2010-03-20,3619.91
2010-03-21,3619.9
2010-03-22,3619.83
2010-03-23,3619.79
2010-03-24,3619.76
2010-03-25,3619.73
2010-03-26,3619.68
2010-03-27,3619.64
2010-03-28,3619.61
2010-03-29,3619.54
2010-03-30,3619.49
2010-03-31,3619.41
2010-04-01,3619.33
2010-04-02,3619.25
2010-04-03,3619.18
2010-04-04,3619.17
2010-04-05,3619.08
2010-04-06,3619.03
2010-04-07,3618.99
2010-04-08,3618.93
2010-04-09,3618.87
2010-04-10,3618.8
2010-04-11,3618.76
2010-04-12,3618.72
2010-04-13,3618.68
2010-04-14,3618.62
2010-04-15,3618.64
2010-04-16,3618.64
2010-04-17,3618.69
2010-04-18,3618.75
2010-04-19,3618.78
2010-04-20,3618.96
2010-04-21,3619.05
2010-04-22,3619.2
2010-04-23,3619.37
2010-04-24,3619.54
2010-04-25,3619.78
2010-04-26,3619.94
2010-04-27,3620.09
2010-04-28,3620.19
2010-04-29,3620.37
2010-04-30,3620.5
2010-05-01,3620.62
2010-05-02,3620.79
2010-05-03,3620.86
2010-05-04,3621.01
2010-05-05,3621.08
2010-05-06,3621.19
2010-05-07,3621.19
2010-05-08,3621.23
2010-05-09,3621.3
2010-05-10,3621.32
2010-05-11,3621.36
2010-05-12,3621.43
2010-05-13,3621.53
2010-05-14,3621.6
2010-05-15,3621.71
2010-05-16,3621.79
2010-05-17,3621.92
2010-05-18,3621.99
2010-05-19,3622.16
2010-05-20,3622.31
2010-05-21,3622.51
2010-05-22,3622.66
2010-05-23,3622.85
2010-05-24,3623.14
2010-05-25,3623.51
2010-05-26,3623.9
2010-05-27,3624.33
2010-05-28,3624.63
2010-05-29,3625.09
2010-05-30,3625.44
2010-05-31,3625.96
2010-06-01,3626.51
2010-06-02,3627.09
2010-06-03,3627.68
2010-06-04,3628.25
2010-06-05,3628.77
2010-06-06,3629.25
2010-06-07,3629.77
2010-06-08,3630.41
2010-06-09,3631.1
2010-06-10,3631.82
2010-06-11,3632.55
2010-06-12,3633.3
2010-06-13,3634.01
2010-06-14,3634.6
2010-06-15,3635.15
2010-06-16,3635.64
2010-06-17,3636.05
2010-06-18,3636.48
2010-06-19,3636.85
2010-06-20,3637.14
2010-06-21,3637.39
2010-06-22,3637.65
2010-06-23,3637.85
2010-06-24,3638.04
2010-06-25,3638.22
2010-06-26,3638.37
2010-06-27,3638.5
2010-06-28,3638.64
2010-06-29,3638.74
2010-06-30,3638.82
2010-07-01,3638.82
2010-07-02,3638.79
2010-07-03,3638.78
2010-07-04,3638.79
2010-07-05,3638.8
2010-07-06,3638.78
2010-07-07,3638.77
2010-07-08,3638.72
2010-07-09,3638.63
2010-07-10,3638.59
2010-07-11,3638.53
2010-07-12,3638.42
2010-07-13,3638.34
2010-07-14,3638.28
2010-07-15,3638.18
2010-07-16,3638
2010-07-17,3637.96
2010-07-18,3637.9
2010-07-19,3637.76
2010-07-20,3637.66
2010-07-21,3637.53
2010-07-22,3637.39
2010-07-23,3637.31
2010-07-24,3637.22
2010-07-25,3637.13
2010-07-26,3637
2010-07-27,3636.84
2010-07-28,3636.82
2010-07-29,3636.67
2010-07-30,3636.62
2010-07-31,3636.52
2010-08-01,3636.76
2010-08-02,3636.74
2010-08-03,3636.68
2010-08-04,3636.77
2010-08-05,3636.68
2010-08-06,3636.67
2010-08-07,3636.72
2010-08-08,3636.64
2010-08-09,3636.6
2010-08-10,3636.5
2010-08-11,3636.44
2010-08-12,3636.35
2010-08-13,3636.23
2010-08-14,3636.14
2010-08-15,3636.06
2010-08-16,3636.01
2010-08-17,3635.89
2010-08-18,3635.83
2010-08-19,3635.74
2010-08-20,3635.73
2010-08-21,3635.69
2010-08-22,3635.61
2010-08-23,3635.58
2010-08-24,3635.43
2010-08-25,3635.33
2010-08-26,3635.21
2010-08-27,3635.09
2010-08-28,3634.94
2010-08-29,3634.79
2010-08-30,3634.66
2010-08-31,3634.55
2010-09-01,3634.51
2010-09-02,3634.48
2010-09-03,3634.46
2010-09-04,3634.41
2010-09-05,3634.35
2010-09-06,3634.33
2010-09-07,3634.26
2010-09-08,3634.17
2010-09-09,3634.13
2010-09-10,3634.13
2010-09-11,3634.09
2010-09-12,3634.05
2010-09-13,3634.02
2010-09-14,3633.99
2010-09-15,3633.96
2010-09-16,3633.93
2010-09-17,3633.89
2010-09-18,3633.85
2010-09-19,3633.8
2010-09-20,3633.76
2010-09-21,3633.71
2010-09-22,3633.76
2010-09-23,3633.77
2010-09-24,3633.76
2010-09-25,3633.76
2010-09-26,3633.75
2010-09-27,3633.73
2010-09-28,3633.71
2010-09-29,3633.68
2010-09-30,3633.66
2010-10-01,3633.61
2010-10-02,3633.57
2010-10-03,3633.58
2010-10-04,3633.55
2010-10-05,3633.8
2010-10-06,3634.12
2010-10-07,3634.26
2010-10-08,3634.36
2010-10-09,3634.36
2010-10-10,3634.35
2010-10-11,3634.33
2010-10-12,3634.33
2010-10-13,3634.31
2010-10-14,3634.29
2010-10-15,3634.26
2010-10-16,3634.23
2010-10-17,3634.19
2010-10-18,3634.19
2010-10-19,3634.16
2010-10-20,3634.12
2010-10-21,3634.08
2010-10-22,3634.06
2010-10-23,3634.07
2010-10-24,3634.08
2010-10-25,3634.1
2010-10-26,3634.09
2010-10-27,3634.1
2010-10-28,3634.09
2010-10-29,3634.07
2010-10-30,3634.08
2010-10-31,3634.08
2010-11-01,3633.97
2010-11-02,3633.86
2010-11-03,3633.76
2010-11-04,3633.66
2010-11-05,3633.53
2010-11-06,3633.42
2010-11-07,3633.31
2010-11-08,3633.13
2010-11-09,3633.05
2010-11-10,3632.95
2010-11-11,3632.78
2010-11-12,3632.67
2010-11-13,3632.55
2010-11-14,3632.43
2010-11-15,3632.34
2010-11-16,3632.15
2010-11-17,3632.08
2010-11-18,3631.93
2010-11-19,3631.79
2010-11-20,3631.65
2010-11-21,3631.6
2010-11-22,3631.42
2010-11-23,3631.23
2010-11-24,3631.19
2010-11-25,3631.03
2010-11-26,3630.89
2010-11-27,3630.76
2010-11-28,3630.61
2010-11-29,3630.49
2010-11-30,3630.31
2010-12-01,3630.18
2010-12-02,3629.99
2010-12-03,3629.88
2010-12-04,3629.73
2010-12-05,3629.6
2010-12-06,3629.46
2010-12-07,3629.33
2010-12-08,3629.2
2010-12-09,3629.08
2010-12-10,3628.95
2010-12-11,3628.86
2010-12-12,3628.71
2010-12-13,3628.61
2010-12-14,3628.47
2010-12-15,3628.37
2010-12-16,3628.24
2010-12-17,3628.08
2010-12-18,3627.98
2010-12-19,3627.82
2010-12-20,3627.69
2010-12-21,3627.58
2010-12-22,3627.47
2010-12-23,3627.38
2010-12-24,3627.28
2010-12-25,3627.22
2010-12-26,3627.11
2010-12-27,3627
2010-12-28,3626.88
2010-12-29,3626.79
2010-12-30,3626.67
2010-12-31,3626.54
2011-01-01,3626.43
2011-01-02,3626.28
2011-01-03,3626.07
2011-01-04,3625.87
2011-01-05,3625.68
2011-01-06,3625.46
2011-01-07,3625.24
2011-01-08,3625.02
2011-01-09,3624.86
2011-01-10,3624.66
2011-01-11,3624.45
2011-01-12,3624.18
2011-01-13,3624.01
2011-01-14,3623.75
2011-01-15,3623.58
2011-01-16,3623.39
2011-01-17,3623.21
2011-01-18,3623.01
2011-01-19,3622.84
2011-01-20,3622.63
2011-01-21,3622.42
2011-01-22,3622.3
2011-01-23,3622.09
2011-01-24,3621.93
2011-01-25,3621.75
2011-01-26,3621.55
2011-01-27,3621.34
2011-01-28,3621.18
2011-01-29,3621
2011-01-30,3620.82
2011-01-31,3620.55
2011-02-01,3620.28
2011-02-02,3620.09
2011-02-03,3619.87
2011-02-04,3619.61
2011-02-05,3619.37
2011-02-06,3619.17
2011-02-07,3618.98
2011-02-08,3618.79
2011-02-09,3618.51
2011-02-10,3618.3
2011-02-11,3618.08
2011-02-12,3617.88
2011-02-13,3617.66
2011-02-14,3617.44
2011-02-15,3617.24
2011-02-16,3617
2011-02-17,3616.82
2011-02-18,3616.62
2011-02-19,3616.34
2011-02-20,3616.19
2011-02-21,3616.02
2011-02-22,3615.87
2011-02-23,3615.72
2011-02-24,3615.56
2011-02-25,3615.42
2011-02-26,3615.29
2011-02-27,3615.1
2011-02-28,3614.95
2011-03-01,3614.8
2011-03-02,3614.64
2011-03-03,3614.49
2011-03-04,3614.35
2011-03-05,3614.18
2011-03-06,3614.03
2011-03-07,3613.87
2011-03-08,3613.74
2011-03-09,3613.59
2011-03-10,3613.46
2011-03-11,3613.33
2011-03-12,3613.2
2011-03-13,3613.1
2011-03-14,3612.92
2011-03-15,3612.83
2011-03-16,3612.72
2011-03-17,3612.63
2011-03-18,3612.53
2011-03-19,3612.44
2011-03-20,3612.35
2011-03-21,3612.21
2011-03-22,3612.06
2011-03-23,3611.88
2011-03-24,3611.77
2011-03-25,3611.62
2011-03-26,3611.5
2011-03-27,3611.35
2011-03-28,3611.19
2011-03-29,3611.06
2011-03-30,3610.9
2011-03-31,3610.73
2011-04-01,3610.58
2011-04-02,3610.41
2011-04-03,3610.19
2011-04-04,3610.06
2011-04-05,3609.97
2011-04-06,3609.91
2011-04-07,3609.85
2011-04-08,3609.79
2011-04-09,3609.7
2011-04-10,3609.74
2011-04-11,3609.75
2011-04-12,3609.76
2011-04-13,3609.72
2011-04-14,3609.82
2011-04-15,3609.84
2011-04-16,3609.87
2011-04-17,3609.91
2011-04-18,3609.98
2011-04-19,3610
2011-04-20,3610.05
2011-04-21,3610.12
2011-04-22,3610.31
2011-04-23,3610.47
2011-04-24,3610.63
2011-04-25,3610.87
2011-04-26,3611.03
2011-04-27,3611.31
2011-04-28,3611.53
2011-04-29,3611.67
2011-04-30,3611.93
2011-05-01,3612.03
2011-05-02,3612.16
2011-05-03,3612.29
2011-05-04,3612.45
2011-05-05,3612.55
2011-05-06,3612.66
2011-05-07,3612.74
2011-05-08,3612.82
2011-05-09,3613.04
2011-05-10,3613.37
2011-05-11,3613.82
2011-05-12,3614.36
2011-05-13,3614.89
2011-05-14,3615.28
2011-05-15,3615.63
2011-05-16,3615.93
2011-05-17,3616.27
2011-05-18,3616.55
2011-05-19,3617.06
2011-05-20,3617.54
2011-05-21,3618.06
2011-05-22,3618.58
2011-05-23,3619.04
2011-05-24,3619.56
2011-05-25,3619.97
2011-05-26,3620.41
2011-05-27,3620.86
2011-05-28,3621.37
2011-05-29,3621.82
2011-05-30,3622.45
2011-05-31,3623.13
2011-06-01,3623.88
2011-06-02,3624.63
2011-06-03,3625.35
2011-06-04,3626.07
2011-06-05,3626.85
2011-06-06,3627.6
2011-06-07,3628.45
2011-06-08,3629.36
2011-06-09,3630.4
2011-06-10,3631.44
2011-06-11,3632.57
2011-06-12,3633.66
2011-06-13,3634.74
2011-06-14,3635.81
2011-06-15,3636.83
2011-06-16,3637.92
2011-06-17,3638.82
2011-06-18,3639.71
2011-06-19,3640.64
2011-06-20,3641.57
2011-06-21,3642.44
2011-06-22,3643.27
2011-06-23,3644.05
2011-06-24,3644.77
2011-06-25,3645.46
2011-06-26,3646.16
2011-06-27,3646.87
2011-06-28,3647.58
2011-06-29,3648.26
2011-06-30,3648.98
2011-07-01,3649.61
2011-07-02,3650.3
2011-07-03,3651.08
2011-07-04,3651.77
2011-07-05,3652.41
2011-07-06,3652.97
2011-07-07,3653.6
2011-07-08,3654.17
2011-07-09,3654.72
2011-07-10,3655.24
2011-07-11,3655.77
2011-07-12,3656.34
2011-07-13,3656.91
2011-07-14,3657.43
2011-07-15,3657.97
2011-07-16,3658.45
2011-07-17,3658.88
2011-07-18,3659.17
2011-07-19,3659.46
2011-07-20,3659.71
2011-07-21,3659.92
2011-07-22,3660.1
2011-07-23,3660.3
2011-07-24,3660.47
2011-07-25,3660.66
2011-07-26,3660.66
2011-07-27,3660.71
2011-07-28,3660.78
2011-07-29,3660.85
2011-07-30,3660.9
2011-07-31,3660.86
2011-08-01,3660.81
2011-08-02,3660.74
2011-08-03,3660.71
2011-08-04,3660.64
2011-08-05,3660.51
2011-08-06,3660.37
2011-08-07,3660.28
2011-08-08,3660.13
2011-08-09,3660.01
2011-08-10,3659.81
2011-08-11,3659.65
2011-08-12,3659.46
2011-08-13,3659.23
2011-08-14,3659.04
2011-08-15,3658.86
2011-08-16,3658.62
2011-08-17,3658.4
2011-08-18,3658.21
2011-08-19,3657.97
2011-08-20,3657.76
2011-08-21,3657.52
2011-08-22,3657.31
2011-08-23,3657.07
2011-08-24,3656.85
2011-08-25,3656.59
2011-08-26,3656.37
2011-08-27,3656.12
2011-08-28,3655.92
2011-08-29,3655.66
2011-08-30,3655.49
2011-08-31,3655.34
2011-09-01,3655.21
2011-09-02,3655.11
2011-09-03,3655.03
2011-09-04,3654.93
2011-09-05,3654.79
2011-09-06,3654.7
2011-09-07,3654.59
2011-09-08,3654.47
2011-09-09,3654.43
2011-09-10,3654.33
2011-09-11,3654.22
2011-09-12,3654.14
2011-09-13,3654.06
2011-09-14,3654.11
2011-09-15,3654.06
2011-09-16,3653.99
2011-09-17,3653.94
2011-09-18,3653.95
2011-09-19,3653.9
2011-09-20,3653.85
2011-09-21,3653.82
2011-09-22,3653.74
2011-09-23,3653.67
2011-09-24,3653.6
2011-09-25,3653.54
2011-09-26,3653.44
2011-09-27,3653.35
2011-09-28,3653.25
2011-09-29,3653.16
2011-09-30,3653.01
2011-10-01,3652.89
2011-10-02,3652.85
2011-10-03,3652.75
2011-10-04,3652.59
2011-10-05,3652.49
2011-10-06,3652.38
2011-10-07,3652.25
2011-10-08,3652.26
2011-10-09,3652.14
2011-10-10,3652.08
2011-10-11,3652
2011-10-12,3651.95
2011-10-13,3651.87
2011-10-14,3651.79
2011-10-15,3651.69
2011-10-16,3651.61
2011-10-17,3651.53
2011-10-18,3651.44
2011-10-19,3651.33
2011-10-20,3651.25
2011-10-21,3651.15
2011-10-22,3651.07
2011-10-23,3650.98
2011-10-24,3650.87
2011-10-25,3650.8
2011-10-26,3650.71
2011-10-27,3650.58
2011-10-28,3650.51
2011-10-29,3650.42
2011-10-30,3650.36
2011-10-31,3650.27
2011-11-01,3650.2
2011-11-02,3650.13
2011-11-03,3650.02
2011-11-04,3649.97
2011-11-05,3649.85
2011-11-06,3649.74
2011-11-07,3649.68
2011-11-08,3649.6
2011-11-09,3649.48
2011-11-10,3649.4
2011-11-11,3649.21
2011-11-12,3649.04
2011-11-13,3648.86
2011-11-14,3648.7
2011-11-15,3648.58
2011-11-16,3648.39
2011-11-17,3648.21
2011-11-18,3648.03
2011-11-19,3647.84
2011-11-20,3647.66
2011-11-21,3647.42
2011-11-22,3647.25
2011-11-23,3647.07
2011-11-24,3646.84
2011-11-25,3646.63
2011-11-26,3646.45
2011-11-27,3646.26
2011-11-28,3646.05
2011-11-29,3645.84
2011-11-30,3645.67
2011-12-01,3645.5
2011-12-02,3645.29
2011-12-03,3645.14
2011-12-04,3644.92
2011-12-05,3644.72
2011-12-06,3644.56
2011-12-07,3644.35
2011-12-08,3644.15
2011-12-09,3643.93
2011-12-10,3643.7
2011-12-11,3643.48
2011-12-12,3643.27
2011-12-13,3643.05
2011-12-14,3642.84
2011-12-15,3642.68
2011-12-16,3642.46
2011-12-17,3642.31
2011-12-18,3642.09
2011-12-19,3641.94
2011-12-20,3641.74
2011-12-21,3641.56
2011-12-22,3641.4
2011-12-23,3641.14
2011-12-24,3640.95
2011-12-25,3640.72
2011-12-26,3640.52
2011-12-27,3640.3
2011-12-28,3640.15
2011-12-29,3639.99
2011-12-30,3639.79
2011-12-31,3639.75
2012-01-01,3639.63
2012-01-02,3639.51
2012-01-03,3639.39
2012-01-04,3639.25
2012-01-05,3639.12
2012-01-06,3638.98
2012-01-07,3638.89
2012-01-08,3638.78
2012-01-09,3638.63
2012-01-10,3638.54
2012-01-11,3638.5
2012-01-12,3638.4
2012-01-13,3638.32
2012-01-14,3638.23
2012-01-15,3638.15
2012-01-16,3638.09
2012-01-17,3637.98
2012-01-18,3637.86
2012-01-19,3637.74
2012-01-20,3637.69
2012-01-21,3637.57
2012-01-22,3637.56
2012-01-23,3637.48
2012-01-24,3637.43
2012-01-25,3637.33
2012-01-26,3637.27
2012-01-27,3637.21
2012-01-28,3637.13
2012-01-29,3637.08
2012-01-30,3636.98
2012-01-31,3636.91
2012-02-01,3636.87
2012-02-02,3636.79
2012-02-03,3636.73
2012-02-04,3636.7
2012-02-05,3636.64
2012-02-06,3636.57
2012-02-07,3636.52
2012-02-08,3636.48
2012-02-09,3636.42
2012-02-10,3636.33
2012-02-11,3636.31
2012-02-12,3636.22
2012-02-13,3636.18
2012-02-14,3636.11
2012-02-15,3636.09
2012-02-16,3636.04
2012-02-17,3635.96
2012-02-18,3635.93
2012-02-19,3635.84
2012-02-20,3635.8
2012-02-21,3635.76
2012-02-22,3635.67
2012-02-23,3635.65
2012-02-24,3635.57
2012-02-25,3635.49
2012-02-26,3635.46
2012-02-27,3635.38
2012-02-28,3635.33
2012-02-29,3635.28
2012-03-01,3635.26
2012-03-02,3635.23
2012-03-03,3635.2
2012-03-04,3635.2
2012-03-05,3635.15
2012-03-06,3635.09
2012-03-07,3635.08
2012-03-08,3635.01
2012-03-09,3634.99
2012-03-10,3634.97
2012-03-11,3634.96
2012-03-12,3634.94
2012-03-13,3634.91
2012-03-14,3634.91
2012-03-15,3634.92
2012-03-16,3634.93
2012-03-17,3634.96
2012-03-18,3634.99
2012-03-19,3634.99
2012-03-20,3635.02
2012-03-21,3635.05
2012-03-22,3635.07
2012-03-23,3635.09
2012-03-24,3635.14
2012-03-25,3635.18
2012-03-26,3635.18
2012-03-27,3635.2
2012-03-28,3635.22
2012-03-29,3635.25
2012-03-30,3635.29
2012-03-31,3635.33
2012-04-01,3635.39
2012-04-02,3635.41
2012-04-03,3635.47
2012-04-04,3635.52
2012-04-05,3635.58
2012-04-06,3635.6
2012-04-07,3635.63
2012-04-08,3635.7
2012-04-09,3635.74
2012-04-10,3635.77
2012-04-11,3635.86
2012-04-12,3635.81
2012-04-13,3635.82
2012-04-14,3635.79
2012-04-15,3635.89
2012-04-16,3635.92
2012-04-17,3635.91
2012-04-18,3635.94
2012-04-19,3635.92
2012-04-20,3635.93
2012-04-21,3635.93
2012-04-22,3635.92
2012-04-23,3635.85
2012-04-24,3635.79
2012-04-25,3635.78
2012-04-26,3635.77
2012-04-27,3635.77
2012-04-28,3635.76
2012-04-29,3635.75
2012-04-30,3635.76
2012-05-01,3635.78
2012-05-02,3635.82
2012-05-03,3635.82
2012-05-04,3635.83
2012-05-05,3635.94
2012-05-06,3635.9
2012-05-07,3635.95
2012-05-08,3635.86
2012-05-09,3635.89
2012-05-10,3635.89
2012-05-11,3635.89
2012-05-12,3635.95
2012-05-13,3635.96
2012-05-14,3635.99
2012-05-15,3636
2012-05-16,3635.99
2012-05-17,3635.94
2012-05-18,3635.92
2012-05-19,3635.96
2012-05-20,3635.98
2012-05-21,3635.95
2012-05-22,3635.95
2012-05-23,3635.98
2012-05-24,3635.91
2012-05-25,3636
2012-05-26,3636.02
2012-05-27,3636.25
2012-05-28,3636.41
2012-05-29,3636.54
2012-05-30,3636.72
2012-05-31,3636.83
2012-06-01,3636.89
2012-06-02,3636.86
2012-06-03,3636.9
2012-06-04,3636.85
2012-06-05,3636.78
2012-06-06,3636.72
2012-06-07,3636.67
2012-06-08,3636.57
2012-06-09,3636.48
2012-06-10,3636.52
2012-06-11,3636.4
2012-06-12,3636.29
2012-06-13,3636.19
2012-06-14,3636.09
2012-06-15,3636
2012-06-16,3635.89
2012-06-17,3635.8
2012-06-18,3635.65
2012-06-19,3635.5
2012-06-20,3635.37
2012-06-21,3635.2
2012-06-22,3635.06
2012-06-23,3634.94
2012-06-24,3634.83
2012-06-25,3634.68
2012-06-26,3634.51
2012-06-27,3634.34
2012-06-28,3634.2
2012-06-29,3634.03
2012-06-30,3633.9
2012-07-01,3633.69
2012-07-02,3633.48
2012-07-03,3633.28
2012-07-04,3633.12
2012-07-05,3632.94
2012-07-06,3632.74
2012-07-07,3632.56
2012-07-08,3632.39
2012-07-09,3632.19
2012-07-10,3632
2012-07-11,3631.81
2012-07-12,3631.62
2012-07-13,3631.45
2012-07-14,3631.29
2012-07-15,3631.13
2012-07-16,3630.99
2012-07-17,3630.81
2012-07-18,3630.63
2012-07-19,3630.48
2012-07-20,3630.28
2012-07-21,3630.12
2012-07-22,3629.97
2012-07-23,3629.78
2012-07-24,3629.57
2012-07-25,3629.41
2012-07-26,3629.23
2012-07-27,3629.09
2012-07-28,3628.92
2012-07-29,3628.77
2012-07-30,3628.63
2012-07-31,3628.45
2012-08-01,3628.27
2012-08-02,3628.12
2012-08-03,3627.93
2012-08-04,3627.81
2012-08-05,3627.66
2012-08-06,3627.48
2012-08-07,3627.31
2012-08-08,3627.15
2012-08-09,3626.99
2012-08-10,3626.81
2012-08-11,3626.63
2012-08-12,3626.49
2012-08-13,3626.29
2012-08-14,3626.19
2012-08-15,3625.99
2012-08-16,3625.81
2012-08-17,3625.63
2012-08-18,3625.46
2012-08-19,3625.3
2012-08-20,3625.11
2012-08-21,3624.96
2012-08-22,3624.8
2012-08-23,3624.65
2012-08-24,3624.52
2012-08-25,3624.4
2012-08-26,3624.25
2012-08-27,3624.09
2012-08-28,3623.93
2012-08-29,3623.82
2012-08-30,3623.69
2012-08-31,3623.62
2012-09-01,3623.55
2012-09-02,3623.47
2012-09-03,3623.4
2012-09-04,3623.32
2012-09-05,3623.24
2012-09-06,3623.16
2012-09-07,3623.07
2012-09-08,3623.01
2012-09-09,3622.94
2012-09-10,3622.87
2012-09-11,3622.8
2012-09-12,3622.78
2012-09-13,3622.73
2012-09-14,3622.67
2012-09-15,3622.6
2012-09-16,3622.53
2012-09-17,3622.47
2012-09-18,3622.4
2012-09-19,3622.33
2012-09-20,3622.27
2012-09-21,3622.19
2012-09-22,3622.12
2012-09-23,3622.05
2012-09-24,3621.99
2012-09-25,3621.92
2012-09-26,3621.85
2012-09-27,3621.77
2012-09-28,3621.69
2012-09-29,3621.62
2012-09-30,3621.56
2012-10-01,3621.48
2012-10-02,3621.41
2012-10-03,3621.32
2012-10-04,3621.24
2012-10-05,3621.2
2012-10-06,3621.13
2012-10-07,3621.04
2012-10-08,3620.95
2012-10-09,3620.88
2012-10-10,3620.8
2012-10-11,3620.78
2012-10-12,3620.75
2012-10-13,3620.73
2012-10-14,3620.66
2012-10-15,3620.58
2012-10-16,3620.49
2012-10-17,3620.41
2012-10-18,3620.38
2012-10-19,3620.33
2012-10-20,3620.23
2012-10-21,3620.18
2012-10-22,3620.1
2012-10-23,3620.04
2012-10-24,3619.97
2012-10-25,3619.9
2012-10-26,3619.81
2012-10-27,3619.73
2012-10-28,3619.66
2012-10-29,3619.59
2012-10-30,3619.52
2012-10-31,3619.46
2012-11-01,3619.38
2012-11-02,3619.33
2012-11-03,3619.27
2012-11-04,3619.21
2012-11-05,3619.16
2012-11-06,3619.09
2012-11-07,3619.04
2012-11-08,3618.94
2012-11-09,3618.92
2012-11-10,3618.81
2012-11-11,3618.74
2012-11-12,3618.7
2012-11-13,3618.59
2012-11-14,3618.53
2012-11-15,3618.46
2012-11-16,3618.42
2012-11-17,3618.32
2012-11-18,3618.25
2012-11-19,3617.79
2012-11-20,3617.06
2012-11-21,3616.38
2012-11-22,3615.82
2012-11-23,3615.53
2012-11-24,3615.48
2012-11-25,3615.41
2012-11-26,3615.36
2012-11-27,3615.28
2012-11-28,3615.21
2012-11-29,3615.11
2012-11-30,3615.1
2012-12-01,3614.91
2012-12-02,3614.74
2012-12-03,3614.63
2012-12-04,3614.49
2012-12-05,3614.33
2012-12-06,3614.2
2012-12-07,3614.04
2012-12-08,3613.87
2012-12-09,3613.7
2012-12-10,3613.5
2012-12-11,3613.33
2012-12-12,3613.14
2012-12-13,3613.02
2012-12-14,3612.86
2012-12-15,3612.65
2012-12-16,3612.49
2012-12-17,3612.35
2012-12-18,3612.18
2012-12-19,3612.07
2012-12-20,3611.95
2012-12-21,3611.76
2012-12-22,3611.56
2012-12-23,3611.4
2012-12-24,3611.19
2012-12-25,3611
2012-12-26,3610.78
2012-12-27,3610.57
2012-12-28,3610.4
2012-12-29,3610.21
2012-12-30,3610.03
2012-12-31,3609.82
2013-01-01,3609.62
2013-01-02,3609.41
2013-01-03,3609.22
2013-01-04,3609.01
2013-01-05,3608.86
2013-01-06,3608.68
2013-01-07,3608.48
2013-01-08,3608.27
2013-01-09,3608.06
2013-01-10,3607.85
2013-01-11,3607.64
2013-01-12,3607.48
2013-01-13,3607.3
2013-01-14,3607.12
2013-01-15,3606.94
2013-01-16,3606.76
2013-01-17,3606.57
2013-01-18,3606.39
2013-01-19,3606.21
2013-01-20,3606.03
2013-01-21,3605.84
2013-01-22,3605.69
2013-01-23,3605.49
2013-01-24,3605.33
2013-01-25,3605.16
2013-01-26,3605.05
2013-01-27,3604.91
2013-01-28,3604.78
2013-01-29,3604.64
2013-01-30,3604.55
2013-01-31,3604.42
2013-02-01,3604.35
2013-02-02,3604.27
2013-02-03,3604.23
2013-02-04,3604.12
2013-02-05,3604
2013-02-06,3603.89
2013-02-07,3603.78
2013-02-08,3603.67
2013-02-09,3603.56
2013-02-10,3603.48
2013-02-11,3603.36
2013-02-12,3603.26
2013-02-13,3603.13
2013-02-14,3603.04
2013-02-15,3602.93
2013-02-16,3602.84
2013-02-17,3602.72
2013-02-18,3602.62
2013-02-19,3602.53
2013-02-20,3602.38
2013-02-21,3602.26
2013-02-22,3602.17
2013-02-23,3602.09
2013-02-24,3601.99
2013-02-25,3601.84
2013-02-26,3601.72
2013-02-27,3601.59
2013-02-28,3601.47
2013-03-01,3601.38
2013-03-02,3601.29
2013-03-03,3601.24
2013-03-04,3601.13
2013-03-05,3601.06
2013-03-06,3600.92
2013-03-07,3600.81
2013-03-08,3600.73
2013-03-09,3600.71
2013-03-10,3600.68
2013-03-11,3600.61
2013-03-12,3600.51
2013-03-13,3600.43
2013-03-14,3600.32
2013-03-15,3600.2
2013-03-16,3600.15
2013-03-17,3600.12
2013-03-18,3600.01
2013-03-19,3599.97
2013-03-20,3599.88
2013-03-21,3599.9
2013-03-22,3599.81
2013-03-23,3599.73
2013-03-24,3599.64
2013-03-25,3599.53
2013-03-26,3599.42
2013-03-27,3599.29
2013-03-28,3599.2
2013-03-29,3599.09
2013-03-30,3599.03
2013-03-31,3598.96
2013-04-01,3598.87
2013-04-02,3598.73
2013-04-03,3598.65
2013-04-04,3598.53
2013-04-05,3598.46
2013-04-06,3598.37
2013-04-07,3598.29
2013-04-08,3598.26
2013-04-09,3598.16
2013-04-10,3598.03
2013-04-11,3597.91
2013-04-12,3597.83
2013-04-13,3597.78
2013-04-14,3597.75
2013-04-15,3597.73
2013-04-16,3597.6
2013-04-17,3597.52
2013-04-18,3597.41
2013-04-19,3597.32
2013-04-20,3597.26
2013-04-21,3597.24
2013-04-22,3597.17
2013-04-23,3597.1
2013-04-24,3596.99
2013-04-25,3596.89
2013-04-26,3596.81
2013-04-27,3596.74
2013-04-28,3596.68
2013-04-29,3596.64
2013-04-30,3596.53
2013-05-01,3596.36
2013-05-02,3596.25
2013-05-03,3596.2
2013-05-04,3596.18
2013-05-05,3596.22
2013-05-06,3596.15
2013-05-07,3596.07
2013-05-08,3596.04
2013-05-09,3596.08
2013-05-10,3596.09
2013-05-11,3596.1
2013-05-12,3596.14
2013-05-13,3596.13
2013-05-14,3596.12
2013-05-15,3596.13
2013-05-16,3596.14
2013-05-17,3596.23
2013-05-18,3596.46
2013-05-19,3596.65
2013-05-20,3596.94
2013-05-21,3597.24
2013-05-22,3597.49
2013-05-23,3597.65
2013-05-24,3597.89
2013-05-25,3598.08
2013-05-26,3598.24
2013-05-27,3598.46
2013-05-28,3598.71
2013-05-29,3598.96
2013-05-30,3599.24
2013-05-31,3599.44
2013-06-01,3599.58
2013-06-02,3599.68
2013-06-03,3599.74
2013-06-04,3599.79
2013-06-05,3599.89
2013-06-06,3599.95
2013-06-07,3600.01
2013-06-08,3600.1
2013-06-09,3600.21
2013-06-10,3600.36
2013-06-11,3600.46
2013-06-12,3600.6
2013-06-13,3600.72
2013-06-14,3600.83
2013-06-15,3600.95
2013-06-16,3601.07
2013-06-17,3601.13
2013-06-18,3601.18
2013-06-19,3601.17
2013-06-20,3601.13
2013-06-21,3601.08
2013-06-22,3601.02
2013-06-23,3600.94
2013-06-24,3600.84
2013-06-25,3600.72
2013-06-26,3600.61
2013-06-27,3600.5
2013-06-28,3600.38
2013-06-29,3600.26
2013-06-30,3600.07
2013-07-01,3599.93
2013-07-02,3599.77
2013-07-03,3599.59
2013-07-04,3599.41
2013-07-05,3599.23
2013-07-06,3599.06
2013-07-07,3598.89
2013-07-08,3598.67
2013-07-09,3598.45
2013-07-10,3598.23
2013-07-11,3598.01
2013-07-12,3597.78
2013-07-13,3597.6
2013-07-14,3597.41
2013-07-15,3597.23
2013-07-16,3597.02
2013-07-17,3596.82
2013-07-18,3596.62
2013-07-19,3596.5
2013-07-20,3596.33
2013-07-21,3596.17
2013-07-22,3595.96
2013-07-23,3595.77
2013-07-24,3595.6
2013-07-25,3595.37
2013-07-26,3595.17
2013-07-27,3594.96
2013-07-28,3594.76
2013-07-29,3594.55
2013-07-30,3594.34
2013-07-31,3594.17
2013-08-01,3594.05
2013-08-02,3593.87
2013-08-03,3593.76
2013-08-04,3593.6
2013-08-05,3593.45
2013-08-06,3593.24
2013-08-07,3593.13
2013-08-08,3592.93
2013-08-09,3592.75
2013-08-10,3592.65
2013-08-11,3592.53
2013-08-12,3592.38
2013-08-13,3592.14
2013-08-14,3591.97
2013-08-15,3591.8
2013-08-16,3591.59
2013-08-17,3591.46
2013-08-18,3591.3
2013-08-19,3591.09
2013-08-20,3590.86
2013-08-21,3590.66
2013-08-22,3590.46
2013-08-23,3590.31
2013-08-24,3590.11
2013-08-25,3590
2013-08-26,3589.94
2013-08-27,3590.01
2013-08-28,3589.94
2013-08-29,3589.83
2013-08-30,3589.7
2013-08-31,3589.64
2013-09-01,3589.62
2013-09-02,3589.6
2013-09-03,3589.5
2013-09-04,3589.37
2013-09-05,3589.28
2013-09-06,3589.19
2013-09-07,3589.1
2013-09-08,3589.21
2013-09-09,3589.29
2013-09-10,3589.61
2013-09-11,3589.93
2013-09-12,3590.24
2013-09-13,3590.32
2013-09-14,3590.59
2013-09-15,3590.88
2013-09-16,3591.01
2013-09-17,3591.13
2013-09-18,3591.18
2013-09-19,3591.19
2013-09-20,3591.2
2013-09-21,3591.2
2013-09-22,3591.2
2013-09-23,3591.2
2013-09-24,3591.22
2013-09-25,3591.38
2013-09-26,3591.37
2013-09-27,3591.38
2013-09-28,3591.35
2013-09-29,3591.32
2013-09-30,3591.25
2013-10-01,3591.25
2013-10-02,3591.25
2013-10-03,3591.27
2013-10-04,3591.24
2013-10-05,3591.19
2013-10-06,3591.16
2013-10-07,3591.14
2013-10-08,3591.09
2013-10-09,3591.06
2013-10-10,3591.07
2013-10-11,3591.02
2013-10-12,3591.06
2013-10-13,3591.07
2013-10-14,3591.15
2013-10-15,3591.11
2013-10-16,3591.08
2013-10-17,3591.13
2013-10-18,3591.1
2013-10-19,3591.09
2013-10-20,3591.08
2013-10-21,3591.07
2013-10-22,3591.06
2013-10-23,3591.04
2013-10-24,3591.04
2013-10-25,3591
2013-10-26,3590.99
2013-10-27,3590.99
2013-10-28,3590.99
2013-10-29,3590.92
2013-10-30,3590.93
2013-10-31,3590.88
2013-11-01,3590.86
2013-11-02,3590.89
2013-11-03,3590.96
2013-11-04,3590.94
2013-11-05,3590.87
2013-11-06,3590.84
2013-11-07,3590.83
2013-11-08,3590.8
2013-11-09,3590.81
2013-11-10,3590.8
2013-11-11,3590.54
2013-11-12,3589.88
2013-11-13,3589.18
2013-11-14,3588.5
2013-11-15,3587.81
2013-11-16,3587.63
2013-11-17,3587.62
2013-11-18,3587.61
2013-11-19,3587.57
2013-11-20,3587.56
2013-11-21,3587.62
2013-11-22,3587.73
2013-11-23,3587.81
2013-11-24,3587.86
2013-11-25,3587.91
2013-11-26,3587.93
2013-11-27,3587.95
2013-11-28,3587.95
2013-11-29,3587.93
2013-11-30,3587.9
2013-12-01,3587.81
2013-12-02,3587.69
2013-12-03,3587.57
2013-12-04,3587.5
2013-12-05,3587.43
2013-12-06,3587.35
2013-12-07,3587.24
2013-12-08,3587.19
2013-12-09,3587.04
2013-12-10,3586.91
2013-12-11,3586.72
2013-12-12,3586.53
2013-12-13,3586.34
2013-12-14,3586.19
2013-12-15,3586.06
2013-12-16,3585.9
2013-12-17,3585.76
2013-12-18,3585.63
2013-12-19,3585.5
2013-12-20,3585.41
2013-12-21,3585.34
2013-12-22,3585.28
2013-12-23,3585.19
2013-12-24,3585.1
2013-12-25,3585.02
2013-12-26,3584.94
2013-12-27,3584.82
2013-12-28,3584.77
2013-12-29,3584.66
2013-12-30,3584.52
2013-12-31,3584.43
2014-01-01,3584.24
2014-01-02,3584.05
2014-01-03,3583.84
2014-01-04,3583.65
2014-01-05,3583.52
2014-01-06,3583.32
2014-01-07,3583.12
2014-01-08,3582.91
2014-01-09,3582.69
2014-01-10,3582.48
2014-01-11,3582.29
2014-01-12,3582.15
2014-01-13,3581.94
2014-01-14,3581.78
2014-01-15,3581.61
2014-01-16,3581.4
2014-01-17,3581.26
2014-01-18,3581.07
2014-01-19,3580.92
2014-01-20,3580.75
2014-01-21,3580.56
2014-01-22,3580.36
2014-01-23,3580.21
2014-01-24,3579.99
2014-01-25,3579.82
2014-01-26,3579.63
2014-01-27,3579.47
2014-01-28,3579.27
2014-01-29,3579.07
2014-01-30,3578.87
2014-01-31,3578.69
2014-02-01,3578.59
2014-02-02,3578.47
2014-02-03,3578.33
2014-02-04,3578.23
2014-02-05,3578.09
2014-02-06,3577.95
2014-02-07,3577.83
2014-02-08,3577.67
2014-02-09,3577.59
2014-02-10,3577.51
2014-02-11,3577.37
2014-02-12,3577.21
2014-02-13,3577.11
2014-02-14,3576.99
2014-02-15,3576.89
2014-02-16,3576.82
2014-02-17,3576.69
2014-02-18,3576.58
2014-02-19,3576.47
2014-02-20,3576.35
2014-02-21,3576.25
2014-02-22,3576.16
2014-02-23,3576.07
2014-02-24,3575.97
2014-02-25,3575.84
2014-02-26,3575.73
2014-02-27,3575.65
2014-02-28,3575.55
2014-03-01,3575.59
2014-03-02,3575.55
2014-03-03,3575.55
2014-03-04,3575.56
2014-03-05,3575.56
2014-03-06,3575.53
2014-03-07,3575.55
2014-03-08,3575.53
2014-03-09,3575.53
2014-03-10,3575.48
2014-03-11,3575.51
2014-03-12,3575.47
2014-03-13,3575.45
2014-03-14,3575.41
2014-03-15,3575.4
2014-03-16,3575.36
2014-03-17,3575.34
2014-03-18,3575.3
2014-03-19,3575.25
2014-03-20,3575.22
2014-03-21,3575.2
2014-03-22,3575.19
2014-03-23,3575.16
2014-03-24,3575.1
2014-03-25,3575.05
2014-03-26,3574.96
2014-03-27,3574.91
2014-03-28,3574.9
2014-03-29,3574.85
2014-03-30,3574.8
2014-03-31,3574.76
2014-04-01,3574.75
2014-04-02,3574.64
2014-04-03,3574.59
2014-04-04,3574.56
2014-04-05,3574.54
2014-04-06,3574.5
2014-04-07,3574.46
2014-04-08,3574.4
2014-04-09,3574.31
2014-04-10,3574.31
2014-04-11,3574.25
2014-04-12,3574.21
2014-04-13,3574.28
2014-04-14,3574.32
2014-04-15,3574.37
2014-04-16,3574.52
2014-04-17,3574.63
2014-04-18,3574.68
2014-04-19,3574.78
2014-04-20,3574.93
2014-04-21,3575.05
2014-04-22,3575.16
2014-04-23,3575.42
2014-04-24,3575.63
2014-04-25,3575.93
2014-04-26,3576.24
2014-04-27,3576.52
2014-04-28,3576.86
2014-04-29,3577.22
2014-04-30,3577.56
2014-05-01,3577.84
2014-05-02,3578.13
2014-05-03,3578.38
2014-05-04,3578.64
2014-05-05,3578.8
2014-05-06,3578.93
2014-05-07,3579.08
2014-05-08,3579.34
2014-05-09,3579.62
2014-05-10,3579.99
2014-05-11,3580.37
2014-05-12,3580.83
2014-05-13,3581.18
2014-05-14,3581.57
2014-05-15,3581.91
2014-05-16,3582.21
2014-05-17,3582.5
2014-05-18,3582.77
2014-05-19,3583
2014-05-20,3583.17
2014-05-21,3583.36
2014-05-22,3583.6
2014-05-23,3584.03
2014-05-24,3584.48
2014-05-25,3585.08
2014-05-26,3585.64
2014-05-27,3586.28
2014-05-28,3587.03
2014-05-29,3587.69
2014-05-30,3588.49
2014-05-31,3589.38
2014-06-01,3590.33
2014-06-02,3591.29
2014-06-03,3592.28
2014-06-04,3593.32
2014-06-05,3594.37
2014-06-06,3595.39
2014-06-07,3596.45
2014-06-08,3597.46
2014-06-09,3598.43
2014-06-10,3599.32
2014-06-11,3600.15
2014-06-12,3600.95
2014-06-13,3601.7
2014-06-14,3602.46
2014-06-15,3603.09
2014-06-16,3603.7
2014-06-17,3604.33
2014-06-18,3604.87
2014-06-19,3605.42
2014-06-20,3605.9
2014-06-21,3606.42
2014-06-22,3606.84
2014-06-23,3607.25
2014-06-24,3607.59
2014-06-25,3607.92
2014-06-26,3608.24
2014-06-27,3608.51
2014-06-28,3608.73
2014-06-29,3608.97
2014-06-30,3609.19
2014-07-01,3609.26
2014-07-02,3609.34
2014-07-03,3609.45
2014-07-04,3609.53
2014-07-05,3609.55
2014-07-06,3609.57
2014-07-07,3609.59
2014-07-08,3609.61
2014-07-09,3609.65
2014-07-10,3609.67
2014-07-11,3609.68
2014-07-12,3609.65
2014-07-13,3609.62
2014-07-14,3609.56
2014-07-15,3609.47
2014-07-16,3609.46
2014-07-17,3609.39
2014-07-18,3609.32
2014-07-19,3609.27
2014-07-20,3609.23
2014-07-21,3609.17
2014-07-22,3609.08
2014-07-23,3608.97
2014-07-24,3608.87
2014-07-25,3608.73
2014-07-26,3608.62
2014-07-27,3608.52
2014-07-28,3608.41
2014-07-29,3608.29
2014-07-30,3608.17
2014-07-31,3608.05
2014-08-01,3608.03
2014-08-02,3608.02
2014-08-03,3608.02
2014-08-04,3607.97
2014-08-05,3607.89
2014-08-06,3607.82
2014-08-07,3607.74
2014-08-08,3607.68
2014-08-09,3607.68
2014-08-10,3607.56
2014-08-11,3607.44
2014-08-12,3607.34
2014-08-13,3607.35
2014-08-14,3607.28
2014-08-15,3607.23
2014-08-16,3607.17
2014-08-17,3607.1
2014-08-18,3607
2014-08-19,3606.84
2014-08-20,3606.79
2014-08-21,3606.64
2014-08-22,3606.53
2014-08-23,3606.43
2014-08-24,3606.3
2014-08-25,3606.17
2014-08-26,3606.08
2014-08-27,3606
2014-08-28,3605.95
2014-08-29,3605.88
2014-08-30,3605.82
2014-08-31,3605.82
2014-09-01,3605.84
2014-09-02,3605.81
2014-09-03,3605.79
2014-09-04,3605.75
2014-09-05,3605.77
2014-09-06,3605.74
2014-09-07,3605.73
2014-09-08,3605.7
2014-09-09,3605.76
2014-09-10,3605.83
2014-09-11,3605.79
2014-09-12,3605.83
2014-09-13,3605.85
2014-09-14,3605.88
2014-09-15,3605.87
2014-09-16,3605.82
2014-09-17,3605.81
2014-09-18,3605.77
2014-09-19,3605.73
2014-09-20,3605.7
2014-09-21,3605.66
2014-09-22,3605.58
2014-09-23,3605.51
2014-09-24,3605.46
2014-09-25,3605.43
2014-09-26,3605.38
2014-09-27,3605.4
2014-09-28,3605.42
2014-09-29,3605.45
2014-09-30,3605.53
2014-10-01,3605.66
2014-10-02,3605.75
2014-10-03,3605.87
2014-10-04,3605.97
2014-10-05,3606.04
2014-10-06,3606.08
2014-10-07,3606.1
2014-10-08,3606.1
2014-10-09,3606.11
2014-10-10,3606.1
2014-10-11,3606.09
2014-10-12,3606.09
2014-10-13,3606.12
2014-10-14,3606.12
2014-10-15,3606.1
2014-10-16,3606.08
2014-10-17,3606.06
2014-10-18,3606.07
2014-10-19,3606.09
2014-10-20,3606.05
2014-10-21,3606.01
2014-10-22,3605.97
2014-10-23,3605.93
2014-10-24,3605.89
2014-10-25,3605.85
2014-10-26,3605.83
2014-10-27,3605.81
2014-10-28,3605.75
2014-10-29,3605.69
2014-10-30,3605.64
2014-10-31,3605.57
2014-11-01,3605.54
2014-11-02,3605.54
2014-11-03,3605.52
2014-11-04,3605.48
2014-11-05,3605.47
2014-11-06,3605.45
2014-11-07,3605.44
2014-11-08,3605.42
2014-11-09,3605.34
2014-11-10,3605.1
2014-11-11,3604.49
2014-11-12,3603.87
2014-11-13,3603.26
2014-11-14,3602.61
2014-11-15,3602.44
2014-11-16,3602.41
2014-11-17,3602.36
2014-11-18,3602.31
2014-11-19,3602.28
2014-11-20,3602.26
2014-11-21,3602.2
2014-11-22,3602.13
2014-11-23,3602.09
2014-11-24,3602.05
2014-11-25,3601.99
2014-11-26,3601.97
2014-11-27,3601.95
2014-11-28,3601.92
2014-11-29,3601.89
2014-11-30,3601.87
2014-12-01,3601.74
2014-12-02,3601.59
2014-12-03,3601.47
2014-12-04,3601.31
2014-12-05,3601.16
2014-12-06,3601.02
2014-12-07,3600.94
2014-12-08,3600.81
2014-12-09,3600.66
2014-12-10,3600.52
2014-12-11,3600.4
2014-12-12,3600.19
2014-12-13,3600.12
2014-12-14,3600
2014-12-15,3599.88
2014-12-16,3599.74
2014-12-17,3599.59
2014-12-18,3599.46
2014-12-19,3599.33
2014-12-20,3599.16
2014-12-21,3599.06
2014-12-22,3598.94
2014-12-23,3598.82
2014-12-24,3598.65
2014-12-25,3598.59
2014-12-26,3598.42
2014-12-27,3598.26
2014-12-28,3598.13
2014-12-29,3598.04
2014-12-30,3597.93
2014-12-31,3597.75
2015-01-01,3597.6
2015-01-02,3597.41
2015-01-03,3597.23
2015-01-04,3597.04
2015-01-05,3596.83
2015-01-06,3596.62
2015-01-07,3596.42
2015-01-08,3596.25
2015-01-09,3596.07
2015-01-10,3595.96
2015-01-11,3595.89
2015-01-12,3595.79
2015-01-13,3595.71
2015-01-14,3595.63
2015-01-15,3595.51
2015-01-16,3595.4
2015-01-17,3595.3
2015-01-18,3595.21
2015-01-19,3595.1
2015-01-20,3594.92
2015-01-21,3594.81
2015-01-22,3594.63
2015-01-23,3594.48
2015-01-24,3594.38
2015-01-25,3594.26
2015-01-26,3594.16
2015-01-27,3594
2015-01-28,3593.86
2015-01-29,3593.72
2015-01-30,3593.65
2015-01-31,3593.57
2015-02-01,3593.56
2015-02-02,3593.5
2015-02-03,3593.46
2015-02-04,3593.42
2015-02-05,3593.37
2015-02-06,3593.31
2015-02-07,3593.29
2015-02-08,3593.29
2015-02-09,3593.24
2015-02-10,3593.22
2015-02-11,3593.13
2015-02-12,3593.06
2015-02-13,3592.98
2015-02-14,3592.93
2015-02-15,3592.92
2015-02-16,3592.78
2015-02-17,3592.72
2015-02-18,3592.67
2015-02-19,3592.58
2015-02-20,3592.53
2015-02-21,3592.54
2015-02-22,3592.57
2015-02-23,3592.47
2015-02-24,3592.4
2015-02-25,3592.37
2015-02-26,3592.33
2015-02-27,3592.26
2015-02-28,3592.23
2015-03-01,3592.25
2015-03-02,3592.28
2015-03-03,3592.28
2015-03-04,3592.28
2015-03-05,3592.23
2015-03-06,3592.19
2015-03-07,3592.14
2015-03-08,3592.11
2015-03-09,3592.02
2015-03-10,3591.94
2015-03-11,3591.9
2015-03-12,3591.88
2015-03-13,3591.86
2015-03-14,3591.81
2015-03-15,3591.75
2015-03-16,3591.7
2015-03-17,3591.64
2015-03-18,3591.55
2015-03-19,3591.45
2015-03-20,3591.4
2015-03-21,3591.34
2015-03-22,3591.32
2015-03-23,3591.25
2015-03-24,3591.23
2015-03-25,3591.2
2015-03-26,3591.14
2015-03-27,3591.11
2015-03-28,3591.1
2015-03-29,3591.09
2015-03-30,3591.06
2015-03-31,3591.02
2015-04-01,3590.96
2015-04-02,3590.97
2015-04-03,3590.96
2015-04-04,3590.95
2015-04-05,3590.95
2015-04-06,3590.95
2015-04-07,3590.94
2015-04-08,3590.95
2015-04-09,3590.95
2015-04-10,3590.95
2015-04-11,3590.89
2015-04-12,3590.88
2015-04-13,3590.86
2015-04-14,3590.8
2015-04-15,3590.75
2015-04-16,3590.66
2015-04-17,3590.66
2015-04-18,3590.65
2015-04-19,3590.59
2015-04-20,3590.53
2015-04-21,3590.48
2015-04-22,3590.47
2015-04-23,3590.42
2015-04-24,3590.42
2015-04-25,3590.42
2015-04-26,3590.37
2015-04-27,3590.33
2015-04-28,3590.28
2015-04-29,3590.22
2015-04-30,3590.18
2015-05-01,3590.09
2015-05-02,3590.06
2015-05-03,3590.03
2015-05-04,3589.94
2015-05-05,3589.85
2015-05-06,3589.85
2015-05-07,3589.82
2015-05-08,3589.91
2015-05-09,3590.12
2015-05-10,3590.39
2015-05-11,3590.6
2015-05-12,3590.8
2015-05-13,3591.08
2015-05-14,3591.37
2015-05-15,3591.64
2015-05-16,3591.9
2015-05-17,3592.18
2015-05-18,3592.41
2015-05-19,3592.67
2015-05-20,3592.99
2015-05-21,3593.28
2015-05-22,3593.71
2015-05-23,3594.06
2015-05-24,3594.47
2015-05-25,3594.92
2015-05-26,3595.29
2015-05-27,3595.75
2015-05-28,3596.09
2015-05-29,3596.45
2015-05-30,3596.86
2015-05-31,3597.27
2015-06-01,3597.58
2015-06-02,3597.92
2015-06-03,3598.27
2015-06-04,3598.63
2015-06-05,3599.29
2015-06-06,3600.05
2015-06-07,3600.77
2015-06-08,3601.42
2015-06-09,3602.07
2015-06-10,3602.77
2015-06-11,3603.42
2015-06-12,3604.11
2015-06-13,3604.84
2015-06-14,3605.6
2015-06-15,3606.32
2015-06-16,3606.93
2015-06-17,3607.52
2015-06-18,3608.08
2015-06-19,3608.68
2015-06-20,3609.31
2015-06-21,3609.9
2015-06-22,3610.48
2015-06-23,3611.05
2015-06-24,3611.59
2015-06-25,3612.02
2015-06-26,3612.42
2015-06-27,3612.83
2015-06-28,3613.1
2015-06-29,3613.31
2015-06-30,3613.54
2015-07-01,3613.58
2015-07-02,3613.68
2015-07-03,3613.72
2015-07-04,3613.8
2015-07-05,3613.85
2015-07-06,3613.89
2015-07-07,3613.92
2015-07-08,3614
2015-07-09,3614.07
2015-07-10,3614.12
2015-07-11,3614.17
2015-07-12,3614.25
2015-07-13,3614.28
2015-07-14,3614.32
2015-07-15,3614.3
2015-07-16,3614.28
2015-07-17,3614.25
2015-07-18,3614.2
2015-07-19,3614.18
2015-07-20,3614.11
2015-07-21,3614.04
2015-07-22,3613.94
2015-07-23,3613.83
2015-07-24,3613.73
2015-07-25,3613.62
2015-07-26,3613.5
2015-07-27,3613.35
2015-07-28,3613.19
2015-07-29,3612.99
2015-07-30,3612.8
2015-07-31,3612.62
2015-08-01,3612.53
2015-08-02,3612.5
2015-08-03,3612.43
2015-08-04,3612.35
2015-08-05,3612.26
2015-08-06,3612.17
2015-08-07,3612.12
2015-08-08,3612.08
2015-08-09,3612.02
2015-08-10,3611.88
2015-08-11,3611.84
2015-08-12,3611.76
2015-08-13,3611.61
2015-08-14,3611.48
2015-08-15,3611.38
2015-08-16,3611.27
2015-08-17,3611.13
2015-08-18,3610.97
2015-08-19,3610.83
2015-08-20,3610.66
2015-08-21,3610.49
2015-08-22,3610.32
2015-08-23,3610.2
2015-08-24,3610.07
2015-08-25,3609.91
2015-08-26,3609.74
2015-08-27,3609.61
2015-08-28,3609.44
2015-08-29,3609.31
2015-08-30,3609.19
2015-08-31,3609.07
2015-09-01,3608.99
2015-09-02,3608.85
2015-09-03,3608.72
2015-09-04,3608.6
2015-09-05,3608.49
2015-09-06,3608.41
2015-09-07,3608.33
2015-09-08,3608.26
2015-09-09,3608.18
2015-09-10,3608.08
2015-09-11,3607.96
2015-09-12,3607.88
2015-09-13,3607.78
2015-09-14,3607.69
2015-09-15,3607.58
2015-09-16,3607.47
2015-09-17,3607.35
2015-09-18,3607.25
2015-09-19,3607.15
2015-09-20,3607.09
2015-09-21,3606.98
2015-09-22,3606.86
2015-09-23,3606.75
2015-09-24,3606.65
2015-09-25,3606.54
2015-09-26,3606.45
2015-09-27,3606.37
2015-09-28,3606.24
2015-09-29,3606.12
2015-09-30,3606.01
2015-10-01,3605.91
2015-10-02,3605.83
2015-10-03,3605.77
2015-10-04,3605.72
2015-10-05,3606.03
2015-10-06,3606.3
2015-10-07,3606.31
2015-10-08,3606.31
2015-10-09,3606.27
2015-10-10,3606.24
2015-10-11,3606.24
2015-10-12,3606.17
2015-10-13,3606.11
2015-10-14,3606.05
2015-10-15,3605.99
2015-10-16,3605.92
2015-10-17,3605.85
2015-10-18,3605.87
2015-10-19,3606.02
2015-10-20,3606.15
2015-10-21,3606.18
2015-10-22,3606.31
2015-10-23,3606.37
2015-10-24,3606.46
2015-10-25,3606.52
2015-10-26,3606.52
2015-10-27,3606.55
2015-10-28,3606.52
2015-10-29,3606.48
2015-10-30,3606.44
2015-10-31,3606.44
2015-11-01,3606.41
2015-11-02,3606.37
2015-11-03,3606.37
2015-11-04,3606.37
2015-11-05,3606.37
2015-11-06,3606.38
2015-11-07,3606.36
2015-11-08,3606.35
2015-11-09,3606.27
2015-11-10,3606.22
2015-11-11,3606.22
2015-11-12,3606.2
2015-11-13,3606.17
2015-11-14,3606.15
2015-11-15,3606.16
2015-11-16,3606.05
2015-11-17,3606.06
2015-11-18,3606.04
2015-11-19,3605.99
2015-11-20,3605.98
2015-11-21,3605.95
2015-11-22,3605.93
2015-11-23,3605.87
2015-11-24,3605.77
2015-11-25,3605.74
2015-11-26,3605.71
2015-11-27,3605.61
2015-11-28,3605.54
2015-11-29,3605.52
2015-11-30,3605.47
2015-12-01,3605.34
2015-12-02,3605.21
2015-12-03,3605.07
2015-12-04,3604.9
2015-12-05,3604.76
2015-12-06,3604.67
2015-12-07,3604.48
2015-12-08,3604.31
2015-12-09,3604.11
2015-12-10,3603.98
2015-12-11,3603.81
2015-12-12,3603.65
2015-12-13,3603.54
2015-12-14,3603.39
2015-12-15,3603.23
2015-12-16,3603.07
2015-12-17,3602.92
2015-12-18,3602.82
2015-12-19,3602.67
2015-12-20,3602.53
2015-12-21,3602.36
2015-12-22,3602.22
2015-12-23,3602.05
2015-12-24,3601.89
2015-12-25,3601.75
2015-12-26,3601.66
2015-12-27,3601.52
2015-12-28,3601.36
2015-12-29,3601.17
2015-12-30,3600.99
2015-12-31,3600.8
2016-01-01,3600.65
2016-01-02,3600.47
2016-01-03,3600.32
2016-01-04,3600.1
2016-01-05,3599.93
2016-01-06,3599.76
2016-01-07,3599.63
2016-01-08,3599.5
2016-01-09,3599.41
2016-01-10,3599.35
2016-01-11,3599.21
2016-01-12,3599.06
2016-01-13,3598.92
2016-01-14,3598.75
2016-01-15,3598.6
2016-01-16,3598.45
2016-01-17,3598.39
2016-01-18,3598.26
2016-01-19,3598.11
2016-01-20,3597.94
2016-01-21,3597.78
2016-01-22,3597.65
2016-01-23,3597.51
2016-01-24,3597.42
2016-01-25,3597.28
2016-01-26,3597.12
2016-01-27,3596.98
2016-01-28,3596.82
2016-01-29,3596.64
2016-01-30,3596.61
2016-01-31,3596.58
2016-02-01,3596.43
2016-02-02,3596.35
2016-02-03,3596.28
2016-02-04,3596.21
2016-02-05,3596.13
2016-02-06,3596.05
2016-02-07,3595.99
2016-02-08,3595.88
2016-02-09,3595.77
2016-02-10,3595.66
2016-02-11,3595.56
2016-02-12,3595.46
2016-02-13,3595.4
2016-02-14,3595.37
2016-02-15,3595.27
2016-02-16,3595.2
2016-02-17,3595.11
2016-02-18,3595.01
2016-02-19,3594.89
2016-02-20,3594.87
2016-02-21,3594.85
2016-02-22,3594.75
2016-02-23,3594.68
2016-02-24,3594.63
2016-02-25,3594.58
2016-02-26,3594.53
2016-02-27,3594.46
2016-02-28,3594.48
2016-02-29,3594.41
2016-03-01,3594.36
2016-03-02,3594.33
2016-03-03,3594.27
2016-03-04,3594.24
2016-03-05,3594.15
2016-03-06,3594.13
2016-03-07,3594.11
2016-03-08,3594.04
2016-03-09,3593.96
2016-03-10,3593.87
2016-03-11,3593.81
2016-03-12,3593.76
2016-03-13,3593.72
2016-03-14,3593.67
2016-03-15,3593.56
2016-03-16,3593.46
2016-03-17,3593.39
2016-03-18,3593.31
2016-03-19,3593.23
2016-03-20,3593.18
2016-03-21,3593.08
2016-03-22,3592.96
2016-03-23,3592.86
2016-03-24,3592.75
2016-03-25,3592.69
2016-03-26,3592.55
2016-03-27,3592.52
2016-03-28,3592.37
2016-03-29,3592.35
2016-03-30,3592.21
2016-03-31,3592.18
2016-04-01,3592.05
2016-04-02,3591.98
2016-04-03,3591.91
2016-04-04,3591.81
2016-04-05,3591.68
2016-04-06,3591.59
2016-04-07,3591.49
2016-04-08,3591.39
2016-04-09,3591.34
2016-04-10,3591.32
2016-04-11,3591.25
2016-04-12,3591.2
2016-04-13,3591.2
2016-04-14,3591.19
2016-04-15,3591.14
2016-04-16,3591.21
2016-04-17,3591.22
2016-04-18,3591.26
2016-04-19,3591.35
2016-04-20,3591.44
2016-04-21,3591.52
2016-04-22,3591.61
2016-04-23,3591.67
2016-04-24,3591.71
2016-04-25,3591.73
2016-04-26,3591.71
2016-04-27,3591.79
2016-04-28,3591.81
2016-04-29,3591.94
2016-04-30,3592.12
2016-05-01,3592.26
2016-05-02,3592.37
2016-05-03,3592.48
2016-05-04,3592.58
2016-05-05,3592.58
2016-05-06,3592.59
2016-05-07,3592.65
2016-05-08,3592.74
2016-05-09,3592.88
2016-05-10,3593.12
2016-05-11,3593.31
2016-05-12,3593.61
2016-05-13,3594
2016-05-14,3594.39
2016-05-15,3594.89
2016-05-16,3595.2
2016-05-17,3595.63
2016-05-18,3596.12
2016-05-19,3596.63
2016-05-20,3597.21
2016-05-21,3597.78
2016-05-22,3598.43
2016-05-23,3599.06
2016-05-24,3599.74
2016-05-25,3600.41
2016-05-26,3601.15
2016-05-27,3601.84
2016-05-28,3602.46
2016-05-29,3602.98
2016-05-30,3603.43
2016-05-31,3603.87
2016-06-01,3604.2
2016-06-02,3604.51
2016-06-03,3604.87
2016-06-04,3605.26
2016-06-05,3605.71
2016-06-06,3606.24
2016-06-07,3606.91
2016-06-08,3607.7
2016-06-09,3608.46
2016-06-10,3609.23
2016-06-11,3610.06
2016-06-12,3610.83
2016-06-13,3611.57
2016-06-14,3612.35
2016-06-15,3613.12
2016-06-16,3613.78
2016-06-17,3614.42
2016-06-18,3615.04
2016-06-19,3615.63
2016-06-20,3616.14
2016-06-21,3616.61
2016-06-22,3617.09
2016-06-23,3617.51
2016-06-24,3617.95
2016-06-25,3618.41
2016-06-26,3618.81
2016-06-27,3619.17
2016-06-28,3619.55
2016-06-29,3619.83
2016-06-30,3620.01
2016-07-01,3620.36
2016-07-02,3620.64
2016-07-03,3620.88
2016-07-04,3621.06
2016-07-05,3621.23
2016-07-06,3621.3
2016-07-07,3621.39
2016-07-08,3621.44
2016-07-09,3621.45
2016-07-10,3621.44
2016-07-11,3621.37
2016-07-12,3621.28
2016-07-13,3621.18
2016-07-14,3621.07
2016-07-15,3620.91
2016-07-16,3620.77
2016-07-17,3620.65
2016-07-18,3620.48
2016-07-19,3620.3
2016-07-20,3620.12
2016-07-21,3619.95
2016-07-22,3619.75
2016-07-23,3619.6
2016-07-24,3619.43
2016-07-25,3619.23
2016-07-26,3619.05
2016-07-27,3618.86
2016-07-28,3618.67
2016-07-29,3618.5
2016-07-30,3618.35
2016-07-31,3618.22
2016-08-01,3618
2016-08-02,3617.82
2016-08-03,3617.63
2016-08-04,3617.44
2016-08-05,3617.42
2016-08-06,3617.33
2016-08-07,3617.29
2016-08-08,3617.21
2016-08-09,3617.07
2016-08-10,3617
2016-08-11,3616.84
2016-08-12,3616.71
2016-08-13,3616.56
2016-08-14,3616.43
2016-08-15,3616.25
2016-08-16,3616.06
2016-08-17,3615.85
2016-08-18,3615.67
2016-08-19,3615.49
2016-08-20,3615.31
2016-08-21,3615.17
2016-08-22,3614.98
2016-08-23,3614.82
2016-08-24,3614.63
2016-08-25,3614.43
2016-08-26,3614.27
2016-08-27,3614.19
2016-08-28,3614.06
2016-08-29,3613.88
2016-08-30,3613.71
2016-08-31,3613.55
2016-09-01,3613.44
2016-09-02,3613.33
2016-09-03,3613.26
2016-09-04,3613.15
2016-09-05,3613.07
2016-09-06,3612.95
2016-09-07,3612.85
2016-09-08,3612.72
2016-09-09,3612.66
2016-09-10,3612.54
2016-09-11,3612.42
2016-09-12,3612.28
2016-09-13,3612.15
2016-09-14,3612.01
2016-09-15,3611.86
2016-09-16,3611.72
2016-09-17,3611.6
2016-09-18,3611.48
2016-09-19,3611.36
2016-09-20,3611.26
2016-09-21,3611.12
2016-09-22,3610.97
2016-09-23,3610.91
2016-09-24,3610.96
2016-09-25,3610.94
2016-09-26,3610.94
2016-09-27,3610.96
2016-09-28,3610.91
2016-09-29,3610.97
2016-09-30,3610.93
2016-10-01,3610.92
2016-10-02,3610.92
2016-10-03,3610.91
2016-10-04,3610.87
2016-10-05,3610.84
2016-10-06,3610.81
2016-10-07,3610.77
2016-10-08,3610.73
2016-10-09,3610.71
2016-10-10,3610.68
2016-10-11,3610.63
2016-10-12,3610.59
2016-10-13,3610.51
2016-10-14,3610.44
2016-10-15,3610.38
2016-10-16,3610.31
2016-10-17,3610.3
2016-10-18,3610.21
2016-10-19,3610.1
2016-10-20,3610.03
2016-10-21,3609.95
2016-10-22,3609.89
2016-10-23,3609.86
2016-10-24,3609.82
2016-10-25,3609.82
2016-10-26,3609.75
2016-10-27,3609.71
2016-10-28,3609.63
2016-10-29,3609.6
2016-10-30,3609.51
2016-10-31,3609.48
2016-11-01,3609.43
2016-11-02,3609.42
2016-11-03,3609.4
2016-11-04,3609.37
2016-11-05,3609.36
2016-11-06,3609.32
2016-11-07,3608.95
2016-11-08,3608.36
2016-11-09,3607.75
2016-11-10,3607.14
2016-11-11,3606.65
2016-11-12,3606.57
2016-11-13,3606.53
2016-11-14,3606.48
2016-11-15,3606.44
2016-11-16,3606.36
2016-11-17,3606.31
2016-11-18,3606.27
2016-11-19,3606.24
2016-11-20,3606.22
2016-11-21,3606.17
2016-11-22,3606.18
2016-11-23,3606.09
2016-11-24,3606.11
2016-11-25,3606.1
2016-11-26,3606.05
2016-11-27,3605.98
2016-11-28,3605.9
2016-11-29,3605.88
2016-11-30,3605.81
2016-12-01,3605.65
2016-12-02,3605.51
2016-12-03,3605.38
2016-12-04,3605.21
2016-12-05,3605.09
2016-12-06,3604.94
2016-12-07,3604.67
2016-12-08,3604.46
2016-12-09,3604.28
2016-12-10,3604.06
2016-12-11,3603.93
2016-12-12,3603.74
2016-12-13,3603.52
2016-12-14,3603.33
2016-12-15,3603.17
2016-12-16,3602.98
2016-12-17,3602.86
2016-12-18,3602.76
2016-12-19,3602.57
2016-12-20,3602.41
2016-12-21,3602.21
2016-12-22,3602.07
2016-12-23,3601.83
2016-12-24,3601.71
2016-12-25,3601.55
2016-12-26,3601.44
2016-12-27,3601.22
2016-12-28,3601.04
2016-12-29,3600.84
2016-12-30,3600.63
2016-12-31,3600.49
2017-01-01,3600.34
2017-01-02,3600.22
2017-01-03,3600.04
2017-01-04,3599.83
2017-01-05,3599.63
2017-01-06,3599.5
2017-01-07,3599.41
2017-01-08,3599.28
2017-01-09,3599.04
2017-01-10,3598.83
2017-01-11,3598.67
2017-01-12,3598.45
2017-01-13,3598.27
2017-01-14,3598.21
2017-01-15,3598.14
2017-01-16,3598
2017-01-17,3597.84
2017-01-18,3597.69
2017-01-19,3597.55
2017-01-20,3597.42
2017-01-21,3597.33
2017-01-22,3597.28
2017-01-23,3597.08
2017-01-24,3596.93
2017-01-25,3596.76
2017-01-26,3596.61
2017-01-27,3596.42
2017-01-28,3596.33
2017-01-29,3596.19
2017-01-30,3596.01
2017-01-31,3595.86
2017-02-01,3595.71
2017-02-02,3595.61
2017-02-03,3595.46
2017-02-04,3595.33
2017-02-05,3595.25
2017-02-06,3595.11
2017-02-07,3594.98
2017-02-08,3594.88
2017-02-09,3594.76
2017-02-10,3594.66
2017-02-11,3594.64
2017-02-12,3594.58
2017-02-13,3594.52
2017-02-14,3594.46
2017-02-15,3594.43
2017-02-16,3594.45
2017-02-17,3594.46
2017-02-18,3594.52
2017-02-19,3594.56
2017-02-20,3594.51
2017-02-21,3594.48
2017-02-22,3594.38
2017-02-23,3594.34
2017-02-24,3594.34
2017-02-25,3594.26
2017-02-26,3594.25
2017-02-27,3594.28
2017-02-28,3594.33
2017-03-01,3594.28
2017-03-02,3594.23
2017-03-03,3594.19
2017-03-04,3594.15
2017-03-05,3594.06
2017-03-06,3594.08
2017-03-07,3594.02
2017-03-08,3593.99
2017-03-09,3593.95
2017-03-10,3593.91
2017-03-11,3593.9
2017-03-12,3593.95
2017-03-13,3593.9
2017-03-14,3593.87
2017-03-15,3593.85
2017-03-16,3593.88
2017-03-17,3593.93
2017-03-18,3594
2017-03-19,3594.12
2017-03-20,3594.19
2017-03-21,3594.26
2017-03-22,3594.37
2017-03-23,3594.5
2017-03-24,3594.73
2017-03-25,3594.89
2017-03-26,3595.09
2017-03-27,3595.27
2017-03-28,3595.39
2017-03-29,3595.57
2017-03-30,3595.76
2017-03-31,3595.91
2017-04-01,3596.11
2017-04-02,3596.35
2017-04-03,3596.61
2017-04-04,3596.86
2017-04-05,3597.14
2017-04-06,3597.39
2017-04-07,3597.63
2017-04-08,3597.81
2017-04-09,3598.14
2017-04-10,3598.33
2017-04-11,3598.51
2017-04-12,3598.74
2017-04-13,3598.94
2017-04-14,3599.13
2017-04-15,3599.39
2017-04-16,3599.67
2017-04-17,3599.92
2017-04-18,3600.21
2017-04-19,3600.5
2017-04-20,3600.87
2017-04-21,3601.21
2017-04-22,3601.54
2017-04-23,3601.9
2017-04-24,3602.32
2017-04-25,3602.64
2017-04-26,3602.97
2017-04-27,3603.2
2017-04-28,3603.43
2017-04-29,3603.76
2017-04-30,3604.14
2017-05-01,3604.41
2017-05-02,3604.7
2017-05-03,3604.93
2017-05-04,3605.15
2017-05-05,3605.37
2017-05-06,3605.58
2017-05-07,3605.75
2017-05-08,3606.14
2017-05-09,3606.47
2017-05-10,3606.92
2017-05-11,3607.42
2017-05-12,3607.9
2017-05-13,3608.45
2017-05-14,3609
2017-05-15,3609.57
2017-05-16,3610.18
2017-05-17,3610.94
2017-05-18,3611.56
2017-05-19,3612.21
2017-05-20,3612.87
2017-05-21,3613.53
2017-05-22,3614.08
2017-05-23,3614.6
2017-05-24,3615.09
2017-05-25,3615.65
2017-05-26,3616.09
2017-05-27,3616.66
2017-05-28,3617.26
2017-05-29,3617.89
2017-05-30,3618.47
2017-05-31,3619.09
2017-06-01,3619.61
2017-06-02,3620.14
2017-06-03,3620.67
2017-06-04,3621.22
2017-06-05,3621.79
2017-06-06,3622.37
2017-06-07,3623.01
2017-06-08,3623.68
2017-06-09,3624.39
2017-06-10,3625.11
2017-06-11,3625.89
2017-06-12,3626.58
2017-06-13,3627.36
2017-06-14,3628.07
2017-06-15,3628.74
2017-06-16,3629.36
2017-06-17,3629.95
2017-06-18,3630.47
2017-06-19,3630.9
2017-06-20,3631.33
2017-06-21,3631.8
2017-06-22,3632.26
2017-06-23,3632.71
2017-06-24,3633.11
2017-06-25,3633.52
2017-06-26,3633.83
2017-06-27,3634.14
2017-06-28,3634.43
2017-06-29,3634.72
2017-06-30,3634.89
2017-07-01,3635.07
2017-07-02,3635.22
2017-07-03,3635.32
2017-07-04,3635.45
2017-07-05,3635.53
2017-07-06,3635.63
2017-07-07,3635.63
2017-07-08,3635.71
2017-07-09,3635.72
2017-07-10,3635.74
2017-07-11,3635.8
2017-07-12,3635.74
2017-07-13,3635.75
2017-07-14,3635.7
2017-07-15,3635.68
2017-07-16,3635.67
2017-07-17,3635.56
2017-07-18,3635.51
2017-07-19,3635.41
2017-07-20,3635.41
2017-07-21,3635.37
2017-07-22,3635.19
2017-07-23,3635.11
2017-07-24,3635.03
2017-07-25,3635.01
2017-07-26,3634.97
2017-07-27,3634.89
2017-07-28,3634.84
2017-07-29,3634.82
2017-07-30,3634.76
2017-07-31,3634.69
2017-08-01,3634.62
2017-08-02,3634.55
2017-08-03,3634.47
2017-08-04,3634.33
2017-08-05,3634.23
2017-08-06,3634.16
2017-08-07,3634.09
2017-08-08,3633.96
2017-08-09,3633.83
2017-08-10,3633.72
2017-08-11,3633.56
2017-08-12,3633.5
2017-08-13,3633.4
2017-08-14,3633.27
2017-08-15,3633.17
2017-08-16,3633.04
2017-08-17,3632.91
2017-08-18,3632.78
2017-08-19,3632.66
2017-08-20,3632.51
2017-08-21,3632.41
2017-08-22,3632.23
2017-08-23,3632.05
2017-08-24,3631.9
2017-08-25,3631.75
2017-08-26,3631.61
2017-08-27,3631.49
2017-08-28,3631.34
2017-08-29,3631.18
2017-08-30,3631.04
2017-08-31,3630.88
2017-09-01,3630.76
2017-09-02,3630.65
2017-09-03,3630.57
2017-09-04,3630.49
2017-09-05,3630.36
2017-09-06,3630.24
2017-09-07,3630.1
2017-09-08,3630.01
2017-09-09,3629.92
2017-09-10,3629.89
2017-09-11,3629.78
2017-09-12,3629.69
2017-09-13,3629.6
2017-09-14,3629.51
2017-09-15,3629.54
2017-09-16,3629.46
2017-09-17,3629.37
2017-09-18,3629.26
2017-09-19,3629.18
2017-09-20,3629.08
2017-09-21,3629
2017-09-22,3628.87
2017-09-23,3628.77
2017-09-24,3628.74
2017-09-25,3628.63
2017-09-26,3628.54
2017-09-27,3628.48
2017-09-28,3628.4
2017-09-29,3628.35
2017-09-30,3628.31
2017-10-01,3628.41
2017-10-02,3628.32
2017-10-03,3628.29
2017-10-04,3628.24
2017-10-05,3628.21
2017-10-06,3628.21
2017-10-07,3628.18
2017-10-08,3628.29
2017-10-09,3628.19
2017-10-10,3628.12
2017-10-11,3628.07
2017-10-12,3628.07
2017-10-13,3628.01
2017-10-14,3628.05
2017-10-15,3628.02
2017-10-16,3627.96
2017-10-17,3627.91
2017-10-18,3627.85
2017-10-19,3627.79
2017-10-20,3627.75
2017-10-21,3627.64
2017-10-22,3627.6
2017-10-23,3627.56
2017-10-24,3627.47
2017-10-25,3627.41
2017-10-26,3627.36
2017-10-27,3627.3
2017-10-28,3627.24
2017-10-29,3627.2
2017-10-30,3627.17
2017-10-31,3627.09
2017-11-01,3626.99
2017-11-02,3626.96
2017-11-03,3626.89
2017-11-04,3626.82
2017-11-05,3626.77
2017-11-06,3626.68
2017-11-07,3626.67
2017-11-08,3626.55
2017-11-09,3626.46
2017-11-10,3626.41
2017-11-11,3626.4
2017-11-12,3626.38
2017-11-13,3626.27
2017-11-14,3626.22
2017-11-15,3626.13
2017-11-16,3626.06
2017-11-17,3625.98
2017-11-18,3625.93
2017-11-19,3625.84
2017-11-20,3625.79
2017-11-21,3625.71
2017-11-22,3625.65
2017-11-23,3625.63
2017-11-24,3625.56
2017-11-25,3625.55
2017-11-26,3625.53
2017-11-27,3625.42
2017-11-28,3625.41
2017-11-29,3625.37
2017-11-30,3625.29
2017-12-01,3625.2
2017-12-02,3625.12
2017-12-03,3625.07
2017-12-04,3624.95
2017-12-05,3624.88
2017-12-06,3624.82
2017-12-07,3624.73
2017-12-08,3624.65
2017-12-09,3624.59
2017-12-10,3624.51
2017-12-11,3624.43
2017-12-12,3624.34
2017-12-13,3624.21
2017-12-14,3624.17
2017-12-15,3624.06
2017-12-16,3623.99
2017-12-17,3623.92
2017-12-18,3623.82
2017-12-19,3623.71
2017-12-20,3623.58
2017-12-21,3623.58
2017-12-22,3623.46
2017-12-23,3623.42
2017-12-24,3623.37
2017-12-25,3623.29
2017-12-26,3623.25
2017-12-27,3623.16
2017-12-28,3623.07
2017-12-29,3622.98
2017-12-30,3622.88
2017-12-31,3622.85
2018-01-01,3622.74
2018-01-02,3622.64
2018-01-03,3622.52
2018-01-04,3622.4
2018-01-05,3622.28
2018-01-06,3622.19
2018-01-07,3622.1
2018-01-08,3622.01
2018-01-09,3621.87
2018-01-10,3621.76
2018-01-11,3621.63
2018-01-12,3621.56
2018-01-13,3621.46
2018-01-14,3621.34
2018-01-15,3621.21
2018-01-16,3621.08
2018-01-17,3620.93
2018-01-18,3620.79
2018-01-19,3620.67
2018-01-20,3620.52
2018-01-21,3620.46
2018-01-22,3620.33
2018-01-23,3620.19
2018-01-24,3620.08
2018-01-25,3619.91
2018-01-26,3619.83
2018-01-27,3619.7
2018-01-28,3619.6
2018-01-29,3619.44
2018-01-30,3619.29
2018-01-31,3619.14
2018-02-01,3619.05
2018-02-02,3618.94
2018-02-03,3618.84
2018-02-04,3618.74
2018-02-05,3618.65
2018-02-06,3618.53
2018-02-07,3618.42
2018-02-08,3618.3
2018-02-09,3618.19
2018-02-10,3618.09
2018-02-11,3617.96
2018-02-12,3617.89
2018-02-13,3617.83
2018-02-14,3617.67
2018-02-15,3617.64
2018-02-16,3617.46
2018-02-17,3617.32
2018-02-18,3617.17
2018-02-19,3617.11
2018-02-20,3616.98
2018-02-21,3616.86
2018-02-22,3616.74
2018-02-23,3616.6
2018-02-24,3616.5
2018-02-25,3616.42
2018-02-26,3616.29
2018-02-27,3616.12
2018-02-28,3616.02
2018-03-01,3615.92
2018-03-02,3615.78
2018-03-03,3615.67
2018-03-04,3615.58
2018-03-05,3615.49
2018-03-06,3615.35
2018-03-07,3615.21
2018-03-08,3615.08
2018-03-09,3614.95
2018-03-10,3614.85
2018-03-11,3614.81
2018-03-12,3614.63
2018-03-13,3614.53
2018-03-14,3614.33
2018-03-15,3614.23
2018-03-16,3614.07
2018-03-17,3613.94
2018-03-18,3613.85
2018-03-19,3613.74
2018-03-20,3613.6
2018-03-21,3613.43
2018-03-22,3613.34
2018-03-23,3613.23
2018-03-24,3613.1
2018-03-25,3612.98
2018-03-26,3612.9
2018-03-27,3612.74
2018-03-28,3612.63
2018-03-29,3612.52
2018-03-30,3612.35
2018-03-31,3612.23
2018-04-01,3612.16
2018-04-02,3612.1
2018-04-03,3611.99
2018-04-04,3611.87
2018-04-05,3611.76
2018-04-06,3611.65
2018-04-07,3611.6
2018-04-08,3611.53
2018-04-09,3611.41
2018-04-10,3611.29
2018-04-11,3611.18
2018-04-12,3611.05
2018-04-13,3610.95
2018-04-14,3610.89
2018-04-15,3610.84
2018-04-16,3610.77
2018-04-17,3610.68
2018-04-18,3610.56
2018-04-19,3610.46
2018-04-20,3610.36
2018-04-21,3610.26
2018-04-22,3610.22
2018-04-23,3610.13
2018-04-24,3610.05
2018-04-25,3609.88
2018-04-26,3609.79
2018-04-27,3609.66
2018-04-28,3609.54
2018-04-29,3609.52
2018-04-30,3609.39
2018-05-01,3609.29
2018-05-02,3609.22
2018-05-03,3609.24
2018-05-04,3609.23
2018-05-05,3609.3
2018-05-06,3609.37
2018-05-07,3609.39
2018-05-08,3609.4
2018-05-09,3609.35
2018-05-10,3609.35
2018-05-11,3609.3
2018-05-12,3609.31
2018-05-13,3609.4
2018-05-14,3609.49
2018-05-15,3609.61
2018-05-16,3609.71
2018-05-17,3609.83
2018-05-18,3609.98
2018-05-19,3610.18
2018-05-20,3610.35
2018-05-21,3610.47
2018-05-22,3610.5
2018-05-23,3610.61
2018-05-24,3610.69
2018-05-25,3610.73
2018-05-26,3610.85
2018-05-27,3611
2018-05-28,3611.13
2018-05-29,3611.32
2018-05-30,3611.44
2018-05-31,3611.54
2018-06-01,3611.67
2018-06-02,3611.77
2018-06-03,3611.92
2018-06-04,3611.98
2018-06-05,3612.07
2018-06-06,3612.11
2018-06-07,3612.11
2018-06-08,3612.14
2018-06-09,3612.18
2018-06-10,3612.25
2018-06-11,3612.2
2018-06-12,3612.13
2018-06-13,3612.02
2018-06-14,3611.99
2018-06-15,3611.84
2018-06-16,3611.8
2018-06-17,3611.72
2018-06-18,3611.58
2018-06-19,3611.49
2018-06-20,3611.35
2018-06-21,3611.19
2018-06-22,3611.09
2018-06-23,3611.03
2018-06-24,3610.97
2018-06-25,3610.78
2018-06-26,3610.62
2018-06-27,3610.46
2018-06-28,3610.27
2018-06-29,3610.07
2018-06-30,3609.98
2018-07-01,3609.81
2018-07-02,3609.58
2018-07-03,3609.38
2018-07-04,3609.23
2018-07-05,3609.01
2018-07-06,3608.79
2018-07-07,3608.64
2018-07-08,3608.48
2018-07-09,3608.24
2018-07-10,3608.02
2018-07-11,3607.8
2018-07-12,3607.58
2018-07-13,3607.35
2018-07-14,3607.22
2018-07-15,3607.05
2018-07-16,3606.82
2018-07-17,3606.62
2018-07-18,3606.43
2018-07-19,3606.21
2018-07-20,3606.01
2018-07-21,3605.9
2018-07-22,3605.75
2018-07-23,3605.53
2018-07-24,3605.31
2018-07-25,3605.05
2018-07-26,3604.83
2018-07-27,3604.6
2018-07-28,3604.43
2018-07-29,3604.26
2018-07-30,3604.04
2018-07-31,3603.8
2018-08-01,3603.56
2018-08-02,3603.3
2018-08-03,3603.06
2018-08-04,3602.91
2018-08-05,3602.72
2018-08-06,3602.52
2018-08-07,3602.27
2018-08-08,3602.02
2018-08-09,3601.77
2018-08-10,3601.54
2018-08-11,3601.33
2018-08-12,3601.18
2018-08-13,3600.9
2018-08-14,3600.71
2018-08-15,3600.45
2018-08-16,3600.18
2018-08-17,3599.91
2018-08-18,3599.78
2018-08-19,3599.61
2018-08-20,3599.34
2018-08-21,3599.14
2018-08-22,3598.94
2018-08-23,3598.72
2018-08-24,3598.54
2018-08-25,3598.34
2018-08-26,3598.15
2018-08-27,3597.95
2018-08-28,3597.74
2018-08-29,3597.52
2018-08-30,3597.28
2018-08-31,3597.12
2018-09-01,3596.92
2018-09-02,3596.84
2018-09-03,3596.69
2018-09-04,3596.53
2018-09-05,3596.37
2018-09-06,3596.24
2018-09-07,3596.09
2018-09-08,3595.94
2018-09-09,3595.79
2018-09-10,3595.62
2018-09-11,3595.46
2018-09-12,3595.27
2018-09-13,3595.1
2018-09-14,3594.93
2018-09-15,3594.76
2018-09-16,3594.62
2018-09-17,3594.46
2018-09-18,3594.29
2018-09-19,3594.14
2018-09-20,3593.97
2018-09-21,3593.79
2018-09-22,3593.62
2018-09-23,3593.47
2018-09-24,3593.31
2018-09-25,3593.13
2018-09-26,3592.93
2018-09-27,3592.76
2018-09-28,3592.58
2018-09-29,3592.4
2018-09-30,3592.27
2018-10-01,3592.15
2018-10-02,3592.04
2018-10-03,3591.91
2018-10-04,3591.78
2018-10-05,3591.71
2018-10-06,3591.64
2018-10-07,3591.71
2018-10-08,3591.79
2018-10-09,3591.8
2018-10-10,3591.85
2018-10-11,3591.96
2018-10-12,3591.9
2018-10-13,3591.88
2018-10-14,3591.87
2018-10-15,3591.74
2018-10-16,3591.64
2018-10-17,3591.61
2018-10-18,3591.59
2018-10-19,3591.5
2018-10-20,3591.45
2018-10-21,3591.42
2018-10-22,3591.39
2018-10-23,3591.24
2018-10-24,3591.15
2018-10-25,3591.07
2018-10-26,3590.96
2018-10-27,3590.85
2018-10-28,3590.78
2018-10-29,3590.67
2018-10-30,3590.57
2018-10-31,3590.46
2018-11-01,3590.44
2018-11-02,3590.38
2018-11-03,3590.33
2018-11-04,3590.27
2018-11-05,3589.85
2018-11-06,3589.09
2018-11-07,3588.36
2018-11-08,3588.01
2018-11-09,3587.9
2018-11-10,3587.84
2018-11-11,3587.77
2018-11-12,3587.7
2018-11-13,3587.63
2018-11-14,3587.58
2018-11-15,3587.52
2018-11-16,3587.46
2018-11-17,3587.41
2018-11-18,3587.35
2018-11-19,3587.28
2018-11-20,3587.21
2018-11-21,3587.14
2018-11-22,3587.07
2018-11-23,3586.98
2018-11-24,3586.89
2018-11-25,3586.84
2018-11-26,3586.76
2018-11-27,3586.68
2018-11-28,3586.61
2018-11-29,3586.58
2018-11-30,3586.5
2018-12-01,3586.41
2018-12-02,3586.24
2018-12-03,3586.12
2018-12-04,3585.94
2018-12-05,3585.79
2018-12-06,3585.62
2018-12-07,3585.45
2018-12-08,3585.3
2018-12-09,3585.19
2018-12-10,3585.04
2018-12-11,3584.9
2018-12-12,3584.7
2018-12-13,3584.51
2018-12-14,3584.36
2018-12-15,3584.25
2018-12-16,3584.09
2018-12-17,3583.94
2018-12-18,3583.77
2018-12-19,3583.62
2018-12-20,3583.45
2018-12-21,3583.26
2018-12-22,3583.13
2018-12-23,3582.98
2018-12-24,3582.83
2018-12-25,3582.67
2018-12-26,3582.52
2018-12-27,3582.39
2018-12-28,3582.2
2018-12-29,3582.1
2018-12-30,3581.98
2018-12-31,3581.85
2019-01-01,3581.64
2019-01-02,3581.4
2019-01-03,3581.14
2019-01-04,3580.89
2019-01-05,3580.63
2019-01-06,3580.38
2019-01-07,3580.12
2019-01-08,3579.87
2019-01-09,3579.63
2019-01-10,3579.38
2019-01-11,3579.22
2019-01-12,3579.1
2019-01-13,3579.02
2019-01-14,3578.9
2019-01-15,3578.84
2019-01-16,3578.64
2019-01-17,3578.43
2019-01-18,3578.34
2019-01-19,3578.19
2019-01-20,3578.11
2019-01-21,3578.05
2019-01-22,3577.83
2019-01-23,3577.61
2019-01-24,3577.38
2019-01-25,3577.27
2019-01-26,3577.13
2019-01-27,3576.99
2019-01-28,3576.83
2019-01-29,3576.68
2019-01-30,3576.52
2019-01-31,3576.34
2019-02-01,3576.13
2019-02-02,3575.92
2019-02-03,3575.74
2019-02-04,3575.61
2019-02-05,3575.39
2019-02-06,3575.18
2019-02-07,3575.06
2019-02-08,3574.94
2019-02-09,3574.81
2019-02-10,3574.65
2019-02-11,3574.49
2019-02-12,3574.35
2019-02-13,3574.17
2019-02-14,3574.06
2019-02-15,3573.96
2019-02-16,3573.81
2019-02-17,3573.74
2019-02-18,3573.61
2019-02-19,3573.43
2019-02-20,3573.33
2019-02-21,3573.19
2019-02-22,3572.95
2019-02-23,3572.78
2019-02-24,3572.62
2019-02-25,3572.43
2019-02-26,3572.29
2019-02-27,3572.1
2019-02-28,3571.89
2019-03-01,3571.71
2019-03-02,3571.6
2019-03-03,3571.54
2019-03-04,3571.46
2019-03-05,3571.41
2019-03-06,3571.36
2019-03-07,3571.3
2019-03-08,3571.13
2019-03-09,3571.13
2019-03-10,3571.12
2019-03-11,3571.04
2019-03-12,3570.92
2019-03-13,3570.76
2019-03-14,3570.8
2019-03-15,3570.83
2019-03-16,3570.81
2019-03-17,3570.75
2019-03-18,3570.63
2019-03-19,3570.54
2019-03-20,3570.48
2019-03-21,3570.41
2019-03-22,3570.33
2019-03-23,3570.23
2019-03-24,3570.13
2019-03-25,3570.06
2019-03-26,3569.9
2019-03-27,3569.76
2019-03-28,3569.59
2019-03-29,3569.49
2019-03-30,3569.39
2019-03-31,3569.28
2019-04-01,3569.21
2019-04-02,3569.19
2019-04-03,3569.05
2019-04-04,3568.98
2019-04-05,3568.86
2019-04-06,3568.84
2019-04-07,3568.77
2019-04-08,3568.7
2019-04-09,3568.64
2019-04-10,3568.51
2019-04-11,3568.56
2019-04-12,3568.58
2019-04-13,3568.66
2019-04-14,3568.71
2019-04-15,3568.73
2019-04-16,3568.75
2019-04-17,3568.76
2019-04-18,3568.77
2019-04-19,3568.78
2019-04-20,3568.79
2019-04-21,3568.83
2019-04-22,3568.98
2019-04-23,3569.07
2019-04-24,3569.24
2019-04-25,3569.44
2019-04-26,3569.76
2019-04-27,3570
2019-04-28,3570.31
2019-04-29,3570.62
2019-04-30,3571.12
2019-05-01,3571.65
2019-05-02,3572.26
2019-05-03,3572.99
2019-05-04,3573.66
2019-05-05,3574.18
2019-05-06,3574.54
2019-05-07,3574.98
2019-05-08,3575.31
2019-05-09,3575.65
2019-05-10,3576.02
2019-05-11,3576.41
2019-05-12,3576.8
2019-05-13,3577.14
2019-05-14,3577.52
2019-05-15,3577.78
2019-05-16,3578.07
2019-05-17,3578.37
2019-05-18,3578.77
2019-05-19,3579.28
2019-05-20,3579.73
2019-05-21,3580.24
2019-05-22,3580.8
2019-05-23,3581.27
2019-05-24,3581.74
2019-05-25,3582.14
2019-05-26,3582.51
2019-05-27,3583.03
2019-05-28,3583.42
2019-05-29,3583.82
2019-05-30,3584.23
2019-05-31,3584.65
2019-06-01,3585.06
2019-06-02,3585.53
2019-06-03,3585.94
2019-06-04,3586.42
2019-06-05,3586.97
2019-06-06,3587.59
2019-06-07,3588.29
2019-06-08,3589.18
2019-06-09,3590.27
2019-06-10,3591.44
2019-06-11,3592.71
2019-06-12,3593.93
2019-06-13,3595.13
2019-06-14,3596.27
2019-06-15,3597.55
2019-06-16,3598.8
2019-06-17,3600.02
2019-06-18,3601.23
2019-06-19,3602.25
2019-06-20,3603.26
2019-06-21,3604.33
2019-06-22,3605.35
2019-06-23,3606.43
2019-06-24,3607.43
2019-06-25,3608.31
2019-06-26,3609.04
2019-06-27,3609.75
2019-06-28,3610.4
2019-06-29,3611.12
2019-06-30,3611.82
2019-07-01,3612.5
2019-07-02,3613.19
2019-07-03,3613.94
2019-07-04,3614.71
2019-07-05,3615.46
2019-07-06,3616.14
2019-07-07,3616.8
2019-07-08,3617.33
2019-07-09,3617.82
2019-07-10,3618.25
2019-07-11,3618.7
2019-07-12,3618.99
2019-07-13,3619.41
2019-07-14,3619.66
2019-07-15,3619.93
2019-07-16,3620.12
2019-07-17,3620.32
2019-07-18,3620.49
2019-07-19,3620.67
2019-07-20,3620.88
2019-07-21,3621.08
2019-07-22,3621.2
2019-07-23,3621.27
2019-07-24,3621.3
2019-07-25,3621.3
2019-07-26,3621.37
2019-07-27,3621.43
2019-07-28,3621.58
2019-07-29,3621.6
2019-07-30,3621.6
2019-07-31,3621.6
2019-08-01,3621.61
2019-08-02,3621.54
2019-08-03,3621.68
2019-08-04,3621.66
2019-08-05,3621.59
2019-08-06,3621.6
2019-08-07,3621.53
2019-08-08,3621.47
2019-08-09,3621.43
2019-08-10,3621.39
2019-08-11,3621.36
2019-08-12,3621.28
2019-08-13,3621.14
2019-08-14,3621.04
2019-08-15,3620.91
2019-08-16,3620.76
2019-08-17,3620.68
2019-08-18,3620.6
2019-08-19,3620.47
2019-08-20,3620.3
2019-08-21,3620.13
2019-08-22,3619.97
2019-08-23,3619.77
2019-08-24,3619.65
2019-08-25,3619.55
2019-08-26,3619.42
2019-08-27,3619.22
2019-08-28,3619.02
2019-08-29,3618.82
2019-08-30,3618.65
2019-08-31,3618.55
2019-09-01,3618.47
2019-09-02,3618.35
2019-09-03,3618.28
2019-09-04,3618.15
2019-09-05,3618.03
2019-09-06,3617.93
2019-09-07,3617.82
2019-09-08,3617.73
2019-09-09,3617.59
2019-09-10,3617.47
2019-09-11,3617.36
2019-09-12,3617.22
2019-09-13,3617.1
2019-09-14,3617
2019-09-15,3616.93
2019-09-16,3616.8
2019-09-17,3616.67
2019-09-18,3616.59
2019-09-19,3616.47
2019-09-20,3616.37
2019-09-21,3616.27
2019-09-22,3616.23
2019-09-23,3616.11
2019-09-24,3616.03
2019-09-25,3615.91
2019-09-26,3615.78
2019-09-27,3615.69
2019-09-28,3615.59
2019-09-29,3615.49
2019-09-30,3615.36
2019-10-01,3615.27
2019-10-02,3615.19
2019-10-03,3615.09
2019-10-04,3615.01
2019-10-05,3614.93
2019-10-06,3614.9
2019-10-07,3614.8
2019-10-08,3614.69
2019-10-09,3614.6
2019-10-10,3614.52
2019-10-11,3614.41
2019-10-12,3614.32
2019-10-13,3614.26
2019-10-14,3614.18
2019-10-15,3614.12
2019-10-16,3614.05
2019-10-17,3613.93
2019-10-18,3613.91
2019-10-19,3613.79
2019-10-20,3613.77
2019-10-21,3613.7
2019-10-22,3613.61
2019-10-23,3613.53
2019-10-24,3613.45
2019-10-25,3613.38
2019-10-26,3613.29
2019-10-27,3613.25
2019-10-28,3613.2
2019-10-29,3613.07
2019-10-30,3613.05
2019-10-31,3612.99
2019-11-01,3612.92
2019-11-02,3612.89
2019-11-03,3612.85
2019-11-04,3612.79
2019-11-05,3612.73
2019-11-06,3612.67
2019-11-07,3612.6
2019-11-08,3612.53
2019-11-09,3612.46
2019-11-10,3612.43
2019-11-11,3612.37
2019-11-12,3612.29
2019-11-13,3612.23
2019-11-14,3612.16
2019-11-15,3612.09
2019-11-16,3612.05
2019-11-17,3612.01
2019-11-18,3611.94
2019-11-19,3611.9
2019-11-20,3611.78
2019-11-21,3611.73
2019-11-22,3611.71
2019-11-23,3611.66
2019-11-24,3611.61
2019-11-25,3611.5
2019-11-26,3611.46
2019-11-27,3611.36
2019-11-28,3611.31
2019-11-29,3611.22
2019-11-30,3611.23
2019-12-01,3611.2
2019-12-02,3611.08
2019-12-03,3611.02
2019-12-04,3610.9
2019-12-05,3610.83
2019-12-06,3610.75
2019-12-07,3610.64
2019-12-08,3610.57
2019-12-09,3610.49
2019-12-10,3610.42
2019-12-11,3610.31
2019-12-12,3610.2
2019-12-13,3610.12
2019-12-14,3610.1
2019-12-15,3610.03
2019-12-16,3609.97
2019-12-17,3609.86
2019-12-18,3609.79
2019-12-19,3609.68
2019-12-20,3609.58
2019-12-21,3609.51
2019-12-22,3609.42
2019-12-23,3609.31
2019-12-24,3609.24
2019-12-25,3609.2
2019-12-26,3609.15
2019-12-27,3609.01
2019-12-28,3608.94
2019-12-29,3608.91
2019-12-30,3608.84
2019-12-31,3608.74
2020-01-01,3608.67
2020-01-02,3608.6
2020-01-03,3608.5
2020-01-04,3608.39
2020-01-05,3608.3
2020-01-06,3608.17
2020-01-07,3608.05
2020-01-08,3607.89
2020-01-09,3607.79
2020-01-10,3607.63
2020-01-11,3607.51
2020-01-12,3607.42
2020-01-13,3607.27
2020-01-14,3607.16
2020-01-15,3607.09
2020-01-16,3606.98
2020-01-17,3606.86
2020-01-18,3606.77
2020-01-19,3606.7
2020-01-20,3606.57
2020-01-21,3606.44
2020-01-22,3606.36
2020-01-23,3606.24
2020-01-24,3606.15
2020-01-25,3606.04
2020-01-26,3605.93
2020-01-27,3605.85
2020-01-28,3605.76
2020-01-29,3605.65
2020-01-30,3605.54
2020-01-31,3605.48
2020-02-01,3605.41
2020-02-02,3605.35
2020-02-03,3605.23
2020-02-04,3605.14
2020-02-05,3605.03
2020-02-06,3604.92
2020-02-07,3604.81
2020-02-08,3604.72
2020-02-09,3604.67
2020-02-10,3604.59
2020-02-11,3604.42
2020-02-12,3604.35
2020-02-13,3604.22
2020-02-14,3604.08
2020-02-15,3604.02
2020-02-16,3603.96
2020-02-17,3603.87
2020-02-18,3603.79
2020-02-19,3603.7
2020-02-20,3603.56
2020-02-21,3603.44
2020-02-22,3603.36
2020-02-23,3603.33
2020-02-24,3603.26
2020-02-25,3603.11
2020-02-26,3602.97
2020-02-27,3602.9
2020-02-28,3602.8
2020-02-29,3602.72
2020-03-01,3602.69
2020-03-02,3602.57
2020-03-03,3602.46
2020-03-04,3602.38
2020-03-05,3602.29
2020-03-06,3602.18
2020-03-07,3602.1
2020-03-08,3602.03
2020-03-09,3601.94
2020-03-10,3601.84
2020-03-11,3601.75
2020-03-12,3601.68
2020-03-13,3601.64
2020-03-14,3601.6
2020-03-15,3601.58
2020-03-16,3601.5
2020-03-17,3601.43
2020-03-18,3601.36
2020-03-19,3601.29
2020-03-20,3601.22
2020-03-21,3601.17
2020-03-22,3601.17
2020-03-23,3601.12
2020-03-24,3601.09
2020-03-25,3601.06
2020-03-26,3600.98
2020-03-27,3600.9
2020-03-28,3600.87
2020-03-29,3600.8
2020-03-30,3600.75
2020-03-31,3600.71
2020-04-01,3600.65
2020-04-02,3600.62
2020-04-03,3600.6
2020-04-04,3600.52
2020-04-05,3600.47
2020-04-06,3600.41
2020-04-07,3600.36
2020-04-08,3600.27
2020-04-09,3600.23
2020-04-10,3600.19
2020-04-11,3600.14
2020-04-12,3600.09
2020-04-13,3600.05
2020-04-14,3600.01
2020-04-15,3599.96
2020-04-16,3599.94
2020-04-17,3599.93
2020-04-18,3599.91
2020-04-19,3599.9
2020-04-20,3599.88
2020-04-21,3599.86
2020-04-22,3599.85
2020-04-23,3599.76
2020-04-24,3599.69
2020-04-25,3599.64
2020-04-26,3599.6
2020-04-27,3599.51
2020-04-28,3599.47
2020-04-29,3599.39
2020-04-30,3599.32
2020-05-01,3599.27
2020-05-02,3599.26
2020-05-03,3599.26
2020-05-04,3599.34
2020-05-05,3599.48
2020-05-06,3599.64
2020-05-07,3599.85
2020-05-08,3600.1
2020-05-09,3600.35
2020-05-10,3600.61
2020-05-11,3600.81
2020-05-12,3600.94
2020-05-13,3601.07
2020-05-14,3601.23
2020-05-15,3601.39
2020-05-16,3601.58
2020-05-17,3601.77
2020-05-18,3601.95
2020-05-19,3602.16
2020-05-20,3602.36
2020-05-21,3602.61
2020-05-22,3602.85
2020-05-23,3603.22
2020-05-24,3603.5
2020-05-25,3603.79
2020-05-26,3604.09
2020-05-27,3604.37
2020-05-28,3604.55
2020-05-29,3604.71
2020-05-30,3604.95
2020-05-31,3605.05
2020-06-01,3605.24
2020-06-02,3605.58
2020-06-03,3605.98
2020-06-04,3606.46
2020-06-05,3607.02
2020-06-06,3607.38
2020-06-07,3607.83
2020-06-08,3608.26
2020-06-09,3608.72
2020-06-10,3609.16
2020-06-11,3609.51
2020-06-12,3609.82
2020-06-13,3610.07
2020-06-14,3610.34
2020-06-15,3610.47
2020-06-16,3610.56
2020-06-17,3610.78
2020-06-18,3610.78
2020-06-19,3610.82
2020-06-20,3610.89
2020-06-21,3610.98
2020-06-22,3611.02
2020-06-23,3610.99
2020-06-24,3610.95
2020-06-25,3610.91
2020-06-26,3610.9
2020-06-27,3610.87
2020-06-28,3610.82
2020-06-29,3610.74
2020-06-30,3610.62
2020-07-01,3610.53
2020-07-02,3610.31
2020-07-03,3610.31
2020-07-04,3610.21
2020-07-05,3610.18
2020-07-06,3610.06
2020-07-07,3609.91
2020-07-08,3609.73
2020-07-09,3609.58
2020-07-10,3609.42
2020-07-11,3609.33
2020-07-12,3609.26
2020-07-13,3609.06
2020-07-14,3608.88
2020-07-15,3608.71
2020-07-16,3608.52
2020-07-17,3608.36
2020-07-18,3608.22
2020-07-19,3608.1
2020-07-20,3607.91
2020-07-21,3607.71
2020-07-22,3607.55
2020-07-23,3607.39
2020-07-24,3607.23
2020-07-25,3607.1
2020-07-26,3607
2020-07-27,3606.93
2020-07-28,3606.77
2020-07-29,3606.6
2020-07-30,3606.45
2020-07-31,3606.25
2020-08-01,3606.13
2020-08-02,3606
2020-08-03,3605.77
2020-08-04,3605.55
2020-08-05,3605.31
2020-08-06,3605.09
2020-08-07,3604.88
2020-08-08,3604.69
2020-08-09,3604.51
2020-08-10,3604.26
2020-08-11,3604.04
2020-08-12,3603.79
2020-08-13,3603.55
2020-08-14,3603.33
2020-08-15,3603.15
2020-08-16,3602.99
2020-08-17,3602.75
2020-08-18,3602.49
2020-08-19,3602.25
2020-08-20,3601.97
2020-08-21,3601.76
2020-08-22,3601.6
2020-08-23,3601.41
2020-08-24,3601.24
2020-08-25,3601.03
2020-08-26,3600.78
2020-08-27,3600.53
2020-08-28,3600.3
2020-08-29,3600.11
2020-08-30,3599.93
2020-08-31,3599.72
2020-09-01,3599.56
2020-09-02,3599.45
2020-09-03,3599.32
2020-09-04,3599.18
2020-09-05,3599.03
2020-09-06,3598.95
2020-09-07,3598.8
2020-09-08,3598.64
2020-09-09,3598.47
2020-09-10,3598.35
2020-09-11,3598.21
2020-09-12,3598.09
2020-09-13,3598.03
2020-09-14,3597.93
2020-09-15,3597.83
2020-09-16,3597.72
2020-09-17,3597.61
2020-09-18,3597.48
2020-09-19,3597.35
2020-09-20,3597.27
2020-09-21,3597.14
2020-09-22,3597.04
2020-09-23,3596.93
2020-09-24,3596.77
2020-09-25,3596.61
2020-09-26,3596.51
2020-09-27,3596.43
2020-09-28,3596.26
2020-09-29,3596.11
2020-09-30,3595.98
2020-10-01,3595.83
2020-10-02,3595.69
2020-10-03,3595.55
2020-10-04,3595.43
2020-10-05,3595.29
2020-10-06,3595.15
2020-10-07,3595.02
2020-10-08,3594.87
2020-10-09,3594.74
2020-10-10,3594.62
2020-10-11,3594.51
2020-10-12,3594.34
2020-10-13,3594.18
2020-10-14,3594.05
2020-10-15,3593.9
2020-10-16,3593.74
2020-10-17,3593.59
2020-10-18,3593.46
2020-10-19,3593.31
2020-10-20,3593.17
2020-10-21,3593.02
2020-10-22,3592.89
2020-10-23,3592.74
2020-10-24,3592.6
2020-10-25,3592.49
2020-10-26,3592.34
2020-10-27,3592.19
2020-10-28,3592.05
2020-10-29,3591.93
2020-10-30,3591.81
2020-10-31,3591.72
2020-11-01,3591.64
2020-11-02,3591.51
2020-11-03,3591.37
2020-11-04,3591.25
2020-11-05,3591.12
2020-11-06,3590.98
2020-11-07,3590.83
2020-11-08,3590.73
2020-11-09,3590.58
2020-11-10,3590.47
2020-11-11,3590.3
2020-11-12,3590.18
2020-11-13,3590
2020-11-14,3589.88
2020-11-15,3589.76
2020-11-16,3589.64
2020-11-17,3589.48
2020-11-18,3589.34
2020-11-19,3589.22
2020-11-20,3589.1
2020-11-21,3588.98
2020-11-22,3588.87
2020-11-23,3588.72
2020-11-24,3588.56
2020-11-25,3588.4
2020-11-26,3588.33
2020-11-27,3588.14
2020-11-28,3587.99
2020-11-29,3587.87
2020-11-30,3587.72
2020-12-01,3587.56
2020-12-02,3587.39
2020-12-03,3587.18
2020-12-04,3587.02
2020-12-05,3586.84
2020-12-06,3586.7
2020-12-07,3586.52
2020-12-08,3586.34
2020-12-09,3586.16
2020-12-10,3585.98
2020-12-11,3585.78
2020-12-12,3585.58
2020-12-13,3585.45
2020-12-14,3585.23
2020-12-15,3585.02
2020-12-16,3584.83
2020-12-17,3584.64
2020-12-18,3584.46
2020-12-19,3584.29
2020-12-20,3584.15
2020-12-21,3583.97
2020-12-22,3583.81
2020-12-23,3583.64
2020-12-24,3583.46
2020-12-25,3583.29
2020-12-26,3583.1
2020-12-27,3582.99
2020-12-28,3582.76
2020-12-29,3582.59
2020-12-30,3582.43
2020-12-31,3582.21
2021-01-01,3582.06
2021-01-02,3581.92
2021-01-03,3581.8
2021-01-04,3581.58
2021-01-05,3581.37
2021-01-06,3581.15
2021-01-07,3580.94
2021-01-08,3580.74
2021-01-09,3580.56
2021-01-10,3580.43
2021-01-11,3580.2
2021-01-12,3579.96
2021-01-13,3579.75
2021-01-14,3579.55
2021-01-15,3579.31
2021-01-16,3579.14
2021-01-17,3579.01
2021-01-18,3578.84
2021-01-19,3578.65
2021-01-20,3578.39
2021-01-21,3578.19
2021-01-22,3578.01
2021-01-23,3577.86
2021-01-24,3577.71
2021-01-25,3577.49
2021-01-26,3577.29
2021-01-27,3577.1
2021-01-28,3576.91
2021-01-29,3576.74
2021-01-30,3576.57
2021-01-31,3576.45
2021-02-01,3576.29
2021-02-02,3576.08
2021-02-03,3575.98
2021-02-04,3575.77
2021-02-05,3575.58
2021-02-06,3575.38
2021-02-07,3575.25
2021-02-08,3575.05
2021-02-09,3574.89
2021-02-10,3574.69
2021-02-11,3574.48
2021-02-12,3574.28
2021-02-13,3574.11
2021-02-14,3573.98
2021-02-15,3573.78
2021-02-16,3573.62
2021-02-17,3573.45
2021-02-18,3573.24
2021-02-19,3573.07
2021-02-20,3572.86
2021-02-21,3572.76
2021-02-22,3572.57
2021-02-23,3572.43
2021-02-24,3572.23
2021-02-25,3572.02
2021-02-26,3571.82
2021-02-27,3571.66
2021-02-28,3571.46
2021-03-01,3571.27
2021-03-02,3571.13
2021-03-03,3570.96
2021-03-04,3570.78
2021-03-05,3570.64
2021-03-06,3570.45
2021-03-07,3570.3
2021-03-08,3570.12
2021-03-09,3569.99
2021-03-10,3569.83
2021-03-11,3569.72
2021-03-12,3569.51
2021-03-13,3569.34
2021-03-14,3569.18
2021-03-15,3569.21
2021-03-16,3569.23
2021-03-17,3569.28
2021-03-18,3569.32
2021-03-19,3569.36
2021-03-20,3569.35
2021-03-21,3569.17
2021-03-22,3568.81
2021-03-23,3568.47
2021-03-24,3568.08
2021-03-25,3567.72
2021-03-26,3567.53
2021-03-27,3567.39
2021-03-28,3567.24
2021-03-29,3567.13
2021-03-30,3566.92
2021-03-31,3566.71
2021-04-01,3566.6
2021-04-02,3566.45
2021-04-03,3566.3
2021-04-04,3566.15
2021-04-05,3566
2021-04-06,3565.87
2021-04-07,3565.73
2021-04-08,3565.62
2021-04-09,3565.45
2021-04-10,3565.32
2021-04-11,3565.23
2021-04-12,3565.08
2021-04-13,3564.87
2021-04-14,3564.74
2021-04-15,3564.58
2021-04-16,3564.45
2021-04-17,3564.31
2021-04-18,3564.15
2021-04-19,3564.1
2021-04-20,3563.93
2021-04-21,3563.76
2021-04-22,3563.62
2021-04-23,3563.5
2021-04-24,3563.29
2021-04-25,3563.12
2021-04-26,3562.98
2021-04-27,3562.86
2021-04-28,3562.67
2021-04-29,3562.52
2021-04-30,3562.37
2021-05-01,3562.26
2021-05-02,3562.12
2021-05-03,3561.95
2021-05-04,3561.79
2021-05-05,3561.67
2021-05-06,3561.52
2021-05-07,3561.43
2021-05-08,3561.37
2021-05-09,3561.27
2021-05-10,3561.13
2021-05-11,3561.05
2021-05-12,3560.98
2021-05-13,3560.88
2021-05-14,3560.78
2021-05-15,3560.71
2021-05-16,3560.6
2021-05-17,3560.48
2021-05-18,3560.39
2021-05-19,3560.26
2021-05-20,3560.24
2021-05-21,3560.07
2021-05-22,3560.04
2021-05-23,3559.95
2021-05-24,3559.92
2021-05-25,3559.89
2021-05-26,3559.93
2021-05-27,3559.97
2021-05-28,3560.01
2021-05-29,3560.16
2021-05-30,3560.39
2021-05-31,3560.57
2021-06-01,3560.74
2021-06-02,3560.94
2021-06-03,3561.12
2021-06-04,3561.24
2021-06-05,3561.27
2021-06-06,3561.35
2021-06-07,3561.41
2021-06-08,3561.49
2021-06-09,3561.55
2021-06-10,3561.61
2021-06-11,3561.66
2021-06-12,3561.7
2021-06-13,3561.76
2021-06-14,3561.78
2021-06-15,3561.78
2021-06-16,3561.76
2021-06-17,3561.68
2021-06-18,3561.61
2021-06-19,3561.51
2021-06-20,3561.49
2021-06-21,3561.35
2021-06-22,3561.22
2021-06-23,3561.09
2021-06-24,3560.87
2021-06-25,3560.7
2021-06-26,3560.57
2021-06-27,3560.46
2021-06-28,3560.3
2021-06-29,3560.14
2021-06-30,3560.06
2021-07-01,3559.95
2021-07-02,3559.81
2021-07-03,3559.68
2021-07-04,3559.49
2021-07-05,3559.31
2021-07-06,3559.09
2021-07-07,3558.88
2021-07-08,3558.66
2021-07-09,3558.43
2021-07-10,3558.18
2021-07-11,3557.98
2021-07-12,3557.74
2021-07-13,3557.5
2021-07-14,3557.24
2021-07-15,3556.98
2021-07-16,3556.72
2021-07-17,3556.46
2021-07-18,3556.23
2021-07-19,3556
2021-07-20,3555.86
2021-07-21,3555.6
2021-07-22,3555.35
2021-07-23,3555.12
2021-07-24,3554.9
2021-07-25,3554.72
2021-07-26,3554.51
2021-07-27,3554.36
2021-07-28,3554.24
2021-07-29,3554.16
2021-07-30,3554.01
2021-07-31,3553.88
2021-08-01,3553.8
2021-08-02,3553.62
2021-08-03,3553.47
2021-08-04,3553.33
2021-08-05,3553.18
2021-08-06,3553.02
2021-08-07,3552.82
2021-08-08,3552.68
2021-08-09,3552.48
2021-08-10,3552.3
2021-08-11,3552.08
2021-08-12,3551.84
2021-08-13,3551.63
2021-08-14,3551.4
2021-08-15,3551.22
2021-08-16,3550.96
2021-08-17,3550.69
2021-08-18,3550.56
2021-08-19,3550.83
2021-08-20,3550.88
2021-08-21,3550.8
2021-08-22,3550.75
2021-08-23,3550.61
2021-08-24,3550.45
2021-08-25,3550.26
2021-08-26,3550.05
2021-08-27,3549.84
2021-08-28,3549.64
2021-08-29,3549.46
2021-08-30,3549.19
2021-08-31,3548.96
2021-09-01,3549.11
2021-09-02,3549.16
2021-09-03,3549.27
2021-09-04,3549.2
2021-09-05,3549.16
2021-09-06,3549.04
2021-09-07,3548.92
2021-09-08,3548.79
2021-09-09,3548.64
2021-09-10,3548.5
2021-09-11,3548.38
2021-09-12,3548.25
2021-09-13,3548.07
2021-09-14,3547.91
2021-09-15,3547.75
2021-09-16,3547.59
2021-09-17,3547.42
2021-09-18,3547.26
2021-09-19,3547.09
2021-09-20,3546.93
2021-09-21,3546.75
2021-09-22,3546.6
2021-09-23,3546.44
2021-09-24,3546.28
2021-09-25,3546.12
2021-09-26,3545.98
2021-09-27,3545.83
2021-09-28,3545.68
2021-09-29,3545.53
2021-09-30,3545.36
2021-10-01,3545.29
2021-10-02,3545.33
2021-10-03,3545.33
2021-10-04,3545.3
2021-10-05,3545.35
2021-10-06,3545.31
2021-10-07,3545.25
2021-10-08,3545.19
2021-10-09,3545.16
2021-10-10,3545.12
2021-10-11,3545.13
2021-10-12,3545
2021-10-13,3544.92
2021-10-14,3544.9
2021-10-15,3544.84
2021-10-16,3544.8
2021-10-17,3544.77
2021-10-18,3544.72
2021-10-19,3544.67
2021-10-20,3544.6
2021-10-21,3544.55
2021-10-22,3544.47
2021-10-23,3544.43
2021-10-24,3544.41
2021-10-25,3544.41
2021-10-26,3544.36
2021-10-27,3544.35
2021-10-28,3544.31
2021-10-29,3544.28
2021-10-30,3544.27
2021-10-31,3544.25
2021-11-01,3544.21
2021-11-02,3544.19
2021-11-03,3544.12
2021-11-04,3544.04
2021-11-05,3543.98
2021-11-06,3543.91
2021-11-07,3543.85
2021-11-08,3543.77
2021-11-09,3543.7
2021-11-10,3543.63
2021-11-11,3543.55
2021-11-12,3543.46
2021-11-13,3543.39
2021-11-14,3543.34
2021-11-15,3543.22
2021-11-16,3543.22
2021-11-17,3543.07
2021-11-18,3542.96
2021-11-19,3542.84
2021-11-20,3542.79
2021-11-21,3542.69
2021-11-22,3542.6
2021-11-23,3542.47
2021-11-24,3542.4
2021-11-25,3542.32
2021-11-26,3542.21
2021-11-27,3542.11
2021-11-28,3542.04
2021-11-29,3541.94
2021-11-30,3541.84
2021-12-01,3541.76
2021-12-02,3541.54
2021-12-03,3541.37
2021-12-04,3541.23
2021-12-05,3541.11
2021-12-06,3540.98
2021-12-07,3540.82
2021-12-08,3540.65
2021-12-09,3540.57
2021-12-10,3540.4
2021-12-11,3540.26
2021-12-12,3540.15
2021-12-13,3540.01
2021-12-14,3539.8
2021-12-15,3539.69
2021-12-16,3539.53
2021-12-17,3539.4
2021-12-18,3539.24
2021-12-19,3539.12
2021-12-20,3538.95
2021-12-21,3538.75
2021-12-22,3538.58
2021-12-23,3538.37
2021-12-24,3538.19
2021-12-25,3538.08
2021-12-26,3537.99
2021-12-27,3537.88
2021-12-28,3537.75
2021-12-29,3537.61
2021-12-30,3537.46
2021-12-31,3537.33
2022-01-01,3537.17
2022-01-02,3537.04
2022-01-03,3536.82
2022-01-04,3536.61
2022-01-05,3536.38
2022-01-06,3536.15
2022-01-07,3535.95
2022-01-08,3535.78
2022-01-09,3535.65
2022-01-10,3535.44
2022-01-11,3535.25
2022-01-12,3535.08
2022-01-13,3534.87
2022-01-14,3534.72
2022-01-15,3534.57
2022-01-16,3534.42
2022-01-17,3534.22
2022-01-18,3534.01
2022-01-19,3533.8
2022-01-20,3533.59
2022-01-21,3533.4
2022-01-22,3533.23
2022-01-23,3533.05
2022-01-24,3532.85
2022-01-25,3532.74
2022-01-26,3532.53
2022-01-27,3532.36
2022-01-28,3532.13
2022-01-29,3531.93
2022-01-30,3531.75
2022-01-31,3531.52
2022-02-01,3531.35
2022-02-02,3531.18
2022-02-03,3530.98
2022-02-04,3530.81
2022-02-05,3530.61
2022-02-06,3530.43
2022-02-07,3530.29
2022-02-08,3530.13
2022-02-09,3530
2022-02-10,3529.83
2022-02-11,3529.68
2022-02-12,3529.52
2022-02-13,3529.37
2022-02-14,3529.21
2022-02-15,3529.02
2022-02-16,3528.87
2022-02-17,3528.72
2022-02-18,3528.54
2022-02-19,3528.41
2022-02-20,3528.28
2022-02-21,3528.12
2022-02-22,3527.98
2022-02-23,3527.8
2022-02-24,3527.6
2022-02-25,3527.46
2022-02-26,3527.31
2022-02-27,3527.18
2022-02-28,3526.97
2022-03-01,3526.8
2022-03-02,3526.63
2022-03-03,3526.47
2022-03-04,3526.29
2022-03-05,3526.19
2022-03-06,3526.01
2022-03-07,3525.87
2022-03-08,3525.73
2022-03-09,3525.66
2022-03-10,3525.52
2022-03-11,3525.38
2022-03-12,3525.28
2022-03-13,3525.18
2022-03-14,3525.08
2022-03-15,3524.96
2022-03-16,3524.83
2022-03-17,3524.68
2022-03-18,3524.55
2022-03-19,3524.42
2022-03-20,3524.29
2022-03-21,3524.17
2022-03-22,3524.06
2022-03-23,3523.93
2022-03-24,3523.81
2022-03-25,3523.71
2022-03-26,3523.61
2022-03-27,3523.53
2022-03-28,3523.41
2022-03-29,3523.32
2022-03-30,3523.21
2022-03-31,3523.13
2022-04-01,3523.09
2022-04-02,3523.07
2022-04-03,3523.05
2022-04-04,3523.04
2022-04-05,3523.02
2022-04-06,3522.98
2022-04-07,3522.96
2022-04-08,3522.95
2022-04-09,3522.99
2022-04-10,3522.94
2022-04-11,3522.84
2022-04-12,3522.81
2022-04-13,3522.77
2022-04-14,3522.72
2022-04-15,3522.69
2022-04-16,3522.69
2022-04-17,3522.68
2022-04-18,3522.61
2022-04-19,3522.54
2022-04-20,3522.47
2022-04-21,3522.4
2022-04-22,3522.24
2022-04-23,3522.34
2022-04-24,3522.41
2022-04-25,3522.51
2022-04-26,3522.58
2022-04-27,3522.63
2022-04-28,3522.64
2022-04-29,3522.73
2022-04-30,3522.77
2022-05-01,3522.71
2022-05-02,3522.75
2022-05-03,3522.76
2022-05-04,3522.83
2022-05-05,3522.87
2022-05-06,3522.95
2022-05-07,3523.03
2022-05-08,3523.06
2022-05-09,3523.15
2022-05-10,3523.25
2022-05-11,3523.35
2022-05-12,3523.71
2022-05-13,3524
2022-05-14,3524.35
2022-05-15,3524.78
2022-05-16,3525.17
2022-05-17,3525.59
2022-05-18,3526.05
2022-05-19,3526.56
2022-05-20,3527.15
2022-05-21,3527.73
2022-05-22,3528.33
2022-05-23,3528.94
2022-05-24,3529.53
2022-05-25,3530.01
2022-05-26,3530.38
2022-05-27,3530.69
2022-05-28,3530.95
2022-05-29,3531.12
2022-05-30,3531.34
2022-05-31,3531.69
2022-06-01,3532.1
2022-06-02,3532.56
2022-06-03,3533.06
2022-06-04,3533.54
2022-06-05,3533.99
2022-06-06,3534.4
2022-06-07,3534.74
2022-06-08,3535.04
2022-06-09,3535.32
2022-06-10,3535.6
2022-06-11,3535.9
2022-06-12,3536.2
2022-06-13,3536.51
2022-06-14,3536.82
2022-06-15,3537.18
2022-06-16,3537.49
2022-06-17,3537.78
2022-06-18,3538.07
2022-06-19,3538.29
2022-06-20,3538.51
2022-06-21,3538.64
2022-06-22,3538.83
2022-06-23,3539
2022-06-24,3539.1
2022-06-25,3539.18
2022-06-26,3539.36
2022-06-27,3539.41
2022-06-28,3539.52
2022-06-29,3539.65
2022-06-30,3539.81
2022-07-01,3539.78
2022-07-02,3539.82
2022-07-03,3539.84
2022-07-04,3539.79
2022-07-05,3539.7
2022-07-06,3539.63
2022-07-07,3539.53
2022-07-08,3539.44
2022-07-09,3539.48
2022-07-10,3539.45
2022-07-11,3539.28
2022-07-12,3539.14
2022-07-13,3538.93
2022-07-14,3538.83
2022-07-15,3538.56
2022-07-16,3538.45
2022-07-17,3538.33
2022-07-18,3538.09
2022-07-19,3537.86
2022-07-20,3537.65
2022-07-21,3537.47
2022-07-22,3537.24
2022-07-23,3537.08
2022-07-24,3536.86
2022-07-25,3536.7
2022-07-26,3536.53
2022-07-27,3536.38
2022-07-28,3536.27
2022-07-29,3536.18
2022-07-30,3536.2
2022-07-31,3536.2
2022-08-01,3536.17
2022-08-02,3536.05
2022-08-03,3535.9
2022-08-04,3535.7
2022-08-05,3535.5
2022-08-06,3535.38
2022-08-07,3535.24
2022-08-08,3535.03
2022-08-09,3534.78
2022-08-10,3534.51
2022-08-11,3534.32
2022-08-12,3534.17
2022-08-13,3534.05
2022-08-14,3533.93
2022-08-15,3533.89
2022-08-16,3533.69
2022-08-17,3533.55
2022-08-18,3533.41
2022-08-19,3533.36
2022-08-20,3533.31
2022-08-21,3533.37
2022-08-22,3533.27
2022-08-23,3533.13
2022-08-24,3532.92
2022-08-25,3532.76
2022-08-26,3532.52
2022-08-27,3532.41
2022-08-28,3532.29
2022-08-29,3532.1
2022-08-30,3531.89
2022-08-31,3531.69
2022-09-01,3531.57
2022-09-02,3531.45
2022-09-03,3531.33
2022-09-04,3531.19
2022-09-05,3531.05
2022-09-06,3530.88
2022-09-07,3530.71
2022-09-08,3530.53
2022-09-09,3530.37
2022-09-10,3530.18
2022-09-11,3530.04
2022-09-12,3529.88
2022-09-13,3529.76
2022-09-14,3529.65
2022-09-15,3529.58
2022-09-16,3529.52
2022-09-17,3529.49
2022-09-18,3529.45
2022-09-19,3529.38
2022-09-20,3529.35
2022-09-21,3529.3
2022-09-22,3529.24
2022-09-23,3529.46
2022-09-24,3529.54
2022-09-25,3529.64
2022-09-26,3529.64
2022-09-27,3529.61
2022-09-28,3529.54
2022-09-29,3529.44
2022-09-30,3529.33
2022-10-01,3529.43
2022-10-02,3529.51
2022-10-03,3529.67
2022-10-04,3529.84
2022-10-05,3530.05
2022-10-06,3530.21
2022-10-07,3530.29
2022-10-08,3530.32
2022-10-09,3530.38
2022-10-10,3530.39
2022-10-11,3530.38
2022-10-12,3530.39
2022-10-13,3530.35
2022-10-14,3530.32
2022-10-15,3530.3
2022-10-16,3530.26
2022-10-17,3530.2
2022-10-18,3530.15
2022-10-19,3530.1
2022-10-20,3530.05
2022-10-21,3529.99
2022-10-22,3529.98
2022-10-23,3529.94
2022-10-24,3529.92
2022-10-25,3529.95
2022-10-26,3529.93
2022-10-27,3529.92
2022-10-28,3529.92
2022-10-29,3529.92
2022-10-30,3529.91
2022-10-31,3529.92
2022-11-01,3529.85
2022-11-02,3529.83
2022-11-03,3529.82
2022-11-04,3529.76
2022-11-05,3529.71
2022-11-06,3529.7
2022-11-07,3529.64
2022-11-08,3529.6
2022-11-09,3529.57
2022-11-10,3529.52
2022-11-11,3529.43
2022-11-12,3529.39
2022-11-13,3529.3
2022-11-14,3529.26
2022-11-15,3529.19
2022-11-16,3529.12
2022-11-17,3529.04
2022-11-18,3529
2022-11-19,3528.92
2022-11-20,3528.85
2022-11-21,3528.78
2022-11-22,3528.69
2022-11-23,3528.6
2022-11-24,3528.5
2022-11-25,3528.4
2022-11-26,3528.31
2022-11-27,3528.23
2022-11-28,3528.17
2022-11-29,3528.13
2022-11-30,3528.02
2022-12-01,3527.89
2022-12-02,3527.83
2022-12-03,3527.74
2022-12-04,3527.62
2022-12-05,3527.49
2022-12-06,3527.44
2022-12-07,3527.34
2022-12-08,3527.27
2022-12-09,3527.17
2022-12-10,3527.1
2022-12-11,3526.97
2022-12-12,3526.95
2022-12-13,3526.93
2022-12-14,3526.76
2022-12-15,3526.65
2022-12-16,3526.55
2022-12-17,3526.48
2022-12-18,3526.34
2022-12-19,3526.21
2022-12-20,3526.03
2022-12-21,3525.83
2022-12-22,3525.71
2022-12-23,3525.52
2022-12-24,3525.34
2022-12-25,3525.24
2022-12-26,3525.1
2022-12-27,3524.98
2022-12-28,3524.86
2022-12-29,3524.83
2022-12-30,3524.73
2022-12-31,3524.75
2023-01-01,3524.75
2023-01-02,3524.75
2023-01-03,3524.73
2023-01-04,3524.71
2023-01-05,3524.68
2023-01-06,3524.67
2023-01-07,3524.67
2023-01-08,3524.62
2023-01-09,3524.56
2023-01-10,3524.47
2023-01-11,3524.46
2023-01-12,3524.42
2023-01-13,3524.36
2023-01-14,3524.34
2023-01-15,3524.3
2023-01-16,3524.3
2023-01-17,3524.24
2023-01-18,3524.22
2023-01-19,3524.25
2023-01-20,3524.2
2023-01-21,3524.17
2023-01-22,3524.17
2023-01-23,3524.05
2023-01-24,3523.98
2023-01-25,3523.91
2023-01-26,3523.83
2023-01-27,3523.75
2023-01-28,3523.67
2023-01-29,3523.6
2023-01-30,3523.56
2023-01-31,3523.45
2023-02-01,3523.33
2023-02-02,3523.23
2023-02-03,3523.12
2023-02-04,3523.06
2023-02-05,3522.93
2023-02-06,3522.85
2023-02-07,3522.73
2023-02-08,3522.67
2023-02-09,3522.54
2023-02-10,3522.47
2023-02-11,3522.36
2023-02-12,3522.33
2023-02-13,3522.16
2023-02-14,3522.12
2023-02-15,3522.11
2023-02-16,3522.02
2023-02-17,3521.91
2023-02-18,3521.77
2023-02-19,3521.72
2023-02-20,3521.64
2023-02-21,3521.53
2023-02-22,3521.5
2023-02-23,3521.42
2023-02-24,3521.34
2023-02-25,3521.31
2023-02-26,3521.13
2023-02-27,3521.11
2023-02-28,3521.04
2023-03-01,3521.04
2023-03-02,3520.94
2023-03-03,3520.89
2023-03-04,3520.84
2023-03-05,3520.81
2023-03-06,3520.73
2023-03-07,3520.68
2023-03-08,3520.62
2023-03-09,3520.54
2023-03-10,3520.49
2023-03-11,3520.47
2023-03-12,3520.47
2023-03-13,3520.46
2023-03-14,3520.49
2023-03-15,3520.62
2023-03-16,3520.69
2023-03-17,3520.72
2023-03-18,3520.81
2023-03-19,3520.98
2023-03-20,3520.98
2023-03-21,3521.05
2023-03-22,3521.23
2023-03-23,3521.4
2023-03-24,3521.61
2023-03-25,3521.73
2023-03-26,3521.82
2023-03-27,3521.92
2023-03-28,3521.97
2023-03-29,3521.99
2023-03-30,3522
2023-03-31,3522.02
2023-04-01,3521.93
